crates/amun-accounts/src/lib.rs:11:pub struct Account {
crates/amun-accounts/src/lib.rs:24:pub struct AccountStore {
crates/amun-amendments/src/activation.rs:14:pub struct ActivationEpoch(pub u64);
crates/amun-amendments/src/activation.rs:3:pub struct ActivationRules {
crates/amun-amendments/src/proposal.rs:43:pub struct Amendment {
crates/amun-amendments/src/proposal.rs:8:pub struct ProposerIdentity {
crates/amun-amendments/src/ratification.rs:16:pub struct RatificationProof {
crates/amun-amendments/src/ratification.rs:3:pub struct RatificationQuorum {
crates/amun-attack-lab/src/network.rs:2:pub struct NetworkConditions {
crates/amun-attack-lab/src/scenario.rs:12:pub struct AttackScenario {
crates/amun-attack-lab/src/simulator.rs:15:pub struct SimulationState {
crates/amun-attack-lab/src/simulator.rs:25:pub struct FinalizedBlock {
crates/amun-attack-lab/src/simulator.rs:32:pub struct EquivocationEvent {
crates/amun-attack-lab/src/simulator.rs:38:pub struct LockViolationEvent {
crates/amun-attack-lab/src/simulator.rs:44:pub struct AttackSimulator {
crates/amun-attack-lab/src/simulator.rs:6:pub struct WeightedValidator {
crates/amun-attestation/src/validator.rs:3:pub struct ValidatorAttestation {
crates/amun-audit-trail/src/lib.rs:33:pub struct AuditTrail {
crates/amun-audit-trail/src/lib.rs:7:pub struct AuditRecord {
crates/amun-authority-registry/src/authority.rs:4:pub struct ConstitutionalAuthority {
crates/amun-authority-registry/src/executor.rs:19:pub struct ExecutionJournal {
crates/amun-authority-registry/src/governance.rs:24:pub struct GovernanceProposal {
crates/amun-authority-registry/src/recovery.rs:6:pub struct GovernanceRecoveryEngine;
crates/amun-authority-registry/src/registry.rs:15:pub struct AuthorityTransition {
crates/amun-authority-registry/src/registry.rs:7:pub struct AuthorityRegistry {
crates/amun-authority-registry/src/transaction.rs:21:pub struct GovernanceState {
crates/amun-authority-registry/src/voting.rs:14:pub struct ProposalVotes {
crates/amun-authority-registry/src/voting.rs:21:pub struct VoteTally {
crates/amun-authority-registry/src/wal.rs:14:pub struct GovernanceWal {
crates/amun-authority-registry/src/wal.rs:6:pub struct GovernanceWalRecord {
crates/amun-bench/src/lib.rs:3:pub struct BenchResult {
crates/amun-binary-codec/src/codec.rs:10:pub struct CanonicalEncoder {
crates/amun-binary-codec/src/codec.rs:49:pub struct CanonicalDecoder<'a> {
crates/amun-block-builder/src/lib.rs:10:pub struct Block {
crates/amun-block-builder/src/lib.rs:87:pub struct BlockBuilder {
crates/amun-block-builder/tests/n32_certified_block.rs:9:pub struct CertifiedBlock {
crates/amun-block-store/src/lib.rs:16:pub struct BlockStore {
crates/amun-block-store/src/lib.rs:7:pub struct StoredBlock {
crates/amun-block/src/block.rs:15:pub struct Block {
crates/amun-block/src/block.rs:4:pub struct BlockHeader {
crates/amun-block/src/body.rs:13:pub struct BlockBody {
crates/amun-block/src/chain.rs:6:pub struct Blockchain {
crates/amun-block/src/header.rs:7:pub struct BlockHeader {
crates/amun-block/src/limits.rs:9:pub struct BlockLimits {
crates/amun-bls/src/keygen.rs:10:pub struct KeyPair {
crates/amun-bls/src/keygen.rs:5:pub struct SecretKey {
crates/amun-bytecode/src/interpreter.rs:27:pub struct Interpreter {
crates/amun-bytecode/src/program.rs:7:pub struct ConstitutionalProgram {
crates/amun-byzantine-harness/src/harness.rs:6:pub struct ByzantineHarness;
crates/amun-byzantine-harness/src/scenarios.rs:2:pub struct ByzantineScenario {
crates/amun-canonical-codec/src/hasher.rs:1:pub struct CanonicalHasher {
crates/amun-canonical-codec/src/reader.rs:3:pub struct CanonicalReader<'a> {
crates/amun-canonical-codec/src/writer.rs:1:pub struct CanonicalWriter {
crates/amun-canonical-collections/src/lib.rs:134:pub struct CanonicalDeque<T> { inner: VecDeque<T>, max_capacity: usize }
crates/amun-canonical-collections/src/lib.rs:45:pub struct CanonicalSet<T: Ord> { inner: BTreeSet<T>, max_capacity: usize }
crates/amun-canonical-collections/src/lib.rs:90:pub struct CanonicalMap<K: Ord, V> { inner: BTreeMap<K, V>, max_capacity: usize }
crates/amun-canonical/src/decoder.rs:3:pub struct CanonicalDecoder<'a> {
crates/amun-canonical/src/encoder.rs:4:pub struct CanonicalEncoder {
crates/amun-canonical/src/enum_registry.rs:1:pub struct EnumRegistry {
crates/amun-canonical/src/enum_registry.rs:5:pub struct EnumEntry {
crates/amun-canonical/src/float_ban.rs:1:pub struct FloatBan;
crates/amun-canonical/src/sorter.rs:3:pub struct CanonicalSorter;
crates/amun-certificate-network/src/distribution.rs:47:pub struct LightClientProofBundle {
crates/amun-certificate-network/src/distribution.rs:99:pub struct BundleBuilder;
crates/amun-certificate-network/src/gossip.rs:76:pub struct PeerCertificateCache {
crates/amun-chain-checkpoint/src/bootstrap.rs:5:pub struct BootstrapSession {
crates/amun-chain-checkpoint/src/chain.rs:6:pub struct RecursiveCheckpointProof {
crates/amun-chain-checkpoint/src/inclusion.rs:17:pub struct CheckpointInclusionProof {
crates/amun-chain-checkpoint/src/inclusion.rs:57:pub struct CheckpointBundle {
crates/amun-chain-checkpoint/src/lib.rs:178:pub struct CheckpointStore {
crates/amun-chain-checkpoint/src/lib.rs:49:pub struct CheckpointCertificate {
crates/amun-chain-context/src/lib.rs:4:pub struct ChainContext {
crates/amun-chain-position/src/lib.rs:11:pub struct EpochSeal {
crates/amun-chain-position/src/lib.rs:5:pub struct ChainPosition {
crates/amun-chain-store/src/record.rs:4:pub struct FinalizedChainRecord {
crates/amun-chain-store/src/snapshot.rs:8:pub struct SnapshotManifest {
crates/amun-chain-store/src/store.rs:26:pub struct ChainStore {
crates/amun-chain-store/src/sync.rs:70:pub struct SyncClient;
crates/amun-chain-store/src/sync.rs:8:pub struct SyncServer {
crates/amun-chunked-snapshot/src/chunk.rs:6:pub struct SnapshotChunk {
crates/amun-chunked-snapshot/src/manifest.rs:6:pub struct ChunkManifest {
crates/amun-civilizational-relations/src/topology.rs:12:pub struct CivilizationNode {
crates/amun-civilizational-relations/src/topology.rs:6:pub struct CivilizationalTopology {
crates/amun-cli/src/main.rs:7:struct Cli {
crates/amun-codec/src/budget.rs:55:pub struct NestingGuard<'a> {
crates/amun-codec/src/budget.rs:6:pub struct DecodeBudget {
crates/amun-codec/src/transducer.rs:29:pub struct U64Cursor {
crates/amun-codec/src/transducer.rs:51:pub struct SliceCursor<'a> {
crates/amun-codec/src/transducer.rs:8:pub struct CanonicalTransducer;
crates/amun-codec/src/versioned.rs:9:pub struct ProtocolHeader {
crates/amun-codec/src/writer.rs:13:pub struct BufferWriter<'a> {
crates/amun-codec/src/writer.rs:65:pub struct HasherWriter<'a> {
crates/amun-codec/src/writer.rs:93:pub struct ShadowBufferWriter<'a> {
crates/amun-compatibility/src/matrix.rs:33:pub struct CompatibilityMatrix {
crates/amun-compatibility/src/matrix.rs:6:pub struct CompatibilityDimensions {
crates/amun-compatibility/src/migration.rs:28:pub struct MigrationProof {
crates/amun-compatibility/src/migration.rs:3:pub struct MigrationRules {
crates/amun-complexity-budget/src/budget.rs:1:pub struct ComplexityBudget {
crates/amun-complexity-budget/src/budget.rs:50:pub struct BudgetViolation {
crates/amun-complexity-budget/src/metrics.rs:2:pub struct ComplexityMetrics {
crates/amun-consensus-execution/src/block_dag.rs:82:pub struct BlockDAG {
crates/amun-consensus-execution/src/block_dag.rs:9:pub struct BlockNode {
crates/amun-consensus-execution/src/commit.rs:13:pub struct CommitRule {
crates/amun-consensus-execution/src/commit.rs:23:pub struct CommitCheckpoint {
crates/amun-consensus-execution/src/commit.rs:5:pub struct BlockRecord {
crates/amun-consensus-execution/src/fork_choice.rs:7:pub struct ForkChoice {
crates/amun-consensus-execution/src/leader.rs:4:pub struct LeaderSchedule {
crates/amun-consensus-execution/src/leader_schedule.rs:6:pub struct LeaderSchedule {
crates/amun-consensus-execution/src/pacemaker.rs:4:pub struct Pacemaker {
crates/amun-consensus-execution/src/persistent_state.rs:10:pub struct PersistentConsensusState {
crates/amun-consensus-execution/src/persistent_state.rs:22:struct QCEventFull {
crates/amun-consensus-execution/src/persistent_state.rs:31:struct CommitEvent {
crates/amun-consensus-execution/src/persistent_state.rs:37:struct FinalizeEvent {
crates/amun-consensus-execution/src/persistent_state.rs:43:pub struct SnapshotCheckpoint {
crates/amun-consensus-execution/src/persistent_state.rs:57:pub struct ConsensusStateDigest {
crates/amun-consensus-execution/src/proposal.rs:6:pub struct BlockProposal {
crates/amun-consensus-execution/src/proposer.rs:6:pub struct BlockProposal {
crates/amun-consensus-execution/src/qc_store.rs:5:pub struct QCStore {
crates/amun-consensus-execution/src/voter.rs:18:pub struct VoteAggregator {
crates/amun-consensus-execution/src/voter.rs:8:pub struct EquivocationProof {
crates/amun-consensus-integration/src/consensus_integrator.rs:12:pub struct ConsensusIntegrator;
crates/amun-consensus-integration/src/consensus_types.rs:44:pub struct ConstitutionalQC {
crates/amun-consensus-integration/src/consensus_types.rs:6:pub struct ConstitutionalBlock {
crates/amun-consensus-integration/src/consensus_types.rs:78:pub struct ConstitutionalFinalityCertificate {
crates/amun-consensus-law/src/finality.rs:3:pub struct FinalityLaw;
crates/amun-consensus-law/src/invariants.rs:3:pub struct ConsensusInvariants;
crates/amun-consensus-law/src/safety.rs:1:pub struct SafetyAxioms;
crates/amun-consensus-law/src/transitions.rs:9:pub struct TransitionLaw;
crates/amun-consensus-law/src/validator.rs:9:pub struct ValidatorObligations;
crates/amun-consensus-messages/src/lib.rs:10:pub struct ConsensusMessage {
crates/amun-consensus-messages/src/lib.rs:19:pub struct ConsensusVote {
crates/amun-consensus-messages/src/message.rs:12:pub struct ConsensusMessage {
crates/amun-consensus-messages/src/proposal.rs:5:pub struct BlockProposal {
crates/amun-consensus-messages/src/vote.rs:5:pub struct ConsensusVote {
crates/amun-consensus-network/src/certificate_gossip.rs:10:pub struct CertificateGossip {
crates/amun-consensus-network/src/engine.rs:12:pub struct ConsensusRound {
crates/amun-consensus-network/src/engine.rs:192:pub struct ConsensusMetrics {
crates/amun-consensus-network/src/engine.rs:230:pub struct DoubleVoteEvidence {
crates/amun-consensus-network/src/engine.rs:237:pub struct ConsensusEngine {
crates/amun-consensus-network/src/evidence_gossip.rs:24:pub struct EvidenceAnnouncement {
crates/amun-consensus-network/src/evidence_gossip.rs:33:pub struct EvidenceGossip {
crates/amun-consensus-network/src/evidence_push.rs:13:pub struct EvidencePushConfig {
crates/amun-consensus-network/src/evidence_push.rs:33:pub struct EvidencePush {
crates/amun-consensus-network/src/evidence_push_processor.rs:14:pub struct PushProcessResult {
crates/amun-consensus-network/src/evidence_store.rs:133:pub struct EvidenceStore {
crates/amun-consensus-network/src/evidence_store.rs:35:pub struct EvidenceRecord {
crates/amun-consensus-network/src/execution_commitment.rs:30:pub struct ExecutionCommitment {
crates/amun-consensus-network/src/execution_receipt.rs:5:pub struct ExecutionReceipt {
crates/amun-consensus-network/src/integrated_slashing.rs:44:pub struct IntegratedSlashingPipeline {
crates/amun-consensus-network/src/messages.rs:158:pub struct FinalityCertificate {
crates/amun-consensus-network/src/messages.rs:25:pub struct SignedVote {
crates/amun-consensus-network/src/messages.rs:34:pub struct EquivocationProof {
crates/amun-consensus-network/src/messages.rs:413:pub struct BlockProposal {
crates/amun-consensus-network/src/messages.rs:477:pub struct MissingEvidenceRequest {
crates/amun-consensus-network/src/messages.rs:484:pub struct MissingEvidenceResponse {
crates/amun-consensus-network/src/messages.rs:496:pub struct N109BlockProposal {
crates/amun-consensus-network/src/messages.rs:539:pub struct N109ConsensusVote {
crates/amun-consensus-network/src/messages.rs:5:pub struct ConsensusVote {
crates/amun-consensus-network/src/messages.rs:69:pub struct QuorumCertificate {
crates/amun-consensus-network/src/metrics.rs:5:pub struct ConsensusMetrics {
crates/amun-consensus-network/src/misbehavior.rs:14:pub struct MisbehaviorRecord {
crates/amun-consensus-network/src/misbehavior.rs:23:pub struct MisbehaviorRegistry {
crates/amun-consensus-network/src/misbehavior_registry.rs:101:pub struct MisbehaviorRegistry {
crates/amun-consensus-network/src/misbehavior_registry.rs:22:pub struct MisbehaviorThresholds {
crates/amun-consensus-network/src/misbehavior_registry.rs:69:pub struct MisbehaviorRecord {
crates/amun-consensus-network/src/multi_signer_certificate.rs:4:pub struct MultiSignerCertificate {
crates/amun-consensus-network/src/network_consensus.rs:8:pub struct NetworkConsensus {
crates/amun-consensus-network/src/real_staking_adapter.rs:11:pub struct RealStakingExecutor {
crates/amun-consensus-network/src/slashing_certificate.rs:29:pub struct SlashingCertificate {
crates/amun-consensus-network/src/slashing_certificate.rs:79:pub struct EvidenceCount {
crates/amun-consensus-network/src/slashing_certificate_builder.rs:4:pub struct SlashingCertificateBuilder {
crates/amun-consensus-network/src/slashing_fraud_proof.rs:12:pub struct SlashingFraudProof {
crates/amun-consensus-network/src/slashing_inclusion_proof.rs:12:pub struct SlashingInclusionProof {
crates/amun-consensus-network/src/slashing_ledger.rs:30:pub struct ExecutedSlash {
crates/amun-consensus-network/src/slashing_ledger.rs:42:pub struct SlashingLedger {
crates/amun-consensus-network/src/slashing_state.rs:13:pub struct SlashingState {
crates/amun-consensus-network/src/staking_adapter.rs:161:    struct SimulatedStaking {
crates/amun-consensus-network/src/staking_adapter.rs:19:pub struct SlashResult {
crates/amun-consensus-network/src/staking_adapter.rs:38:pub struct StakingAdapter<E: SlashingExecutor> {
crates/amun-consensus-network/src/validator_identity.rs:19:pub struct ValidatorIdentity {
crates/amun-consensus-network/src/validator_identity.rs:88:pub struct ValidatorIdentityRegistry {
crates/amun-consensus-network/src/validator_status.rs:10:pub struct ValidatorStatusRegistry {
crates/amun-consensus-network/tests/n109_8_execution_commitment.rs:21:struct ExecutionCommitment {
crates/amun-consensus-network/tests/n109_8_execution_commitment.rs:36:struct ConsensusVote {
crates/amun-consensus-network/tests/n109_block_propagation.rs:19:struct BlockProposal {
crates/amun-consensus-network/tests/n109_block_propagation.rs:30:struct ConsensusVoteStub {
crates/amun-consensus-network/tests/n109_deterministic_execution.rs:15:struct BlockProposal {
crates/amun-consensus-network/tests/n109_deterministic_execution.rs:29:struct ExecutionReceipt {
crates/amun-consensus-network/tests/n109_deterministic_execution.rs:40:struct ConsensusMetrics {
crates/amun-consensus-proof/src/liveness.rs:1:pub struct LivenessProof;
crates/amun-consensus-proof/src/safety.rs:1:pub struct SafetyProof;
crates/amun-consensus-reactor/src/reactor.rs:8:pub struct ConsensusReactor {
crates/amun-consensus-types/src/bitmap.rs:6:pub struct SignerBitmap(pub [u8; 32]);
crates/amun-consensus-types/src/message.rs:9:pub struct ConsensusMessage {
crates/amun-consensus-types/src/qc.rs:9:pub struct QuorumCertificate {
crates/amun-consensus-types/src/round.rs:7:pub struct ConsensusRound(pub Round);
crates/amun-consensus-types/src/validator.rs:6:pub struct ValidatorIndex(pub u16);
crates/amun-consensus-types/src/vote.rs:9:pub struct Vote {
crates/amun-consensus/amun_consensus/src/block/mod.rs:114:pub struct Block {
crates/amun-consensus/amun_consensus/src/block/mod.rs:19:pub struct BlockHeader {
crates/amun-consensus/amun_consensus/src/block/mod.rs:80:pub struct BlockBody {
crates/amun-consensus/src/action.rs:130:pub struct EvidenceProof {
crates/amun-consensus/src/action.rs:15:pub struct ActionRecord {
crates/amun-consensus/src/action.rs:47:pub struct ActionLog {
crates/amun-consensus/src/pacemaker.rs:29:pub struct PacemakerConfig {
crates/amun-consensus/src/pacemaker.rs:50:pub struct Pacemaker {
crates/amun-consensus/src/pacemaker.rs:5:pub struct FixedMultiplier {
crates/amun-consensus/src/proposal_manager.rs:20:pub struct ProposalManager {
crates/amun-consensus/src/proposal_manager.rs:8:pub struct RoundRobinSelector;
crates/amun-consensus/src/round_state_machine.rs:8:pub struct RoundStateMachine {
crates/amun-consensus/src/state.rs:12:pub struct ConsensusState {
crates/amun-consensus/src/types.rs:16:pub struct Vote {
crates/amun-consensus/src/types.rs:32:pub struct QuorumCertificate {
crates/amun-consensus/src/types.rs:7:pub struct BlockProposal {
crates/amun-consensus/src/validator.rs:12:pub struct ValidatorSet {
crates/amun-consensus/src/validator.rs:6:pub struct Validator {
crates/amun-consensus/src/vote_collector.rs:23:pub struct VoteCollector {
crates/amun-consensus/src/vote_collector.rs:6:struct VoteKey {
crates/amun-constitution-builder/src/certificate.rs:13:pub struct FreezeCertificate {
crates/amun-constitution-builder/src/federation.rs:13:pub struct FederationArtifact {
crates/amun-constitution-builder/src/hashing.rs:10:pub struct SpecificationHashes {
crates/amun-constitution-builder/src/manifest.rs:13:pub struct ConstitutionalManifest {
crates/amun-constitution-builder/src/normalize.rs:5:pub struct DeterministicNormalizer;
crates/amun-constitution-builder/src/treaty.rs:13:pub struct TreatyArtifact {
crates/amun-constitution-builder/src/verify.rs:7:pub struct VerificationEngine;
crates/amun-constitution/src/activation.rs:13:pub struct ActivationSchedule {
crates/amun-constitution/src/adaptive_adversary.rs:5:pub struct AdaptiveCorruptionConstraints {
crates/amun-constitution/src/adversary_model.rs:14:pub struct AdversaryLimitations {
crates/amun-constitution/src/adversary_model.rs:4:pub struct AdversaryCapabilities {
crates/amun-constitution/src/canonical_form.rs:10:pub struct ConstitutionalCanonicalForm {
crates/amun-constitution/src/canonical_form.rs:7:pub struct ConstitutionDomain;
crates/amun-constitution/src/capacity.rs:6:pub struct ProtocolCapacities {
crates/amun-constitution/src/economics.rs:10:pub struct ConsensusResourceBudget {
crates/amun-constitution/src/execution_semantics.rs:18:pub struct Event {
crates/amun-constitution/src/execution_semantics.rs:39:pub struct Transaction;
crates/amun-constitution/src/execution_semantics.rs:42:pub struct Block;
crates/amun-constitution/src/execution_semantics.rs:9:pub struct ExecutionContext {
crates/amun-constitution/src/filesystem_semantics.rs:4:pub struct FilesystemAssumptions {
crates/amun-constitution/src/fork_choice.rs:14:pub struct PreferredChain {
crates/amun-constitution/src/fork_choice.rs:19:pub struct BlockDAG;
crates/amun-constitution/src/fork_choice.rs:30:pub struct ForkChoiceFunction;
crates/amun-constitution/src/fork_choice.rs:7:pub struct ForkChoiceState {
crates/amun-constitution/src/freeze_map.rs:33:pub struct FreezeBoundary {
crates/amun-constitution/src/freeze_map.rs:43:pub struct ConstitutionalFreezeMap;
crates/amun-constitution/src/freeze_validator.rs:15:pub struct ValidationContext {
crates/amun-constitution/src/freeze_validator.rs:25:pub struct FreezeBoundaryValidator;
crates/amun-constitution/src/gas.rs:8:pub struct GasMeter {
crates/amun-constitution/src/liveness.rs:35:pub struct TimeoutCertificate {
crates/amun-constitution/src/liveness.rs:4:pub struct LogicalLivenessParameters {
crates/amun-constitution/src/operational_semantics.rs:8:pub struct Configuration {
crates/amun-constitution/src/quorum_transition.rs:4:pub struct QuorumTransitionParameters {
crates/amun-constitution/src/refinement_chain.rs:3:pub struct RefinementObligation {
crates/amun-constitution/src/replay.rs:6:pub struct ReplayContext {
crates/amun-constitution/src/rushing_adversary.rs:4:pub struct RushingAdversary {
crates/amun-constitution/src/stake_quorum.rs:11:pub struct WeightedValidator {
crates/amun-constitution/src/stake_quorum.rs:17:pub struct WeightedValidatorSet {
crates/amun-constitution/src/stake_quorum.rs:8:pub struct StakeWeight(pub u64);
crates/amun-constitution/src/storage.rs:15:pub struct WALEntry {
crates/amun-constitution/src/synchrony.rs:10:pub struct GlobalStabilizationTime {
crates/amun-constitution/src/synchrony.rs:16:pub struct SynchronyProof {
crates/amun-constitutional-authority-semantics/src/capability.rs:6:pub struct AuthorityCapability {
crates/amun-constitutional-authority-semantics/src/delegation.rs:5:pub struct DelegationChain {
crates/amun-constitutional-authority-semantics/src/institution.rs:17:pub struct InstitutionalWitness {
crates/amun-constitutional-authority-semantics/src/institution.rs:9:pub struct InstitutionalActor {
crates/amun-constitutional-authority-semantics/src/revocation.rs:14:pub struct RevocationRegistry {
crates/amun-constitutional-authority-semantics/src/revocation.rs:6:pub struct RevocationWitness {
crates/amun-constitutional-authority/src/certificate.rs:15:pub struct ConstitutionalCertificate {
crates/amun-constitutional-authority/src/chain.rs:10:pub struct CertificateChain {
crates/amun-constitutional-authority/src/revocation.rs:13:pub struct RevocationRegistry {
crates/amun-constitutional-authority/src/rotation.rs:9:pub struct KeyRotationLaw;
crates/amun-constitutional-authority/src/trust.rs:10:pub struct TrustAnchor {
crates/amun-constitutional-block/src/block.rs:69:pub struct BlockBuilder;
crates/amun-constitutional-block/src/block.rs:6:pub struct ConstitutionalBlock {
crates/amun-constitutional-block/src/chain.rs:8:pub struct Blockchain {
crates/amun-constitutional-block/src/finalizer.rs:16:pub struct BlockFinalizer;
crates/amun-constitutional-block/src/finalizer.rs:7:pub struct FinalizationContext {
crates/amun-constitutional-commitment/src/apphash.rs:5:pub struct AppHashPipeline;
crates/amun-constitutional-commitment/src/commitment.rs:5:pub struct ConstitutionalCommitment {
crates/amun-constitutional-commitment/src/economic_snapshot.rs:2:pub struct EconomicSnapshot {
crates/amun-constitutional-commitment/src/economic_tree.rs:41:pub struct EconomicTree;
crates/amun-constitutional-commitment/src/endblock.rs:7:pub struct EndBlockPipeline;
crates/amun-constitutional-commitment/src/roots_bundle.rs:7:pub struct ConstitutionalRoots {
crates/amun-constitutional-commitment/src/rpc.rs:6:pub struct ConstitutionalStatus {
crates/amun-constitutional-commitment/src/state.rs:6:pub struct ConstitutionalState;
crates/amun-constitutional-commitment/src/verify.rs:5:pub struct Verifier;
crates/amun-constitutional-commitment/src/verify.rs:8:pub struct VerificationResult {
crates/amun-constitutional-commitments/src/smt.rs:14:pub struct MerkleProof {
crates/amun-constitutional-commitments/src/smt.rs:25:pub struct SparseMerkleTree {
crates/amun-constitutional-enforcement/src/constitutional_evidence.rs:105:pub struct ExecutionEvidence {
crates/amun-constitutional-enforcement/src/constitutional_evidence.rs:117:pub struct ReplayEvidence {
crates/amun-constitutional-enforcement/src/constitutional_evidence.rs:126:pub struct GovernanceEvidence {
crates/amun-constitutional-enforcement/src/constitutional_evidence.rs:12:pub struct ConstitutionalEvidence {
crates/amun-constitutional-enforcement/src/constitutional_evidence.rs:135:pub struct QcEvidence {
crates/amun-constitutional-enforcement/src/constitutional_evidence.rs:144:pub struct ConstitutionalEvidenceBuilder;
crates/amun-constitutional-enforcement/src/evidence_providers.rs:11:pub struct ExecutionEvidenceProvider;
crates/amun-constitutional-enforcement/src/evidence_providers.rs:38:pub struct ReplayEvidenceProvider;
crates/amun-constitutional-enforcement/src/evidence_providers.rs:54:pub struct GovernanceEvidenceProvider;
crates/amun-constitutional-enforcement/src/evidence_providers.rs:65:pub struct QcEvidenceProvider;
crates/amun-constitutional-enforcement/src/evidence_records.rs:10:pub struct SignatureEvidence {
crates/amun-constitutional-enforcement/src/evidence_records.rs:31:pub struct DoubleSpendEvidence {
crates/amun-constitutional-enforcement/src/evidence_records.rs:52:pub struct GovernanceEvidence {
crates/amun-constitutional-enforcement/src/evidence_records.rs:74:pub struct ReplayEvidence {
crates/amun-constitutional-enforcement/src/evidence_records.rs:98:pub struct ConstitutionalEvidenceRecord {
crates/amun-constitutional-enforcement/src/lib.rs:49:pub struct ConstitutionalViolation {
crates/amun-constitutional-enforcement/src/lib.rs:70:pub struct ConstitutionalEnforcementKernel {
crates/amun-constitutional-enforcement/src/proof_engine.rs:9:pub struct ConstitutionalProofEngine;
crates/amun-constitutional-enforcement/src/state_transition.rs:11:pub struct StateTransitionResult {
crates/amun-constitutional-evidence/src/lib.rs:25:pub struct ConstitutionalContext {
crates/amun-constitutional-evidence/src/lib.rs:34:pub struct ConstitutionalEvidence {
crates/amun-constitutional-geometry/src/curvature.rs:25:pub struct ReplayCurvature {
crates/amun-constitutional-geometry/src/curvature.rs:49:pub struct CausalCurvature {
crates/amun-constitutional-geometry/src/curvature.rs:4:pub struct LegitimacyCurvature {
crates/amun-constitutional-geometry/src/directed_metric.rs:5:pub struct DirectedMetric {
crates/amun-constitutional-geometry/src/emergent_horizons.rs:8:pub struct EmergentHorizon {
crates/amun-constitutional-geometry/src/fields.rs:22:pub struct LegitimacyGradient {
crates/amun-constitutional-geometry/src/fields.rs:55:pub struct EntropyField {
crates/amun-constitutional-geometry/src/fields.rs:5:pub struct ConstitutionalField {
crates/amun-constitutional-geometry/src/flow_dynamics.rs:8:pub struct ConstitutionalFlow {
crates/amun-constitutional-geometry/src/geodesics.rs:7:pub struct ConstitutionalGeodesic {
crates/amun-constitutional-geometry/src/horizons.rs:4:pub struct CausalHorizon {
crates/amun-constitutional-geometry/src/metric_tensor.rs:6:pub struct MetricTensorField {
crates/amun-constitutional-geometry/src/metrics.rs:65:pub struct ConstitutionalDistance {
crates/amun-constitutional-geometry/src/metrics.rs:8:pub struct DistanceTensor {
crates/amun-constitutional-geometry/src/stability.rs:38:pub struct StabilityAttractor {
crates/amun-constitutional-geometry/src/stability.rs:4:pub struct StabilityBasin {
crates/amun-constitutional-geometry/src/trajectories.rs:7:pub struct EvolutionaryTrajectory {
crates/amun-constitutional-governance/src/amendment.rs:17:pub struct AmendmentLifecycle {
crates/amun-constitutional-governance/src/capability.rs:10:pub struct Capability {
crates/amun-constitutional-governance/src/quorum.rs:9:pub struct QuorumPolicy {
crates/amun-constitutional-governance/src/voting.rs:14:pub struct Proposal {
crates/amun-constitutional-governance/src/voting.rs:72:pub struct Ballot {
crates/amun-constitutional-governance/src/voting.rs:81:pub struct Tally {
crates/amun-constitutional-integration/src/lib.rs:10:pub struct ConstitutionalBridge;
crates/amun-constitutional-kernel/src/amendment.rs:14:pub struct AmendmentActivator;
crates/amun-constitutional-kernel/src/context.rs:11:pub struct ExecutionContext {
crates/amun-constitutional-kernel/src/enforcer.rs:10:pub struct CapabilityEnforcer;
crates/amun-constitutional-kernel/src/receipt.rs:11:pub struct ExecutionReceipt {
crates/amun-constitutional-kernel/src/state_machine.rs:13:pub struct ConstitutionalState {
crates/amun-constitutional-kernel/src/state_machine.rs:44:pub struct ConstitutionalStateMachine {
crates/amun-constitutional-proof/src/article_i_certificate.rs:13:pub struct ArticleICertificate {
crates/amun-constitutional-proof/src/article_iii_certificate.rs:12:pub struct ArticleIIICertificate {
crates/amun-constitutional-proof/src/certification.rs:21:pub struct ConstitutionalCertificate {
crates/amun-constitutional-proof/src/certification.rs:32:pub struct CertificationEvaluator;
crates/amun-constitutional-proof/src/certification.rs:5:pub struct GateResult {
crates/amun-constitutional-proof/src/constitutional_verdict.rs:14:pub struct ConstitutionalVerdict {
crates/amun-constitutional-proof/src/dependency_graph.rs:6:pub struct DependencyGraph {
crates/amun-constitutional-proof/src/evidence_archive.rs:14:pub struct EvidenceArchive {
crates/amun-constitutional-proof/src/evidence_lineage.rs:5:pub struct EvidenceLineage {
crates/amun-constitutional-proof/src/evidence_record.rs:10:pub struct EvidenceRecord {
crates/amun-constitutional-proof/src/failure_reason.rs:5:pub struct FailureReason {
crates/amun-constitutional-proof/src/obligation_id.rs:10:pub struct ObligationId {
crates/amun-constitutional-proof/src/obligation_registry.rs:9:pub struct ObligationRegistry {
crates/amun-constitutional-proof/src/obligation_result.rs:7:pub struct ObligationResult {
crates/amun-constitutional-proof/src/proof_obligation.rs:11:pub struct ProofObligation {
crates/amun-constitutional-proof/src/publication_package.rs:12:pub struct PublicationPackage {
crates/amun-constitutional-proof/src/publication_package.rs:34:pub struct PackageManifest {
crates/amun-constitutional-proof/src/publication_package.rs:41:pub struct PackageSignature {
crates/amun-constitutional-proof/src/report_generator.rs:20:pub struct ReportGenerator;
crates/amun-constitutional-proof/src/report_generator.rs:8:pub struct ConstitutionalReport {
crates/amun-constitutional-proof/src/reproducibility.rs:5:pub struct Reproducibility {
crates/amun-constitutional-proof/src/verdict_evaluator.rs:15:pub struct VerdictEvaluator;
crates/amun-constitutional-quarantine/src/levels.rs:14:pub struct QuarantineZone {
crates/amun-constitutional-quarantine/src/levels.rs:22:pub struct VerificationRecord {
crates/amun-constitutional-quarantine/src/pipeline.rs:5:pub struct QuarantinePipeline {
crates/amun-constitutional-quarantine/src/rehabilitation.rs:6:pub struct RehabilitationPath {
crates/amun-constitutional-runtime/src/block_validator.rs:12:pub struct BlockValidationResult {
crates/amun-constitutional-runtime/src/block_validator.rs:24:pub struct ConstitutionalBlockValidator;
crates/amun-constitutional-runtime/src/certificate_chain.rs:4:pub struct CertificateChain {
crates/amun-constitutional-runtime/src/finality_certificate.rs:7:pub struct ConstitutionalFinalityCertificate {
crates/amun-constitutional-runtime/src/history_root.rs:7:pub struct ConstitutionalHistoryRoot {
crates/amun-constitutional-runtime/src/runtime_pipeline.rs:31:pub struct ConstitutionalRuntime;
crates/amun-constitutional-semantics/src/lib.rs:13:pub struct TranscriptCommitment { pub root: [u8; 32], pub event_count: u64, pub start_sequence: u64, pub end_sequence: u64, pub epoch_id: [u8; 32], pub accumulator_type: AccumulatorType, pub commitment_version: u32 }
crates/amun-constitutional-signing/src/keys.rs:5:pub struct ConstitutionalKeyPair {
crates/amun-constitutional-signing/src/signature.rs:4:pub struct ConstitutionalSignature {
crates/amun-constitutional-signing/src/signature.rs:52:        struct Helper {
crates/amun-constitutional-signing/src/signed_artifact.rs:8:pub struct SignedArtifact<T: ArtifactDigest> {
crates/amun-constitutional-sim/src/divergence.rs:3:pub struct DivergenceEngine;
crates/amun-constitutional-sim/src/effectiveness.rs:4:pub struct EffectivenessEngine;
crates/amun-constitutional-sim/src/evolution.rs:7:pub struct EvolutionOperator;
crates/amun-constitutional-sim/src/observables.rs:3:pub struct Observables;
crates/amun-constitutional-sim/src/protocol.rs:4:pub struct ExperimentalProtocol {
crates/amun-constitutional-sim/src/runner.rs:10:pub struct SimulationStep {
crates/amun-constitutional-sim/src/runner.rs:19:pub struct SimulationRunner;
crates/amun-constitutional-sim/src/state.rs:18:pub struct Sovereign {
crates/amun-constitutional-sim/src/state.rs:24:pub struct LegitimacyClaim {
crates/amun-constitutional-sim/src/state.rs:8:pub struct SimulationState {
crates/amun-constitutional-sim/src/types.rs:15:pub struct Jurisdiction {
crates/amun-constitutional-state/src/lib.rs:15:pub struct StateTransitionRecord {
crates/amun-constitutional-state/src/lib.rs:197:pub struct ReplayCertificate {
crates/amun-constitutional-state/src/lib.rs:21:pub struct ConstitutionalStateRuntime {
crates/amun-constitutional-state/src/lib.rs:407:pub struct CertificateInclusionProof {
crates/amun-constitutional-treaties/src/covenant.rs:4:pub struct InteroperabilityCovenant {
crates/amun-constitutional-treaties/src/treaty.rs:3:pub struct ConstitutionalTreaty {
crates/amun-constitutional-verifier/src/lib.rs:9:pub struct ConstitutionalVerifier;
crates/amun-constitutional-verifier/src/result.rs:17:pub struct VerificationResult {
crates/amun-constitutional/src/artifact_graph.rs:59:pub struct ArtifactEdge {
crates/amun-constitutional/src/artifact_graph.rs:98:pub struct ArtifactGraph {
crates/amun-constitutional/src/causal_edge.rs:24:pub struct CausalEdge {
crates/amun-constitutional/src/causality_chain.rs:27:pub struct CausalityChain {
crates/amun-constitutional/src/certificate_scope.rs:46:pub struct CertificateScope {
crates/amun-constitutional/src/constitutional_failure.rs:35:pub struct ConstitutionalFailure {
crates/amun-constitutional/src/constitutional_hasher.rs:6:pub struct ConstitutionalHasher {
crates/amun-constitutional/src/constitutional_witness.rs:22:pub struct WitnessEntry {
crates/amun-constitutional/src/constitutional_witness.rs:66:pub struct ConstitutionalWitness {
crates/amun-constitutional/src/continuation_chain.rs:30:pub struct ContinuationChain {
crates/amun-constitutional/src/divergence_point.rs:22:pub struct DivergencePoint {
crates/amun-constitutional/src/divergence_resolution.rs:37:pub struct DivergenceResolution {
crates/amun-constitutional/src/execution_boundary.rs:9:pub struct ExecutionBoundary {
crates/amun-constitutional/src/execution_context.rs:8:pub struct ExecutionContext {
crates/amun-constitutional/src/execution_journal.rs:134:pub struct ExecutionJournal {
crates/amun-constitutional/src/execution_journal.rs:9:pub struct JournalEntry {
crates/amun-constitutional/src/execution_limits.rs:13:pub struct AdmissibilityLimits {
crates/amun-constitutional/src/execution_limits.rs:20:pub struct ProofLimits {
crates/amun-constitutional/src/execution_limits.rs:25:pub struct InvariantLimits {
crates/amun-constitutional/src/execution_limits.rs:29:pub struct ArtifactLimits {
crates/amun-constitutional/src/execution_limits.rs:34:pub struct ExecutionLimits {
crates/amun-constitutional/src/execution_limits.rs:7:pub struct ReplayLimits {
crates/amun-constitutional/src/execution_receipt.rs:47:pub struct ExecutionReceipt {
crates/amun-constitutional/src/kernel_types.rs:14:pub struct ReplayFailure {
crates/amun-constitutional/src/kernel_types.rs:21:pub struct ReplayPolicy {
crates/amun-constitutional/src/kernel_types.rs:38:pub struct TranscriptEntry {
crates/amun-constitutional/src/replay_certificate.rs:18:pub struct ReplayCertificate {
crates/amun-constitutional/src/restoration_point.rs:25:pub struct RestorationPoint {
crates/amun-constitutional/src/revision_migration.rs:33:pub struct MigrationPath {
crates/amun-constitutional/src/revision_migration.rs:85:pub struct UpgradeProof {
crates/amun-constitutional/src/snapshot.rs:39:pub struct ConstitutionalSnapshot {
crates/amun-constitutional/src/snapshot_scope.rs:68:pub struct SnapshotScope {
crates/amun-constitutional/src/state_anchor.rs:34:pub struct ConstitutionalStateAnchor {
crates/amun-constitutional/src/state_anchor_scope.rs:39:pub struct StateAnchorScope {
crates/amun-constitutional/src/transition_commitment.rs:8:pub struct TransitionCommitment {
crates/amun-constitutional/src/transition_evidence.rs:9:pub struct TransitionEvidence {
crates/amun-contract-events/src/lib.rs:13:pub struct ContractStorage {
crates/amun-contract-events/src/lib.rs:5:pub struct ContractEvent {
crates/amun-contract-fuzzing/src/lib.rs:7:pub struct FuzzResult {
crates/amun-contract-integration/src/lib.rs:10:pub struct ContractDeployer;
crates/amun-contract-integration/src/lib.rs:40:pub struct ContractExecutor;
crates/amun-contract-registry/src/lib.rs:11:pub struct ContractId(pub [u8; 32]);
crates/amun-contract-registry/src/lib.rs:14:pub struct ContractRecord {
crates/amun-contract-registry/src/lib.rs:21:pub struct ContractRegistry {
crates/amun-contract-sdk/src/lib.rs:6:pub struct AmunContractSdk {
crates/amun-contract-security/src/lib.rs:6:pub struct SecurityAuditResult {
crates/amun-contract-templates/src/lib.rs:3:pub struct ContractTemplate {
crates/amun-contract-upgrade/src/lib.rs:12:pub struct ContractUpgrader;
crates/amun-contract-upgrade/src/lib.rs:5:pub struct UpgradeRecord {
crates/amun-core-optimization/src/lib.rs:4:pub struct CachedMerkleState {
crates/amun-core-optimization/src/lib.rs:9:pub struct OptimizedRegistry {
crates/amun-crash-persistence/src/persistence.rs:3:pub struct CrashPersistence {
crates/amun-crash-recovery/src/checkpoint.rs:4:pub struct RecoveryCheckpoint {
crates/amun-crash-recovery/src/recovery.rs:3:pub struct CrashRecovery {
crates/amun-cross-contract/src/transfer_proof.rs:8:pub struct CrossContractTransferProof {
crates/amun-cross-contract/src/transfer_registry.rs:9:pub struct TransferProofRegistry {
crates/amun-crypto-hardening/src/anti_replay.rs:6:pub struct AntiReplayGuard {
crates/amun-crypto-hardening/src/key_rotation.rs:4:pub struct KeyRotationCertificate {
crates/amun-crypto-hardening/src/key_rotation.rs:55:pub struct KeyRotationChain {
crates/amun-crypto-hardening/src/production_keys.rs:36:pub struct ValidatorPublicKey {
crates/amun-crypto-hardening/src/production_keys.rs:8:pub struct ValidatorKeypair {
crates/amun-crypto/src/agility.rs:6:pub struct CryptoAgility {
crates/amun-crypto/src/audit.rs:4:pub struct EntropyAudit {
crates/amun-crypto/src/ed25519.rs:13:pub struct Ed25519Signer {
crates/amun-crypto/src/rotation.rs:1:pub struct KeyRotation {
crates/amun-defi-amm/src/lib.rs:8:pub struct AmmEngine {
crates/amun-defi-core/src/lib.rs:13:pub struct LiquidityToken {
crates/amun-defi-core/src/lib.rs:4:pub struct DefiPool {
crates/amun-defi-evidence/src/lib.rs:3:pub struct DefiEvidence;
crates/amun-defi-governance/src/lib.rs:24:pub struct GovernanceProposal {
crates/amun-defi-governance/src/lib.rs:34:pub struct GovernanceEngine {
crates/amun-defi-governance/src/lib.rs:4:pub struct DefiParameters {
crates/amun-defi-lending-core/src/lib.rs:19:pub struct CollateralPosition {
crates/amun-defi-lending-core/src/lib.rs:28:pub struct InterestModel;
crates/amun-defi-lending-core/src/lib.rs:5:pub struct LoanPosition {
crates/amun-defi-lending-engine/src/lib.rs:6:pub struct LendingEngine {
crates/amun-defi-lending-evidence/src/lib.rs:3:pub struct LendingEvidence;
crates/amun-defi-stablecoin/src/lib.rs:13:pub struct StablecoinEngine {
crates/amun-defi-stablecoin/src/lib.rs:5:pub struct StablecoinPosition {
crates/amun-defi-stress/src/lib.rs:11:pub struct DefiStressResult {
crates/amun-deterministic-allocator/src/arena.rs:3:pub struct DeterministicArena {
crates/amun-deterministic-allocator/src/deterministic_map.rs:4:pub struct DeterministicMap<K: Ord + Clone, V: Clone> {
crates/amun-deterministic-allocator/src/deterministic_set.rs:6:pub struct DeterministicSet<T: Ord + Clone> {
crates/amun-deterministic-allocator/src/sorted_vec.rs:6:pub struct SortedVec<T: Ord + Clone> {
crates/amun-deterministic-scheduler/src/budget.rs:4:pub struct ResourceBudget {
crates/amun-deterministic-scheduler/src/queue.rs:11:pub struct DeterministicQueue {
crates/amun-deterministic-scheduler/src/queue.rs:4:pub struct QueueEntry {
crates/amun-deterministic-scheduler/src/scheduler.rs:152:pub struct ExecutedTask {
crates/amun-deterministic-scheduler/src/scheduler.rs:7:pub struct DeterministicScheduler {
crates/amun-deterministic-timer/src/timeout.rs:2:pub struct TimeoutLaw {
crates/amun-deterministic-timer/src/wheel.rs:4:pub struct DeterministicTimerWheel {
crates/amun-dual-verification/src/dual_verifier.rs:11:pub struct DualVerifier;
crates/amun-economic-law/src/anticartel.rs:1:pub struct AntiCartelLaw {
crates/amun-economic-law/src/inflation.rs:1:pub struct InflationLaw {
crates/amun-economics/src/fee.rs:3:pub struct FeeMarket {
crates/amun-economics/src/inflation.rs:1:pub struct InflationCurve {
crates/amun-economics/src/reward.rs:1:pub struct RewardDistributor {
crates/amun-economics/src/token.rs:4:pub struct Token {
crates/amun-economics/src/treasury.rs:2:pub struct Treasury {
crates/amun-emergency/src/pause.rs:1:pub struct EmergencyPause {
crates/amun-entropy-transcript/src/source.rs:13:pub struct DeterministicEntropy {
crates/amun-entropy-transcript/src/transcript.rs:2:pub struct EntropyTranscript {
crates/amun-epoch-transition/src/transition.rs:6:pub struct EpochTransition {
crates/amun-epoch-transition/src/validator_rotation.rs:5:pub struct ValidatorRotation {
crates/amun-evidence-engine/src/evidence_archive.rs:8:pub struct VMEvidenceArchive {
crates/amun-evidence-engine/src/evidence_engine.rs:7:pub struct EvidenceEngine;
crates/amun-evidence-finality/src/evidence_finality.rs:143:pub struct EvidenceBackedConsensus;
crates/amun-evidence-finality/src/evidence_finality.rs:14:pub struct EvidenceVerifiedBlock {
crates/amun-evidence-finality/src/evidence_finality.rs:63:pub struct EvidenceBackedQC {
crates/amun-evidence-finality/src/evidence_finality.rs:83:pub struct ConstitutionalFinalityCertificate {
crates/amun-evidence-root/src/lib.rs:12:pub struct EvidenceRoot {
crates/amun-evidence-root/src/lib.rs:71:pub struct EvidenceChain {
crates/amun-evidence/src/equivocation.rs:1:pub struct EquivocationProof {
crates/amun-evidence/src/evidence.rs:16:pub struct EquivocationPosition {
crates/amun-evidence/src/evidence.rs:23:pub struct SignedMessage {
crates/amun-evidence/src/evidence.rs:30:pub struct MerkleProof {
crates/amun-evidence/src/evidence.rs:52:pub struct Evidence {
crates/amun-evidence/src/slashing.rs:3:pub struct SlashingEngine {
crates/amun-evolution/src/certificate.rs:54:pub struct EvolutionActivationCertificate {
crates/amun-evolution/src/certificate.rs:9:pub struct ConstitutionalPhysicsProof {
crates/amun-evolution/src/executor.rs:6:pub struct EvolutionExecutor;
crates/amun-evolution/src/signatures.rs:12:pub struct ConstitutionalSignature {
crates/amun-evolution/src/signatures.rs:55:pub struct AggregatedSignature {
crates/amun-evolution/src/transition.rs:10:pub struct ConstitutionalCheckpoint {
crates/amun-evolution/src/validator.rs:6:pub struct EvolutionValidator;
crates/amun-execution-receipt/src/lib.rs:106:pub struct ExecutionTranscript {
crates/amun-execution-receipt/src/lib.rs:40:pub struct ExecutionReceipt {
crates/amun-execution/src/executor.rs:6:pub struct ExecutionContext {
crates/amun-execution/src/lib.rs:9:pub struct ExecutionEngine {
crates/amun-execution/src/verified_interpreter.rs:22:pub struct VerifiedInterpreter {
crates/amun-execution/src/wasm_profile.rs:4:pub struct InstructionGasTable {
crates/amun-execution/src/wasm_profile.rs:53:pub struct DeterministicWasmProfile {
crates/amun-experimental-framework/src/main.rs:20:struct Stats {
crates/amun-explorer-api/src/errors.rs:14:pub struct ApiErrorDetail {
crates/amun-explorer-api/src/errors.rs:9:pub struct ApiError {
crates/amun-explorer-api/src/lib.rs:11:pub struct AppState {
crates/amun-explorer-api/src/lib.rs:17:struct StatusResponse {
crates/amun-explorer-api/src/lib.rs:24:struct BlockResponse {
crates/amun-explorer-api/src/services/account_service.rs:5:pub struct AccountService;
crates/amun-explorer-api/src/services/chain_service.rs:25:pub struct ChainService;
crates/amun-explorer-api/src/services/constitutional_service.rs:5:pub struct ConstitutionalService;
crates/amun-explorer-api/src/services/finality_service.rs:5:pub struct FinalityService;
crates/amun-explorer-api/src/types.rs:16:pub struct TransactionSummary {
crates/amun-explorer-api/src/types.rs:26:pub struct AccountSummary {
crates/amun-explorer-api/src/types.rs:34:pub struct FinalityCertificateSummary {
crates/amun-explorer-api/src/types.rs:43:pub struct ConstitutionalVerdictSummary {
crates/amun-explorer-api/src/types.rs:4:pub struct BlockSummary {
crates/amun-explorer-api/src/types.rs:53:pub struct EvidenceRecordSummary {
crates/amun-explorer-api/src/types.rs:62:pub struct ConstitutionalDashboard {
crates/amun-failure-memory/src/ontology.rs:4:pub struct FailureOntology {
crates/amun-failure-memory/src/ontology.rs:80:pub struct FailurePosture {
crates/amun-failure-memory/src/pattern.rs:10:pub struct FailurePattern {
crates/amun-failure/src/kernel_state.rs:51:pub struct QuarantineActions {
crates/amun-failure/src/kernel_state.rs:72:pub struct KernelState {
crates/amun-failure/src/taxonomy.rs:135:pub struct FailureContext {
crates/amun-faucet/src/main.rs:5:struct FaucetRequest {
crates/amun-finality-certificate/src/lib.rs:10:pub struct ConstitutionalFinalityCertificate {
crates/amun-finality-certificate/src/lib.rs:72:pub struct FinalityChain {
crates/amun-fork/src/rule.rs:12:pub struct ForkChoiceRule;
crates/amun-fork/src/rule.rs:4:pub struct ChainHead {
crates/amun-formal/src/invariants.rs:1:pub struct FormalInvariants;
crates/amun-gas-engine/src/gas_engine.rs:11:pub struct GasEngine;
crates/amun-gas-engine/src/gas_meter.rs:4:pub struct GasMeter {
crates/amun-gas-engine/src/opcode_costs.rs:4:pub struct OpCodeCosts;
crates/amun-gas/src/meter.rs:1:pub struct GasMeter {
crates/amun-gas/src/schedule.rs:1:pub struct GasSchedule;
crates/amun-genesis/src/block.rs:4:pub struct GenesisBlock {
crates/amun-genesis/src/constitution.rs:4:pub struct GenesisConstitution {
crates/amun-genesis/src/validator.rs:4:pub struct GenesisValidator {
crates/amun-gossip/src/broadcaster.rs:6:pub struct Broadcaster {
crates/amun-gossip/src/dedup.rs:4:pub struct DedupCache {
crates/amun-gossip/src/fanout.rs:3:pub struct Fanout {
crates/amun-gossip/src/receiver.rs:4:pub struct Receiver {
crates/amun-gossip/src/retry.rs:3:pub struct RetryManager {
crates/amun-governance/src/proposal.rs:16:pub struct Proposal {
crates/amun-handle-resolver/src/handle_resolver.rs:8:pub struct HandleResolver;
crates/amun-header-gossip/src/message.rs:5:pub struct GossipMessage {
crates/amun-header-gossip/src/observer.rs:4:pub struct VerificationReport {
crates/amun-header-gossip/src/observer.rs:9:pub struct GossipObserver {
crates/amun-header-gossip/src/relay.rs:6:pub struct WitnessRelay;
crates/amun-header-gossip/src/session.rs:2:pub struct GossipSession;
crates/amun-host/src/accounting.rs:1:pub struct ResourceAccountant {
crates/amun-host/src/boundary.rs:1:pub struct HostBoundary;
crates/amun-host/src/nonce_store.rs:7:pub struct NonceStore {
crates/amun-host/src/replay.rs:1:pub struct ReplayGuard {
crates/amun-http/src/cost.rs:1:pub struct RpcCostMeter {
crates/amun-http/src/server.rs:110:pub struct HttpServer {
crates/amun-http/src/server.rs:37:pub struct RequestHandler {
crates/amun-identity/src/chain_id.rs:3:pub struct ChainIdentity {
crates/amun-invariant-engine/src/invariant_engine.rs:7:pub struct InvariantEngine;
crates/amun-invariant-engine/src/invariant_types.rs:31:pub struct InvariantDeclaration {
crates/amun-invariant-engine/src/invariant_types.rs:40:pub struct InvariantResult {
crates/amun-invariants/src/kernel.rs:20:pub struct IrreducibleInvariants;
crates/amun-invariants/src/kernel.rs:9:pub struct InvariantDef {
crates/amun-invariants/src/registry.rs:6:pub struct InvariantRegistry {
crates/amun-invariants/src/status.rs:4:pub struct InvariantStatus {
crates/amun-invariants/src/violation.rs:2:pub struct ViolationRecord {
crates/amun-kernel-types/src/amounts.rs:11:pub struct Nonce(pub u64);
crates/amun-kernel-types/src/amounts.rs:15:pub struct BlockHeight(pub u64);
crates/amun-kernel-types/src/amounts.rs:19:pub struct ChainId(pub u64);
crates/amun-kernel-types/src/amounts.rs:3:pub struct Amount(pub u128);
crates/amun-kernel-types/src/amounts.rs:7:pub struct Gas(pub u64);
crates/amun-kernel-types/src/crypto.rs:19:pub struct Signature(pub [u8; 96]);
crates/amun-kernel-types/src/crypto.rs:3:pub struct PublicKey(pub [u8; 48]);
crates/amun-kernel-types/src/epoch.rs:5:pub struct Epoch(pub u64);
crates/amun-kernel-types/src/hash.rs:32:pub struct SecretHash32(pub [u8; 32]);
crates/amun-kernel-types/src/hash.rs:42:pub struct CommitmentHash32(pub [u8; 32]);
crates/amun-kernel-types/src/hash.rs:60:pub struct Hash<Domain> {
crates/amun-kernel-types/src/hash.rs:66:pub struct BlockDomain;
crates/amun-kernel-types/src/hash.rs:68:pub struct TransactionDomain;
crates/amun-kernel-types/src/hash.rs:6:pub struct PublicHash32(pub [u8; 32]);
crates/amun-kernel-types/src/hash.rs:70:pub struct VoteDomain;
crates/amun-kernel-types/src/hash.rs:72:pub struct QuorumCertificateDomain;
crates/amun-kernel-types/src/hash.rs:74:pub struct StateCommitmentDomain;
crates/amun-kernel-types/src/hash.rs:76:pub struct JournalEntryDomain;
crates/amun-kernel-types/src/hash.rs:78:pub struct ValidatorSetDomain;
crates/amun-kernel-types/src/hash.rs:80:pub struct EpochBoundaryDomain;
crates/amun-kernel-types/src/identity.rs:3:pub struct ValidatorId(pub [u8; 32]);
crates/amun-kernel-types/src/round.rs:5:pub struct Round(pub u64);
crates/amun-kernel/src/canonical.rs:112:pub struct CanonicalBytes<'a>(pub &'a [u8]);
crates/amun-kernel/src/canonical.rs:130:pub struct CanonicalEncoder;
crates/amun-kernel/src/governance.rs:124:pub struct FreezeBoundary {
crates/amun-kernel/src/governance.rs:170:pub struct AuthorityRegistry {
crates/amun-kernel/src/governance.rs:219:pub struct Attestation {
crates/amun-kernel/src/governance.rs:244:pub struct Snapshot {
crates/amun-kernel/src/governance.rs:305:pub struct ReleaseSeal {
crates/amun-kernel/src/governance.rs:55:pub struct Authority {
crates/amun-keystore/src/store.rs:6:pub struct KeyStore {
crates/amun-light-client/src/client.rs:3:pub struct LightClient {
crates/amun-light-client/src/constitutional_client.rs:19:pub struct ConstitutionalLightClient {
crates/amun-light-client/src/constitutional_client.rs:8:pub struct ConstitutionalCheckpoint {
crates/amun-light-client/src/sync.rs:3:pub struct SyncBatch {
crates/amun-lineage-law/src/ancestry.rs:48:pub struct AncestryChain {
crates/amun-lineage-law/src/ancestry.rs:5:pub struct ProtocolAncestry {
crates/amun-lineage-law/src/compatibility.rs:7:pub struct CompatibilityTheorem {
crates/amun-lineage-law/src/lineage.rs:64:pub struct LineageCertificate {
crates/amun-lineage-law/src/lineage.rs:7:pub struct LineageProof {
crates/amun-lineage-law/src/lineage.rs:95:pub struct LineageVerification;
crates/amun-lineage-law/src/migration.rs:61:pub struct MigrationCertificate {
crates/amun-lineage-law/src/migration.rs:7:pub struct MigrationWitness {
crates/amun-lineage-law/src/migration.rs:94:pub struct MigrationRules {
crates/amun-lineage/src/compatibility.rs:47:pub struct CompatibilityDeclaration {
crates/amun-lineage/src/lineage.rs:10:pub struct LineageId(pub [u8; 32]);
crates/amun-lineage/src/lineage.rs:45:pub struct LineageNode {
crates/amun-lineage/src/lineage.rs:64:pub struct LineageGraph {
crates/amun-lineage/src/lineage.rs:7:pub struct CivilizationId(pub [u8; 32]);
crates/amun-lineage/src/record.rs:118:pub struct EvolutionRecord {
crates/amun-lineage/src/record.rs:166:pub struct EvolutionProof {
crates/amun-live-cluster/src/config.rs:18:pub struct ValidatorConfig {
crates/amun-live-cluster/src/config.rs:28:pub struct ClusterPeer {
crates/amun-live-cluster/src/config.rs:5:pub struct GenesisAuthority {
crates/amun-live-cluster/src/validator.rs:33:struct BlockRootsContext {
crates/amun-live-cluster/src/validator.rs:44:pub struct LiveValidator {
crates/amun-load-generator/src/main.rs:12:struct LoadResult {
crates/amun-load-generator/src/main.rs:6:struct LoadConfig {
crates/amun-lock-rule/src/lock.rs:4:pub struct ValidatorLock {
crates/amun-lock-rule/src/violation.rs:18:pub struct LockViolationEvidence {
crates/amun-lock-rule/src/violation.rs:2:pub struct LockViolation {
crates/amun-mempool-gossip/src/mempool.rs:124:pub struct GossipClient;
crates/amun-mempool-gossip/src/mempool.rs:65:pub struct GossipServer {
crates/amun-mempool-gossip/src/mempool.rs:8:pub struct Mempool {
crates/amun-mempool-gossip/src/messages.rs:4:pub struct Transaction {
crates/amun-mempool/src/lib.rs:6:pub struct Mempool {
crates/amun-mempool/src/ordering.rs:3:pub struct CanonicalOrdering;
crates/amun-mempool/src/pool.rs:6:pub struct Mempool {
crates/amun-merkle/src/proof.rs:16:pub struct MerkleProof {
crates/amun-merkle/src/tree.rs:8:pub struct MerkleTree;
crates/amun-network-constitution/src/anti_replay.rs:4:pub struct AntiReplayGuard {
crates/amun-network-constitution/src/message.rs:55:pub struct NetworkFrame {
crates/amun-network-fastpath/src/lib.rs:53:pub struct FastPathResult {
crates/amun-network-fastpath/src/lib.rs:5:pub struct MessageBatch {
crates/amun-network-scheduler/src/scheduler.rs:7:pub struct NetworkScheduler {
crates/amun-network-simulator/src/adversary.rs:3:pub struct AdversaryConfig {
crates/amun-network-simulator/src/delivery.rs:3:pub struct DeliverySchedule {
crates/amun-network-simulator/src/simulator.rs:13:pub struct NetworkSimulator {
crates/amun-network-simulator/src/simulator.rs:7:pub struct ScheduledMessage {
crates/amun-network-transport/src/message.rs:107:pub struct DeltaSyncData {
crates/amun-network-transport/src/message.rs:115:pub struct Ping {
crates/amun-network-transport/src/message.rs:123:pub struct Pong {
crates/amun-network-transport/src/message.rs:29:pub struct BlockAnnounce {
crates/amun-network-transport/src/message.rs:40:pub struct CertificateAnnounce {
crates/amun-network-transport/src/message.rs:51:pub struct SlashingCertificateAnnounce {
crates/amun-network-transport/src/message.rs:62:pub struct EvidenceAnnouncement {
crates/amun-network-transport/src/message.rs:72:pub struct EvidencePushMessage {
crates/amun-network-transport/src/message.rs:80:pub struct StateSyncRequest {
crates/amun-network-transport/src/message.rs:96:pub struct FullSnapshotData {
crates/amun-network-transport/src/peer.rs:10:pub struct PublicKeyBytes(pub [u8; 32]);
crates/amun-network-transport/src/peer.rs:14:pub struct PeerIdentity {
crates/amun-network-transport/src/peer.rs:6:pub struct NodeId(pub [u8; 32]);
crates/amun-network-transport/src/sync_over_network.rs:97:pub struct SyncClient;
crates/amun-network-transport/src/sync_over_network.rs:9:pub struct SyncServer {
crates/amun-network-transport/src/transport.rs:36:struct PeerConnection {
crates/amun-network-transport/src/transport.rs:81:pub struct TcpTransport {
crates/amun-network/src/connection.rs:5:pub struct Connection {
crates/amun-network/src/discovery.rs:6:pub struct Discovery {
crates/amun-network/src/framing.rs:13:pub struct Frame {
crates/amun-network/src/handshake.rs:4:pub struct Handshake {
crates/amun-network/src/heartbeat.rs:3:pub struct Heartbeat {
crates/amun-network/src/peer.rs:12:pub struct Peer {
crates/amun-network/src/rate_limit.rs:3:pub struct RateLimiter {
crates/amun-networking/src/crypto_identity.rs:66:pub struct SignedMessage {
crates/amun-networking/src/crypto_identity.rs:7:pub struct PeerKeyPair {
crates/amun-networking/src/envelope.rs:5:pub struct Envelope {
crates/amun-networking/src/message.rs:5:pub struct Message {
crates/amun-networking/src/messages.rs:35:pub struct ConstitutionalMessage {
crates/amun-networking/src/node.rs:29:pub struct NetworkNode {
crates/amun-networking/src/peer.rs:5:pub struct Peer {
crates/amun-networking/src/peer_discovery.rs:37:pub struct PeerRegistry {
crates/amun-networking/src/peer_discovery.rs:8:pub struct PeerAnnouncement {
crates/amun-networking/src/peer_identity.rs:16:pub struct PeerIdentity {
crates/amun-networking/src/peer_identity.rs:6:pub struct PeerId(pub [u8; 32]);
crates/amun-networking/src/peers.rs:22:pub struct PeerTrust;
crates/amun-networking/src/peers.rs:3:pub struct PeerIdentity {
crates/amun-networking/src/quarantine.rs:20:pub struct QuarantinedSnapshot {
crates/amun-networking/src/quarantine.rs:40:pub struct QuarantineEngine;
crates/amun-networking/src/risk.rs:22:pub struct ConstitutionalRiskProfile {
crates/amun-networking/src/signed_envelope.rs:35:pub struct DirectedMessage {
crates/amun-networking/src/signed_envelope.rs:9:pub struct SignedEnvelope {
crates/amun-networking/src/sovereignty.rs:18:pub struct ConstitutionalHandshake {
crates/amun-networking/src/sovereignty.rs:6:pub struct SovereigntyBoundary {
crates/amun-networking/src/sync.rs:7:pub struct SyncEngine {
crates/amun-networking/src/sync_protocol.rs:12:pub struct SyncResponse {
crates/amun-networking/src/sync_protocol.rs:6:pub struct SyncRequest {
crates/amun-networking/src/tcp_transport.rs:12:pub struct TcpTransport {
crates/amun-networking/src/transport.rs:7:pub struct MockTransport {
crates/amun-networking/src/trust_anchor.rs:9:pub struct TrustAnchorRegistry {
crates/amun-networking/src/validator_certificate.rs:9:pub struct ValidatorCertificate {
crates/amun-networking/src/validator_registry.rs:8:pub struct ValidatorRegistry {
crates/amun-networking/src/verification.rs:27:pub struct RemoteVerifier;
crates/amun-networking/tests/harness/event_scheduler.rs:15:pub struct ScheduledEvent {
crates/amun-networking/tests/harness/event_scheduler.rs:51:pub struct DefaultPolicy;
crates/amun-networking/tests/harness/event_scheduler.rs:54:pub struct EventScheduler {
crates/amun-networking/tests/harness/message_delivery.rs:25:pub struct DelayedEnvelope {
crates/amun-networking/tests/harness/message_delivery.rs:31:pub struct MessageDeliveryEngine {
crates/amun-networking/tests/harness/message_delivery.rs:8:pub struct DeliveryPolicy {
crates/amun-networking/tests/harness/scenario.rs:16:pub struct ScenarioConfig {
crates/amun-networking/tests/harness/scenario.rs:38:pub struct ScenarioResult {
crates/amun-networking/tests/harness/scenario.rs:43:pub struct ScenarioRunner {
crates/amun-networking/tests/harness/simulation_node.rs:11:pub struct SimulationNodeCore {
crates/amun-networking/tests/harness/simulation_node.rs:44:pub struct ScenarioNodeState {}
crates/amun-networking/tests/n17_multi_node_network.rs:16:struct Network {
crates/amun-networking/tests/v2_001_time_driven_consensus.rs:7:struct HappyPathScenario;
crates/amun-networking/tests/v2_002_multi_round_consensus.rs:6:struct MultiRoundScenario {
crates/amun-networking/tests/v2_003_multi_height_consensus.rs:6:struct MultiHeightScenario {
crates/amun-networking/tests/v2_004_long_run_stability.rs:7:struct LongRunScenario {
crates/amun-networking/tests/v2_013_baseline_matrix.rs:8:struct BaselineScenario {
crates/amun-networking/tests/v2_015a_real_timeout_injection.rs:102:struct TimeoutInjectionSim {
crates/amun-networking/tests/v2_015a_real_timeout_injection.rs:31:struct ScheduledEvent {
crates/amun-networking/tests/v2_015a_real_timeout_injection.rs:58:struct EventScheduler {
crates/amun-networking/tests/v2_015a_real_timeout_injection.rs:83:struct DelayedEnvelope {
crates/amun-networking/tests/v2_015a_real_timeout_injection.rs:89:struct ConsensusNode {
crates/amun-nft-bridge/src/lib.rs:18:pub struct BridgeUnlock {
crates/amun-nft-bridge/src/lib.rs:27:pub struct BridgeRecord {
crates/amun-nft-bridge/src/lib.rs:34:pub struct BridgeLedger {
crates/amun-nft-bridge/src/lib.rs:7:pub struct BridgeLock {
crates/amun-nft-collateral/src/lib.rs:13:pub struct NftCollateralEngine {
crates/amun-nft-collateral/src/lib.rs:7:pub struct CollateralLock {
crates/amun-nft-constitutional-enforcement/src/lib.rs:18:pub struct EnforcementEngine;
crates/amun-nft-constitutional-enforcement/src/lib.rs:8:pub struct ConstitutionalProof {
crates/amun-nft-constitutional-registry/src/lib.rs:10:pub struct NftConstitutionalRecord {
crates/amun-nft-constitutional-registry/src/lib.rs:23:pub struct ConstitutionalRegistry {
crates/amun-nft-core/src/lib.rs:14:pub struct NftMetadata {
crates/amun-nft-core/src/lib.rs:23:pub struct NftAttribute {
crates/amun-nft-core/src/lib.rs:48:pub struct NftEvidence {
crates/amun-nft-core/src/lib.rs:5:pub struct NftCollectionMetadata {
crates/amun-nft-evidence/src/lib.rs:5:pub struct NftEvidenceKernel;
crates/amun-nft-evidence/src/lib.rs:8:pub struct MintVerificationContext<'a> {
crates/amun-nft-explorer/src/lib.rs:16:pub struct ExplorerNft {
crates/amun-nft-explorer/src/lib.rs:25:pub struct ExplorerOwner {
crates/amun-nft-explorer/src/lib.rs:32:pub struct ExplorerTransfer {
crates/amun-nft-explorer/src/lib.rs:40:pub struct ExplorerEngine;
crates/amun-nft-explorer/src/lib.rs:8:pub struct ExplorerCollection {
crates/amun-nft-fuzz/src/lib.rs:7:pub struct FuzzResult {
crates/amun-nft-governance-execution/src/lib.rs:17:pub struct Vote {
crates/amun-nft-governance-execution/src/lib.rs:25:pub struct GovernanceExecution {
crates/amun-nft-governance-execution/src/lib.rs:7:pub struct Proposal {
crates/amun-nft-governance/src/lib.rs:17:pub struct GovernanceLedger {
crates/amun-nft-governance/src/lib.rs:7:pub struct GovernanceRight {
crates/amun-nft-indexer/src/lib.rs:22:pub struct IndexedEvent {
crates/amun-nft-indexer/src/lib.rs:31:pub struct NftIndexer {
crates/amun-nft-indexer/src/lib.rs:9:pub struct IndexedNft {
crates/amun-nft-marketplace/src/lib.rs:19:pub struct Auction {
crates/amun-nft-marketplace/src/lib.rs:29:pub struct Bid {
crates/amun-nft-marketplace/src/lib.rs:69:pub struct MarketplaceEngine {
crates/amun-nft-marketplace/src/lib.rs:9:pub struct Listing {
crates/amun-nft-rights-enforcement/src/lib.rs:16:pub struct RightsEnforcementEngine;
crates/amun-nft-rights-enforcement/src/lib.rs:9:pub struct RightsEnforcementResult {
crates/amun-nft-royalty-accounting/src/lib.rs:15:pub struct RoyaltyLedger {
crates/amun-nft-royalty-accounting/src/lib.rs:8:pub struct RoyaltyBalance {
crates/amun-nft-royalty-settlement/src/lib.rs:17:pub struct SettlementEngine {
crates/amun-nft-royalty-settlement/src/lib.rs:8:pub struct SettlementRecord {
crates/amun-nft-royalty/src/lib.rs:14:pub struct RoyaltyRecord {
crates/amun-nft-royalty/src/lib.rs:24:pub struct RoyaltyEngine;
crates/amun-nft-royalty/src/lib.rs:6:pub struct RoyaltyPolicy {
crates/amun-nft-sdk/src/lib.rs:12:pub struct NftSdk {
crates/amun-nft-stress/src/lib.rs:7:pub struct StressTestResult {
crates/amun-node/src/genesis.rs:14:pub struct GenesisTrustAnchor {
crates/amun-node/src/genesis.rs:21:pub struct Genesis {
crates/amun-node/src/genesis.rs:6:pub struct GenesisValidator {
crates/amun-node/src/main.rs:19:struct NodeSection {
crates/amun-node/src/main.rs:26:struct PeersSection {
crates/amun-node/src/main.rs:31:struct IdentitySection {
crates/amun-node/src/main.rs:36:struct GenesisSection {
crates/amun-node/src/main.rs:41:struct Config {
crates/amun-node/src/peer_handshake.rs:69:pub struct AuthenticatedPeer {
crates/amun-node/src/peer_handshake.rs:9:pub struct HandshakeMessage {
crates/amun-node/src/peer_registry.rs:8:pub struct PeerRegistry {
crates/amun-ntr/src/charity.rs:5:pub struct CharityDistributor {
crates/amun-ntr/src/presale.rs:3:pub struct PresaleVesting {
crates/amun-ntr/src/token.rs:3:pub struct NtrToken { pub balance: u64, pub staked: u64, pub burned: u64 }
crates/amun-ntr/src/treasury.rs:4:pub struct AmungoldTreasury {
crates/amun-operations/src/backup_recovery.rs:7:pub struct NodeBackup {
crates/amun-operations/src/health_check.rs:5:pub struct NodeHealth {
crates/amun-operations/src/metrics.rs:5:pub struct NodeMetrics {
crates/amun-pacemaker/src/pacemaker.rs:8:pub struct Pacemaker {
crates/amun-pacemaker/src/round_state.rs:11:pub struct RoundState {
crates/amun-pccv/src/pccv_verifier.rs:17:pub struct PCCVVerifier;
crates/amun-pccv/src/transition_proof_engine.rs:9:pub struct TransitionProofEngine;
crates/amun-pccv/src/witness_builder.rs:4:pub struct WitnessBuilder;
crates/amun-peer-discovery/src/discovery.rs:112:pub struct DiscoveryClient;
crates/amun-peer-discovery/src/discovery.rs:27:pub struct DiscoveryServer {
crates/amun-peer-discovery/src/peer_table.rs:16:pub struct PeerRecord {
crates/amun-peer-discovery/src/peer_table.rs:26:pub struct PeerTable {
crates/amun-peer-identity/src/certificate.rs:5:pub struct PeerCertificate {
crates/amun-peer-identity/src/peer_id.rs:7:pub struct ConstitutionalPeerId {
crates/amun-peer-identity/src/registry.rs:6:pub struct PeerRegistry {
crates/amun-peer-identity/src/verifier.rs:4:pub struct IdentityVerifier;
crates/amun-peer-reputation/src/scorer.rs:1:pub struct PeerScorer {
crates/amun-persistence/src/lib.rs:34:pub struct FileBackend {
crates/amun-persistence/src/lib.rs:7:pub struct PersistentState {
crates/amun-persistent-node/src/persistent_store.rs:7:pub struct PersistentValidatorStore {
crates/amun-proof-archive/src/hot_store.rs:5:pub struct HotProofStore {
crates/amun-proof-archive/src/proof_archive.rs:7:pub struct ProofArchive {
crates/amun-proof-carrying/src/receipt.rs:14:pub struct ProofCarryingReceipt {
crates/amun-proof-carrying/src/verifier.rs:9:pub struct ProofVerifier;
crates/amun-protocol-event/src/transcript.rs:5:pub struct ProtocolTranscript {
crates/amun-quorum-certificate/src/certificate.rs:6:pub struct QuorumCertificate {
crates/amun-quorum-certificate/src/lib.rs:5:pub struct QuorumCertificate {
crates/amun-recovery/src/lib.rs:19:pub struct RecoveryEngine {
crates/amun-recovery/src/lib.rs:8:pub struct RecoveredState {
crates/amun-replay-cert/src/certificate.rs:6:pub struct ReplayCertificate {
crates/amun-replay-cert/src/certifier.rs:107:pub struct PlatformResult {
crates/amun-replay-cert/src/certifier.rs:7:pub struct ReplayCertifier {
crates/amun-replay-cert/src/certifier.rs:99:pub struct CertificationResult {
crates/amun-replay-cert/src/divergence.rs:4:pub struct DivergenceReport {
crates/amun-replay-cert/src/platform.rs:2:pub struct PlatformFingerprint {
crates/amun-replay-cert/src/transcript.rs:10:pub struct TranscriptEntry {
crates/amun-replay-cert/src/transcript.rs:4:pub struct ReplayTranscript {
crates/amun-replay-consensus/src/replay_backed_consensus.rs:17:pub struct ReplayBackedConsensus;
crates/amun-replay-consensus/src/replay_backed_types.rs:23:pub struct ReplayVerifiedBlock {
crates/amun-replay-consensus/src/replay_backed_types.rs:52:pub struct ReplayBackedQC {
crates/amun-replay-consensus/src/replay_backed_types.rs:6:pub struct ReplayVerificationRecord {
crates/amun-replay-consensus/src/replay_backed_types.rs:86:pub struct ReplayBackedFinalityCertificate {
crates/amun-replay-engine/src/adaptive_relay.rs:122:pub struct RelayBackpressure {
crates/amun-replay-engine/src/adaptive_relay.rs:149:pub struct EquivalenceRelayCache {
crates/amun-replay-engine/src/adaptive_relay.rs:16:pub struct RelayTopologyView {
crates/amun-replay-engine/src/adaptive_relay.rs:173:pub struct AntiCentralityGuard {
crates/amun-replay-engine/src/adaptive_relay.rs:23:pub struct RelayMetrics {
crates/amun-replay-engine/src/adaptive_relay.rs:52:pub struct FrontierPressureMetrics {
crates/amun-replay-engine/src/canonical.rs:157:pub struct CanonicalHasher {
crates/amun-replay-engine/src/canonical.rs:38:pub struct CanonicalWriter {
crates/amun-replay-engine/src/canonical.rs:95:pub struct CanonicalReader<'a> {
crates/amun-replay-engine/src/constitutional_economics.rs:133:pub struct EconomicContainmentZone {
crates/amun-replay-engine/src/constitutional_economics.rs:169:pub struct ScarcityNeutralityBoundary {
crates/amun-replay-engine/src/constitutional_economics.rs:19:pub struct ProofMarketSurface {
crates/amun-replay-engine/src/constitutional_economics.rs:48:pub struct ExecutionLeaseBoundary {
crates/amun-replay-engine/src/constitutional_economics.rs:99:pub struct WitnessIncentiveSurface {
crates/amun-replay-engine/src/constitutional_governance.rs:111:pub struct ConstitutionalEvolutionBoundary {
crates/amun-replay-engine/src/constitutional_governance.rs:162:pub struct GovernanceContainmentZone {
crates/amun-replay-engine/src/constitutional_governance.rs:201:pub struct TemporalConstitutionLineage {
crates/amun-replay-engine/src/constitutional_governance.rs:20:pub struct RatificationSurface {
crates/amun-replay-engine/src/constitutional_identity.rs:132:pub struct IdentityContainmentZone {
crates/amun-replay-engine/src/constitutional_identity.rs:20:pub struct IdentitySurface {
crates/amun-replay-engine/src/constitutional_identity.rs:66:pub struct AttributionBoundary {
crates/amun-replay-engine/src/constitutional_identity.rs:95:pub struct ReputationNeutralityGuard {
crates/amun-replay-engine/src/containment_boundary.rs:30:pub struct SemanticContaminationBoundary {
crates/amun-replay-engine/src/containment_boundary.rs:73:pub struct ByzantineContainmentZone {
crates/amun-replay-engine/src/cross_constitution_federation.rs:126:pub struct SovereigntyPreservingBridge {
crates/amun-replay-engine/src/cross_constitution_federation.rs:19:pub struct FederationBoundary {
crates/amun-replay-engine/src/cross_constitution_federation.rs:69:pub struct ConstitutionalTranslationSurface {
crates/amun-replay-engine/src/derivational_equivalence.rs:20:pub struct CanonicalDerivationFingerprint(pub [u8; 32]);
crates/amun-replay-engine/src/derivational_equivalence.rs:36:pub struct DerivationalEquivalenceClass {
crates/amun-replay-engine/src/derivational_frontier.rs:24:pub struct DerivationalFrontier {
crates/amun-replay-engine/src/derivational_frontier.rs:8:pub struct FrontierDependency {
crates/amun-replay-engine/src/deterministic.rs:104:pub struct ExecutionResult {
crates/amun-replay-engine/src/deterministic.rs:16:pub struct ExecutionTrace {
crates/amun-replay-engine/src/deterministic.rs:49:pub struct DeterministicExecutor;
crates/amun-replay-engine/src/deterministic.rs:8:pub struct ConstitutionalStep {
crates/amun-replay-engine/src/equivalence.rs:15:pub struct ConstitutionalReplayResult {
crates/amun-replay-engine/src/equivalence.rs:25:pub struct ContinuityProof {
crates/amun-replay-engine/src/equivalence.rs:31:pub struct CheckpointResult {
crates/amun-replay-engine/src/equivalence.rs:37:pub struct AuthorityProof {
crates/amun-replay-engine/src/equivalence.rs:51:pub struct EquivalenceProver;
crates/amun-replay-engine/src/equivalence.rs:7:pub struct EquivalenceProof {
crates/amun-replay-engine/src/execution_dag.rs:17:pub struct ExecutionEdge {
crates/amun-replay-engine/src/execution_dag.rs:32:pub struct ExecutionDAG {
crates/amun-replay-engine/src/execution_scheduler.rs:21:pub struct ExecutionScheduler {
crates/amun-replay-engine/src/execution_task.rs:28:pub struct ExecutionTask {
crates/amun-replay-engine/src/execution_vertex.rs:36:pub struct ExecutionVertex {
crates/amun-replay-engine/src/frontier_reconciliation.rs:9:pub struct FrontierMergeResult {
crates/amun-replay-engine/src/isolation_boundary.rs:60:pub struct ExecutionIsolationBoundary {
crates/amun-replay-engine/src/lib.rs:102:pub struct ReplayCursor {
crates/amun-replay-engine/src/lib.rs:45:pub struct ReplaySession {
crates/amun-replay-engine/src/missing_closure.rs:15:pub struct MissingClosureRequest {
crates/amun-replay-engine/src/operational_hasher.rs:20:pub struct OperationalHasher {
crates/amun-replay-engine/src/operational_hasher.rs:42:pub struct OperationalHash(pub [u8; 32]);
crates/amun-replay-engine/src/proof_routing.rs:15:pub struct ProofRoute {
crates/amun-replay-engine/src/proof_routing.rs:96:pub struct RoutingDecision {
crates/amun-replay-engine/src/runtime_anomaly.rs:33:pub struct RuntimeAnomaly {
crates/amun-replay-engine/src/runtime_anomaly.rs:81:pub struct RuntimeAnomalySurface {
crates/amun-replay-engine/src/runtime_capability.rs:35:pub struct CapabilitySet {
crates/amun-replay-engine/src/runtime_receipt.rs:11:pub struct RuntimeReceipt {
crates/amun-replay-engine/src/state.rs:21:pub struct ReplayState {
crates/amun-replay-engine/src/temporal_drift.rs:100:pub struct CompatibilityDecaySurface {
crates/amun-replay-engine/src/temporal_drift.rs:132:pub struct TemporalAttributionLineage {
crates/amun-replay-engine/src/temporal_drift.rs:162:pub struct EpochContainmentZone {
crates/amun-replay-engine/src/temporal_drift.rs:19:pub struct TemporalDriftBoundary {
crates/amun-replay-engine/src/temporal_drift.rs:66:pub struct HistoricalWeightNeutralizer {
crates/amun-replay-engine/src/witness_envelope.rs:21:pub struct WitnessEnvelope {
crates/amun-replay-engine/src/zk_adapters.rs:110:pub struct RecursiveProofBoundary {
crates/amun-replay-engine/src/zk_adapters.rs:141:pub struct SelectiveRevealSurface {
crates/amun-replay-engine/src/zk_adapters.rs:184:pub struct ExternalVerifierAdapter {
crates/amun-replay-engine/src/zk_adapters.rs:18:pub struct ZKWitnessEnvelope {
crates/amun-replay-engine/src/zk_adapters.rs:209:pub struct ProofInspectabilityGuard {
crates/amun-replay-engine/src/zk_adapters.rs:72:pub struct DerivabilityCommitment {
crates/amun-replay-optimization/src/lib.rs:11:pub struct CachedHeader {
crates/amun-replay-optimization/src/lib.rs:17:pub struct ReplayCache {
crates/amun-replay-optimization/src/lib.rs:4:pub struct CachedCertificate {
crates/amun-replay-semantics/src/lib.rs:12:pub struct ReplayEpoch { pub epoch_id: [u8; 32], pub start_sequence: u64, pub end_sequence: Option<u64>, pub replay_version: u32 }
crates/amun-replay-semantics/src/lib.rs:19:pub struct ReplayBoundary { pub finalized_sequence: u64, pub boundary_chain_hash: [u8; 32], pub boundary_state_root: [u8; 32], pub epoch: ReplayEpoch, pub replay_version: u32 }
crates/amun-replay-semantics/src/lib.rs:23:pub struct ReplayCertificate {
crates/amun-replay-semantics/src/lib.rs:67:pub struct ReplayWitness { pub start_sequence: u64, pub end_sequence: u64, pub pre_state_root: [u8; 32], pub post_state_root: [u8; 32], pub transcript_fragment_hash: [u8; 32], pub witness_data: Vec<u8> }
crates/amun-replay-semantics/src/lib.rs:70:pub struct ReplayCheckpoint { pub sequence: u64, pub state_root: [u8; 32], pub transcript_chain_hash: [u8; 32], pub certificate: ReplayCertificate }
crates/amun-replay-store/src/lib.rs:31:pub struct ReplayStore {
crates/amun-replay-store/src/lib.rs:8:pub struct ReplayRecord {
crates/amun-replay-verifier/src/replay_verifier.rs:28:pub struct ReplayVerifier;
crates/amun-replay/src/certificate.rs:6:pub struct ReplayCertificate {
crates/amun-replay/src/certificate.rs:81:pub struct ReplayCertificateStore {
crates/amun-replay/src/commit_log.rs:29:pub struct CommitLog {
crates/amun-replay/src/commit_log.rs:5:pub struct StateCommit {
crates/amun-replay/src/store.rs:6:pub struct ReplayStore {
crates/amun-replay/src/validation.rs:31:pub struct ReplayValidator;
crates/amun-replay/src/validation.rs:4:pub struct ReplayResult {
crates/amun-resource-core/src/resource_id.rs:8:pub struct ResourceId(pub [u8; 32]);
crates/amun-resource-core/src/resource_lineage.rs:19:pub struct ResourceLineage {
crates/amun-resource-core/src/resource_registry.rs:27:pub struct ResourceMetadata {
crates/amun-resource-core/src/resource_registry.rs:66:pub struct ResourceRegistry {
crates/amun-resource-core/src/transformation_matrix.rs:18:pub struct TransformationMatrix;
crates/amun-rpc/src/auth.rs:4:pub struct AuthValidator {
crates/amun-rpc/src/client.rs:13:pub struct StatusResponse {
crates/amun-rpc/src/client.rs:22:pub struct HeadResponse {
crates/amun-rpc/src/client.rs:31:pub struct BlockResponse {
crates/amun-rpc/src/client.rs:40:pub struct RangeResponse {
crates/amun-rpc/src/client.rs:45:pub struct MetricsResponse {
crates/amun-rpc/src/client.rs:54:pub struct RpcClient {
crates/amun-rpc/src/client.rs:6:pub struct AccountResponse {
crates/amun-rpc/src/constitutional.rs:10:pub struct ConstitutionalStatusResponse {
crates/amun-rpc/src/faucet.rs:17:pub struct FaucetRequest {
crates/amun-rpc/src/faucet.rs:22:pub struct FaucetResponse {
crates/amun-rpc/src/faucet.rs:30:pub struct FaucetState {
crates/amun-rpc/src/faucet.rs:40:pub struct FaucetAuditEntry {
crates/amun-rpc/src/faucet.rs:90:pub struct FaucetAppState {
crates/amun-rpc/src/lib.rs:15:pub struct AppState {
crates/amun-rpc/src/lib.rs:24:pub struct StatusResponse {
crates/amun-rpc/src/lib.rs:33:pub struct HeadResponse {
crates/amun-rpc/src/lib.rs:42:pub struct BlockResponse {
crates/amun-rpc/src/lib.rs:51:pub struct RangeResponse {
crates/amun-rpc/src/lib.rs:56:pub struct MetricsResponse {
crates/amun-rpc/src/methods.rs:4:pub struct RpcHandler {
crates/amun-rpc/src/monitor.rs:6:pub struct ResourceStatus {
crates/amun-rpc/src/openapi.rs:16:pub struct ApiDoc;
crates/amun-rpc/src/provider.rs:16:pub struct LiveRpcProvider {
crates/amun-rpc/src/provider.rs:52:pub struct MockProvider;
crates/amun-rpc/src/types.rs:12:pub struct RpcResponse {
crates/amun-rpc/src/types.rs:22:pub struct RpcError {
crates/amun-rpc/src/types.rs:4:pub struct RpcRequest {
crates/amun-runtime-law/src/law.rs:1:pub struct RuntimeLaw;
crates/amun-runtime/src/account.rs:5:pub struct AccountState {
crates/amun-runtime/src/executor.rs:5:pub struct AtomicExecutor;
crates/amun-runtime/src/journal.rs:21:pub struct ExecutionJournal {
crates/amun-runtime/src/overlay.rs:4:pub struct OverlayEntry {
crates/amun-runtime/src/overlay.rs:9:pub struct OverlayState {
crates/amun-safety-laws/src/equivocation.rs:5:pub struct EquivocationEvidence {
crates/amun-safety-laws/src/slash.rs:5:pub struct SlashingCondition {
crates/amun-scheduler/src/priority.rs:9:pub struct ConstitutionalScheduler {
crates/amun-sdk-layer/src/charity_api.rs:5:pub struct CharityApi {
crates/amun-sdk-layer/src/governance_api.rs:4:pub struct GovernanceApi {
crates/amun-sdk-layer/src/sandbox.rs:9:pub struct Sandbox {
crates/amun-sdk-layer/src/staking_api.rs:7:pub struct StakingApi {
crates/amun-sdk-layer/src/token_api.rs:4:pub struct TokenApi;
crates/amun-sdk-layer/src/transaction_builder.rs:5:pub struct TransactionBuilder;
crates/amun-sdk-layer/src/treasury_api.rs:4:pub struct TreasuryApi {
crates/amun-sdk-layer/src/types.rs:12:pub struct SdkResult<T> {
crates/amun-sdk-layer/src/types.rs:4:pub struct SdkConfig {
crates/amun-self-preservation/src/action_principle.rs:47:pub struct LeastInvariantViolation;
crates/amun-self-preservation/src/action_principle.rs:5:pub struct ConstitutionalAction {
crates/amun-self-preservation/src/consistency.rs:9:pub struct MetaConsistency {
crates/amun-self-preservation/src/legitimacy_guards.rs:4:pub struct LegitimacyGuard {
crates/amun-self-preservation/src/phase_transitions.rs:7:pub struct PhaseTransition {
crates/amun-self-preservation/src/self_modeling.rs:44:pub struct SelfReferenceGuard;
crates/amun-self-preservation/src/self_modeling.rs:5:pub struct SelfModel {
crates/amun-serialization-audit/src/verifier.rs:3:pub struct SerializationVerifier;
crates/amun-signature-engine/src/verifier.rs:5:pub struct SignatureVerifier;
crates/amun-smt/src/canonical_model.rs:12:pub struct CanonicalModel {
crates/amun-smt/src/canonical_model.rs:6:pub struct LeafEntry {
crates/amun-smt/src/context.rs:10:pub struct Context {
crates/amun-smt/src/hash.rs:18:pub struct Hash(pub [u8; 32]);
crates/amun-smt/src/proof.rs:21:pub struct LeafWitness {
crates/amun-smt/src/proof.rs:45:pub struct ProofStep {
crates/amun-smt/src/proof.rs:56:pub struct MerkleProof {
crates/amun-smt/src/tree.rs:29:pub struct Key256(pub [u8; 32]);
crates/amun-smt/src/tree.rs:33:pub struct StateRoot(pub Hash);
crates/amun-smt/src/tree.rs:36:pub struct SparseMerkleTree {
crates/amun-snapshot-constitution/src/snapshot.rs:16:pub struct SnapshotExecutionContext {
crates/amun-snapshot-constitution/src/snapshot.rs:49:pub struct CanonicalSnapshot {
crates/amun-snapshot-engine-unified/src/lib.rs:29:pub struct SnapshotManager {
crates/amun-snapshot-engine-unified/src/lib.rs:8:pub struct Snapshot {
crates/amun-snapshot-engine/src/byzantine_sync.rs:34:pub struct CivilizationGroup {
crates/amun-snapshot-engine/src/byzantine_sync.rs:47:pub struct ByzantineSyncEngine {
crates/amun-snapshot-engine/src/byzantine_sync.rs:6:pub struct PeerManifest {
crates/amun-snapshot-engine/src/chunk.rs:109:pub struct ChunkIndex {
crates/amun-snapshot-engine/src/chunk.rs:53:pub struct ChunkBuilder {
crates/amun-snapshot-engine/src/chunk.rs:9:pub struct SnapshotChunk {
crates/amun-snapshot-engine/src/chunk_proof.rs:5:pub struct ChunkProof {
crates/amun-snapshot-engine/src/compatibility.rs:23:pub struct CompatibilityMatrix {
crates/amun-snapshot-engine/src/compatibility.rs:49:pub struct CompatibilityEngine;
crates/amun-snapshot-engine/src/constitutional_hash.rs:9:pub struct ConstitutionalHash;
crates/amun-snapshot-engine/src/constitutional_identity.rs:6:pub struct ConstitutionalIdentity {
crates/amun-snapshot-engine/src/manifest.rs:11:pub struct SnapshotManifest {
crates/amun-snapshot-engine/src/manifest.rs:154:pub struct ManifestBuilder {
crates/amun-snapshot-engine/src/replay_continuity.rs:10:pub struct ReplayContinuityEngine;
crates/amun-snapshot-engine/src/restore.rs:11:pub struct SnapshotRestoreEngine;
crates/amun-snapshot-engine/src/snapshot.rs:119:pub struct SnapshotBuilder {
crates/amun-snapshot-engine/src/snapshot.rs:136:pub struct SnapshotData {
crates/amun-snapshot-engine/src/snapshot.rs:152:pub struct SnapshotReader {
crates/amun-snapshot-engine/src/snapshot.rs:84:pub struct SerializedNode {
crates/amun-snapshot-engine/src/snapshot.rs:8:pub struct SnapshotHeader {
crates/amun-snapshot-engine/src/structural_verifier.rs:76:pub struct StructuralVerifier;
crates/amun-snapshot-engine/src/transition.rs:19:pub struct TransitionClassifier;
crates/amun-snapshot-engine/src/traversal.rs:12:pub struct CanonicalTraversal {
crates/amun-snapshot-engine/src/traversal.rs:5:pub struct SerializedNode {
crates/amun-snapshot-engine/src/traversal.rs:88:pub struct StreamingTraversal<'a> {
crates/amun-snapshot-engine/src/verifier.rs:10:pub struct SnapshotVerifier;
crates/amun-snapshot-optimization/src/lib.rs:4:pub struct IncrementalSnapshot {
crates/amun-snapshot/src/state.rs:3:pub struct SignedSnapshot {
crates/amun-soak-full/src/lib.rs:15:pub struct FullSoakConfig {
crates/amun-soak-full/src/lib.rs:220:pub struct FullSoakResult {
crates/amun-soak-full/src/lib.rs:39:pub struct SoakValidator {
crates/amun-soak-test/src/lib.rs:12:pub struct ValidatorSimulator {
crates/amun-soak-test/src/lib.rs:165:pub struct SoakResult {
crates/amun-staking/src/delegation.rs:2:pub struct DelegationManager {
crates/amun-staking/src/slashing.rs:2:pub struct SlashingConditions {
crates/amun-staking/src/unbonding.rs:3:pub struct UnbondingEntry {
crates/amun-staking/src/unbonding.rs:8:pub struct UnbondingQueue {
crates/amun-staking/src/validator.rs:21:pub struct ValidatorRegistry {
crates/amun-staking/src/validator.rs:5:pub struct Validator {
crates/amun-state-machine/src/axioms.rs:63:pub struct ConstitutionalAxiomEngine;
crates/amun-state-machine/src/causality.rs:12:pub struct VectorClock {
crates/amun-state-machine/src/causality.rs:56:pub struct CausalityMetadata {
crates/amun-state-machine/src/causality.rs:8:pub struct LamportTime(pub u64);
crates/amun-state-machine/src/derivation.rs:28:pub struct Derivation {
crates/amun-state-machine/src/derivation.rs:42:pub struct ConsistencyProof {
crates/amun-state-machine/src/derivation.rs:5:pub struct Theorem {
crates/amun-state-machine/src/engine.rs:10:pub struct ConstitutionalPolicyEngine;
crates/amun-state-machine/src/engine.rs:118:pub struct ConstitutionalProofEngine;
crates/amun-state-machine/src/engine.rs:23:pub struct ConstitutionalExecutionEngine {
crates/amun-state-machine/src/fork_merge.rs:5:pub struct ForkDeclaration {
crates/amun-state-machine/src/fork_merge.rs:78:pub struct MergeDeclaration {
crates/amun-state-machine/src/formal_entropy.rs:16:pub struct EntropySink {
crates/amun-state-machine/src/formal_entropy.rs:35:pub struct EntropyConservationLaws;
crates/amun-state-machine/src/formal_entropy.rs:4:pub struct FormalEntropy {
crates/amun-state-machine/src/formal_entropy.rs:58:pub struct EntropyCollapseThreshold {
crates/amun-state-machine/src/historical_invariants.rs:77:pub struct HistoricalInvariantEngine {
crates/amun-state-machine/src/merge_math.rs:24:pub struct MergeConflictResolver;
crates/amun-state-machine/src/meta_amendment.rs:41:pub struct MetaAmendmentEngine;
crates/amun-state-machine/src/meta_amendment.rs:5:pub struct MetaAmendmentLaw {
crates/amun-state-machine/src/reconciliation.rs:21:pub struct ReconciliationEngine;
crates/amun-state-machine/src/replay_log.rs:48:pub struct ConstitutionalReplayDAG {
crates/amun-state-machine/src/replay_log.rs:8:pub struct ReplayLogEntry {
crates/amun-state-machine/src/stability.rs:3:pub struct ConstitutionalStabilityMetrics {
crates/amun-state-machine/src/states.rs:35:pub struct ConstitutionalState {
crates/amun-state-machine/src/thermodynamics.rs:5:pub struct ConstitutionalEntropy {
crates/amun-state-machine/src/thermodynamics.rs:60:pub struct StabilityEquations {
crates/amun-state-machine/src/transitions.rs:115:pub struct Transition {
crates/amun-state-machine/src/transitions.rs:202:pub struct TransitionProof {
crates/amun-state-machine/src/transitions.rs:39:pub struct TransitionAlgebra;
crates/amun-state-machine/src/verifier.rs:6:pub struct TransitionVerifier;
crates/amun-state-pruning/src/lib.rs:4:pub struct PrunableRegistry {
crates/amun-state-root/src/continuity.rs:3:pub struct ContinuityChain;
crates/amun-state-root/src/identity.rs:5:pub struct ChainIdentityRoot {
crates/amun-state-root/src/proofs.rs:4:pub struct MerkleProof {
crates/amun-state-root/src/replay.rs:19:pub struct ReplayTranscript {
crates/amun-state-root/src/replay.rs:42:pub struct ReplayCertificate {
crates/amun-state-root/src/replay.rs:4:pub struct ReplayEquivalenceProof {
crates/amun-state-root/src/root.rs:20:pub struct StateRootEngine;
crates/amun-state-root/src/root.rs:7:pub struct StateLeaf {
crates/amun-state-root/src/snapshot.rs:24:pub struct ReplayEquivalenceProof {
crates/amun-state-root/src/snapshot.rs:82:pub struct SnapshotSeal {
crates/amun-state-root/src/snapshot.rs:8:pub struct ConstitutionalSnapshot {
crates/amun-state-root/src/verifier.rs:4:pub struct SealCommitment {
crates/amun-state-stream/src/journal.rs:13:pub struct SyncJournal {
crates/amun-state-stream/src/messages.rs:38:pub struct SyncRequest {
crates/amun-state-stream/src/messages.rs:45:pub struct SyncResponse {
crates/amun-state-stream/src/stream.rs:20:pub struct StreamState {
crates/amun-state-stream/src/stream.rs:4:pub struct StreamConfig {
crates/amun-state-sync/src/snapshot_certificate.rs:8:pub struct StateSnapshotCertificate {
crates/amun-state-sync/src/state_chunk.rs:48:pub struct ChunkMerkleProof {
crates/amun-state-sync/src/state_chunk.rs:5:pub struct StateChunk {
crates/amun-state-sync/src/stateless_verifier.rs:16:pub struct StatelessVerifier;
crates/amun-state-sync/src/sync_package.rs:8:pub struct ConstitutionalSyncPackage {
crates/amun-state-sync/src/sync_protocol.rs:24:pub struct SyncSnapshot {
crates/amun-state-sync/src/sync_protocol.rs:35:pub struct SyncChunkData {
crates/amun-state-sync/src/sync_protocol.rs:42:pub struct DeltaSyncData {
crates/amun-state-sync/src/sync_protocol.rs:49:pub struct DeltaBlock {
crates/amun-state-sync/src/sync_protocol.rs:56:pub struct SyncProtocol;
crates/amun-state-sync/src/sync_protocol.rs:9:pub struct SyncRequest {
crates/amun-state-transition/src/journal.rs:14:pub struct JournalEntry {
crates/amun-state-transition/src/journal.rs:8:pub struct StorageJournal {
crates/amun-state-transition/src/receipt.rs:6:pub struct ExecutionReceipt {
crates/amun-state-transition/src/state.rs:17:pub struct StateOverlay {
crates/amun-state-transition/src/state.rs:63:pub struct TransitionOutput {
crates/amun-state-transition/src/state.rs:8:pub struct StateMachine {
crates/amun-state-transition/src/write_set.rs:7:pub struct WriteSet {
crates/amun-state-types/src/states.rs:10:pub struct Journaled;
crates/amun-state-types/src/states.rs:11:pub struct Snapshotted;
crates/amun-state-types/src/states.rs:13:pub struct Proposed;
crates/amun-state-types/src/states.rs:14:pub struct Voted;
crates/amun-state-types/src/states.rs:15:pub struct QuorumCertified;
crates/amun-state-types/src/states.rs:16:pub struct Executed;
crates/amun-state-types/src/states.rs:3:pub struct Unverified;
crates/amun-state-types/src/states.rs:4:pub struct Verified;
crates/amun-state-types/src/states.rs:5:pub struct Committed;
crates/amun-state-types/src/states.rs:6:pub struct Finalized;
crates/amun-state-types/src/states.rs:8:pub struct Volatile;
crates/amun-state-types/src/states.rs:9:pub struct Durable;
crates/amun-state-types/src/transitions.rs:7:pub struct State<T, S = Unverified, D = Volatile, C = Proposed> {
crates/amun-stateless-sync/src/lib.rs:163:pub struct TrustlessBootstrap;
crates/amun-stateless-sync/src/lib.rs:78:pub struct StatelessNode {
crates/amun-stf/src/nonce.rs:4:pub struct NonceStore;
crates/amun-stf/src/receipt.rs:6:pub struct ExecutionReceipt {
crates/amun-stf/src/state.rs:24:pub struct InMemoryState {
crates/amun-stf/src/stf.rs:5:pub struct StfState {
crates/amun-stf/src/transition.rs:8:pub struct StateTransition;
crates/amun-stf/src/transition_result.rs:8:pub struct TransitionExecutionResult {
crates/amun-storage-engine/src/checkpoint.rs:1:pub struct AtomicCheckpoint {
crates/amun-storage-kernel/src/canonical/mod.rs:1:pub struct Encoder {
crates/amun-storage-kernel/src/canonical/mod.rs:39:pub struct Decoder<'a> {
crates/amun-storage-kernel/src/crash/harness.rs:5:pub struct CrashSimulator {
crates/amun-storage-kernel/src/lib.rs:16:pub struct Key256(pub [u8; 32]);
crates/amun-storage-kernel/src/lib.rs:24:pub struct ValueBlob {
crates/amun-storage-kernel/src/lib.rs:37:pub struct StateRoot(pub [u8; 32]);
crates/amun-storage-kernel/src/lib.rs:46:pub struct GenerationId(pub u64);
crates/amun-storage-kernel/src/lib.rs:49:pub struct EpochNumber(pub u64);
crates/amun-storage-kernel/src/lib.rs:52:pub struct StateLineage {
crates/amun-storage-kernel/src/lib.rs:91:pub struct ConstitutionalContinuity;
crates/amun-storage-kernel/src/lru.rs:4:pub struct LruCache<K, V> {
crates/amun-storage-kernel/src/persistence/gc/mod.rs:1:pub struct GC;
crates/amun-storage-kernel/src/persistence/node_store.rs:9:pub struct NodeStore {
crates/amun-storage-kernel/src/persistence/recovery/mod.rs:1:pub struct RecoveryEngine;
crates/amun-storage-kernel/src/persistence/value_store.rs:12:pub struct ValueStore {
crates/amun-storage-kernel/src/persistence/value_store.rs:7:pub struct ValueKey {
crates/amun-storage-kernel/src/persistence/wal/entry.rs:7:pub struct WalEntry {
crates/amun-storage-kernel/src/persistence/wal/iterator.rs:6:pub struct WalIterator {
crates/amun-storage-kernel/src/persistence/wal/iterator.rs:83:pub struct ReplayVerifier;
crates/amun-storage-kernel/src/smt/node.rs:4:pub struct NodeHash(pub [u8; 32]);
crates/amun-storage-kernel/src/smt/proof.rs:310:pub struct ProofVerifier;
crates/amun-storage-kernel/src/smt/proof.rs:33:pub struct MerkleProof {
crates/amun-storage-kernel/src/smt/tree.rs:10:pub struct SparseMerkleTree {
crates/amun-storage-kernel/src/smt/tree.rs:16:pub struct WitnessLeaf {
crates/amun-storage-kernel/src/smt/validation.rs:4:pub struct CycleDetector;
crates/amun-survival-console/src/dashboard.rs:9:pub struct SurvivalDashboard {
crates/amun-survival-console/src/metrics.rs:4:pub struct SurvivabilityMetrics {
crates/amun-sync/src/peer_discovery.rs:5:pub struct PeerInfo {
crates/amun-sync/src/sync.rs:4:pub struct SyncState {
crates/amun-temporal-alignment/src/alignment.rs:3:pub struct TemporalAlignment {
crates/amun-temporal-alignment/src/drift.rs:3:pub struct TemporalDrift {
crates/amun-time/src/clock.rs:1:pub struct ConsensusClock {
crates/amun-timeout-aggregator/src/aggregator.rs:8:pub struct TimeoutAggregator {
crates/amun-timeout-aggregator/src/timeout_cert.rs:6:pub struct TimeoutCertificate {
crates/amun-timeout-law/src/timeout.rs:52:pub struct TimeoutLaw;
crates/amun-timeout-law/src/timeout.rs:5:pub struct TimeoutCertificate {
crates/amun-tls/src/cert.rs:4:pub struct CertificateManager;
crates/amun-tls/src/config.rs:7:pub struct TlsServerConfig {
crates/amun-tls/src/pinning.rs:4:pub struct CertificatePinning {
crates/amun-tls/src/revocation.rs:3:pub struct RevocationList {
crates/amun-tokenomics-ledger/src/lib.rs:10:pub struct EconomicDelta {
crates/amun-tokenomics-ledger/src/lib.rs:41:pub struct EconomicLedger {
crates/amun-tokenomics/src/lib.rs:11:pub struct EpochEconomics {
crates/amun-transaction/src/tx.rs:14:pub struct UnsignedTransaction {
crates/amun-transactions/src/lib.rs:11:pub struct TransferPayload {
crates/amun-transactions/src/lib.rs:17:pub struct Transaction {
crates/amun-transactions/src/lib.rs:69:pub struct TransactionReceipt {
crates/amun-transcript-semantics/src/lib.rs:11:pub struct EventIdentity { pub event_hash: [u8; 32], pub causal_parent: [u8; 32], pub authority_root: [u8; 32], pub transcript_position: u64, pub domain: ReplayDomain, pub epoch_id: [u8; 32] }
crates/amun-transcript-semantics/src/lib.rs:59:pub struct ImmutableReplayCertificate { inner: CertifiedEnvelope }
crates/amun-transcript-semantics/src/lib.rs:61:struct CertifiedEnvelope { domain: ReplayDomain, epoch_id: [u8; 32], transcript_root: [u8; 32], state_root: [u8; 32], receipt_root: [u8; 32], ordering_root: [u8; 32], event_count: u64, replay_version: u32, certificate_hash: [u8; 32] }
crates/amun-transition-proof/src/enhanced_proof.rs:35:pub struct LineageProof {
crates/amun-transition-proof/src/enhanced_proof.rs:58:pub struct WitnessBundle {
crates/amun-transition-proof/src/enhanced_proof.rs:77:pub struct EnhancedTransitionProof {
crates/amun-transition-proof/src/enhanced_proof.rs:7:pub struct MerkleProof {
crates/amun-transition-proof/src/proof_builder.rs:10:pub struct ProofBuilder;
crates/amun-transition-proof/src/transition_proof.rs:13:pub struct TransitionProof {
crates/amun-truth-engine/src/engine.rs:11:pub struct TruthEngine {
crates/amun-truth-engine/src/log.rs:21:pub struct MessageEntry {
crates/amun-truth-engine/src/log.rs:38:pub struct MessageLog {
crates/amun-truth-engine/src/trace.rs:3:pub struct TraceEntry {
crates/amun-truth-engine/src/trace.rs:8:pub struct StateTrace {
crates/amun-unlock-law/src/unlock.rs:51:pub struct UnlockLaw;
crates/amun-unlock-law/src/unlock.rs:5:pub struct UnlockProof {
crates/amun-unsafe/src/guard.rs:12:pub struct InitGuard<T> {
crates/amun-unsafe/src/slot.rs:16:pub struct RawSlot<T> {
crates/amun-unsafe/src/tests.rs:116:    struct DropCount<'a> {
crates/amun-unsafe/src/tests.rs:133:    struct DropCount<'a> {
crates/amun-unsafe/src/tests.rs:77:    struct DropCount<'a> {
crates/amun-unsigned-messages/src/proposal.rs:142:pub struct SignedProposal {
crates/amun-unsigned-messages/src/proposal.rs:9:pub struct UnsignedProposal {
crates/amun-unsigned-messages/src/vote.rs:12:pub struct UnsignedVote {
crates/amun-unsigned-messages/src/vote.rs:136:pub struct SignedVote {
crates/amun-upgrade/src/protocol.rs:2:pub struct UpgradeProposal {
crates/amun-upgrade/src/protocol.rs:8:pub struct UpgradeProtocol {
crates/amun-validator-attestation/src/attestation.rs:5:pub struct ValidatorAttestation {
crates/amun-validator-attestation/src/validator_set.rs:12:pub struct ValidatorSet {
crates/amun-validator-attestation/src/validator_set.rs:5:pub struct ValidatorInfo {
crates/amun-validator-identity/src/registry.rs:6:pub struct ValidatorKeyRegistry {
crates/amun-validator-networking/src/peer_discovery.rs:6:pub struct PeerRegistry {
crates/amun-validator-networking/src/rejoin_protocol.rs:15:pub struct RejoinProtocol;
crates/amun-validator-networking/src/sync_transport.rs:7:pub struct SyncTransport;
crates/amun-validator-networking/src/validator_identity.rs:5:pub struct ValidatorIdentity {
crates/amun-validator-registry/src/registry.rs:6:pub struct ValidatorRegistry {
crates/amun-validator-runtime/src/validator_cluster.rs:10:pub struct ValidatorCluster {
crates/amun-validator-runtime/src/validator_cluster.rs:5:pub struct NodeInstance {
crates/amun-validator-runtime/src/validator_node.rs:10:pub struct ValidatorNode {
crates/amun-verification-kernel/src/lib.rs:131:pub struct VerificationRegistry {
crates/amun-verification-kernel/src/lib.rs:37:pub struct Evidence {
crates/amun-verification-kernel/src/lib.rs:59:pub struct VerificationCertificate {
crates/amun-verification-kernel/src/lib.rs:6:pub struct ConstitutionalClaim {
crates/amun-verified-pipeline/src/vote_pipeline.rs:12:pub struct ParsedVote {
crates/amun-verified-pipeline/src/vote_pipeline.rs:17:pub struct VerifiedVote {
crates/amun-verified-pipeline/src/vote_pipeline.rs:23:pub struct CanonicalVote {
crates/amun-verified-pipeline/src/vote_pipeline.rs:7:pub struct RawVote {
crates/amun-verifier-node/src/report.rs:4:pub struct VerificationReport {
crates/amun-verifier-node/src/verifier.rs:5:pub struct VerifierNode;
crates/amun-view-change/src/new_view.rs:7:pub struct NewView {
crates/amun-view-change/src/view_change.rs:6:pub struct ViewChange {
crates/amun-vm-kernel/src/execution_context.rs:5:pub struct ExecutionContext {
crates/amun-vm-kernel/src/pending_buffer.rs:15:pub struct OperationRecord {
crates/amun-vm-kernel/src/pending_buffer.rs:36:pub struct PendingBuffer {
crates/amun-vm-kernel/src/vm_kernel.rs:19:pub struct VMKernel;
crates/amun-wal/src/authority_index.rs:5:pub struct AuthorityIndex {
crates/amun-wal/src/frame.rs:10:pub struct WalFrame {
crates/amun-wal/src/lib.rs:113:pub struct CorruptionReport {
crates/amun-wal/src/lib.rs:122:pub struct AuthorityValidation {
crates/amun-wal/src/lib.rs:15:pub struct WriteAheadLog {
crates/amun-wal/src/lib.rs:29:pub struct SegmentFooter {
crates/amun-wal/src/lib.rs:37:pub struct WALManifest {
crates/amun-wal/src/lib.rs:47:pub struct SealedSegmentRecord {
crates/amun-wal/src/lib.rs:58:pub struct WALEntry {
crates/amun-wal/src/lib.rs:69:pub struct WALIntegrity {
crates/amun-wal/src/lib.rs:87:pub struct PartialRecovery {
crates/amun-wal/src/recovery.rs:4:pub struct RecoveryPoint {
crates/amun-wal/src/wal.rs:11:pub struct WriteAheadLog {
crates/amun-wallet-api/src/errors.rs:14:pub struct ApiErrorDetail {
crates/amun-wallet-api/src/errors.rs:9:pub struct ApiError {
crates/amun-wallet-api/src/services/account_service.rs:5:pub struct AccountService;
crates/amun-wallet-api/src/services/chain_service.rs:6:pub struct ChainService;
crates/amun-wallet-api/src/services/network_service.rs:6:pub struct NetworkService;
crates/amun-wallet-api/src/services/transaction_service.rs:9:pub struct TransactionService;
crates/amun-wallet-api/src/types.rs:11:pub struct BuildTransactionRequest {
crates/amun-wallet-api/src/types.rs:22:pub struct BuildTransactionResponse {
crates/amun-wallet-api/src/types.rs:28:pub struct SubmitTransactionRequest {
crates/amun-wallet-api/src/types.rs:35:pub struct SubmitTransactionResponse {
crates/amun-wallet-api/src/types.rs:40:pub struct TransactionStatusResponse {
crates/amun-wallet-api/src/types.rs:4:pub struct AccountResponse {
crates/amun-wallet-api/src/types.rs:52:pub struct NetworkInfoResponse {
crates/amun-wallet-api/src/types.rs:60:pub struct ChainHeadResponse {
crates/amun-wallet-api/src/types.rs:68:pub struct BlockResponse {
crates/amun-wallet-management/src/types.rs:20:pub struct WalletSeed(pub [u8; 32]);
crates/amun-wallet-management/src/types.rs:51:pub struct WalletKeypair {
crates/amun-wallet-management/src/types.rs:6:pub struct WalletAddress(pub String);
crates/amun-wallet-management/src/types.rs:81:pub struct Keystore {
crates/amun-websocket/src/server.rs:5:pub struct WebSocketServer {
crates/amun_consensus_math/src/fixed.rs:11:pub struct Fixed(i64);
crates/amun_state_machine/src/certification/mod.rs:61:pub struct ReplayCertificate {
crates/amun_state_machine/src/certification/mod.rs:8:pub struct ExecutionCertificate {
crates/amun_state_machine/src/event.rs:39:pub struct Event {
crates/amun_state_machine/src/log.rs:42:pub struct CausalLog {
crates/amun_state_machine/src/log.rs:8:pub struct LogEntry {
crates/amun_state_machine/src/ordering.rs:12:pub struct CanonicalOrderKey {
crates/amun_state_machine/src/ordering.rs:40:pub struct CanonicalOrdering;
crates/amun_state_machine/src/receipt/mod.rs:40:pub struct ExecutionReceipt {
crates/amun_state_machine/src/receipt/mod.rs:91:pub struct ExecutionReceipts {
crates/amun_state_machine/src/scheduler.rs:10:pub struct DeterministicScheduler {
crates/amun_state_machine/src/snapshot.rs:41:pub struct SnapshotManager {
crates/amun_state_machine/src/snapshot.rs:8:pub struct StateSnapshot {
crates/amun_state_machine/src/state.rs:41:pub struct ConstitutionalState {
crates/amun_state_machine/src/state.rs:9:pub struct Account {
crates/amun_state_machine/src/transition.rs:10:pub struct TransitionResult {
crates/amun_state_machine/src/transition.rs:49:pub struct TransitionEngine;
crates/constitutional-linter/src/edge_semantics.rs:47:pub struct TypedEdge {
crates/constitutional-linter/src/main.rs:13:struct CargoMetadata { packages: Vec<Package>, resolve: Option<Resolve> }
crates/constitutional-linter/src/main.rs:15:pub struct Package { pub name: String, pub dependencies: Vec<Dependency> }
crates/constitutional-linter/src/main.rs:17:pub struct Dependency { pub name: String, #[serde(default)] pub optional: bool }
crates/constitutional-linter/src/main.rs:19:pub struct Resolve { pub nodes: Vec<ResolveNode> }
crates/constitutional-linter/src/main.rs:21:pub struct ResolveNode { pub id: String, pub dependencies: Vec<String> }
crates/constitutional-linter/src/main.rs:25:struct Constitution {
crates/constitutional-linter/src/main.rs:33:struct ConstitutionalLayer {
crates/constitutional-linter/src/main.rs:41:struct Law {
crates/constitutional-linter/src/main.rs:55:struct ProhibitedDependency {
crates/constitutional-linter/src/main.rs:62:struct CrateFreezePolicy {
crates/constitutional-linter/src/scc.rs:7:pub struct SCCResult {
docs/protocol/CCA_v1.0_Constitutional_Consensus_Architecture.md:125:    struct ConstitutionalCommitment {
