crates/amun-accounts/src/lib.rs:127:    pub fn constitutional_roots(&self) -> ConstitutionalRoots {
crates/amun-accounts/src/lib.rs:133:    pub fn constitutional_roots_with_ledger(&self, ledger: &EconomicLedger) -> ConstitutionalRoots {
crates/amun-accounts/src/lib.rs:137:        let identity = ConstitutionalIdentity::new(raw_root);
crates/amun-accounts/src/lib.rs:145:            ConstitutionalRoots::from_commitment(
crates/amun-accounts/src/lib.rs:153:            ConstitutionalRoots {
crates/amun-accounts/src/lib.rs:2:    ConstitutionalRoots, EconomicSnapshot, EndBlockPipeline, Hash32,
crates/amun-accounts/src/lib.rs:4:use amun_snapshot_engine::ConstitutionalIdentity;
crates/amun-amendments/src/lib.rs:3:// Constitutional Amendment System
crates/amun-amendments/src/proposal.rs:25:    ConstitutionalCourt,
crates/amun-amendments/src/proposal.rs:38:    Constitution,
crates/amun-amendments/src/proposal.rs:61:    ConstitutionalText,
crates/amun-amendments/src/proposal.rs:78:            AmendmentType::ConstitutionalText => AmendmentClass::Constitution,
crates/amun-amendments/src/proposal.rs:89:            AmendmentType::ConstitutionalText => 3,
crates/amun-amendments/src/proposal.rs:99:                    AmendmentClass::Constitution => 3,
crates/amun-audit/src/lib.rs:1:// Constitutional Audit Crate - Phase 84 Freeze Verification
crates/amun-audit/tests/audit_layer03_snapshot.rs:4:        CompatibilityEngine, CompatibilityLevel, ConstitutionalIdentity, SnapshotHeader,
crates/amun-audit/tests/audit_layer03_snapshot.rs:54:    // CONST-SNAP-003: Constitutional identity must be deterministic
crates/amun-audit/tests/audit_layer03_snapshot.rs:57:        let id1 = ConstitutionalIdentity::new([0x42u8; 32]);
crates/amun-audit/tests/audit_layer03_snapshot.rs:58:        let id2 = ConstitutionalIdentity::new([0x42u8; 32]);
crates/amun-audit/tests/audit_layer03_snapshot.rs:72:        let id = ConstitutionalIdentity::new([0xAAu8; 32]);
crates/amun-audit/tests/audit_layer04_byzantine.rs:10:        let identity = ConstitutionalIdentity::new([0x01u8; 32]);
crates/amun-audit/tests/audit_layer04_byzantine.rs:4:        ByzantineSyncEngine, ConstitutionalIdentity, PeerManifest, SnapshotManifest, SyncDecision,
crates/amun-audit/tests/audit_layer04_byzantine.rs:55:        let local = ConstitutionalIdentity::new([0xAAu8; 32]);
crates/amun-audit/tests/audit_layer04_byzantine.rs:56:        let foreign = ConstitutionalIdentity::new([0xBBu8; 32]);
crates/amun-audit/tests/audit_layer05_identity.rs:19:        let id = ConstitutionalIdentity::new([0xFFu8; 32]);
crates/amun-audit/tests/audit_layer05_identity.rs:29:        let id = ConstitutionalIdentity::new([0xFFu8; 32]);
crates/amun-audit/tests/audit_layer05_identity.rs:31:        let decoded = ConstitutionalIdentity::decode(&encoded)
crates/amun-audit/tests/audit_layer05_identity.rs:3:    use amun_snapshot_engine::ConstitutionalIdentity;
crates/amun-audit/tests/audit_layer05_identity.rs:46:        let id = ConstitutionalIdentity::new([0x13u8; 32]);
crates/amun-audit/tests/audit_layer05_identity.rs:51:        if let Some(decoded) = ConstitutionalIdentity::decode(&encoded) {
crates/amun-audit/tests/audit_layer05_identity.rs:8:        let id1 = ConstitutionalIdentity::new([0x01u8; 32]);
crates/amun-audit/tests/audit_layer05_identity.rs:9:        let id2 = ConstitutionalIdentity::new([0x02u8; 32]);
crates/amun-audit/tests/audit_layer14_byzantine_mesh.rs:10:        let identity = ConstitutionalIdentity::new([0x01u8; 32]);
crates/amun-audit/tests/audit_layer14_byzantine_mesh.rs:4:        ByzantineSyncEngine, ConstitutionalIdentity, PeerManifest, SnapshotManifest, SyncDecision,
crates/amun-audit/tests/audit_layer14_byzantine_mesh.rs:69:        let local = ConstitutionalIdentity::new([0xAAu8; 32]);
crates/amun-audit/tests/audit_layer14_byzantine_mesh.rs:70:        let foreign = ConstitutionalIdentity::new([0xBBu8; 32]);
crates/amun-authority-registry/src/authority.rs:13:impl ConstitutionalAuthority {
crates/amun-authority-registry/src/authority.rs:37:        let a1 = ConstitutionalAuthority::new(pk, 1, 0);
crates/amun-authority-registry/src/authority.rs:38:        let a2 = ConstitutionalAuthority::new(pk, 1, 0);
crates/amun-authority-registry/src/authority.rs:44:        let a1 = ConstitutionalAuthority::new([1u8; 32], 1, 0);
crates/amun-authority-registry/src/authority.rs:45:        let a2 = ConstitutionalAuthority::new([2u8; 32], 1, 0);
crates/amun-authority-registry/src/authority.rs:4:pub struct ConstitutionalAuthority {
crates/amun-authority-registry/src/executor.rs:124:        reg.register(ConstitutionalAuthority::new([1u8; 32], 1, 0));
crates/amun-authority-registry/src/executor.rs:125:        reg.register(ConstitutionalAuthority::new([2u8; 32], 2, 0));
crates/amun-authority-registry/src/executor.rs:1:use crate::authority::ConstitutionalAuthority;
crates/amun-authority-registry/src/executor.rs:66:            let authority = ConstitutionalAuthority::new(
crates/amun-authority-registry/src/lib.rs:35:pub use authority::ConstitutionalAuthority;
crates/amun-authority-registry/src/recovery.rs:114:        registry.register(ConstitutionalAuthority::new([1u8; 32], 1, 0));
crates/amun-authority-registry/src/recovery.rs:156:        registry.register(ConstitutionalAuthority::new([1u8; 32], 1, 0));
crates/amun-authority-registry/src/recovery.rs:196:        registry.register(ConstitutionalAuthority::new([1u8; 32], 1, 0));
crates/amun-authority-registry/src/recovery.rs:233:            registry.register(ConstitutionalAuthority::new([1u8; 32], 1, 0));
crates/amun-authority-registry/src/recovery.rs:38:    use crate::authority::ConstitutionalAuthority;
crates/amun-authority-registry/src/recovery.rs:76:        registry.register(ConstitutionalAuthority::new([1u8; 32], 1, 0));
crates/amun-authority-registry/src/registry.rs:175:        let a1 = ConstitutionalAuthority::new([1u8; 32], 1, 0);
crates/amun-authority-registry/src/registry.rs:183:        let a1 = ConstitutionalAuthority::new([1u8; 32], 1, 0);
crates/amun-authority-registry/src/registry.rs:192:        reg.register(ConstitutionalAuthority::new([1u8; 32], 1, 0));
crates/amun-authority-registry/src/registry.rs:193:        reg.register(ConstitutionalAuthority::new([2u8; 32], 2, 100));
crates/amun-authority-registry/src/registry.rs:199:        let authority = ConstitutionalAuthority::new([1u8; 32], 1, 0);
crates/amun-authority-registry/src/registry.rs:1:use crate::authority::ConstitutionalAuthority;
crates/amun-authority-registry/src/registry.rs:207:        let a1 = ConstitutionalAuthority::new([1u8; 32], 1, 0);
crates/amun-authority-registry/src/registry.rs:209:        let a2 = ConstitutionalAuthority::new([2u8; 32], 2, 100);
crates/amun-authority-registry/src/registry.rs:219:        let a1 = ConstitutionalAuthority::new([1u8; 32], 1, 0);
crates/amun-authority-registry/src/registry.rs:229:        reg.register(ConstitutionalAuthority::new([1u8; 32], 1, 0));
crates/amun-authority-registry/src/registry.rs:230:        reg.register(ConstitutionalAuthority::new([2u8; 32], 2, 100));
crates/amun-authority-registry/src/registry.rs:231:        reg.register(ConstitutionalAuthority::new([3u8; 32], 3, 200));
crates/amun-authority-registry/src/registry.rs:241:        let a1 = ConstitutionalAuthority::new([1u8; 32], 1, 0);
crates/amun-authority-registry/src/registry.rs:242:        let a2 = ConstitutionalAuthority::new([2u8; 32], 2, 100);
crates/amun-authority-registry/src/registry.rs:254:        let a1 = ConstitutionalAuthority::new([1u8; 32], 1, 0);
crates/amun-authority-registry/src/registry.rs:264:        let a1 = ConstitutionalAuthority::new([1u8; 32], 1, 0);
crates/amun-authority-registry/src/registry.rs:265:        let a2 = ConstitutionalAuthority::new([2u8; 32], 2, 0);
crates/amun-authority-registry/src/registry.rs:27:    pub fn active(&self) -> Option<&ConstitutionalAuthority> {
crates/amun-authority-registry/src/registry.rs:281:        let a1 = ConstitutionalAuthority::new([1u8; 32], 1, 0);
crates/amun-authority-registry/src/registry.rs:282:        let a2 = ConstitutionalAuthority::new([2u8; 32], 2, 0);
crates/amun-authority-registry/src/registry.rs:305:        let v1 = ConstitutionalAuthority::new(v1_pk, 1, 0);
crates/amun-authority-registry/src/registry.rs:311:        let v2 = ConstitutionalAuthority::new(v2_pk, 2, 100);
crates/amun-authority-registry/src/registry.rs:31:    pub fn by_version(&self, version: u64) -> Option<&ConstitutionalAuthority> {
crates/amun-authority-registry/src/registry.rs:346:        let v1 = ConstitutionalAuthority::new(v1_pk, 1, 0);
crates/amun-authority-registry/src/registry.rs:352:        let v2 = ConstitutionalAuthority::new(v2_pk, 2, 100);
crates/amun-authority-registry/src/registry.rs:35:    pub fn register(&mut self, authority: ConstitutionalAuthority) {
crates/amun-authority-registry/src/registry.rs:385:        let v1 = ConstitutionalAuthority::new(v1_kp.verifying_key.to_bytes(), 1, 0);
crates/amun-authority-registry/src/registry.rs:390:        let v2 = ConstitutionalAuthority::new(v2_pk, 2, 100);
crates/amun-authority-registry/src/registry.rs:425:        let v1 = ConstitutionalAuthority::new(v1_pk, 1, 0);
crates/amun-authority-registry/src/registry.rs:448:        let a1 = ConstitutionalAuthority::new([1u8; 32], 1, 0);
crates/amun-authority-registry/src/registry.rs:449:        let a2 = ConstitutionalAuthority::new([2u8; 32], 2, 0);
crates/amun-authority-registry/src/registry.rs:465:        let a1 = ConstitutionalAuthority::new([1u8; 32], 1, 0);
crates/amun-authority-registry/src/registry.rs:466:        let a2 = ConstitutionalAuthority::new([2u8; 32], 2, 0);
crates/amun-authority-registry/src/registry.rs:483:        let a1 = ConstitutionalAuthority::new([1u8; 32], 1, 0);
crates/amun-authority-registry/src/registry.rs:484:        let a2 = ConstitutionalAuthority::new([2u8; 32], 2, 0);
crates/amun-authority-registry/src/registry.rs:500:        let a1 = ConstitutionalAuthority::new([1u8; 32], 1, 0);
crates/amun-authority-registry/src/registry.rs:50:    pub fn from_genesis(authority: ConstitutionalAuthority) -> Self {
crates/amun-authority-registry/src/registry.rs:61:    pub fn activate(&mut self, authority: ConstitutionalAuthority) {
crates/amun-authority-registry/src/registry.rs:81:    pub fn valid_authorities_at(&self, height: u64) -> Vec<&ConstitutionalAuthority> {
crates/amun-authority-registry/src/registry.rs:8:    authorities: BTreeMap<u64, ConstitutionalAuthority>,
crates/amun-authority-registry/src/transaction.rs:141:        registry.register(ConstitutionalAuthority::new([1u8; 32], 1, 0));
crates/amun-authority-registry/src/transaction.rs:219:        registry.register(ConstitutionalAuthority::new([1u8; 32], 1, 0));
crates/amun-authority-registry/src/transaction.rs:95:    use crate::authority::ConstitutionalAuthority;
crates/amun-authority-registry/src/wal.rs:129:        registry.register(crate::authority::ConstitutionalAuthority::new(
crates/amun-block/src/block.rs:46:    /// Constitutional block hash — using the same hashing domain as the rest of AmunChain.
crates/amun-block/src/block.rs:47:    /// For now uses a deterministic multi-field hash; will integrate ConstitutionalHasher.
crates/amun-block/src/body.rs:3:use amun_failure::{AmunResult, ConstitutionalFault, FailureContext};
crates/amun-block/src/body.rs:47:            FailureContext::new(ConstitutionalFault::ArithmeticOverflow, 0x0007, 0x0110)
crates/amun-block/src/body.rs:50:            FailureContext::new(ConstitutionalFault::ArithmeticOverflow, 0x0007, 0x0111)
crates/amun-block/src/body.rs:72:                ConstitutionalFault::BufferTooSmall,
crates/amun-block/src/body.rs:81:                ConstitutionalFault::CapacityExceeded,
crates/amun-block/src/body.rs:91:                    ConstitutionalFault::BufferTooSmall,
crates/amun-block/src/body.rs:99:                FailureContext::new(ConstitutionalFault::CapacityExceeded, 0x0007, 0x0103)
crates/amun-block/src/header.rs:3:use amun_failure::{AmunResult, ConstitutionalFault, FailureContext};
crates/amun-block/src/header.rs:72:                ConstitutionalFault::BufferTooSmall,
crates/amun-block/src/limits.rs:1:// Constitutional block limits. SINGLE SOURCE OF TRUTH.
crates/amun-bls/src/aggregate.rs:23:        return Err(FailureContext::new(ConstitutionalFault::InvalidInput, 0x0011, 0x0002));
crates/amun-bls/src/aggregate.rs:2:use amun_failure::{AmunResult, ConstitutionalFault, FailureContext};
crates/amun-bls/src/aggregate.rs:8:        return Err(FailureContext::new(ConstitutionalFault::InvalidInput, 0x0011, 0x0001));
crates/amun-bytecode/src/interpreter.rs:56:        program: &ConstitutionalProgram,
crates/amun-bytecode/src/interpreter.rs:8:use crate::program::ConstitutionalProgram;
crates/amun-bytecode/src/lib.rs:24:        let p1 = ConstitutionalProgram::new(1, 0, 0, code.clone());
crates/amun-bytecode/src/lib.rs:25:        let p2 = ConstitutionalProgram::new(1, 0, 0, code);
crates/amun-bytecode/src/lib.rs:33:        let program = ConstitutionalProgram::new(1, 0, 0, code);
crates/amun-bytecode/src/lib.rs:58:        let program = ConstitutionalProgram::new(1, 0, 0, code);
crates/amun-bytecode/src/opcodes.rs:13:    // Constitutional operations
crates/amun-bytecode/src/opcodes.rs:3:/// Constitutional bytecode opcodes as defined in N48.5-E Section 3.2.
crates/amun-bytecode/src/program.rs:20:impl ConstitutionalProgram {
crates/amun-bytecode/src/program.rs:7:pub struct ConstitutionalProgram {
crates/amun-byzantine-tests/tests/attack_suite.rs:25:    let program = ConstitutionalProgram::new(1, 0, 0, vec![OpCode::Halt]);
crates/amun-byzantine-tests/tests/attack_suite.rs:299:        ConstitutionalEvidence::ConstitutionalViolation { law, .. } => {
crates/amun-byzantine-tests/tests/attack_suite.rs:2:use amun_bytecode::program::ConstitutionalProgram;
crates/amun-byzantine-tests/tests/attack_suite.rs:38:    let result = ConstitutionalRuntime::execute(
crates/amun-byzantine-tests/tests/attack_suite.rs:3:use amun_constitutional_runtime::runtime_pipeline::{ConstitutionalRuntime, PipelineResult};
crates/amun-byzantine-tests/tests/attack_suite.rs:6:use amun_evidence_engine::evidence_types::ConstitutionalEvidence;
crates/amun-canonical-collections/src/lib.rs:16:// ─── Constitutional Traits ─────────────────────────────────
crates/amun-canonical-collections/src/lib.rs:4://! Constitutional guarantees:
crates/amun-certificate-network/src/distribution.rs:103:        block: ConstitutionalBlock,
crates/amun-certificate-network/src/distribution.rs:104:        rt: &ConstitutionalStateRuntime,
crates/amun-certificate-network/src/distribution.rs:111:            ConstitutionalStateRuntime::prove_certificate_inclusion(&certs, &hash)?;
crates/amun-certificate-network/src/distribution.rs:129:        let mut rt = ConstitutionalStateRuntime::new();
crates/amun-certificate-network/src/distribution.rs:133:        let merkle_root = hex::encode(ConstitutionalStateRuntime::certificate_merkle_root(&certs));
crates/amun-certificate-network/src/distribution.rs:136:            ConstitutionalStateRuntime::prove_certificate_inclusion(&certs, &hash).unwrap();
crates/amun-certificate-network/src/distribution.rs:137:        let block = ConstitutionalBlock::new(
crates/amun-certificate-network/src/distribution.rs:231:        let mut rt = ConstitutionalStateRuntime::new();
crates/amun-certificate-network/src/distribution.rs:234:        let merkle_root = hex::encode(ConstitutionalStateRuntime::certificate_merkle_root(
crates/amun-certificate-network/src/distribution.rs:237:        let block = ConstitutionalBlock::new(
crates/amun-certificate-network/src/distribution.rs:48:    pub block_header: ConstitutionalBlock,
crates/amun-certificate-network/src/distribution.rs:55:        block_header: ConstitutionalBlock,
crates/amun-certificate-network/src/distribution.rs:5:use amun_constitutional_block::ConstitutionalBlock;
crates/amun-certificate-network/src/distribution.rs:7:    CertificateInclusionProof, ConstitutionalStateRuntime, ReplayCertificate,
crates/amun-certificate-network/src/gossip.rs:159:    use amun_constitutional_block::ConstitutionalBlock;
crates/amun-certificate-network/src/gossip.rs:160:    use amun_constitutional_state::ConstitutionalStateRuntime;
crates/amun-certificate-network/src/gossip.rs:167:        let mut rt = ConstitutionalStateRuntime::new();
crates/amun-certificate-network/src/gossip.rs:171:        let merkle_root = hex::encode(ConstitutionalStateRuntime::certificate_merkle_root(&certs));
crates/amun-certificate-network/src/gossip.rs:173:        let proof = ConstitutionalStateRuntime::prove_certificate_inclusion(&certs, &hash).unwrap();
crates/amun-certificate-network/src/gossip.rs:174:        let block = ConstitutionalBlock::new(
crates/amun-chain-checkpoint/src/bootstrap.rs:24:        let rt = ConstitutionalStateRuntime::new();
crates/amun-chain-checkpoint/src/bootstrap.rs:2:use amun_constitutional_state::ConstitutionalStateRuntime;
crates/amun-chain-checkpoint/src/bootstrap.rs:46:    use amun_constitutional_block::ConstitutionalBlock;
crates/amun-chain-checkpoint/src/bootstrap.rs:47:    use amun_constitutional_state::ConstitutionalStateRuntime;
crates/amun-chain-checkpoint/src/bootstrap.rs:50:        let mut rt = ConstitutionalStateRuntime::new();
crates/amun-chain-checkpoint/src/bootstrap.rs:54:        let merkle_root = hex::encode(ConstitutionalStateRuntime::certificate_merkle_root(&certs));
crates/amun-chain-checkpoint/src/bootstrap.rs:56:        let proof = ConstitutionalStateRuntime::prove_certificate_inclusion(&certs, &hash).unwrap();
crates/amun-chain-checkpoint/src/bootstrap.rs:57:        let block = ConstitutionalBlock::new(
crates/amun-chain-checkpoint/src/chain.rs:51:    use amun_constitutional_block::ConstitutionalBlock;
crates/amun-chain-checkpoint/src/chain.rs:52:    use amun_constitutional_state::ConstitutionalStateRuntime;
crates/amun-chain-checkpoint/src/chain.rs:55:        let mut rt = ConstitutionalStateRuntime::new();
crates/amun-chain-checkpoint/src/chain.rs:59:        let merkle_root = hex::encode(ConstitutionalStateRuntime::certificate_merkle_root(&certs));
crates/amun-chain-checkpoint/src/chain.rs:61:        let proof = ConstitutionalStateRuntime::prove_certificate_inclusion(&certs, &hash).unwrap();
crates/amun-chain-checkpoint/src/chain.rs:62:        let block = ConstitutionalBlock::new(
crates/amun-chain-checkpoint/src/inclusion.rs:105:    use amun_constitutional_block::ConstitutionalBlock;
crates/amun-chain-checkpoint/src/inclusion.rs:106:    use amun_constitutional_state::ConstitutionalStateRuntime;
crates/amun-chain-checkpoint/src/inclusion.rs:109:        let mut rt = ConstitutionalStateRuntime::new();
crates/amun-chain-checkpoint/src/inclusion.rs:113:        let merkle_root = hex::encode(ConstitutionalStateRuntime::certificate_merkle_root(&certs));
crates/amun-chain-checkpoint/src/inclusion.rs:115:        let proof = ConstitutionalStateRuntime::prove_certificate_inclusion(&certs, &hash).unwrap();
crates/amun-chain-checkpoint/src/inclusion.rs:116:        let block = ConstitutionalBlock::new(
crates/amun-chain-checkpoint/src/lib.rs:234:    use amun_constitutional_block::ConstitutionalBlock;
crates/amun-chain-checkpoint/src/lib.rs:235:    use amun_constitutional_state::ConstitutionalStateRuntime;
crates/amun-chain-checkpoint/src/lib.rs:239:        let mut rt = ConstitutionalStateRuntime::new();
crates/amun-chain-checkpoint/src/lib.rs:243:        let merkle_root = hex::encode(ConstitutionalStateRuntime::certificate_merkle_root(&certs));
crates/amun-chain-checkpoint/src/lib.rs:245:        let proof = ConstitutionalStateRuntime::prove_certificate_inclusion(&certs, &hash).unwrap();
crates/amun-chain-checkpoint/src/lib.rs:246:        let block = ConstitutionalBlock::new(
crates/amun-chain-checkpoint/tests/n15_constitutional_join.rs:100:        let proof = ConstitutionalStateRuntime::prove_certificate_inclusion(&certs, &hash).unwrap();
crates/amun-chain-checkpoint/tests/n15_constitutional_join.rs:108:        let block = ConstitutionalBlock::new(
crates/amun-chain-checkpoint/tests/n15_constitutional_join.rs:133:    let mut rt_check = ConstitutionalStateRuntime::new();
crates/amun-chain-checkpoint/tests/n15_constitutional_join.rs:138:    let mut rt_verify = ConstitutionalStateRuntime::new();
crates/amun-chain-checkpoint/tests/n15_constitutional_join.rs:13:    let mut rt_a = ConstitutionalStateRuntime::new();
crates/amun-chain-checkpoint/tests/n15_constitutional_join.rs:21:        let merkle_root = hex::encode(ConstitutionalStateRuntime::certificate_merkle_root(&certs));
crates/amun-chain-checkpoint/tests/n15_constitutional_join.rs:23:        let proof = ConstitutionalStateRuntime::prove_certificate_inclusion(&certs, &hash).unwrap();
crates/amun-chain-checkpoint/tests/n15_constitutional_join.rs:31:        let block = ConstitutionalBlock::new(
crates/amun-chain-checkpoint/tests/n15_constitutional_join.rs:69:    let mut rt_b = ConstitutionalStateRuntime::new();
crates/amun-chain-checkpoint/tests/n15_constitutional_join.rs:8:use amun_constitutional_block::ConstitutionalBlock;
crates/amun-chain-checkpoint/tests/n15_constitutional_join.rs:90:    let mut rt = ConstitutionalStateRuntime::new();
crates/amun-chain-checkpoint/tests/n15_constitutional_join.rs:98:        let merkle_root = hex::encode(ConstitutionalStateRuntime::certificate_merkle_root(&certs));
crates/amun-chain-checkpoint/tests/n15_constitutional_join.rs:9:use amun_constitutional_state::ConstitutionalStateRuntime;
crates/amun-chain-checkpoint/tests/n16_adversarial_bootstrap.rs:14:    let mut rt = ConstitutionalStateRuntime::new();
crates/amun-chain-checkpoint/tests/n16_adversarial_bootstrap.rs:22:        let merkle_root = hex::encode(ConstitutionalStateRuntime::certificate_merkle_root(&certs));
crates/amun-chain-checkpoint/tests/n16_adversarial_bootstrap.rs:24:        let proof = ConstitutionalStateRuntime::prove_certificate_inclusion(&certs, &hash).unwrap();
crates/amun-chain-checkpoint/tests/n16_adversarial_bootstrap.rs:32:        let block = ConstitutionalBlock::new(
crates/amun-chain-checkpoint/tests/n16_adversarial_bootstrap.rs:7:use amun_constitutional_block::ConstitutionalBlock;
crates/amun-chain-checkpoint/tests/n16_adversarial_bootstrap.rs:8:use amun_constitutional_state::ConstitutionalStateRuntime;
crates/amun-chain-store/src/record.rs:18:    /// CCA v1.0: Constitutional commitment root (hash of serialized commitment)
crates/amun-chain-store/src/record.rs:20:    /// CCA v1.0: Constitutional root (hash of identity, evidence, governance, economic)
crates/amun-civilizational-relations/src/relation.rs:1:use amun_snapshot_engine::ConstitutionalIdentity;
crates/amun-civilizational-relations/src/relation.rs:38:    pub fn classify(local: &ConstitutionalIdentity, remote: &ConstitutionalIdentity) -> Self {
crates/amun-codec/src/budget.rs:24:                ConstitutionalFault::DecodeBudgetExceeded,
crates/amun-codec/src/budget.rs:35:                ConstitutionalFault::DecodeBudgetExceeded,
crates/amun-codec/src/budget.rs:3:use amun_failure::{module_ids, operation_ids, AmunResult, ConstitutionalFault, FailureContext};
crates/amun-codec/src/budget.rs:46:                ConstitutionalFault::DecodeBudgetExceeded,
crates/amun-codec/src/containers.rs:103:                ConstitutionalFault::CapacityExceeded,
crates/amun-codec/src/containers.rs:114:            ConstitutionalFault::CapacityExceeded,
crates/amun-codec/src/containers.rs:52:            ConstitutionalFault::CapacityExceeded,
crates/amun-codec/src/containers.rs:5:use amun_failure::{module_ids, operation_ids, ConstitutionalFault, FailureContext};
crates/amun-codec/src/containers.rs:72:                ConstitutionalFault::CapacityExceeded,
crates/amun-codec/src/containers.rs:83:            ConstitutionalFault::CapacityExceeded,
crates/amun-codec/src/decode.rs:112:                ConstitutionalFault::BufferTooSmall,
crates/amun-codec/src/decode.rs:127:                ConstitutionalFault::BufferTooSmall,
crates/amun-codec/src/decode.rs:13:                ConstitutionalFault::TrailingBytesDetected,
crates/amun-codec/src/decode.rs:165:                ConstitutionalFault::BufferTooSmall,
crates/amun-codec/src/decode.rs:180:                ConstitutionalFault::BufferTooSmall,
crates/amun-codec/src/decode.rs:195:                ConstitutionalFault::BufferTooSmall,
crates/amun-codec/src/decode.rs:1:use amun_failure::{module_ids, operation_ids, AmunResult, ConstitutionalFault, FailureContext};
crates/amun-codec/src/decode.rs:26:                ConstitutionalFault::BufferTooSmall,
crates/amun-codec/src/decode.rs:39:                ConstitutionalFault::BufferTooSmall,
crates/amun-codec/src/decode.rs:52:                ConstitutionalFault::BufferTooSmall,
crates/amun-codec/src/decode.rs:67:                ConstitutionalFault::BufferTooSmall,
crates/amun-codec/src/decode.rs:82:                ConstitutionalFault::BufferTooSmall,
crates/amun-codec/src/decode.rs:97:                ConstitutionalFault::BufferTooSmall,
crates/amun-codec/src/versioned.rs:3:use amun_failure::{module_ids, operation_ids, AmunResult, ConstitutionalFault, FailureContext};
crates/amun-codec/src/versioned.rs:51:                ConstitutionalFault::MalformedEncoding,
crates/amun-codec/src/versioned.rs:60:                ConstitutionalFault::EncodingVersionMismatch,
crates/amun-codec/src/versioned.rs:68:                ConstitutionalFault::MalformedEncoding,
crates/amun-codec/src/versioned.rs:79:                ConstitutionalFault::ReplayViolation,
crates/amun-codec/src/writer.rs:115:                ConstitutionalFault::InvalidStateTransition,
crates/amun-codec/src/writer.rs:128:                ConstitutionalFault::InvalidStateTransition,
crates/amun-codec/src/writer.rs:136:                ConstitutionalFault::BufferTooSmall,
crates/amun-codec/src/writer.rs:166:                    ConstitutionalFault::BufferTooSmall,
crates/amun-codec/src/writer.rs:177:                    ConstitutionalFault::BufferTooSmall,
crates/amun-codec/src/writer.rs:44:                ConstitutionalFault::ArithmeticOverflow,
crates/amun-codec/src/writer.rs:4:use amun_failure::{module_ids, operation_ids, AmunResult, ConstitutionalFault, FailureContext};
crates/amun-codec/src/writer.rs:51:                ConstitutionalFault::BufferTooSmall,
crates/amun-codec/src/writer.rs:81:                ConstitutionalFault::ArithmeticOverflow,
crates/amun-compatibility/src/lib.rs:1:// Constitutional Compatibility Engine
crates/amun-compatibility/src/matrix.rs:2:use amun_snapshot_engine::ConstitutionalIdentity;
crates/amun-compatibility/src/matrix.rs:34:    pub source_identity: ConstitutionalIdentity,
crates/amun-compatibility/src/matrix.rs:35:    pub target_identity: ConstitutionalIdentity,
crates/amun-compatibility/src/matrix.rs:44:    pub fn compute(source: &ConstitutionalIdentity, target: &ConstitutionalIdentity) -> Self {
crates/amun-consensus-integration/src/consensus_integrator.rs:115:        let program = ConstitutionalProgram::new(1, 0, 0, vec![OpCode::Halt]);
crates/amun-consensus-integration/src/consensus_integrator.rs:141:        let program = ConstitutionalProgram::new(1, 0, 0, vec![OpCode::Halt]);
crates/amun-consensus-integration/src/consensus_integrator.rs:168:        let program = ConstitutionalProgram::new(1, 0, 0, vec![OpCode::Halt]);
crates/amun-consensus-integration/src/consensus_integrator.rs:16:        programs: &[(ConstitutionalProgram, ExecutionContext)],
crates/amun-consensus-integration/src/consensus_integrator.rs:193:        let program = ConstitutionalProgram::new(1, 0, 0, vec![OpCode::Halt]);
crates/amun-consensus-integration/src/consensus_integrator.rs:1:use amun_bytecode::program::ConstitutionalProgram;
crates/amun-consensus-integration/src/consensus_integrator.rs:21:    ) -> Result<ConstitutionalBlock, String> {
crates/amun-consensus-integration/src/consensus_integrator.rs:220:        let program = ConstitutionalProgram::new(1, 0, 0, vec![OpCode::Halt]);
crates/amun-consensus-integration/src/consensus_integrator.rs:27:            let result = ConstitutionalRuntime::execute(
crates/amun-consensus-integration/src/consensus_integrator.rs:2:use amun_constitutional_runtime::runtime_pipeline::{ConstitutionalRuntime, PipelineResult};
crates/amun-consensus-integration/src/consensus_integrator.rs:51:        let mut block = ConstitutionalBlock {
crates/amun-consensus-integration/src/consensus_integrator.rs:79:        block: &ConstitutionalBlock,
crates/amun-consensus-integration/src/consensus_integrator.rs:82:    ) -> Result<ConstitutionalFinalityCertificate, String> {
crates/amun-consensus-integration/src/consensus_integrator.rs:86:        let mut qc = ConstitutionalQC::for_block(block, quorum_size);
crates/amun-consensus-integration/src/consensus_integrator.rs:96:        Ok(ConstitutionalFinalityCertificate::issue(block, qc))
crates/amun-consensus-integration/src/consensus_integrator.rs:9:    ConstitutionalBlock, ConstitutionalFinalityCertificate, ConstitutionalQC,
crates/amun-consensus-integration/src/consensus_types.rs:17:impl ConstitutionalBlock {
crates/amun-consensus-integration/src/consensus_types.rs:44:pub struct ConstitutionalQC {
crates/amun-consensus-integration/src/consensus_types.rs:54:impl ConstitutionalQC {
crates/amun-consensus-integration/src/consensus_types.rs:59:    pub fn for_block(block: &ConstitutionalBlock, threshold: usize) -> Self {
crates/amun-consensus-integration/src/consensus_types.rs:6:pub struct ConstitutionalBlock {
crates/amun-consensus-integration/src/consensus_types.rs:78:pub struct ConstitutionalFinalityCertificate {
crates/amun-consensus-integration/src/consensus_types.rs:83:    pub qc: ConstitutionalQC,
crates/amun-consensus-integration/src/consensus_types.rs:87:impl ConstitutionalFinalityCertificate {
crates/amun-consensus-integration/src/consensus_types.rs:88:    pub fn issue(block: &ConstitutionalBlock, qc: ConstitutionalQC) -> Self {
crates/amun-consensus-network/src/messages.rs:490:// N109 — Constitutional Block Propagation Types
crates/amun-consensus-network/tests/n109_block_propagation.rs:4:// N109 — Constitutional Block Propagation — Test Suite
crates/amun-consensus-network/tests/n109_deterministic_execution.rs:198:    // Constitutional check: 2 approvals out of 4 total validators (not > 2/3 of 4=3)
crates/amun-consensus-network/tests/n109_deterministic_execution.rs:8:// Constitutional requirement: state_root mismatch → no vote → no QC formed.
crates/amun-consensus-types/src/bitmap.rs:47:                amun_failure::ConstitutionalFault::BufferTooSmall,
crates/amun-consensus-types/src/errors.rs:19:            ConstitutionalFault::InvalidStateTransition,
crates/amun-consensus-types/src/errors.rs:1:use amun_failure::{ConstitutionalFault, FailureContext};
crates/amun-consensus-types/src/message.rs:81:                amun_failure::ConstitutionalFault::CapacityExceeded,
crates/amun-consensus-types/src/message.rs:88:                amun_failure::ConstitutionalFault::BufferTooSmall,
crates/amun-consensus-types/src/message.rs:98:                    amun_failure::ConstitutionalFault::CapacityExceeded,
crates/amun-consensus-types/src/phase.rs:66:                amun_failure::ConstitutionalFault::BufferTooSmall,
crates/amun-consensus-types/src/phase.rs:73:                amun_failure::ConstitutionalFault::MalformedEncoding,
crates/amun-consensus-types/src/qc.rs:42:                amun_failure::ConstitutionalFault::BufferTooSmall,
crates/amun-consensus-types/src/qc.rs:50:                amun_failure::ConstitutionalFault::MalformedEncoding,
crates/amun-consensus-types/src/qc.rs:64:                amun_failure::ConstitutionalFault::BufferTooSmall,
crates/amun-consensus-types/src/vote.rs:60:                amun_failure::ConstitutionalFault::BufferTooSmall,
crates/amun-consensus-types/src/vote.rs:68:                amun_failure::ConstitutionalFault::MalformedEncoding,
crates/amun-consensus/src/round_state_machine.rs:10:        Option<amun_constitutional_enforcement::ConstitutionalEnforcementKernel>,
crates/amun-consensus/src/round_state_machine.rs:129:        // N126.1: Constitutional state transition verification
crates/amun-consensus/src/round_state_machine.rs:149:                amun_constitutional_enforcement::ConstitutionalVerdict::Constitutional => {}
crates/amun-consensus/src/round_state_machine.rs:150:                amun_constitutional_enforcement::ConstitutionalVerdict::Unconstitutional {
crates/amun-consensus/src/round_state_machine.rs:32:                amun_constitutional_enforcement::ConstitutionalEnforcementKernel::new(),
crates/amun-constitution-builder/src/canonical_bytes.rs:3:// Licensed under the GNU AGPLv3 with Constitutional Sovereignty Addendum.
crates/amun-constitution-builder/src/certificate.rs:3:// Licensed under the GNU AGPLv3 with Constitutional Sovereignty Addendum.
crates/amun-constitution-builder/src/certificate.rs:71:        lines.push("Frozen Constitutional Properties:".to_string());
crates/amun-constitution-builder/src/digest.rs:3:// Licensed under the GNU AGPLv3 with Constitutional Sovereignty Addendum.
crates/amun-constitution-builder/src/emitter.rs:3:// Licensed under the GNU AGPLv3 with Constitutional Sovereignty Addendum.
crates/amun-constitution-builder/src/federation.rs:3:// Licensed under the GNU AGPLv3 with Constitutional Sovereignty Addendum.
crates/amun-constitution-builder/src/hashing.rs:3:// Licensed under the GNU AGPLv3 with Constitutional Sovereignty Addendum.
crates/amun-constitution-builder/src/lib.rs:23:pub use manifest::ConstitutionalManifest;
crates/amun-constitution-builder/src/lib.rs:3:// Licensed under the GNU AGPLv3 with Constitutional Sovereignty Addendum.
crates/amun-constitution-builder/src/manifest.rs:13:pub struct ConstitutionalManifest {
crates/amun-constitution-builder/src/manifest.rs:27:impl ArtifactDigest for ConstitutionalManifest {
crates/amun-constitution-builder/src/manifest.rs:33:impl ConstitutionalManifest {
crates/amun-constitution-builder/src/manifest.rs:3:// Licensed under the GNU AGPLv3 with Constitutional Sovereignty Addendum.
crates/amun-constitution-builder/src/manifest.rs:51:impl CanonicalEmit for ConstitutionalManifest {
crates/amun-constitution-builder/src/manifest.rs:54:        lines.push("# Genesis Constitutional Manifest".to_string());
crates/amun-constitution-builder/src/manifest.rs:68:            "| Constitution Version | {} |",
crates/amun-constitution-builder/src/manifest.rs:82:impl CanonicalSerialize for ConstitutionalManifest {
crates/amun-constitution-builder/src/normalize.rs:3:// Licensed under the GNU AGPLv3 with Constitutional Sovereignty Addendum.
crates/amun-constitution-builder/src/treaty.rs:3:// Licensed under the GNU AGPLv3 with Constitutional Sovereignty Addendum.
crates/amun-constitution-builder/src/types.rs:3:// Licensed under the GNU AGPLv3 with Constitutional Sovereignty Addendum.
crates/amun-constitution-builder/src/verify.rs:3:// Licensed under the GNU AGPLv3 with Constitutional Sovereignty Addendum.
crates/amun-constitution-builder/tests/determinism_tests.rs:10:    let m2 = ConstitutionalManifest::new(gen, spec, ts);
crates/amun-constitution-builder/tests/determinism_tests.rs:9:    let m1 = ConstitutionalManifest::new(gen.clone(), spec.clone(), ts.clone());
crates/amun-constitution-core/src/phase.rs:12:            ConstitutionalPhase::Propose => 0,
crates/amun-constitution-core/src/phase.rs:13:            ConstitutionalPhase::Prevote => 1,
crates/amun-constitution-core/src/phase.rs:14:            ConstitutionalPhase::Precommit => 2,
crates/amun-constitution-core/src/phase.rs:20:pub fn is_legal_phase_transition(from: ConstitutionalPhase, to: ConstitutionalPhase) -> bool {
crates/amun-constitution-core/src/phase.rs:23:        (ConstitutionalPhase::Propose, ConstitutionalPhase::Prevote)
crates/amun-constitution-core/src/phase.rs:24:            | (ConstitutionalPhase::Prevote, ConstitutionalPhase::Precommit)
crates/amun-constitution-core/src/phase.rs:25:            | (ConstitutionalPhase::Precommit, ConstitutionalPhase::Propose)
crates/amun-constitution-core/src/phase.rs:26:            | (ConstitutionalPhase::Prevote, ConstitutionalPhase::Propose)
crates/amun-constitution-core/src/phase.rs:3:pub enum ConstitutionalPhase {
crates/amun-constitution-core/src/phase.rs:9:impl ConstitutionalPhase {
crates/amun-constitution/src/activation.rs:14:    pub new_constitution_hash: Hash<ConstitutionDomain>,
crates/amun-constitution/src/activation.rs:1:use crate::canonical_form::ConstitutionDomain;
crates/amun-constitution/src/canonical_form.rs:10:pub struct ConstitutionalCanonicalForm {
crates/amun-constitution/src/canonical_form.rs:1:// Constitutional Canonical Form (CCF) — the protocol specification.
crates/amun-constitution/src/canonical_form.rs:20:    pub parent_constitution_hash: Option<Hash<ConstitutionDomain>>,
crates/amun-constitution/src/canonical_form.rs:23:impl ConstitutionalCanonicalForm {
crates/amun-constitution/src/canonical_form.rs:24:    pub fn compute_hash(&self) -> Hash<ConstitutionDomain> {
crates/amun-constitution/src/canonical_form.rs:41:pub const CURRENT_CCF: ConstitutionalCanonicalForm = ConstitutionalCanonicalForm {
crates/amun-constitution/src/canonical_form.rs:7:pub struct ConstitutionDomain;
crates/amun-constitution/src/economics.rs:28:                ConstitutionalFault::CryptoBudgetExceeded,
crates/amun-constitution/src/economics.rs:3:use amun_failure::{module_ids, operation_ids, AmunResult, ConstitutionalFault, FailureContext};
crates/amun-constitution/src/economics.rs:40:                    ConstitutionalFault::CryptoBudgetExceeded,
crates/amun-constitution/src/freeze_map.rs:100:                description: "Constitutional documents - governance amendment",
crates/amun-constitution/src/freeze_map.rs:1:/// Constitutional Freeze Map
crates/amun-constitution/src/freeze_map.rs:43:pub struct ConstitutionalFreezeMap;
crates/amun-constitution/src/freeze_map.rs:45:impl ConstitutionalFreezeMap {
crates/amun-constitution/src/freeze_map.rs:60:                mutability: MutabilityClass::ConstitutionalAmendment,
crates/amun-constitution/src/freeze_map.rs:94:                field_name: "Constitution text",
crates/amun-constitution/src/freeze_map.rs:96:                mutability: MutabilityClass::ConstitutionalAmendment,
crates/amun-constitution/src/freeze_map.rs:9:    ConstitutionalAmendment,
crates/amun-constitution/src/freeze_validator.rs:1:use super::freeze_map::{ConstitutionalFreezeMap, FreezeBoundary, MutabilityClass};
crates/amun-constitution/src/freeze_validator.rs:32:        let boundaries = ConstitutionalFreezeMap::frozen_boundaries();
crates/amun-constitution/src/freeze_validator.rs:78:        ConstitutionalFreezeMap::frozen_boundaries()
crates/amun-constitution/src/freeze_validator.rs:84:        ConstitutionalFreezeMap::frozen_boundaries()
crates/amun-constitution/src/lib.rs:3:pub use freeze_map::{ConstitutionalFreezeMap, FreezeBoundary, MutabilityClass, QuorumClass};
crates/amun-constitution/src/replay.rs:2:use amun_failure::{AmunResult, ConstitutionalFault, FailureContext};
crates/amun-constitution/src/replay.rs:65:                ConstitutionalFault::BufferTooSmall,
crates/amun-constitution/src/replay.rs:71:            FailureContext::new(ConstitutionalFault::MalformedEncoding, 0x0006, 0x0B01)
crates/amun-constitution/src/replay.rs:74:            FailureContext::new(ConstitutionalFault::MalformedEncoding, 0x0006, 0x0B02)
crates/amun-constitution/src/replay.rs:79:            FailureContext::new(ConstitutionalFault::MalformedEncoding, 0x0006, 0x0B03)
crates/amun-constitution/src/replay.rs:82:            FailureContext::new(ConstitutionalFault::MalformedEncoding, 0x0006, 0x0B04)
crates/amun-constitution/src/replay.rs:85:            FailureContext::new(ConstitutionalFault::MalformedEncoding, 0x0006, 0x0B05)
crates/amun-constitution/src/replay.rs:88:            FailureContext::new(ConstitutionalFault::MalformedEncoding, 0x0006, 0x0B06)
crates/amun-constitutional-authority-semantics/src/institution.rs:10:    pub peer_id: ConstitutionalPeerId,
crates/amun-constitutional-authority-semantics/src/institution.rs:19:    pub signature: amun_constitutional_signing::ConstitutionalSignature,
crates/amun-constitutional-authority-semantics/src/institution.rs:2:use amun_peer_identity::ConstitutionalPeerId;
crates/amun-constitutional-authority-semantics/src/lib.rs:1://! Constitutional Authority Semantics
crates/amun-constitutional-authority-semantics/tests/authority_tests.rs:29:    let root_key = ConstitutionalKeyPair::generate();
crates/amun-constitutional-authority-semantics/tests/authority_tests.rs:30:    let delegate1 = ConstitutionalKeyPair::generate();
crates/amun-constitutional-authority-semantics/tests/authority_tests.rs:31:    let delegate2 = ConstitutionalKeyPair::generate();
crates/amun-constitutional-authority-semantics/tests/authority_tests.rs:4:use amun_constitutional_signing::ConstitutionalKeyPair;
crates/amun-constitutional-authority-semantics/tests/authority_tests.rs:60:    let root_key = ConstitutionalKeyPair::generate();
crates/amun-constitutional-authority-semantics/tests/authority_tests.rs:61:    let delegate1 = ConstitutionalKeyPair::generate();
crates/amun-constitutional-authority-semantics/tests/authority_tests.rs:62:    let wrong_key = ConstitutionalKeyPair::generate();
crates/amun-constitutional-authority/src/certificate.rs:141:impl CanonicalSerialize for ConstitutionalCertificate {
crates/amun-constitutional-authority/src/certificate.rs:15:pub struct ConstitutionalCertificate {
crates/amun-constitutional-authority/src/certificate.rs:28:impl ArtifactDigest for ConstitutionalCertificate {
crates/amun-constitutional-authority/src/certificate.rs:3:// Licensed under the GNU AGPLv3 with Constitutional Sovereignty Addendum.
crates/amun-constitutional-authority/src/certificate.rs:41:impl ConstitutionalCertificate {
crates/amun-constitutional-authority/src/chain.rs:11:    pub certificates: Vec<SignedArtifact<ConstitutionalCertificate>>,
crates/amun-constitutional-authority/src/chain.rs:15:    pub fn new(root: SignedArtifact<ConstitutionalCertificate>) -> Self {
crates/amun-constitutional-authority/src/chain.rs:24:        cert: SignedArtifact<ConstitutionalCertificate>,
crates/amun-constitutional-authority/src/chain.rs:3:// Licensed under the GNU AGPLv3 with Constitutional Sovereignty Addendum.
crates/amun-constitutional-authority/src/chain.rs:5:use crate::certificate::ConstitutionalCertificate;
crates/amun-constitutional-authority/src/lib.rs:14://! - `certificate`  – the core `ConstitutionalCertificate` type
crates/amun-constitutional-authority/src/lib.rs:26:pub use certificate::ConstitutionalCertificate;
crates/amun-constitutional-authority/src/lib.rs:3:// Licensed under the GNU AGPLv3 with Constitutional Sovereignty Addendum.
crates/amun-constitutional-authority/src/lib.rs:5://! Constitutional authority layer.
crates/amun-constitutional-authority/src/revocation.rs:3:// Licensed under the GNU AGPLv3 with Constitutional Sovereignty Addendum.
crates/amun-constitutional-authority/src/rotation.rs:19:        new_signed_cert: &SignedArtifact<ConstitutionalCertificate>,
crates/amun-constitutional-authority/src/rotation.rs:20:        old_keypair: &ConstitutionalKeyPair,
crates/amun-constitutional-authority/src/rotation.rs:3:// Licensed under the GNU AGPLv3 with Constitutional Sovereignty Addendum.
crates/amun-constitutional-authority/src/rotation.rs:5:use crate::certificate::ConstitutionalCertificate;
crates/amun-constitutional-authority/src/rotation.rs:6:use amun_constitutional_signing::{ConstitutionalKeyPair, SignedArtifact};
crates/amun-constitutional-authority/src/trust.rs:11:    pub signed_cert: SignedArtifact<ConstitutionalCertificate>,
crates/amun-constitutional-authority/src/trust.rs:18:        signed_cert: SignedArtifact<ConstitutionalCertificate>,
crates/amun-constitutional-authority/src/trust.rs:3:// Licensed under the GNU AGPLv3 with Constitutional Sovereignty Addendum.
crates/amun-constitutional-authority/src/trust.rs:5:use crate::certificate::ConstitutionalCertificate;
crates/amun-constitutional-authority/tests/authority_tests.rs:100:    let old = ConstitutionalKeyPair::generate();
crates/amun-constitutional-authority/tests/authority_tests.rs:101:    let new = ConstitutionalKeyPair::generate();
crates/amun-constitutional-authority/tests/authority_tests.rs:102:    let cert = ConstitutionalCertificate::new_child(
crates/amun-constitutional-authority/tests/authority_tests.rs:117:    let key = ConstitutionalKeyPair::generate();
crates/amun-constitutional-authority/tests/authority_tests.rs:12:        "ConstitutionalRoot".into(),
crates/amun-constitutional-authority/tests/authority_tests.rs:18:    parent: &ConstitutionalCertificate,
crates/amun-constitutional-authority/tests/authority_tests.rs:19:    key: &ConstitutionalKeyPair,
crates/amun-constitutional-authority/tests/authority_tests.rs:20:) -> ConstitutionalCertificate {
crates/amun-constitutional-authority/tests/authority_tests.rs:21:    ConstitutionalCertificate::new_child(
crates/amun-constitutional-authority/tests/authority_tests.rs:34:    let key = ConstitutionalKeyPair::generate();
crates/amun-constitutional-authority/tests/authority_tests.rs:3:    CertificateChain, ConstitutionalCertificate, KeyRotationLaw, RevocationRegistry, TrustAnchor,
crates/amun-constitutional-authority/tests/authority_tests.rs:43:    let root_key = ConstitutionalKeyPair::generate();
crates/amun-constitutional-authority/tests/authority_tests.rs:44:    let child_key = ConstitutionalKeyPair::generate();
crates/amun-constitutional-authority/tests/authority_tests.rs:57:    let root_key = ConstitutionalKeyPair::generate();
crates/amun-constitutional-authority/tests/authority_tests.rs:58:    let child_key = ConstitutionalKeyPair::generate();
crates/amun-constitutional-authority/tests/authority_tests.rs:59:    let fake = ConstitutionalKeyPair::generate();
crates/amun-constitutional-authority/tests/authority_tests.rs:5:use amun_constitutional_signing::{ConstitutionalKeyPair, SignedArtifact};
crates/amun-constitutional-authority/tests/authority_tests.rs:70:    let root_key = ConstitutionalKeyPair::generate();
crates/amun-constitutional-authority/tests/authority_tests.rs:71:    let child_key = ConstitutionalKeyPair::generate();
crates/amun-constitutional-authority/tests/authority_tests.rs:7:fn build_root(key: &ConstitutionalKeyPair) -> ConstitutionalCertificate {
crates/amun-constitutional-authority/tests/authority_tests.rs:84:    let root_key = ConstitutionalKeyPair::generate();
crates/amun-constitutional-authority/tests/authority_tests.rs:85:    let child_key = ConstitutionalKeyPair::generate();
crates/amun-constitutional-authority/tests/authority_tests.rs:8:    ConstitutionalCertificate::new_root(
crates/amun-constitutional-block/src/block.rs:21:impl ConstitutionalBlock {
crates/amun-constitutional-block/src/block.rs:6:pub struct ConstitutionalBlock {
crates/amun-constitutional-block/src/block.rs:84:    ) -> ConstitutionalBlock {
crates/amun-constitutional-block/src/block.rs:90:        ConstitutionalBlock::new(
crates/amun-constitutional-block/src/chain.rs:17:    pub fn append(&mut self, block: ConstitutionalBlock) -> Result<(), String> {
crates/amun-constitutional-block/src/chain.rs:3:// Licensed under the GNU AGPLv3 with Constitutional Sovereignty Addendum.
crates/amun-constitutional-block/src/chain.rs:5:use crate::block::ConstitutionalBlock;
crates/amun-constitutional-block/src/chain.rs:9:    pub blocks: Vec<ConstitutionalBlock>,
crates/amun-constitutional-block/src/finalizer.rs:1:use crate::block::ConstitutionalBlock;
crates/amun-constitutional-block/src/finalizer.rs:23:    ) -> Result<ConstitutionalBlock, String> {
crates/amun-constitutional-block/src/finalizer.rs:37:                let merkle_root = ConstitutionalStateRuntime::certificate_merkle_root(&[cert]);
crates/amun-constitutional-block/src/finalizer.rs:43:        let block = ConstitutionalBlock::new(
crates/amun-constitutional-block/src/finalizer.rs:4:use amun_constitutional_state::ConstitutionalStateRuntime;
crates/amun-constitutional-block/src/finalizer.rs:8:    pub state_runtime: Option<ConstitutionalStateRuntime>,
crates/amun-constitutional-block/src/lib.rs:117:    block: &block::ConstitutionalBlock,
crates/amun-constitutional-block/src/lib.rs:36:pub use block::{BlockBuilder, ConstitutionalBlock};
crates/amun-constitutional-block/src/lib.rs:39:use amun_constitutional_state::{ConstitutionalStateRuntime, ReplayCertificate};
crates/amun-constitutional-block/src/lib.rs:49:    block: &block::ConstitutionalBlock,
crates/amun-constitutional-block/src/lib.rs:53:    let computed_root = hex::encode(ConstitutionalStateRuntime::certificate_merkle_root(
crates/amun-constitutional-block/src/lib.rs:87:    block: &block::ConstitutionalBlock,
crates/amun-constitutional-block/tests/block_tests.rs:104:    let b1 = ConstitutionalBlock::new(
crates/amun-constitutional-block/tests/block_tests.rs:116:    let b2 = ConstitutionalBlock::new(
crates/amun-constitutional-block/tests/block_tests.rs:11:    ConstitutionalBlock::new(
crates/amun-constitutional-block/tests/block_tests.rs:139:    let b1 = ConstitutionalBlock::new(
crates/amun-constitutional-block/tests/block_tests.rs:151:    let b2 = ConstitutionalBlock::new(
crates/amun-constitutional-block/tests/block_tests.rs:170:    use amun_constitutional_state::ConstitutionalStateRuntime;
crates/amun-constitutional-block/tests/block_tests.rs:172:    let mut rt = ConstitutionalStateRuntime::new();
crates/amun-constitutional-block/tests/block_tests.rs:175:    let merkle_root = hex::encode(ConstitutionalStateRuntime::certificate_merkle_root(
crates/amun-constitutional-block/tests/block_tests.rs:179:    let block = ConstitutionalBlock::new(
crates/amun-constitutional-block/tests/block_tests.rs:198:    use amun_constitutional_state::ConstitutionalStateRuntime;
crates/amun-constitutional-block/tests/block_tests.rs:1:use amun_constitutional_block::{Blockchain, ConstitutionalBlock};
crates/amun-constitutional-block/tests/block_tests.rs:200:    let mut rt = ConstitutionalStateRuntime::new();
crates/amun-constitutional-block/tests/block_tests.rs:203:    let merkle_root = hex::encode(ConstitutionalStateRuntime::certificate_merkle_root(
crates/amun-constitutional-block/tests/block_tests.rs:207:    let block = ConstitutionalBlock::new(
crates/amun-constitutional-block/tests/block_tests.rs:226:    use amun_constitutional_state::ConstitutionalStateRuntime;
crates/amun-constitutional-block/tests/block_tests.rs:228:    let mut rt = ConstitutionalStateRuntime::new();
crates/amun-constitutional-block/tests/block_tests.rs:233:    let wrong_root = hex::encode(ConstitutionalStateRuntime::certificate_merkle_root(&[]));
crates/amun-constitutional-block/tests/block_tests.rs:235:    let block = ConstitutionalBlock::new(
crates/amun-constitutional-block/tests/block_tests.rs:254:    use amun_constitutional_state::ConstitutionalStateRuntime;
crates/amun-constitutional-block/tests/block_tests.rs:256:    let mut rt = ConstitutionalStateRuntime::new();
crates/amun-constitutional-block/tests/block_tests.rs:260:    let merkle_root = hex::encode(ConstitutionalStateRuntime::certificate_merkle_root(
crates/amun-constitutional-block/tests/block_tests.rs:264:    let block = ConstitutionalBlock::new(
crates/amun-constitutional-block/tests/block_tests.rs:283:    use amun_constitutional_state::ConstitutionalStateRuntime;
crates/amun-constitutional-block/tests/block_tests.rs:285:    let mut rt = ConstitutionalStateRuntime::new();
crates/amun-constitutional-block/tests/block_tests.rs:289:    let merkle_root = hex::encode(ConstitutionalStateRuntime::certificate_merkle_root(
crates/amun-constitutional-block/tests/block_tests.rs:293:    let block = ConstitutionalBlock::new(
crates/amun-constitutional-block/tests/block_tests.rs:315:    use amun_constitutional_state::ConstitutionalStateRuntime;
crates/amun-constitutional-block/tests/block_tests.rs:317:    let mut rt = ConstitutionalStateRuntime::new();
crates/amun-constitutional-block/tests/block_tests.rs:321:    let merkle_root = hex::encode(ConstitutionalStateRuntime::certificate_merkle_root(
crates/amun-constitutional-block/tests/block_tests.rs:325:    let block = ConstitutionalBlock::new(
crates/amun-constitutional-block/tests/block_tests.rs:345:    use amun_constitutional_state::ConstitutionalStateRuntime;
crates/amun-constitutional-block/tests/block_tests.rs:347:    let mut rt = ConstitutionalStateRuntime::new();
crates/amun-constitutional-block/tests/block_tests.rs:34:    let b1 = ConstitutionalBlock::new(
crates/amun-constitutional-block/tests/block_tests.rs:351:    let merkle_root = hex::encode(ConstitutionalStateRuntime::certificate_merkle_root(&certs));
crates/amun-constitutional-block/tests/block_tests.rs:354:        ConstitutionalStateRuntime::prove_certificate_inclusion(&certs, &hash).unwrap();
crates/amun-constitutional-block/tests/block_tests.rs:356:    let block = ConstitutionalBlock::new(
crates/amun-constitutional-block/tests/block_tests.rs:375:    use amun_constitutional_state::ConstitutionalStateRuntime;
crates/amun-constitutional-block/tests/block_tests.rs:377:    let mut rt = ConstitutionalStateRuntime::new();
crates/amun-constitutional-block/tests/block_tests.rs:381:    let merkle_root = hex::encode(ConstitutionalStateRuntime::certificate_merkle_root(&certs));
crates/amun-constitutional-block/tests/block_tests.rs:384:        ConstitutionalStateRuntime::prove_certificate_inclusion(&certs, &hash).unwrap();
crates/amun-constitutional-block/tests/block_tests.rs:389:    let block = ConstitutionalBlock::new(
crates/amun-constitutional-block/tests/block_tests.rs:408:    use amun_constitutional_state::ConstitutionalStateRuntime;
crates/amun-constitutional-block/tests/block_tests.rs:410:    let mut rt1 = ConstitutionalStateRuntime::new();
crates/amun-constitutional-block/tests/block_tests.rs:414:    let mut rt2 = ConstitutionalStateRuntime::new();
crates/amun-constitutional-block/tests/block_tests.rs:419:    let merkle_root = hex::encode(ConstitutionalStateRuntime::certificate_merkle_root(&certs));
crates/amun-constitutional-block/tests/block_tests.rs:422:        ConstitutionalStateRuntime::prove_certificate_inclusion(&certs, &hash1).unwrap();
crates/amun-constitutional-block/tests/block_tests.rs:424:    let block = ConstitutionalBlock::new(
crates/amun-constitutional-block/tests/block_tests.rs:444:    use amun_constitutional_state::ConstitutionalStateRuntime;
crates/amun-constitutional-block/tests/block_tests.rs:446:    let mut rt = ConstitutionalStateRuntime::new();
crates/amun-constitutional-block/tests/block_tests.rs:452:        ConstitutionalStateRuntime::prove_certificate_inclusion(&certs, &hash).unwrap();
crates/amun-constitutional-block/tests/block_tests.rs:455:    let block = ConstitutionalBlock::new(
crates/amun-constitutional-block/tests/block_tests.rs:46:    let b2 = ConstitutionalBlock::new(
crates/amun-constitutional-block/tests/block_tests.rs:63:    let b1 = ConstitutionalBlock::new(
crates/amun-constitutional-block/tests/block_tests.rs:75:    let b2 = ConstitutionalBlock::new(
crates/amun-constitutional-block/tests/block_tests.rs:9:fn make_genesis() -> ConstitutionalBlock {
crates/amun-constitutional-block/tests/finalizer_tests.rs:12:    let mut state = ConstitutionalStateRuntime::new();
crates/amun-constitutional-block/tests/finalizer_tests.rs:38:    let mut state1 = ConstitutionalStateRuntime::new();
crates/amun-constitutional-block/tests/finalizer_tests.rs:39:    let mut state2 = ConstitutionalStateRuntime::new();
crates/amun-constitutional-block/tests/finalizer_tests.rs:6:use amun_constitutional_state::ConstitutionalStateRuntime;
crates/amun-constitutional-commitment/src/apphash.rs:12:        commitment: &ConstitutionalCommitment,
crates/amun-constitutional-commitment/src/apphash.rs:1:use crate::commitment::ConstitutionalCommitment;
crates/amun-constitutional-commitment/src/commitment.rs:5:pub struct ConstitutionalCommitment {
crates/amun-constitutional-commitment/src/endblock.rs:15:    ) -> Option<ConstitutionalCommitment> {
crates/amun-constitutional-commitment/src/endblock.rs:1:use crate::commitment::ConstitutionalCommitment;
crates/amun-constitutional-commitment/src/endblock.rs:24:        Some(ConstitutionalCommitment {
crates/amun-constitutional-commitment/src/lib.rs:15:pub use commitment::ConstitutionalCommitment;
crates/amun-constitutional-commitment/src/lib.rs:21:pub use roots_bundle::ConstitutionalRoots;
crates/amun-constitutional-commitment/src/lib.rs:22:pub use rpc::ConstitutionalStatus;
crates/amun-constitutional-commitment/src/lib.rs:24:pub use state::ConstitutionalState;
crates/amun-constitutional-commitment/src/roots.rs:1:use crate::commitment::ConstitutionalCommitment;
crates/amun-constitutional-commitment/src/roots.rs:23:pub fn commitment_root(commitment: &ConstitutionalCommitment) -> Hash32 {
crates/amun-constitutional-commitment/src/roots_bundle.rs:16:impl ConstitutionalRoots {
crates/amun-constitutional-commitment/src/roots_bundle.rs:1:use crate::commitment::ConstitutionalCommitment;
crates/amun-constitutional-commitment/src/roots_bundle.rs:22:        commitment: &ConstitutionalCommitment,
crates/amun-constitutional-commitment/src/roots_bundle.rs:7:pub struct ConstitutionalRoots {
crates/amun-constitutional-commitment/src/rpc.rs:1:use crate::commitment::ConstitutionalCommitment;
crates/amun-constitutional-commitment/src/rpc.rs:21:impl ConstitutionalStatus {
crates/amun-constitutional-commitment/src/rpc.rs:22:    pub fn new(height: u64, commitment: &ConstitutionalCommitment, app_hash: Hash32) -> Self {
crates/amun-constitutional-commitment/src/rpc.rs:6:pub struct ConstitutionalStatus {
crates/amun-constitutional-commitment/src/serializer.rs:1:use crate::commitment::ConstitutionalCommitment;
crates/amun-constitutional-commitment/src/serializer.rs:5:pub fn serialize_v1(commitment: &ConstitutionalCommitment) -> [u8; SERIALIZED_LENGTH] {
crates/amun-constitutional-commitment/src/state.rs:13:    pub fn load(data: &[u8]) -> Option<ConstitutionalCommitment> {
crates/amun-constitutional-commitment/src/state.rs:1:use crate::commitment::ConstitutionalCommitment;
crates/amun-constitutional-commitment/src/state.rs:33:        Some(ConstitutionalCommitment {
crates/amun-constitutional-commitment/src/state.rs:6:pub struct ConstitutionalState;
crates/amun-constitutional-commitment/src/state.rs:8:impl ConstitutionalState {
crates/amun-constitutional-commitment/src/state.rs:9:    pub fn save(commitment: &ConstitutionalCommitment) -> Vec<u8> {
crates/amun-constitutional-commitment/src/verify.rs:1:use crate::commitment::ConstitutionalCommitment;
crates/amun-constitutional-commitment/src/verify.rs:33:        let commitment = ConstitutionalCommitment {
crates/amun-constitutional-commitment/tests/determinism.rs:2:    commitment_root, compute_constitutional_root, ConstitutionalCommitment, Hash32,
crates/amun-constitutional-commitment/tests/determinism.rs:44:    let c1 = ConstitutionalCommitment {
crates/amun-constitutional-commitment/tests/determinism.rs:53:    let c2 = ConstitutionalCommitment {
crates/amun-constitutional-commitment/tests/determinism.rs:73:    let mut c = ConstitutionalCommitment {
crates/amun-constitutional-commitment/tests/rpc.rs:2:    AppHashPipeline, ConstitutionalStatus, EconomicSnapshot, EndBlockPipeline, Hash32,
crates/amun-constitutional-commitment/tests/rpc.rs:37:    let status = ConstitutionalStatus::new(7990, &commitment, app_hash);
crates/amun-constitutional-commitment/tests/rpc.rs:75:    let status_a = ConstitutionalStatus::new(7990, &com_a, ah_a);
crates/amun-constitutional-commitment/tests/rpc.rs:76:    let status_b = ConstitutionalStatus::new(7990, &com_b, ah_b);
crates/amun-constitutional-commitment/tests/rpc.rs:98:    let status = ConstitutionalStatus::new(7990, &commitment, app_hash);
crates/amun-constitutional-commitment/tests/state.rs:133:    assert!(ConstitutionalState::load(&[0u8; 10]).is_none());
crates/amun-constitutional-commitment/tests/state.rs:134:    assert!(ConstitutionalState::load(&[0u8; 200]).is_none());
crates/amun-constitutional-commitment/tests/state.rs:135:    assert!(ConstitutionalState::load(&[]).is_none());
crates/amun-constitutional-commitment/tests/state.rs:23:fn make_commitment(id: Hash32, ev: Hash32, gv: Hash32, ec: Hash32) -> ConstitutionalCommitment {
crates/amun-constitutional-commitment/tests/state.rs:25:    ConstitutionalCommitment {
crates/amun-constitutional-commitment/tests/state.rs:2:    commitment_root, compute_constitutional_root, ConstitutionalCommitment, ConstitutionalState,
crates/amun-constitutional-commitment/tests/state.rs:41:    let bytes = ConstitutionalState::save(&commitment);
crates/amun-constitutional-commitment/tests/state.rs:42:    let loaded = ConstitutionalState::load(&bytes).unwrap();
crates/amun-constitutional-commitment/tests/state.rs:60:    let bytes = ConstitutionalState::save(&commitment);
crates/amun-constitutional-commitment/tests/state.rs:61:    let loaded = ConstitutionalState::load(&bytes).unwrap();
crates/amun-constitutional-commitment/tests/verify.rs:131:        amun_constitutional_commitment::ConstitutionalStatus::new(7990, &commitment, app_hash);
crates/amun-constitutional-commitments/src/lib.rs:3:// Licensed under the GNU AGPLv3 with Constitutional Sovereignty Addendum.
crates/amun-constitutional-commitments/src/smt.rs:3:// Licensed under the GNU AGPLv3 with Constitutional Sovereignty Addendum.
crates/amun-constitutional-enforcement/src/constitutional_evidence.rs:12:pub struct ConstitutionalEvidence {
crates/amun-constitutional-enforcement/src/constitutional_evidence.rs:141:// N127A.1 — Constitutional Evidence Builder
crates/amun-constitutional-enforcement/src/constitutional_evidence.rs:143:/// Assembles evidence from all adapters into a single ConstitutionalEvidence.
crates/amun-constitutional-enforcement/src/constitutional_evidence.rs:144:pub struct ConstitutionalEvidenceBuilder;
crates/amun-constitutional-enforcement/src/constitutional_evidence.rs:146:impl ConstitutionalEvidenceBuilder {
crates/amun-constitutional-enforcement/src/constitutional_evidence.rs:154:    ) -> ConstitutionalEvidence {
crates/amun-constitutional-enforcement/src/constitutional_evidence.rs:155:        ConstitutionalEvidence {
crates/amun-constitutional-enforcement/src/constitutional_evidence.rs:177:            ConstitutionalEvidence::new(true, true, true, true, true, true, true, true, true, true);
crates/amun-constitutional-enforcement/src/constitutional_evidence.rs:201:        let evidence = ConstitutionalEvidenceBuilder::build(exec, replay, gov, qc, true, true);
crates/amun-constitutional-enforcement/src/constitutional_evidence.rs:214:        let evidence = ConstitutionalEvidence::new(
crates/amun-constitutional-enforcement/src/constitutional_evidence.rs:2:// N127A — Constitutional Evidence Interface
crates/amun-constitutional-enforcement/src/constitutional_evidence.rs:34:impl ConstitutionalEvidence {
crates/amun-constitutional-enforcement/src/evidence_providers.rs:4:// ConstitutionalEvidence, replacing DELEGATED/PARTIAL placeholders.
crates/amun-constitutional-enforcement/src/evidence_providers.rs:7:    ConstitutionalEvidence, ExecutionEvidence, GovernanceEvidence, QcEvidence, ReplayEvidence,
crates/amun-constitutional-enforcement/src/evidence_providers.rs:85:) -> ConstitutionalEvidence {
crates/amun-constitutional-enforcement/src/evidence_providers.rs:95:    ConstitutionalEvidence::new(
crates/amun-constitutional-enforcement/src/evidence_records.rs:121:impl ConstitutionalEvidenceRecord {
crates/amun-constitutional-enforcement/src/evidence_records.rs:218:        let record = ConstitutionalEvidenceRecord::new(
crates/amun-constitutional-enforcement/src/evidence_records.rs:238:        let mut record = ConstitutionalEvidenceRecord::new(
crates/amun-constitutional-enforcement/src/evidence_records.rs:98:pub struct ConstitutionalEvidenceRecord {
crates/amun-constitutional-enforcement/src/lib.rs:104:                ConstitutionalLaw::StateRootIntegrity,
crates/amun-constitutional-enforcement/src/lib.rs:105:                ConstitutionalLaw::ChainContinuity,
crates/amun-constitutional-enforcement/src/lib.rs:106:                ConstitutionalLaw::SignatureValidity,
crates/amun-constitutional-enforcement/src/lib.rs:107:                ConstitutionalLaw::NoDoubleSpend,
crates/amun-constitutional-enforcement/src/lib.rs:108:                ConstitutionalLaw::SlashingEvidenceBinding,
crates/amun-constitutional-enforcement/src/lib.rs:109:                ConstitutionalLaw::ValidatorSetGovernance,
crates/amun-constitutional-enforcement/src/lib.rs:110:                ConstitutionalLaw::ReplayDeterminism,
crates/amun-constitutional-enforcement/src/lib.rs:111:                ConstitutionalLaw::FinalitySupermajority,
crates/amun-constitutional-enforcement/src/lib.rs:112:                ConstitutionalLaw::StateTransitionValidity,
crates/amun-constitutional-enforcement/src/lib.rs:113:                ConstitutionalLaw::EvidenceValidity,
crates/amun-constitutional-enforcement/src/lib.rs:135:    ) -> ConstitutionalVerdict {
crates/amun-constitutional-enforcement/src/lib.rs:137:        let checks: Vec<(&ConstitutionalLaw, bool, &str)> = vec![
crates/amun-constitutional-enforcement/src/lib.rs:139:                &ConstitutionalLaw::StateRootIntegrity,
crates/amun-constitutional-enforcement/src/lib.rs:144:                &ConstitutionalLaw::ChainContinuity,
crates/amun-constitutional-enforcement/src/lib.rs:149:                &ConstitutionalLaw::SignatureValidity,
crates/amun-constitutional-enforcement/src/lib.rs:154:                &ConstitutionalLaw::NoDoubleSpend,
crates/amun-constitutional-enforcement/src/lib.rs:159:                &ConstitutionalLaw::SlashingEvidenceBinding,
crates/amun-constitutional-enforcement/src/lib.rs:164:                &ConstitutionalLaw::ValidatorSetGovernance,
crates/amun-constitutional-enforcement/src/lib.rs:169:                &ConstitutionalLaw::ReplayDeterminism,
crates/amun-constitutional-enforcement/src/lib.rs:174:                &ConstitutionalLaw::FinalitySupermajority,
crates/amun-constitutional-enforcement/src/lib.rs:179:                &ConstitutionalLaw::StateTransitionValidity,
crates/amun-constitutional-enforcement/src/lib.rs:184:                &ConstitutionalLaw::EvidenceValidity,
crates/amun-constitutional-enforcement/src/lib.rs:191:                violations.push(ConstitutionalViolation {
crates/amun-constitutional-enforcement/src/lib.rs:200:            ConstitutionalVerdict::Constitutional
crates/amun-constitutional-enforcement/src/lib.rs:203:            ConstitutionalVerdict::Unconstitutional { violations }
crates/amun-constitutional-enforcement/src/lib.rs:209:    pub fn is_law_active(&self, law: &ConstitutionalLaw) -> bool {
crates/amun-constitutional-enforcement/src/lib.rs:212:    pub fn activate_law(&mut self, law: ConstitutionalLaw) {
crates/amun-constitutional-enforcement/src/lib.rs:217:    pub fn deactivate_law(&mut self, law: &ConstitutionalLaw) {
crates/amun-constitutional-enforcement/src/lib.rs:236:        let mut k = ConstitutionalEnforcementKernel::new();
crates/amun-constitutional-enforcement/src/lib.rs:239:            ConstitutionalVerdict::Constitutional
crates/amun-constitutional-enforcement/src/lib.rs:246:        let mut k = ConstitutionalEnforcementKernel::new();
crates/amun-constitutional-enforcement/src/lib.rs:250:            ConstitutionalVerdict::Unconstitutional { violations } => {
crates/amun-constitutional-enforcement/src/lib.rs:252:                assert_eq!(violations[0].law, ConstitutionalLaw::StateRootIntegrity);
crates/amun-constitutional-enforcement/src/lib.rs:260:        let mut k = ConstitutionalEnforcementKernel::new();
crates/amun-constitutional-enforcement/src/lib.rs:264:            ConstitutionalVerdict::Unconstitutional { violations } => {
crates/amun-constitutional-enforcement/src/lib.rs:273:        let mut k = ConstitutionalEnforcementKernel::new();
crates/amun-constitutional-enforcement/src/lib.rs:274:        k.deactivate_law(&ConstitutionalLaw::StateRootIntegrity);
crates/amun-constitutional-enforcement/src/lib.rs:277:            ConstitutionalVerdict::Constitutional
crates/amun-constitutional-enforcement/src/lib.rs:283:        let mut k = ConstitutionalEnforcementKernel::new();
crates/amun-constitutional-enforcement/src/lib.rs:301:        let mut k = ConstitutionalEnforcementKernel::new();
crates/amun-constitutional-enforcement/src/lib.rs:41:pub enum ConstitutionalVerdict {
crates/amun-constitutional-enforcement/src/lib.rs:42:    Constitutional,
crates/amun-constitutional-enforcement/src/lib.rs:44:        violations: Vec<ConstitutionalViolation>,
crates/amun-constitutional-enforcement/src/lib.rs:49:pub struct ConstitutionalViolation {
crates/amun-constitutional-enforcement/src/lib.rs:50:    pub law: ConstitutionalLaw,
crates/amun-constitutional-enforcement/src/lib.rs:56:pub enum ConstitutionalLaw {
crates/amun-constitutional-enforcement/src/lib.rs:70:pub struct ConstitutionalEnforcementKernel {
crates/amun-constitutional-enforcement/src/lib.rs:71:    pub active_laws: Vec<ConstitutionalLaw>,
crates/amun-constitutional-enforcement/src/lib.rs:72:    pub verdict_history: Vec<ConstitutionalVerdict>,
crates/amun-constitutional-enforcement/src/lib.rs:77:impl ConstitutionalEnforcementKernel {
crates/amun-constitutional-enforcement/src/lib.rs:83:        evidence: &crate::constitutional_evidence::ConstitutionalEvidence,
crates/amun-constitutional-enforcement/src/lib.rs:84:    ) -> ConstitutionalVerdict {
crates/amun-constitutional-enforcement/src/proof_engine.rs:109:    ) -> ConstitutionalVerdict {
crates/amun-constitutional-enforcement/src/proof_engine.rs:114:            violations.push(ConstitutionalViolation {
crates/amun-constitutional-enforcement/src/proof_engine.rs:115:                law: ConstitutionalLaw::StateRootIntegrity,
crates/amun-constitutional-enforcement/src/proof_engine.rs:11:impl ConstitutionalProofEngine {
crates/amun-constitutional-enforcement/src/proof_engine.rs:127:            violations.push(ConstitutionalViolation {
crates/amun-constitutional-enforcement/src/proof_engine.rs:128:                law: ConstitutionalLaw::ChainContinuity,
crates/amun-constitutional-enforcement/src/proof_engine.rs:136:            violations.push(ConstitutionalViolation {
crates/amun-constitutional-enforcement/src/proof_engine.rs:137:                law: ConstitutionalLaw::SignatureValidity,
crates/amun-constitutional-enforcement/src/proof_engine.rs:145:            violations.push(ConstitutionalViolation {
crates/amun-constitutional-enforcement/src/proof_engine.rs:146:                law: ConstitutionalLaw::NoDoubleSpend,
crates/amun-constitutional-enforcement/src/proof_engine.rs:154:            violations.push(ConstitutionalViolation {
crates/amun-constitutional-enforcement/src/proof_engine.rs:155:                law: ConstitutionalLaw::SlashingEvidenceBinding,
crates/amun-constitutional-enforcement/src/proof_engine.rs:163:            violations.push(ConstitutionalViolation {
crates/amun-constitutional-enforcement/src/proof_engine.rs:164:                law: ConstitutionalLaw::ValidatorSetGovernance,
crates/amun-constitutional-enforcement/src/proof_engine.rs:172:            violations.push(ConstitutionalViolation {
crates/amun-constitutional-enforcement/src/proof_engine.rs:173:                law: ConstitutionalLaw::ReplayDeterminism,
crates/amun-constitutional-enforcement/src/proof_engine.rs:181:            violations.push(ConstitutionalViolation {
crates/amun-constitutional-enforcement/src/proof_engine.rs:182:                law: ConstitutionalLaw::FinalitySupermajority,
crates/amun-constitutional-enforcement/src/proof_engine.rs:193:            violations.push(ConstitutionalViolation {
crates/amun-constitutional-enforcement/src/proof_engine.rs:194:                law: ConstitutionalLaw::StateTransitionValidity,
crates/amun-constitutional-enforcement/src/proof_engine.rs:1:// N124 — Constitutional Proof Engine
crates/amun-constitutional-enforcement/src/proof_engine.rs:202:            violations.push(ConstitutionalViolation {
crates/amun-constitutional-enforcement/src/proof_engine.rs:203:                law: ConstitutionalLaw::EvidenceValidity,
crates/amun-constitutional-enforcement/src/proof_engine.rs:210:            ConstitutionalVerdict::Constitutional
crates/amun-constitutional-enforcement/src/proof_engine.rs:212:            ConstitutionalVerdict::Unconstitutional { violations }
crates/amun-constitutional-enforcement/src/proof_engine.rs:223:        let verdict = ConstitutionalProofEngine::run_constitutional_review(
crates/amun-constitutional-enforcement/src/proof_engine.rs:244:            ConstitutionalVerdict::Unconstitutional { violations } => {
crates/amun-constitutional-enforcement/src/proof_engine.rs:247:                    .any(|v| v.law == ConstitutionalLaw::StateRootIntegrity));
crates/amun-constitutional-enforcement/src/proof_engine.rs:256:        let verdict = ConstitutionalProofEngine::run_constitutional_review(
crates/amun-constitutional-enforcement/src/proof_engine.rs:276:        assert_eq!(verdict, ConstitutionalVerdict::Constitutional);
crates/amun-constitutional-enforcement/src/proof_engine.rs:282:        let verdict = ConstitutionalProofEngine::run_constitutional_review(
crates/amun-constitutional-enforcement/src/proof_engine.rs:303:            ConstitutionalVerdict::Unconstitutional { violations } => {
crates/amun-constitutional-enforcement/src/proof_engine.rs:306:                    .any(|v| v.law == ConstitutionalLaw::FinalitySupermajority));
crates/amun-constitutional-enforcement/src/proof_engine.rs:3:// Connects ConstitutionalEnforcementKernel to real verification
crates/amun-constitutional-enforcement/src/proof_engine.rs:6:use crate::{ConstitutionalLaw, ConstitutionalVerdict, ConstitutionalViolation};
crates/amun-constitutional-enforcement/src/proof_engine.rs:9:pub struct ConstitutionalProofEngine;
crates/amun-constitutional-enforcement/src/state_transition.rs:101:) -> ConstitutionalVerdict
crates/amun-constitutional-enforcement/src/state_transition.rs:138:        assert_eq!(verdict, ConstitutionalVerdict::Constitutional);
crates/amun-constitutional-enforcement/src/state_transition.rs:155:            ConstitutionalVerdict::Unconstitutional { violations } => {
crates/amun-constitutional-enforcement/src/state_transition.rs:158:                    .any(|v| v.law == ConstitutionalLaw::ReplayDeterminism));
crates/amun-constitutional-enforcement/src/state_transition.rs:175:            ConstitutionalVerdict::Unconstitutional { violations } => {
crates/amun-constitutional-enforcement/src/state_transition.rs:178:                    .any(|v| v.law == ConstitutionalLaw::StateTransitionValidity));
crates/amun-constitutional-enforcement/src/state_transition.rs:1:// N126 — Constitutional State Transition Verification
crates/amun-constitutional-enforcement/src/state_transition.rs:46:    pub fn verify(&self, height: u64) -> ConstitutionalVerdict {
crates/amun-constitutional-enforcement/src/state_transition.rs:56:            violations.push(ConstitutionalViolation {
crates/amun-constitutional-enforcement/src/state_transition.rs:57:                law: ConstitutionalLaw::ReplayDeterminism,
crates/amun-constitutional-enforcement/src/state_transition.rs:69:            violations.push(ConstitutionalViolation {
crates/amun-constitutional-enforcement/src/state_transition.rs:70:                law: ConstitutionalLaw::StateTransitionValidity,
crates/amun-constitutional-enforcement/src/state_transition.rs:7:use crate::{ConstitutionalLaw, ConstitutionalVerdict, ConstitutionalViolation};
crates/amun-constitutional-enforcement/src/state_transition.rs:80:            ConstitutionalVerdict::Constitutional
crates/amun-constitutional-enforcement/src/state_transition.rs:82:            ConstitutionalVerdict::Unconstitutional { violations }
crates/amun-constitutional-evidence/src/lib.rs:1://! # Constitutional Evidence Module
crates/amun-constitutional-evidence/src/lib.rs:25:pub struct ConstitutionalContext {
crates/amun-constitutional-evidence/src/lib.rs:34:pub struct ConstitutionalEvidence {
crates/amun-constitutional-evidence/src/lib.rs:43:/// 2. **Constitutional Membership (Exclusion):** The QC must be attested by a
crates/amun-constitutional-evidence/src/lib.rs:52:    evidence: &ConstitutionalEvidence,
crates/amun-constitutional-evidence/src/lib.rs:53:    context: &ConstitutionalContext,
crates/amun-constitutional-evidence/src/lib.rs:61:    // Rule 2: Constitutional Membership (Exclusion ⇍_C)
crates/amun-constitutional-evidence/src/lib.rs:8://! - Context `C = (E, V, H)` → `ConstitutionalContext`
crates/amun-constitutional-geometry/src/directed_metric.rs:44:    /// Constitutional distance is directed. The distance A->B is not
crates/amun-constitutional-geometry/src/fields.rs:5:pub struct ConstitutionalField {
crates/amun-constitutional-geometry/src/flow_dynamics.rs:16:    pub forces: Vec<ConstitutionalForce>,
crates/amun-constitutional-geometry/src/flow_dynamics.rs:22:pub enum ConstitutionalForce {
crates/amun-constitutional-geometry/src/flow_dynamics.rs:3:/// Constitutional Flow Dynamics.
crates/amun-constitutional-geometry/src/flow_dynamics.rs:40:impl ConstitutionalFlow {
crates/amun-constitutional-geometry/src/flow_dynamics.rs:52:    pub fn add_force(&mut self, force: ConstitutionalForce) {
crates/amun-constitutional-geometry/src/flow_dynamics.rs:61:                ConstitutionalForce::InvariantForce { strength, .. } => {
crates/amun-constitutional-geometry/src/flow_dynamics.rs:64:                ConstitutionalForce::ReplayForce { strength } => {
crates/amun-constitutional-geometry/src/flow_dynamics.rs:67:                ConstitutionalForce::EntropyRepulsion {
crates/amun-constitutional-geometry/src/flow_dynamics.rs:73:                ConstitutionalForce::GovernanceForce { strength } => {
crates/amun-constitutional-geometry/src/flow_dynamics.rs:76:                ConstitutionalForce::TreatyForce { strength, .. } => {
crates/amun-constitutional-geometry/src/flow_dynamics.rs:79:                ConstitutionalForce::InertialResistance { mass } => {
crates/amun-constitutional-geometry/src/flow_dynamics.rs:8:pub struct ConstitutionalFlow {
crates/amun-constitutional-geometry/src/geodesics.rs:16:impl ConstitutionalGeodesic {
crates/amun-constitutional-geometry/src/geodesics.rs:7:pub struct ConstitutionalGeodesic {
crates/amun-constitutional-geometry/src/lib.rs:20:pub use fields::{ConstitutionalField, EntropyField, LegitimacyGradient};
crates/amun-constitutional-geometry/src/lib.rs:21:pub use flow_dynamics::{ConstitutionalFlow, ConstitutionalForce};
crates/amun-constitutional-geometry/src/lib.rs:22:pub use geodesics::ConstitutionalGeodesic;
crates/amun-constitutional-geometry/src/lib.rs:25:pub use metrics::{ConstitutionalDistance, DistanceTensor};
crates/amun-constitutional-geometry/src/metrics.rs:2:use amun_snapshot_engine::ConstitutionalIdentity;
crates/amun-constitutional-geometry/src/metrics.rs:4:/// Constitutional distance tensor.
crates/amun-constitutional-geometry/src/metrics.rs:62:/// Constitutional distance between two civilizations.
crates/amun-constitutional-geometry/src/metrics.rs:65:pub struct ConstitutionalDistance {
crates/amun-constitutional-geometry/src/metrics.rs:74:impl ConstitutionalDistance {
crates/amun-constitutional-geometry/src/metrics.rs:75:    pub fn compute(local: &ConstitutionalIdentity, remote: &ConstitutionalIdentity) -> Self {
crates/amun-constitutional-governance/src/amendment.rs:3:// Licensed under the GNU AGPLv3 with Constitutional Sovereignty Addendum.
crates/amun-constitutional-governance/src/capability.rs:3:// Licensed under the GNU AGPLv3 with Constitutional Sovereignty Addendum.
crates/amun-constitutional-governance/src/delegation.rs:3:// Licensed under the GNU AGPLv3 with Constitutional Sovereignty Addendum.
crates/amun-constitutional-governance/src/lib.rs:3:// Licensed under the GNU AGPLv3 with Constitutional Sovereignty Addendum.
crates/amun-constitutional-governance/src/lib.rs:5://! Constitutional governance primitives.
crates/amun-constitutional-governance/src/quorum.rs:3:// Licensed under the GNU AGPLv3 with Constitutional Sovereignty Addendum.
crates/amun-constitutional-governance/src/voting.rs:3:// Licensed under the GNU AGPLv3 with Constitutional Sovereignty Addendum.
crates/amun-constitutional-governance/tests/governance_tests.rs:11:    let key = ConstitutionalKeyPair::generate();
crates/amun-constitutional-governance/tests/governance_tests.rs:34:    let root_key = ConstitutionalKeyPair::generate();
crates/amun-constitutional-governance/tests/governance_tests.rs:35:    let delegate1_key = ConstitutionalKeyPair::generate();
crates/amun-constitutional-governance/tests/governance_tests.rs:36:    let delegate2_key = ConstitutionalKeyPair::generate();
crates/amun-constitutional-governance/tests/governance_tests.rs:64:    let root_key = ConstitutionalKeyPair::generate();
crates/amun-constitutional-governance/tests/governance_tests.rs:65:    let fake_key = ConstitutionalKeyPair::generate();
crates/amun-constitutional-governance/tests/governance_tests.rs:7:use amun_constitutional_signing::ConstitutionalKeyPair;
crates/amun-constitutional-integration/src/bin/n47_8_production_replay.rs:134:) -> Result<HashMap<String, VerificationCertificate>, Box<dyn std::error::Error>> {
crates/amun-constitutional-integration/src/bin/n47_8_production_replay.rs:151:            let cert: VerificationCertificate = serde_json::from_str(&content)?;
crates/amun-constitutional-integration/src/bin/n47_8_production_replay.rs:1:use amun_constitutional_integration::ConstitutionalBridge;
crates/amun-constitutional-integration/src/bin/n47_8_production_replay.rs:3:use amun_verification_kernel::VerificationCertificate;
crates/amun-constitutional-integration/src/bin/n47_8_production_replay.rs:56:        ConstitutionalBridge::run_full_pipeline(phase_certificates, timestamp)
crates/amun-constitutional-integration/src/bin/n47_8_production_replay.rs:95:        "N47-Constitutional-Authority".into(),
crates/amun-constitutional-integration/src/lib.rs:10:pub struct ConstitutionalBridge;
crates/amun-constitutional-integration/src/lib.rs:12:impl ConstitutionalBridge {
crates/amun-constitutional-integration/src/lib.rs:2:    ConstitutionalReport, ConstitutionalVerdict, EvidenceArchive, EvidenceRecord, EvidenceStatus,
crates/amun-constitutional-integration/src/lib.rs:311:        cert: &VerificationCertificate,
crates/amun-constitutional-integration/src/lib.rs:334:        phase_certificates: HashMap<String, VerificationCertificate>,
crates/amun-constitutional-integration/src/lib.rs:340:            Vec<ConstitutionalVerdict>,
crates/amun-constitutional-integration/src/lib.rs:341:            ConstitutionalReport,
crates/amun-constitutional-integration/src/lib.rs:419:        ClaimStatus, ClaimType, ConstitutionalClaim, Evidence as VKEvidence,
crates/amun-constitutional-integration/src/lib.rs:423:    fn make_cert(phase: &str) -> VerificationCertificate {
crates/amun-constitutional-integration/src/lib.rs:424:        VerificationCertificate::issue(
crates/amun-constitutional-integration/src/lib.rs:426:            vec![ConstitutionalClaim {
crates/amun-constitutional-integration/src/lib.rs:450:        let reg = ConstitutionalBridge::build_obligation_registry();
crates/amun-constitutional-integration/src/lib.rs:461:        let r = ConstitutionalBridge::run_full_pipeline(certs, 5000);
crates/amun-constitutional-integration/src/lib.rs:7:use amun_verification_kernel::VerificationCertificate;
crates/amun-constitutional-kernel/src/amendment.rs:20:        machine: &mut ConstitutionalStateMachine,
crates/amun-constitutional-kernel/src/amendment.rs:3:// Licensed under the GNU AGPLv3 with Constitutional Sovereignty Addendum.
crates/amun-constitutional-kernel/src/amendment.rs:7:use crate::state_machine::ConstitutionalStateMachine;
crates/amun-constitutional-kernel/src/context.rs:13:    pub authority_chain: Vec<ConstitutionalCertificate>,
crates/amun-constitutional-kernel/src/context.rs:21:    pub fn new(authority_chain: Vec<ConstitutionalCertificate>, epoch: String) -> Self {
crates/amun-constitutional-kernel/src/context.rs:3:// Licensed under the GNU AGPLv3 with Constitutional Sovereignty Addendum.
crates/amun-constitutional-kernel/src/context.rs:5:use amun_constitutional_authority::ConstitutionalCertificate;
crates/amun-constitutional-kernel/src/enforcer.rs:3:// Licensed under the GNU AGPLv3 with Constitutional Sovereignty Addendum.
crates/amun-constitutional-kernel/src/lib.rs:27:pub use state_machine::ConstitutionalStateMachine;
crates/amun-constitutional-kernel/src/lib.rs:3:// Licensed under the GNU AGPLv3 with Constitutional Sovereignty Addendum.
crates/amun-constitutional-kernel/src/lib.rs:5://! Constitutional Execution Kernel
crates/amun-constitutional-kernel/src/receipt.rs:3:// Licensed under the GNU AGPLv3 with Constitutional Sovereignty Addendum.
crates/amun-constitutional-kernel/src/state_machine.rs:13:pub struct ConstitutionalState {
crates/amun-constitutional-kernel/src/state_machine.rs:18:impl ConstitutionalState {
crates/amun-constitutional-kernel/src/state_machine.rs:38:impl Default for ConstitutionalState {
crates/amun-constitutional-kernel/src/state_machine.rs:3:// Licensed under the GNU AGPLv3 with Constitutional Sovereignty Addendum.
crates/amun-constitutional-kernel/src/state_machine.rs:44:pub struct ConstitutionalStateMachine {
crates/amun-constitutional-kernel/src/state_machine.rs:45:    pub state: ConstitutionalState,
crates/amun-constitutional-kernel/src/state_machine.rs:48:impl ConstitutionalStateMachine {
crates/amun-constitutional-kernel/src/state_machine.rs:51:            state: ConstitutionalState::new(),
crates/amun-constitutional-kernel/src/state_machine.rs:81:impl Default for ConstitutionalStateMachine {
crates/amun-constitutional-kernel/tests/kernel_tests.rs:105:    let mut machine = ConstitutionalStateMachine::new();
crates/amun-constitutional-kernel/tests/kernel_tests.rs:138:    let mut machine = ConstitutionalStateMachine::new();
crates/amun-constitutional-kernel/tests/kernel_tests.rs:15:    Vec<ConstitutionalCertificate>,
crates/amun-constitutional-kernel/tests/kernel_tests.rs:17:    let key = ConstitutionalKeyPair::generate();
crates/amun-constitutional-kernel/tests/kernel_tests.rs:18:    let root_cert = ConstitutionalCertificate::new_root(
crates/amun-constitutional-kernel/tests/kernel_tests.rs:1:use amun_constitutional_authority::ConstitutionalCertificate;
crates/amun-constitutional-kernel/tests/kernel_tests.rs:22:        "ConstitutionalRoot".into(),
crates/amun-constitutional-kernel/tests/kernel_tests.rs:53:    let mut machine = ConstitutionalStateMachine::new();
crates/amun-constitutional-kernel/tests/kernel_tests.rs:68:    let mut machine2 = ConstitutionalStateMachine::new();
crates/amun-constitutional-kernel/tests/kernel_tests.rs:7:    AmendmentActivator, ConstitutionalStateMachine, ExecutionContext,
crates/amun-constitutional-kernel/tests/kernel_tests.rs:87:    let mut machine = ConstitutionalStateMachine::new();
crates/amun-constitutional-kernel/tests/kernel_tests.rs:9:use amun_constitutional_signing::ConstitutionalKeyPair;
crates/amun-constitutional-proof/src/certification.rs:112:    fn gate_c3_all_major_satisfied(verdicts: &[ConstitutionalVerdict]) -> GateResult {
crates/amun-constitutional-proof/src/certification.rs:127:    fn gate_c4_all_phase_verdicts_issued(verdicts: &[ConstitutionalVerdict]) -> GateResult {
crates/amun-constitutional-proof/src/certification.rs:144:    fn gate_c5_no_phase_verdict_failed(verdicts: &[ConstitutionalVerdict]) -> GateResult {
crates/amun-constitutional-proof/src/certification.rs:1:use crate::{ConstitutionalVerdict, EvidenceArchive, ObligationRegistry, VerdictResult};
crates/amun-constitutional-proof/src/certification.rs:21:pub struct ConstitutionalCertificate {
crates/amun-constitutional-proof/src/certification.rs:38:        verdicts: &[ConstitutionalVerdict],
crates/amun-constitutional-proof/src/certification.rs:42:    ) -> ConstitutionalCertificate {
crates/amun-constitutional-proof/src/certification.rs:72:        ConstitutionalCertificate {
crates/amun-constitutional-proof/src/certification.rs:95:    fn gate_c2_all_critical_satisfied(verdicts: &[ConstitutionalVerdict]) -> GateResult {
crates/amun-constitutional-proof/src/constitutional_verdict.rs:14:pub struct ConstitutionalVerdict {
crates/amun-constitutional-proof/src/constitutional_verdict.rs:37:impl ConstitutionalVerdict {
crates/amun-constitutional-proof/src/lib.rs:1393:        let verdict = ConstitutionalVerdict::new(
crates/amun-constitutional-proof/src/lib.rs:1415:        assert!(md.contains("N47 Constitutional Validation Report"));
crates/amun-constitutional-proof/src/lib.rs:1421:        let parsed: ConstitutionalReport = serde_json::from_str(&json).unwrap();
crates/amun-constitutional-proof/src/lib.rs:1458:        let verdict = ConstitutionalVerdict::new(
crates/amun-constitutional-proof/src/lib.rs:1483:            "N47-Constitutional-Authority".into(),
crates/amun-constitutional-proof/src/lib.rs:1507:        let verdict = ConstitutionalVerdict::new(
crates/amun-constitutional-proof/src/lib.rs:1526:    // --- N47.6: Constitutional Certification tests ---
crates/amun-constitutional-proof/src/lib.rs:1563:            ConstitutionalVerdict::new(
crates/amun-constitutional-proof/src/lib.rs:1573:            ConstitutionalVerdict::new(
crates/amun-constitutional-proof/src/lib.rs:1583:            ConstitutionalVerdict::new(
crates/amun-constitutional-proof/src/lib.rs:1593:            ConstitutionalVerdict::new(
crates/amun-constitutional-proof/src/lib.rs:1603:            ConstitutionalVerdict::new(
crates/amun-constitutional-proof/src/lib.rs:1613:            ConstitutionalVerdict::new(
crates/amun-constitutional-proof/src/lib.rs:1631:            "N47-Constitutional-Authority".into(),
crates/amun-constitutional-proof/src/lib.rs:1657:            ConstitutionalVerdict::new(
crates/amun-constitutional-proof/src/lib.rs:1667:            ConstitutionalVerdict::new(
crates/amun-constitutional-proof/src/lib.rs:1677:            ConstitutionalVerdict::new(
crates/amun-constitutional-proof/src/lib.rs:1687:            ConstitutionalVerdict::new(
crates/amun-constitutional-proof/src/lib.rs:1697:            ConstitutionalVerdict::new(
crates/amun-constitutional-proof/src/lib.rs:1707:            ConstitutionalVerdict::new(
crates/amun-constitutional-proof/src/lib.rs:1725:            "N47-Constitutional-Authority".into(),
crates/amun-constitutional-proof/src/lib.rs:1751:        let verdicts = vec![ConstitutionalVerdict::new(
crates/amun-constitutional-proof/src/lib.rs:1768:            "N47-Constitutional-Authority".into(),
crates/amun-constitutional-proof/src/lib.rs:585:    // --- N47.2-S1: ConstitutionalVerdict tests ---
crates/amun-constitutional-proof/src/lib.rs:599:        let verdict = ConstitutionalVerdict::new(
crates/amun-constitutional-proof/src/lib.rs:633:        let verdict = ConstitutionalVerdict::new(
crates/amun-constitutional-proof/src/lib.rs:660:        let verdict = ConstitutionalVerdict::new(
crates/amun-constitutional-proof/src/lib.rs:681:        let v1 = ConstitutionalVerdict::new(
crates/amun-constitutional-proof/src/lib.rs:691:        let v2 = ConstitutionalVerdict::new(
crates/amun-constitutional-proof/src/lib.rs:717:        let verdict = ConstitutionalVerdict::new(
crates/amun-constitutional-proof/src/lib.rs:728:        let parsed: ConstitutionalVerdict = serde_json::from_str(&json).unwrap();
crates/amun-constitutional-proof/src/publication_package.rs:117:    fn hash_report(report: &ConstitutionalReport) -> String {
crates/amun-constitutional-proof/src/publication_package.rs:17:    pub report: ConstitutionalReport,
crates/amun-constitutional-proof/src/publication_package.rs:18:    pub verdicts: Vec<ConstitutionalVerdict>,
crates/amun-constitutional-proof/src/publication_package.rs:4:use crate::{ConstitutionalReport, ConstitutionalVerdict};
crates/amun-constitutional-proof/src/publication_package.rs:52:        report: ConstitutionalReport,
crates/amun-constitutional-proof/src/publication_package.rs:53:        verdicts: Vec<ConstitutionalVerdict>,
crates/amun-constitutional-proof/src/report_generator.rs:15:    pub verdicts: Vec<ConstitutionalVerdict>,
crates/amun-constitutional-proof/src/report_generator.rs:27:        verdicts: Vec<ConstitutionalVerdict>,
crates/amun-constitutional-proof/src/report_generator.rs:29:    ) -> ConstitutionalReport {
crates/amun-constitutional-proof/src/report_generator.rs:30:        ConstitutionalReport {
crates/amun-constitutional-proof/src/report_generator.rs:32:            report_type: "N47 Constitutional Validation".into(),
crates/amun-constitutional-proof/src/report_generator.rs:3:use crate::{ConstitutionalVerdict, EvidenceArchive, ObligationRegistry, VerdictResult};
crates/amun-constitutional-proof/src/report_generator.rs:42:    pub fn to_markdown(report: &ConstitutionalReport) -> String {
crates/amun-constitutional-proof/src/report_generator.rs:44:        md.push_str("# N47 Constitutional Validation Report\n\n");
crates/amun-constitutional-proof/src/report_generator.rs:8:pub struct ConstitutionalReport {
crates/amun-constitutional-proof/src/report_generator.rs:94:    pub fn to_json(report: &ConstitutionalReport) -> Result<String, serde_json::Error> {
crates/amun-constitutional-proof/src/verdict_evaluator.rs:20:    /// Returns a fully-formed `ConstitutionalVerdict` with the overall result
crates/amun-constitutional-proof/src/verdict_evaluator.rs:31:    ) -> ConstitutionalVerdict {
crates/amun-constitutional-proof/src/verdict_evaluator.rs:33:        ConstitutionalVerdict::new(
crates/amun-constitutional-proof/src/verdict_evaluator.rs:3:    ConstitutionalVerdict, ObligationResult, ObligationResultStatus, ObligationSeverity,
crates/amun-constitutional-proof/src/verdict_evaluator.rs:8:/// produces a `ConstitutionalVerdict`.
crates/amun-constitutional-quarantine/src/rehabilitation.rs:18:    ConstitutionalReconciliation,
crates/amun-constitutional-quarantine/src/rehabilitation.rs:46:                RehabilitationStep::ConstitutionalReconciliation,
crates/amun-constitutional-runtime/src/block_validator.rs:103:        let program = ConstitutionalProgram::new(1, 0, 0, vec![OpCode::Halt]);
crates/amun-constitutional-runtime/src/block_validator.rs:125:            ConstitutionalBlockValidator::validate_block(&programs, &mut registry, &[]).unwrap();
crates/amun-constitutional-runtime/src/block_validator.rs:139:        let program = ConstitutionalProgram::new(1, 0, 0, vec![OpCode::Halt]);
crates/amun-constitutional-runtime/src/block_validator.rs:174:            ConstitutionalBlockValidator::validate_block(&programs, &mut registry, &[]).unwrap();
crates/amun-constitutional-runtime/src/block_validator.rs:184:        let program = ConstitutionalProgram::new(1, 0, 0, vec![OpCode::Halt]);
crates/amun-constitutional-runtime/src/block_validator.rs:1:use amun_bytecode::program::ConstitutionalProgram;
crates/amun-constitutional-runtime/src/block_validator.rs:208:            ConstitutionalBlockValidator::validate_block(&programs, &mut registry, &[]).unwrap();
crates/amun-constitutional-runtime/src/block_validator.rs:24:pub struct ConstitutionalBlockValidator;
crates/amun-constitutional-runtime/src/block_validator.rs:26:impl ConstitutionalBlockValidator {
crates/amun-constitutional-runtime/src/block_validator.rs:30:        programs: &[(ConstitutionalProgram, ExecutionContext)],
crates/amun-constitutional-runtime/src/block_validator.rs:42:            let result = ConstitutionalRuntime::execute(
crates/amun-constitutional-runtime/src/block_validator.rs:8:use crate::runtime_pipeline::{ConstitutionalRuntime, PipelineResult};
crates/amun-constitutional-runtime/src/certificate_chain.rs:101:    use crate::finality_certificate::ConstitutionalFinalityCertificate;
crates/amun-constitutional-runtime/src/certificate_chain.rs:116:    ) -> ConstitutionalFinalityCertificate {
crates/amun-constitutional-runtime/src/certificate_chain.rs:12:        certificates: Vec<crate::finality_certificate::ConstitutionalFinalityCertificate>,
crates/amun-constitutional-runtime/src/certificate_chain.rs:139:        let mut cert = ConstitutionalFinalityCertificate::issue(
crates/amun-constitutional-runtime/src/certificate_chain.rs:5:    pub certificates: Vec<crate::finality_certificate::ConstitutionalFinalityCertificate>,
crates/amun-constitutional-runtime/src/certificate_chain.rs:71:    pub fn tip(&self) -> &crate::finality_certificate::ConstitutionalFinalityCertificate {
crates/amun-constitutional-runtime/src/certificate_chain.rs:75:    pub fn genesis(&self) -> &crate::finality_certificate::ConstitutionalFinalityCertificate {
crates/amun-constitutional-runtime/src/certificate_chain.rs:80:        certs: &[crate::finality_certificate::ConstitutionalFinalityCertificate],
crates/amun-constitutional-runtime/src/finality_certificate.rs:137:    use crate::block_validator::{BlockValidationResult, ConstitutionalBlockValidator};
crates/amun-constitutional-runtime/src/finality_certificate.rs:139:    use amun_bytecode::program::ConstitutionalProgram;
crates/amun-constitutional-runtime/src/finality_certificate.rs:152:        let program = ConstitutionalProgram::new(1, 0, 0, vec![OpCode::Halt]);
crates/amun-constitutional-runtime/src/finality_certificate.rs:172:            ConstitutionalBlockValidator::validate_block(&programs, &mut registry, &[]).unwrap();
crates/amun-constitutional-runtime/src/finality_certificate.rs:186:        let cert = ConstitutionalFinalityCertificate::issue(
crates/amun-constitutional-runtime/src/finality_certificate.rs:208:        let c1 = ConstitutionalFinalityCertificate::issue(&br, vec![], [0xaa; 32], 1, [0xbb; 32]);
crates/amun-constitutional-runtime/src/finality_certificate.rs:209:        let c2 = ConstitutionalFinalityCertificate::issue(&br, vec![], [0xaa; 32], 1, [0xbb; 32]);
crates/amun-constitutional-runtime/src/finality_certificate.rs:225:            ConstitutionalFinalityCertificate::issue(&br, vec![], [0xaa; 32], 1, [0xbb; 32]);
crates/amun-constitutional-runtime/src/finality_certificate.rs:22:impl ConstitutionalFinalityCertificate {
crates/amun-constitutional-runtime/src/finality_certificate.rs:7:pub struct ConstitutionalFinalityCertificate {
crates/amun-constitutional-runtime/src/history_root.rs:108:    ) -> ConstitutionalFinalityCertificate {
crates/amun-constitutional-runtime/src/history_root.rs:131:        let mut cert = ConstitutionalFinalityCertificate::issue(
crates/amun-constitutional-runtime/src/history_root.rs:150:        let root = ConstitutionalHistoryRoot::from_chain(&chain);
crates/amun-constitutional-runtime/src/history_root.rs:167:        let root1 = ConstitutionalHistoryRoot::from_chain(&chain1);
crates/amun-constitutional-runtime/src/history_root.rs:168:        let root2 = ConstitutionalHistoryRoot::from_chain(&chain2);
crates/amun-constitutional-runtime/src/history_root.rs:179:        let root = ConstitutionalHistoryRoot::from_chain(&chain);
crates/amun-constitutional-runtime/src/history_root.rs:17:impl ConstitutionalHistoryRoot {
crates/amun-constitutional-runtime/src/history_root.rs:190:        let root = ConstitutionalHistoryRoot::from_chain(&chain);
crates/amun-constitutional-runtime/src/history_root.rs:7:pub struct ConstitutionalHistoryRoot {
crates/amun-constitutional-runtime/src/history_root.rs:93:    use crate::finality_certificate::ConstitutionalFinalityCertificate;
crates/amun-constitutional-runtime/src/runtime_pipeline.rs:100:            let evidence: Vec<ConstitutionalEvidence> = vec![];
crates/amun-constitutional-runtime/src/runtime_pipeline.rs:187:            let evidence = ConstitutionalEvidence::ExecutionFailure {
crates/amun-constitutional-runtime/src/runtime_pipeline.rs:244:        let program = ConstitutionalProgram::new(1, 0, 0, vec![OpCode::Push(42), OpCode::Halt]);
crates/amun-constitutional-runtime/src/runtime_pipeline.rs:256:        let result = ConstitutionalRuntime::execute(
crates/amun-constitutional-runtime/src/runtime_pipeline.rs:25:        evidence: Vec<ConstitutionalEvidence>,
crates/amun-constitutional-runtime/src/runtime_pipeline.rs:286:        let program = ConstitutionalProgram::new(1, 0, 0, vec![OpCode::Halt]);
crates/amun-constitutional-runtime/src/runtime_pipeline.rs:298:        let result = ConstitutionalRuntime::execute(
crates/amun-constitutional-runtime/src/runtime_pipeline.rs:2:use amun_bytecode::program::ConstitutionalProgram;
crates/amun-constitutional-runtime/src/runtime_pipeline.rs:30:/// The Constitutional Runtime Pipeline with integrated PCCV.
crates/amun-constitutional-runtime/src/runtime_pipeline.rs:31:pub struct ConstitutionalRuntime;
crates/amun-constitutional-runtime/src/runtime_pipeline.rs:335:        let program = ConstitutionalProgram::new(1, 0, 0, vec![OpCode::Halt]);
crates/amun-constitutional-runtime/src/runtime_pipeline.rs:33:impl ConstitutionalRuntime {
crates/amun-constitutional-runtime/src/runtime_pipeline.rs:346:        let _result = ConstitutionalRuntime::execute(
crates/amun-constitutional-runtime/src/runtime_pipeline.rs:38:        program: &ConstitutionalProgram,
crates/amun-constitutional-runtime/src/runtime_pipeline.rs:3:use amun_evidence_engine::evidence_types::ConstitutionalEvidence;
crates/amun-constitutional-runtime/src/runtime_pipeline.rs:68:            let evidence = ConstitutionalEvidence::ExecutionFailure {
crates/amun-constitutional-semantics/src/lib.rs:1://! Constitutional Semantics — complete truth model for replay verification.
crates/amun-constitutional-semantics/src/lib.rs:2://! Layer 0.75 — Constitutional Truth System.
crates/amun-constitutional-semantics/src/lib.rs:40:#[derive(Debug, Clone, PartialEq, Eq)] pub enum AuthorityProof { SingleSignature { validator_id: u64, signature: [u8; 64] }, ThresholdSignature { signer_ids: Vec<u64>, aggregate_signature: [u8; 96] }, ConstitutionalGrant { grant_proof: [u8; 32] }, SelfCertifying { derivation_proof: [u8; 32] } }
crates/amun-constitutional-signing/src/keys.rs:10:impl ConstitutionalKeyPair {
crates/amun-constitutional-signing/src/keys.rs:5:pub struct ConstitutionalKeyPair {
crates/amun-constitutional-signing/src/lib.rs:10:pub use signature::ConstitutionalSignature;
crates/amun-constitutional-signing/src/lib.rs:3:// Licensed under the GNU AGPLv3 with Constitutional Sovereignty Addendum.
crates/amun-constitutional-signing/src/lib.rs:9:pub use keys::ConstitutionalKeyPair;
crates/amun-constitutional-signing/src/signature.rs:13:impl ConstitutionalSignature {
crates/amun-constitutional-signing/src/signature.rs:35:impl serde::Serialize for ConstitutionalSignature {
crates/amun-constitutional-signing/src/signature.rs:38:        let mut st = s.serialize_struct("ConstitutionalSignature", 6)?;
crates/amun-constitutional-signing/src/signature.rs:49:impl<'de> serde::Deserialize<'de> for ConstitutionalSignature {
crates/amun-constitutional-signing/src/signature.rs:4:pub struct ConstitutionalSignature {
crates/amun-constitutional-signing/src/signature.rs:77:impl ConstitutionalSignature {
crates/amun-constitutional-signing/src/signed_artifact.rs:10:    pub signature: ConstitutionalSignature,
crates/amun-constitutional-signing/src/signed_artifact.rs:14:    pub fn sign(artifact: T, keypair: &ConstitutionalKeyPair) -> Self {
crates/amun-constitutional-signing/src/signed_artifact.rs:1:use crate::keys::ConstitutionalKeyPair;
crates/amun-constitutional-signing/src/signed_artifact.rs:20:            signature: ConstitutionalSignature::new(sig, verifying_hex),
crates/amun-constitutional-signing/src/signed_artifact.rs:2:use crate::signature::ConstitutionalSignature;
crates/amun-constitutional-signing/tests/signing_tests.rs:13:    let keypair = ConstitutionalKeyPair::generate();
crates/amun-constitutional-signing/tests/signing_tests.rs:2:    digest::ArtifactDigest, ConstitutionalManifest, FederationArtifact, TreatyArtifact,
crates/amun-constitutional-signing/tests/signing_tests.rs:30:    let keypair = ConstitutionalKeyPair::generate();
crates/amun-constitutional-signing/tests/signing_tests.rs:42:    let keypair = ConstitutionalKeyPair::generate();
crates/amun-constitutional-signing/tests/signing_tests.rs:49:    let m1 = ConstitutionalManifest::new("gen".into(), "spec".into(), "ts".into());
crates/amun-constitutional-signing/tests/signing_tests.rs:4:use amun_constitutional_signing::{ConstitutionalKeyPair, SignedArtifact};
crates/amun-constitutional-signing/tests/signing_tests.rs:50:    let m2 = ConstitutionalManifest::new("gen".into(), "spec".into(), "ts".into());
crates/amun-constitutional-signing/tests/signing_tests.rs:60:    let manifest = ConstitutionalManifest::new("gen".into(), "spec".into(), "ts".into());
crates/amun-constitutional-signing/tests/signing_tests.rs:61:    let keypair = ConstitutionalKeyPair::generate();
crates/amun-constitutional-signing/tests/signing_tests.rs:8:    let manifest = ConstitutionalManifest::new(
crates/amun-constitutional-sim/tests/phase_116_engineering_map.rs:31:    println!("\n=== Phase 116C: Constitutional Engineering Map ===");
crates/amun-constitutional-state/src/lib.rs:104:        let mut rt = ConstitutionalStateRuntime::new();
crates/amun-constitutional-state/src/lib.rs:111:        let mut rt = ConstitutionalStateRuntime::new();
crates/amun-constitutional-state/src/lib.rs:119:        let mut rt1 = ConstitutionalStateRuntime::new();
crates/amun-constitutional-state/src/lib.rs:120:        let mut rt2 = ConstitutionalStateRuntime::new();
crates/amun-constitutional-state/src/lib.rs:128:        let mut rt1 = ConstitutionalStateRuntime::new();
crates/amun-constitutional-state/src/lib.rs:129:        let mut rt2 = ConstitutionalStateRuntime::new();
crates/amun-constitutional-state/src/lib.rs:137:        let mut rt = ConstitutionalStateRuntime::new();
crates/amun-constitutional-state/src/lib.rs:140:        let empty = ConstitutionalStateRuntime::new().state_root();
crates/amun-constitutional-state/src/lib.rs:147:        let key = ConstitutionalStateRuntime::canonical_key(keys::TRANSITION, &id);
crates/amun-constitutional-state/src/lib.rs:153:        let mut rt = ConstitutionalStateRuntime::new();
crates/amun-constitutional-state/src/lib.rs:161:        let mut rt1 = ConstitutionalStateRuntime::new();
crates/amun-constitutional-state/src/lib.rs:162:        let mut rt2 = ConstitutionalStateRuntime::new();
crates/amun-constitutional-state/src/lib.rs:170:        let mut original = ConstitutionalStateRuntime::new();
crates/amun-constitutional-state/src/lib.rs:175:        let replayed = ConstitutionalStateRuntime::replay(original.journal());
crates/amun-constitutional-state/src/lib.rs:182:        let mut rt1 = ConstitutionalStateRuntime::new();
crates/amun-constitutional-state/src/lib.rs:189:        let rt2 = ConstitutionalStateRuntime::replay(&reversed);
crates/amun-constitutional-state/src/lib.rs:205:impl ConstitutionalStateRuntime {
crates/amun-constitutional-state/src/lib.rs:21:pub struct ConstitutionalStateRuntime {
crates/amun-constitutional-state/src/lib.rs:237:        let replayed = ConstitutionalStateRuntime::replay(records);
crates/amun-constitutional-state/src/lib.rs:250:        let mut rt = ConstitutionalStateRuntime::new();
crates/amun-constitutional-state/src/lib.rs:261:        let mut rt = ConstitutionalStateRuntime::new();
crates/amun-constitutional-state/src/lib.rs:26:impl ConstitutionalStateRuntime {
crates/amun-constitutional-state/src/lib.rs:307:        let mut rt = ConstitutionalStateRuntime::new();
crates/amun-constitutional-state/src/lib.rs:316:        let mut rt = ConstitutionalStateRuntime::new();
crates/amun-constitutional-state/src/lib.rs:325:        let mut rt1 = ConstitutionalStateRuntime::new();
crates/amun-constitutional-state/src/lib.rs:326:        let mut rt2 = ConstitutionalStateRuntime::new();
crates/amun-constitutional-state/src/lib.rs:336:        let mut rt = ConstitutionalStateRuntime::new();
crates/amun-constitutional-state/src/lib.rs:345:        let mut rt1 = ConstitutionalStateRuntime::new();
crates/amun-constitutional-state/src/lib.rs:346:        let mut rt2 = ConstitutionalStateRuntime::new();
crates/amun-constitutional-state/src/lib.rs:356:impl ConstitutionalStateRuntime {
crates/amun-constitutional-state/src/lib.rs:375:        let mut rt = ConstitutionalStateRuntime::new();
crates/amun-constitutional-state/src/lib.rs:378:        let root = ConstitutionalStateRuntime::certificate_merkle_root(std::slice::from_ref(&cert));
crates/amun-constitutional-state/src/lib.rs:380:        let root2 = ConstitutionalStateRuntime::certificate_merkle_root(&[cert]);
crates/amun-constitutional-state/src/lib.rs:387:        let mut rt1 = ConstitutionalStateRuntime::new();
crates/amun-constitutional-state/src/lib.rs:391:        let mut rt2 = ConstitutionalStateRuntime::new();
crates/amun-constitutional-state/src/lib.rs:396:            ConstitutionalStateRuntime::certificate_merkle_root(std::slice::from_ref(&c1));
crates/amun-constitutional-state/src/lib.rs:397:        let root_multi = ConstitutionalStateRuntime::certificate_merkle_root(&[c1, c2]);
crates/amun-constitutional-state/src/lib.rs:414:impl ConstitutionalStateRuntime {
crates/amun-constitutional-state/src/lib.rs:458:        let mut rt1 = ConstitutionalStateRuntime::new();
crates/amun-constitutional-state/src/lib.rs:462:        let mut rt2 = ConstitutionalStateRuntime::new();
crates/amun-constitutional-state/src/lib.rs:467:        let root = ConstitutionalStateRuntime::certificate_merkle_root(&certs);
crates/amun-constitutional-state/src/lib.rs:470:        let proof = ConstitutionalStateRuntime::prove_certificate_inclusion(&certs, &hash).unwrap();
crates/amun-constitutional-state/src/lib.rs:477:        let mut rt1 = ConstitutionalStateRuntime::new();
crates/amun-constitutional-state/src/lib.rs:481:        let mut rt2 = ConstitutionalStateRuntime::new();
crates/amun-constitutional-state/src/lib.rs:489:            ConstitutionalStateRuntime::prove_certificate_inclusion(&certs, &hash).unwrap();
crates/amun-constitutional-state/src/lib.rs:497:        let mut rt = ConstitutionalStateRuntime::new();
crates/amun-constitutional-state/src/lib.rs:503:        let proof = ConstitutionalStateRuntime::prove_certificate_inclusion(&certs, &unknown_hash);
crates/amun-constitutional-state/src/lib.rs:92:impl Default for ConstitutionalStateRuntime {
crates/amun-constitutional-treaties/src/lib.rs:7:pub use treaty::{ConstitutionalTreaty, TreatyStatus, TreatyType};
crates/amun-constitutional-treaties/src/treaty.rs:3:pub struct ConstitutionalTreaty {
crates/amun-constitutional-verifier/src/lib.rs:11:impl Default for ConstitutionalVerifier {
crates/amun-constitutional-verifier/src/lib.rs:17:impl ConstitutionalVerifier {
crates/amun-constitutional-verifier/src/lib.rs:5:// AmunChain Constitutional Verifier
crates/amun-constitutional-verifier/src/lib.rs:9:pub struct ConstitutionalVerifier;
crates/amun-constitutional/src/architectural_invariants.rs:105:/// Constitutional state identity is derived exclusively from
crates/amun-constitutional/src/architectural_invariants.rs:143:/// INVARIANT 10: Constitutional Causal Validity
crates/amun-constitutional/src/architectural_invariants.rs:145:/// Constitutional validity is causally derived, not temporally derived.
crates/amun-constitutional/src/architectural_invariants.rs:153:    "Constitutional validity is causally derived, not temporally derived.";
crates/amun-constitutional/src/architectural_invariants.rs:155:/// INVARIANT 11: Constitutional Proof Sufficiency
crates/amun-constitutional/src/architectural_invariants.rs:157:/// Constitutional admissibility requires sufficient witnesses, not complete
crates/amun-constitutional/src/architectural_invariants.rs:180:/// INVARIANT 13: Constitutional-Operational Domain Separation
crates/amun-constitutional/src/architectural_invariants.rs:183:/// object. Constitutional hashing and operational hashing are separate
crates/amun-constitutional/src/architectural_invariants.rs:187:    "Constitutional and operational hash domains are separate namespaces.";
crates/amun-constitutional/src/architectural_invariants.rs:234:/// CONSEQUENCE: Constitutional truth must be derivable identically
crates/amun-constitutional/src/architectural_invariants.rs:250:/// Constitutional derivability alone defines semantic legitimacy.
crates/amun-constitutional/src/architectural_invariants.rs:324:/// Constitutional evolution must remain derivationally constrained across
crates/amun-constitutional/src/architectural_invariants.rs:345:/// Constitutional truth is not for sale.
crates/amun-constitutional/src/architectural_invariants.rs:392:/// Constitutional translation must preserve sovereignty attribution.
crates/amun-constitutional/src/architectural_invariants.rs:80:    "Constitutional artifacts are immutable. Identity = hash.";
crates/amun-constitutional/src/artifact_graph.rs:107:    pub fn add_edge(&mut self, edge: ArtifactEdge) -> Result<(), ConstitutionalFailure> {
crates/amun-constitutional/src/artifact_graph.rs:109:            return Err(ConstitutionalFailure::new(
crates/amun-constitutional/src/artifact_graph.rs:132:    pub fn verify_all_edges(&self) -> Result<(), ConstitutionalFailure> {
crates/amun-constitutional/src/artifact_graph.rs:135:                return Err(ConstitutionalFailure::new(
crates/amun-constitutional/src/artifact_graph.rs:15:    failure_domain, failure_type, severity, ConstitutionalFailure,
crates/amun-constitutional/src/artifact_graph.rs:17:use crate::kernel_types::ConstitutionalHash;
crates/amun-constitutional/src/artifact_graph.rs:35:        expected: ConstitutionalHash,
crates/amun-constitutional/src/artifact_graph.rs:36:        found: ConstitutionalHash,
crates/amun-constitutional/src/artifact_graph.rs:39:        source_context: ConstitutionalHash,
crates/amun-constitutional/src/artifact_graph.rs:40:        target_context: ConstitutionalHash,
crates/amun-constitutional/src/artifact_graph.rs:61:    pub source_hash: ConstitutionalHash,
crates/amun-constitutional/src/artifact_graph.rs:62:    pub target_hash: ConstitutionalHash,
crates/amun-constitutional/src/artifact_graph.rs:69:        source_hash: ConstitutionalHash,
crates/amun-constitutional/src/artifact_graph.rs:70:        target_hash: ConstitutionalHash,
crates/amun-constitutional/src/artifact_graph.rs:83:        source_hash: ConstitutionalHash,
crates/amun-constitutional/src/artifact_graph.rs:84:        target_hash: ConstitutionalHash,
crates/amun-constitutional/src/canonical_witness.rs:142:        use crate::constitutional_witness::ConstitutionalWitness;
crates/amun-constitutional/src/canonical_witness.rs:147:        let w = ConstitutionalWitness::new(1, 1, 1, [0xAA; 32], [0xAB; 32], entries);
crates/amun-constitutional/src/canonical_witness.rs:155:        use crate::constitutional_witness::ConstitutionalWitness;
crates/amun-constitutional/src/canonical_witness.rs:160:        let w = ConstitutionalWitness::new(1, 1, 1, [0xAA; 32], [0xAB; 32], entries);
crates/amun-constitutional/src/canonical_witness.rs:55:    witness: &crate::constitutional_witness::ConstitutionalWitness,
crates/amun-constitutional/src/canonical_witness.rs:56:) -> crate::constitutional_witness::ConstitutionalWitness {
crates/amun-constitutional/src/canonical_witness.rs:59:    crate::constitutional_witness::ConstitutionalWitness::new(
crates/amun-constitutional/src/causal_edge.rs:110:    fn verify_provenance(&self) -> Result<(), ConstitutionalFailure> {
crates/amun-constitutional/src/causal_edge.rs:112:            return Err(ConstitutionalFailure::new(
crates/amun-constitutional/src/causal_edge.rs:11:    failure_domain, failure_type, severity, ConstitutionalFailure,
crates/amun-constitutional/src/causal_edge.rs:129:        source_hash: ConstitutionalHash,
crates/amun-constitutional/src/causal_edge.rs:130:        target_hash: ConstitutionalHash,
crates/amun-constitutional/src/causal_edge.rs:132:        context_hash: ConstitutionalHash,
crates/amun-constitutional/src/causal_edge.rs:13:use crate::constitutional_hasher::ConstitutionalHasher;
crates/amun-constitutional/src/causal_edge.rs:14:use crate::constitutional_object::{ConstitutionalIdentity, ConstitutionalObject};
crates/amun-constitutional/src/causal_edge.rs:16:use crate::kernel_types::ConstitutionalHash;
crates/amun-constitutional/src/causal_edge.rs:198:            CausalityType::ConstitutionalDependency,
crates/amun-constitutional/src/causal_edge.rs:21:/// valid without source. Hard dependencies (ConstitutionalDependency) mean
crates/amun-constitutional/src/causal_edge.rs:31:    pub edge_hash: ConstitutionalHash,
crates/amun-constitutional/src/causal_edge.rs:34:    pub source_hash: ConstitutionalHash,
crates/amun-constitutional/src/causal_edge.rs:37:    pub target_hash: ConstitutionalHash,
crates/amun-constitutional/src/causal_edge.rs:43:    pub context_hash: ConstitutionalHash,
crates/amun-constitutional/src/causal_edge.rs:46:impl ConstitutionalIdentity for CausalEdge {
crates/amun-constitutional/src/causal_edge.rs:61:impl ConstitutionalObject for CausalEdge {
crates/amun-constitutional/src/causal_edge.rs:62:    fn constitutional_hash(&self) -> ConstitutionalHash {
crates/amun-constitutional/src/causal_edge.rs:63:        let mut h = ConstitutionalHasher::new(hash_domains::DOMAIN_REPLAY_CERTIFICATE);
crates/amun-constitutional/src/causal_edge.rs:75:    fn verify_structure(&self) -> Result<(), ConstitutionalFailure> {
crates/amun-constitutional/src/causal_edge.rs:77:            return Err(ConstitutionalFailure::new(
crates/amun-constitutional/src/causal_edge.rs:86:            return Err(ConstitutionalFailure::new(
crates/amun-constitutional/src/causal_edge.rs:97:    fn verify_semantics(&self) -> Result<(), ConstitutionalFailure> {
crates/amun-constitutional/src/causal_edge.rs:99:            return Err(ConstitutionalFailure::new(
crates/amun-constitutional/src/causality_chain.rs:102:    fn verify_semantics(&self) -> Result<(), ConstitutionalFailure> {
crates/amun-constitutional/src/causality_chain.rs:104:            return Err(ConstitutionalFailure::new(
crates/amun-constitutional/src/causality_chain.rs:115:    fn verify_provenance(&self) -> Result<(), ConstitutionalFailure> {
crates/amun-constitutional/src/causality_chain.rs:117:            return Err(ConstitutionalFailure::new(
crates/amun-constitutional/src/causality_chain.rs:128:    fn verify_constitutional(&self) -> Result<(), ConstitutionalFailure> {
crates/amun-constitutional/src/causality_chain.rs:12:    failure_domain, failure_type, severity, ConstitutionalFailure,
crates/amun-constitutional/src/causality_chain.rs:133:                return Err(ConstitutionalFailure::new(
crates/amun-constitutional/src/causality_chain.rs:145:                return Err(ConstitutionalFailure::new(
crates/amun-constitutional/src/causality_chain.rs:14:use crate::constitutional_hasher::ConstitutionalHasher;
crates/amun-constitutional/src/causality_chain.rs:15:use crate::constitutional_object::{ConstitutionalIdentity, ConstitutionalObject};
crates/amun-constitutional/src/causality_chain.rs:163:        terminal_hash: ConstitutionalHash,
crates/amun-constitutional/src/causality_chain.rs:165:        context_hash: ConstitutionalHash,
crates/amun-constitutional/src/causality_chain.rs:17:use crate::kernel_types::ConstitutionalHash;
crates/amun-constitutional/src/causality_chain.rs:188:    pub fn starts_from(&self, hash: &ConstitutionalHash) -> bool {
crates/amun-constitutional/src/causality_chain.rs:34:    pub chain_hash: ConstitutionalHash,
crates/amun-constitutional/src/causality_chain.rs:37:    pub terminal_hash: ConstitutionalHash,
crates/amun-constitutional/src/causality_chain.rs:43:    pub context_hash: ConstitutionalHash,
crates/amun-constitutional/src/causality_chain.rs:46:impl ConstitutionalIdentity for CausalityChain {
crates/amun-constitutional/src/causality_chain.rs:61:impl ConstitutionalObject for CausalityChain {
crates/amun-constitutional/src/causality_chain.rs:62:    fn constitutional_hash(&self) -> ConstitutionalHash {
crates/amun-constitutional/src/causality_chain.rs:63:        let mut h = ConstitutionalHasher::new(hash_domains::DOMAIN_REPLAY_CERTIFICATE);
crates/amun-constitutional/src/causality_chain.rs:77:    fn verify_structure(&self) -> Result<(), ConstitutionalFailure> {
crates/amun-constitutional/src/causality_chain.rs:79:            return Err(ConstitutionalFailure::new(
crates/amun-constitutional/src/causality_chain.rs:90:                return Err(ConstitutionalFailure::new(
crates/amun-constitutional/src/causality_type.rs:109:        assert!(!CausalityType::ConstitutionalDependency.is_non_causal());
crates/amun-constitutional/src/causality_type.rs:113:        assert!(CausalityType::ConstitutionalDependency.is_hard_dependency());
crates/amun-constitutional/src/causality_type.rs:13:use crate::constitutional_hasher::ConstitutionalHasher;
crates/amun-constitutional/src/causality_type.rs:15:use crate::kernel_types::ConstitutionalHash;
crates/amun-constitutional/src/causality_type.rs:22:    ConstitutionalDependency = 0x01,
crates/amun-constitutional/src/causality_type.rs:58:    pub fn type_hash(&self) -> ConstitutionalHash {
crates/amun-constitutional/src/causality_type.rs:59:        let mut h = ConstitutionalHasher::new(hash_domains::DOMAIN_REPLAY_CERTIFICATE);
crates/amun-constitutional/src/causality_type.rs:68:            CausalityType::ConstitutionalDependency
crates/amun-constitutional/src/causality_type.rs:88:        matches!(self, CausalityType::ConstitutionalDependency)
crates/amun-constitutional/src/causality_type.rs:97:        assert!(CausalityType::ConstitutionalDependency.is_constitutional_dependency());
crates/amun-constitutional/src/certificate_scope.rs:16:use crate::constitutional_hasher::ConstitutionalHasher;
crates/amun-constitutional/src/certificate_scope.rs:18:use crate::kernel_types::ConstitutionalHash;
crates/amun-constitutional/src/certificate_scope.rs:54:    pub context_hash: ConstitutionalHash,
crates/amun-constitutional/src/certificate_scope.rs:56:    /// Constitutional revision this certificate was issued under.
crates/amun-constitutional/src/certificate_scope.rs:63:    pub boundary_hash: ConstitutionalHash,
crates/amun-constitutional/src/certificate_scope.rs:71:    pub fn scope_hash(&self) -> ConstitutionalHash {
crates/amun-constitutional/src/certificate_scope.rs:72:        let mut h = ConstitutionalHasher::new(hash_domains::DOMAIN_REPLAY_CERTIFICATE);
crates/amun-constitutional/src/constitutional_failure.rs:196:    pub fn with_execution_context(mut self, h: ConstitutionalHash) -> Self {
crates/amun-constitutional/src/constitutional_failure.rs:1:use crate::constitutional_hasher::ConstitutionalHasher;
crates/amun-constitutional/src/constitutional_failure.rs:201:    pub fn with_causal_parent(mut self, h: ConstitutionalHash) -> Self {
crates/amun-constitutional/src/constitutional_failure.rs:206:    pub fn with_invariant(mut self, id: u64, lineage: ConstitutionalHash) -> Self {
crates/amun-constitutional/src/constitutional_failure.rs:212:    pub fn with_parent(mut self, parent_hash: ConstitutionalHash) -> Self {
crates/amun-constitutional/src/constitutional_failure.rs:222:    fn m() -> ConstitutionalFailure {
crates/amun-constitutional/src/constitutional_failure.rs:223:        ConstitutionalFailure::new(
crates/amun-constitutional/src/constitutional_failure.rs:241:        let f1 = ConstitutionalFailure::new(
crates/amun-constitutional/src/constitutional_failure.rs:248:        let f2 = ConstitutionalFailure::new(
crates/amun-constitutional/src/constitutional_failure.rs:2:use crate::kernel_types::ConstitutionalHash;
crates/amun-constitutional/src/constitutional_failure.rs:35:pub struct ConstitutionalFailure {
crates/amun-constitutional/src/constitutional_failure.rs:42:    pub failure_hash: ConstitutionalHash,
crates/amun-constitutional/src/constitutional_failure.rs:48:    pub causal_parent_hash: Option<ConstitutionalHash>,
crates/amun-constitutional/src/constitutional_failure.rs:49:    pub execution_context_hash: Option<ConstitutionalHash>,
crates/amun-constitutional/src/constitutional_failure.rs:54:    pub invariant_lineage_root: Option<ConstitutionalHash>,
crates/amun-constitutional/src/constitutional_failure.rs:55:    pub parent_failure_hash: Option<ConstitutionalHash>,
crates/amun-constitutional/src/constitutional_failure.rs:58:impl ConstitutionalFailure {
crates/amun-constitutional/src/constitutional_failure.rs:92:    pub fn constitutional_hash(&self) -> ConstitutionalHash {
crates/amun-constitutional/src/constitutional_failure.rs:93:        let mut h = ConstitutionalHasher::new(crate::hash_domains::DOMAIN_CONSTITUTIONAL_FAILURE);
crates/amun-constitutional/src/constitutional_hasher.rs:100:        let h2 = ConstitutionalHasher::new(b"TYPE_B")
crates/amun-constitutional/src/constitutional_hasher.rs:109:        let h1 = ConstitutionalHasher::new(b"TEST")
crates/amun-constitutional/src/constitutional_hasher.rs:10:impl ConstitutionalHasher {
crates/amun-constitutional/src/constitutional_hasher.rs:114:        let mut hasher = ConstitutionalHasher::new(b"TEST");
crates/amun-constitutional/src/constitutional_hasher.rs:6:pub struct ConstitutionalHasher {
crates/amun-constitutional/src/constitutional_hasher.rs:83:        let h1 = ConstitutionalHasher::new(b"TEST")
crates/amun-constitutional/src/constitutional_hasher.rs:87:        let h2 = ConstitutionalHasher::new(b"TEST")
crates/amun-constitutional/src/constitutional_hasher.rs:96:        let h1 = ConstitutionalHasher::new(b"TYPE_A")
crates/amun-constitutional/src/constitutional_object.rs:11:    fn verify(&self) -> Result<(), ConstitutionalFailure> {
crates/amun-constitutional/src/constitutional_object.rs:1:use crate::constitutional_failure::ConstitutionalFailure;
crates/amun-constitutional/src/constitutional_object.rs:20:pub trait ConstitutionalIdentity {
crates/amun-constitutional/src/constitutional_object.rs:3:pub trait ConstitutionalObject {
crates/amun-constitutional/src/constitutional_object.rs:5:    fn verify_structure(&self) -> Result<(), ConstitutionalFailure>;
crates/amun-constitutional/src/constitutional_object.rs:6:    fn verify_semantics(&self) -> Result<(), ConstitutionalFailure>;
crates/amun-constitutional/src/constitutional_object.rs:7:    fn verify_provenance(&self) -> Result<(), ConstitutionalFailure>;
crates/amun-constitutional/src/constitutional_object.rs:8:    fn verify_constitutional(&self) -> Result<(), ConstitutionalFailure> {
crates/amun-constitutional/src/constitutional_witness.rs:106:impl ConstitutionalObject for ConstitutionalWitness {
crates/amun-constitutional/src/constitutional_witness.rs:107:    fn constitutional_hash(&self) -> ConstitutionalHash {
crates/amun-constitutional/src/constitutional_witness.rs:108:        let mut h = ConstitutionalHasher::new(hash_domains::DOMAIN_REPLAY_CERTIFICATE);
crates/amun-constitutional/src/constitutional_witness.rs:11:    failure_domain, failure_type, severity, ConstitutionalFailure,
crates/amun-constitutional/src/constitutional_witness.rs:125:    fn verify_structure(&self) -> Result<(), ConstitutionalFailure> {
crates/amun-constitutional/src/constitutional_witness.rs:127:            return Err(ConstitutionalFailure::new(
crates/amun-constitutional/src/constitutional_witness.rs:136:            return Err(ConstitutionalFailure::new(
crates/amun-constitutional/src/constitutional_witness.rs:13:use crate::constitutional_hasher::ConstitutionalHasher;
crates/amun-constitutional/src/constitutional_witness.rs:147:    fn verify_semantics(&self) -> Result<(), ConstitutionalFailure> {
crates/amun-constitutional/src/constitutional_witness.rs:149:            return Err(ConstitutionalFailure::new(
crates/amun-constitutional/src/constitutional_witness.rs:14:use crate::constitutional_object::{ConstitutionalIdentity, ConstitutionalObject};
crates/amun-constitutional/src/constitutional_witness.rs:160:    fn verify_provenance(&self) -> Result<(), ConstitutionalFailure> {
crates/amun-constitutional/src/constitutional_witness.rs:162:            return Err(ConstitutionalFailure::new(
crates/amun-constitutional/src/constitutional_witness.rs:16:use crate::kernel_types::ConstitutionalHash;
crates/amun-constitutional/src/constitutional_witness.rs:173:    fn verify_constitutional(&self) -> Result<(), ConstitutionalFailure> {
crates/amun-constitutional/src/constitutional_witness.rs:177:            return Err(ConstitutionalFailure::new(
crates/amun-constitutional/src/constitutional_witness.rs:186:            return Err(ConstitutionalFailure::new(
crates/amun-constitutional/src/constitutional_witness.rs:198:impl ConstitutionalWitness {
crates/amun-constitutional/src/constitutional_witness.rs:1://! ConstitutionalWitness — a formally sufficient constitutional proof surface.
crates/amun-constitutional/src/constitutional_witness.rs:203:        target_artifact_hash: ConstitutionalHash,
crates/amun-constitutional/src/constitutional_witness.rs:204:        context_hash: ConstitutionalHash,
crates/amun-constitutional/src/constitutional_witness.rs:24:    pub artifact_hash: ConstitutionalHash,
crates/amun-constitutional/src/constitutional_witness.rs:261:        let w = ConstitutionalWitness::new(1, 1, 1, [0xDD; 32], [0xAB; 32], entries);
crates/amun-constitutional/src/constitutional_witness.rs:275:        let w = ConstitutionalWitness::new(1, 1, 1, [0xEE; 32], [0xAB; 32], entries);
crates/amun-constitutional/src/constitutional_witness.rs:288:        let w = ConstitutionalWitness::new(1, 1, 1, [0xDD; 32], [0xAB; 32], entries);
crates/amun-constitutional/src/constitutional_witness.rs:296:        let w = ConstitutionalWitness::new(1, 1, 1, [0xDD; 32], [0xAB; 32], vec![]);
crates/amun-constitutional/src/constitutional_witness.rs:303:        let mut w = ConstitutionalWitness::new(1, 1, 1, [0xDD; 32], [0xAB; 32], entries);
crates/amun-constitutional/src/constitutional_witness.rs:315:        let w1 = ConstitutionalWitness::new(1, 1, 1, [0xDD; 32], [0xAB; 32], e1);
crates/amun-constitutional/src/constitutional_witness.rs:320:        let w2 = ConstitutionalWitness::new(1, 1, 1, [0xDD; 32], [0xAB; 32], e2);
crates/amun-constitutional/src/constitutional_witness.rs:32:    pub fn new(artifact_hash: ConstitutionalHash, witness_type: WitnessType) -> Self {
crates/amun-constitutional/src/constitutional_witness.rs:334:        let w1 = ConstitutionalWitness::new(1, 1, 1, [0xDD; 32], [0xAB; 32], e1);
crates/amun-constitutional/src/constitutional_witness.rs:335:        let w2 = ConstitutionalWitness::new(1, 1, 1, [0xDD; 32], [0xAB; 32], e2);
crates/amun-constitutional/src/constitutional_witness.rs:40:    pub fn hard(artifact_hash: ConstitutionalHash) -> Self {
crates/amun-constitutional/src/constitutional_witness.rs:44:    pub fn supporting(artifact_hash: ConstitutionalHash) -> Self {
crates/amun-constitutional/src/constitutional_witness.rs:48:    pub fn audit(artifact_hash: ConstitutionalHash) -> Self {
crates/amun-constitutional/src/constitutional_witness.rs:52:    pub fn elidable(artifact_hash: ConstitutionalHash) -> Self {
crates/amun-constitutional/src/constitutional_witness.rs:66:pub struct ConstitutionalWitness {
crates/amun-constitutional/src/constitutional_witness.rs:73:    pub witness_hash: ConstitutionalHash,
crates/amun-constitutional/src/constitutional_witness.rs:79:    pub target_artifact_hash: ConstitutionalHash,
crates/amun-constitutional/src/constitutional_witness.rs:82:    pub context_hash: ConstitutionalHash,
crates/amun-constitutional/src/constitutional_witness.rs:91:impl ConstitutionalIdentity for ConstitutionalWitness {
crates/amun-constitutional/src/continuation_chain.rs:103:    fn verify_semantics(&self) -> Result<(), ConstitutionalFailure> {
crates/amun-constitutional/src/continuation_chain.rs:105:            return Err(ConstitutionalFailure::new(
crates/amun-constitutional/src/continuation_chain.rs:116:    fn verify_provenance(&self) -> Result<(), ConstitutionalFailure> {
crates/amun-constitutional/src/continuation_chain.rs:118:            return Err(ConstitutionalFailure::new(
crates/amun-constitutional/src/continuation_chain.rs:136:        first_entry_hash: ConstitutionalHash,
crates/amun-constitutional/src/continuation_chain.rs:137:        first_receipt_hash: ConstitutionalHash,
crates/amun-constitutional/src/continuation_chain.rs:138:        context_hash: ConstitutionalHash,
crates/amun-constitutional/src/continuation_chain.rs:139:        inherited_boundary_hash: ConstitutionalHash,
crates/amun-constitutional/src/continuation_chain.rs:13:    failure_domain, failure_type, severity, ConstitutionalFailure,
crates/amun-constitutional/src/continuation_chain.rs:140:        parent_chain_hash: Option<ConstitutionalHash>,
crates/amun-constitutional/src/continuation_chain.rs:15:use crate::constitutional_hasher::ConstitutionalHasher;
crates/amun-constitutional/src/continuation_chain.rs:165:    ) -> Result<(), ConstitutionalFailure> {
crates/amun-constitutional/src/continuation_chain.rs:167:            return Err(ConstitutionalFailure::new(
crates/amun-constitutional/src/continuation_chain.rs:16:use crate::constitutional_object::{ConstitutionalIdentity, ConstitutionalObject};
crates/amun-constitutional/src/continuation_chain.rs:176:            return Err(ConstitutionalFailure::new(
crates/amun-constitutional/src/continuation_chain.rs:18:use crate::kernel_types::ConstitutionalHash;
crates/amun-constitutional/src/continuation_chain.rs:191:    use crate::snapshot::ConstitutionalSnapshot;
crates/amun-constitutional/src/continuation_chain.rs:195:        let s = ConstitutionalSnapshot::new(
crates/amun-constitutional/src/continuation_chain.rs:37:    pub chain_hash: ConstitutionalHash,
crates/amun-constitutional/src/continuation_chain.rs:40:    pub restoration_point_hash: ConstitutionalHash,
crates/amun-constitutional/src/continuation_chain.rs:44:    pub first_entry_after_restoration: ConstitutionalHash,
crates/amun-constitutional/src/continuation_chain.rs:47:    pub first_receipt_after_restoration: ConstitutionalHash,
crates/amun-constitutional/src/continuation_chain.rs:50:    pub context_hash: ConstitutionalHash,
crates/amun-constitutional/src/continuation_chain.rs:53:    pub inherited_boundary_hash: ConstitutionalHash,
crates/amun-constitutional/src/continuation_chain.rs:56:    pub parent_chain_hash: Option<ConstitutionalHash>,
crates/amun-constitutional/src/continuation_chain.rs:59:impl ConstitutionalIdentity for ContinuationChain {
crates/amun-constitutional/src/continuation_chain.rs:74:impl ConstitutionalObject for ContinuationChain {
crates/amun-constitutional/src/continuation_chain.rs:75:    fn constitutional_hash(&self) -> ConstitutionalHash {
crates/amun-constitutional/src/continuation_chain.rs:76:        let mut h = ConstitutionalHasher::new(hash_domains::DOMAIN_REPLAY_CERTIFICATE);
crates/amun-constitutional/src/continuation_chain.rs:90:    fn verify_structure(&self) -> Result<(), ConstitutionalFailure> {
crates/amun-constitutional/src/continuation_chain.rs:92:            return Err(ConstitutionalFailure::new(
crates/amun-constitutional/src/cycle_detection.rs:119:            CausalityType::ConstitutionalDependency,
crates/amun-constitutional/src/cycle_detection.rs:15:        artifact_hash: ConstitutionalHash,
crates/amun-constitutional/src/cycle_detection.rs:18:        cycle_path: Vec<ConstitutionalHash>,
crates/amun-constitutional/src/cycle_detection.rs:36:    let mut all_hashes: Vec<ConstitutionalHash> = Vec::new();
crates/amun-constitutional/src/cycle_detection.rs:79:    all_hashes: &[ConstitutionalHash],
crates/amun-constitutional/src/cycle_detection.rs:7:use crate::kernel_types::ConstitutionalHash;
crates/amun-constitutional/src/cycle_detection.rs:86:            let cycle_path: Vec<ConstitutionalHash> = path[cycle_start..]
crates/amun-constitutional/src/divergence_point.rs:106:    fn verify_semantics(&self) -> Result<(), ConstitutionalFailure> {
crates/amun-constitutional/src/divergence_point.rs:108:            return Err(ConstitutionalFailure::new(
crates/amun-constitutional/src/divergence_point.rs:10:use crate::constitutional_object::{ConstitutionalIdentity, ConstitutionalObject};
crates/amun-constitutional/src/divergence_point.rs:119:    fn verify_provenance(&self) -> Result<(), ConstitutionalFailure> {
crates/amun-constitutional/src/divergence_point.rs:121:            return Err(ConstitutionalFailure::new(
crates/amun-constitutional/src/divergence_point.rs:13:use crate::kernel_types::ConstitutionalHash;
crates/amun-constitutional/src/divergence_point.rs:140:        expected_hash: ConstitutionalHash,
crates/amun-constitutional/src/divergence_point.rs:141:        observed_hash: ConstitutionalHash,
crates/amun-constitutional/src/divergence_point.rs:142:        context_hash: ConstitutionalHash,
crates/amun-constitutional/src/divergence_point.rs:143:        boundary_hash: ConstitutionalHash,
crates/amun-constitutional/src/divergence_point.rs:144:        failure_hash: Option<ConstitutionalHash>,
crates/amun-constitutional/src/divergence_point.rs:145:        parent_divergence_hash: Option<ConstitutionalHash>,
crates/amun-constitutional/src/divergence_point.rs:187:            DivergenceType::ConstitutionalFork,
crates/amun-constitutional/src/divergence_point.rs:204:            DivergenceType::ConstitutionalFork,
crates/amun-constitutional/src/divergence_point.rs:240:            DivergenceType::ConstitutionalFork,
crates/amun-constitutional/src/divergence_point.rs:253:            DivergenceType::ConstitutionalFork,
crates/amun-constitutional/src/divergence_point.rs:29:    pub divergence_hash: ConstitutionalHash,
crates/amun-constitutional/src/divergence_point.rs:38:    pub expected_hash: ConstitutionalHash,
crates/amun-constitutional/src/divergence_point.rs:41:    pub observed_hash: ConstitutionalHash,
crates/amun-constitutional/src/divergence_point.rs:44:    pub context_hash: ConstitutionalHash,
crates/amun-constitutional/src/divergence_point.rs:47:    pub boundary_hash: ConstitutionalHash,
crates/amun-constitutional/src/divergence_point.rs:49:    /// Reference to a ConstitutionalFailure if this divergence produced one.
crates/amun-constitutional/src/divergence_point.rs:50:    pub failure_hash: Option<ConstitutionalHash>,
crates/amun-constitutional/src/divergence_point.rs:53:    pub parent_divergence_hash: Option<ConstitutionalHash>,
crates/amun-constitutional/src/divergence_point.rs:59:impl ConstitutionalIdentity for DivergencePoint {
crates/amun-constitutional/src/divergence_point.rs:74:impl ConstitutionalObject for DivergencePoint {
crates/amun-constitutional/src/divergence_point.rs:75:    fn constitutional_hash(&self) -> ConstitutionalHash {
crates/amun-constitutional/src/divergence_point.rs:76:        let mut h = ConstitutionalHasher::new(hash_domains::DOMAIN_REPLAY_CERTIFICATE);
crates/amun-constitutional/src/divergence_point.rs:7:    failure_domain, failure_type, severity, ConstitutionalFailure,
crates/amun-constitutional/src/divergence_point.rs:93:    fn verify_structure(&self) -> Result<(), ConstitutionalFailure> {
crates/amun-constitutional/src/divergence_point.rs:95:            return Err(ConstitutionalFailure::new(
crates/amun-constitutional/src/divergence_point.rs:9:use crate::constitutional_hasher::ConstitutionalHasher;
crates/amun-constitutional/src/divergence_resolution.rs:100:    fn verify_structure(&self) -> Result<(), ConstitutionalFailure> {
crates/amun-constitutional/src/divergence_resolution.rs:102:            return Err(ConstitutionalFailure::new(
crates/amun-constitutional/src/divergence_resolution.rs:10:use crate::constitutional_object::{ConstitutionalIdentity, ConstitutionalObject};
crates/amun-constitutional/src/divergence_resolution.rs:113:    fn verify_semantics(&self) -> Result<(), ConstitutionalFailure> {
crates/amun-constitutional/src/divergence_resolution.rs:115:            return Err(ConstitutionalFailure::new(
crates/amun-constitutional/src/divergence_resolution.rs:126:    fn verify_provenance(&self) -> Result<(), ConstitutionalFailure> {
crates/amun-constitutional/src/divergence_resolution.rs:128:            return Err(ConstitutionalFailure::new(
crates/amun-constitutional/src/divergence_resolution.rs:12:use crate::kernel_types::ConstitutionalHash;
crates/amun-constitutional/src/divergence_resolution.rs:145:        divergence_hash: ConstitutionalHash,
crates/amun-constitutional/src/divergence_resolution.rs:147:        accepted_lineage_hash: ConstitutionalHash,
crates/amun-constitutional/src/divergence_resolution.rs:148:        superseded_lineage_hash: Option<ConstitutionalHash>,
crates/amun-constitutional/src/divergence_resolution.rs:149:        context_hash: ConstitutionalHash,
crates/amun-constitutional/src/divergence_resolution.rs:150:        failure_hash: Option<ConstitutionalHash>,
crates/amun-constitutional/src/divergence_resolution.rs:151:        parent_resolution_hash: Option<ConstitutionalHash>,
crates/amun-constitutional/src/divergence_resolution.rs:28:    pub fn type_hash(&self) -> ConstitutionalHash {
crates/amun-constitutional/src/divergence_resolution.rs:29:        let mut h = ConstitutionalHasher::new(hash_domains::DOMAIN_REPLAY_CERTIFICATE);
crates/amun-constitutional/src/divergence_resolution.rs:44:    pub resolution_hash: ConstitutionalHash,
crates/amun-constitutional/src/divergence_resolution.rs:47:    pub divergence_hash: ConstitutionalHash,
crates/amun-constitutional/src/divergence_resolution.rs:53:    pub accepted_lineage_hash: ConstitutionalHash,
crates/amun-constitutional/src/divergence_resolution.rs:56:    pub superseded_lineage_hash: Option<ConstitutionalHash>,
crates/amun-constitutional/src/divergence_resolution.rs:59:    pub context_hash: ConstitutionalHash,
crates/amun-constitutional/src/divergence_resolution.rs:62:    pub failure_hash: Option<ConstitutionalHash>,
crates/amun-constitutional/src/divergence_resolution.rs:65:    pub parent_resolution_hash: Option<ConstitutionalHash>,
crates/amun-constitutional/src/divergence_resolution.rs:68:impl ConstitutionalIdentity for DivergenceResolution {
crates/amun-constitutional/src/divergence_resolution.rs:7:    failure_domain, failure_type, severity, ConstitutionalFailure,
crates/amun-constitutional/src/divergence_resolution.rs:83:impl ConstitutionalObject for DivergenceResolution {
crates/amun-constitutional/src/divergence_resolution.rs:84:    fn constitutional_hash(&self) -> ConstitutionalHash {
crates/amun-constitutional/src/divergence_resolution.rs:85:        let mut h = ConstitutionalHasher::new(hash_domains::DOMAIN_REPLAY_CERTIFICATE);
crates/amun-constitutional/src/divergence_resolution.rs:9:use crate::constitutional_hasher::ConstitutionalHasher;
crates/amun-constitutional/src/divergence_type.rs:16:    ConstitutionalFork = 0x01,
crates/amun-constitutional/src/divergence_type.rs:36:    ConstitutionalSupersession = 0x06,
crates/amun-constitutional/src/divergence_type.rs:40:    pub fn type_hash(&self) -> ConstitutionalHash {
crates/amun-constitutional/src/divergence_type.rs:41:        let mut h = ConstitutionalHasher::new(hash_domains::DOMAIN_REPLAY_CERTIFICATE);
crates/amun-constitutional/src/divergence_type.rs:50:            DivergenceType::ConstitutionalFork
crates/amun-constitutional/src/divergence_type.rs:52:                | DivergenceType::ConstitutionalSupersession
crates/amun-constitutional/src/divergence_type.rs:75:        assert!(DivergenceType::ConstitutionalFork.is_admissible());
crates/amun-constitutional/src/divergence_type.rs:77:        assert!(DivergenceType::ConstitutionalSupersession.is_admissible());
crates/amun-constitutional/src/divergence_type.rs:7:use crate::constitutional_hasher::ConstitutionalHasher;
crates/amun-constitutional/src/divergence_type.rs:83:        assert!(!DivergenceType::ConstitutionalFork.is_error());
crates/amun-constitutional/src/divergence_type.rs:9:use crate::kernel_types::ConstitutionalHash;
crates/amun-constitutional/src/execution_boundary.rs:107:    fn verify_provenance(&self) -> Result<(), ConstitutionalFailure> {
crates/amun-constitutional/src/execution_boundary.rs:109:            return Err(ConstitutionalFailure::new(
crates/amun-constitutional/src/execution_boundary.rs:29:impl ConstitutionalIdentity for ExecutionBoundary {
crates/amun-constitutional/src/execution_boundary.rs:2:    failure_domain, failure_type, severity, ConstitutionalFailure,
crates/amun-constitutional/src/execution_boundary.rs:44:impl ConstitutionalObject for ExecutionBoundary {
crates/amun-constitutional/src/execution_boundary.rs:46:        let mut h = ConstitutionalHasher::new(crate::hash_domains::DOMAIN_EXECUTION_BOUNDARY);
crates/amun-constitutional/src/execution_boundary.rs:4:use crate::constitutional_hasher::ConstitutionalHasher;
crates/amun-constitutional/src/execution_boundary.rs:5:use crate::constitutional_object::{ConstitutionalIdentity, ConstitutionalObject};
crates/amun-constitutional/src/execution_boundary.rs:63:    fn verify_structure(&self) -> Result<(), ConstitutionalFailure> {
crates/amun-constitutional/src/execution_boundary.rs:65:            return Err(ConstitutionalFailure::new(
crates/amun-constitutional/src/execution_boundary.rs:74:            return Err(ConstitutionalFailure::new(
crates/amun-constitutional/src/execution_boundary.rs:84:                return Err(ConstitutionalFailure::new(
crates/amun-constitutional/src/execution_boundary.rs:95:    fn verify_semantics(&self) -> Result<(), ConstitutionalFailure> {
crates/amun-constitutional/src/execution_boundary.rs:97:            return Err(ConstitutionalFailure::new(
crates/amun-constitutional/src/execution_context.rs:22:impl ConstitutionalIdentity for ExecutionContext {
crates/amun-constitutional/src/execution_context.rs:2:    failure_domain, failure_type, severity, ConstitutionalFailure,
crates/amun-constitutional/src/execution_context.rs:37:impl ConstitutionalObject for ExecutionContext {
crates/amun-constitutional/src/execution_context.rs:39:        let mut h = ConstitutionalHasher::new(crate::hash_domains::DOMAIN_EXECUTION_CONTEXT);
crates/amun-constitutional/src/execution_context.rs:4:use crate::constitutional_hasher::ConstitutionalHasher;
crates/amun-constitutional/src/execution_context.rs:50:    fn verify_structure(&self) -> Result<(), ConstitutionalFailure> {
crates/amun-constitutional/src/execution_context.rs:52:            return Err(ConstitutionalFailure::new(
crates/amun-constitutional/src/execution_context.rs:5:use crate::constitutional_object::{ConstitutionalIdentity, ConstitutionalObject};
crates/amun-constitutional/src/execution_context.rs:62:    fn verify_semantics(&self) -> Result<(), ConstitutionalFailure> {
crates/amun-constitutional/src/execution_context.rs:64:            return Err(ConstitutionalFailure::new(
crates/amun-constitutional/src/execution_context.rs:74:    fn verify_provenance(&self) -> Result<(), ConstitutionalFailure> {
crates/amun-constitutional/src/execution_context.rs:76:            return Err(ConstitutionalFailure::new(
crates/amun-constitutional/src/execution_journal.rs:147:impl ConstitutionalIdentity for ExecutionJournal {
crates/amun-constitutional/src/execution_journal.rs:162:impl ConstitutionalObject for ExecutionJournal {
crates/amun-constitutional/src/execution_journal.rs:164:        let mut h = ConstitutionalHasher::new(crate::hash_domains::DOMAIN_EXECUTION_JOURNAL);
crates/amun-constitutional/src/execution_journal.rs:174:    fn verify_structure(&self) -> Result<(), ConstitutionalFailure> {
crates/amun-constitutional/src/execution_journal.rs:176:            return Err(ConstitutionalFailure::new(
crates/amun-constitutional/src/execution_journal.rs:186:    fn verify_semantics(&self) -> Result<(), ConstitutionalFailure> {
crates/amun-constitutional/src/execution_journal.rs:188:            return Err(ConstitutionalFailure::new(
crates/amun-constitutional/src/execution_journal.rs:198:    fn verify_provenance(&self) -> Result<(), ConstitutionalFailure> {
crates/amun-constitutional/src/execution_journal.rs:200:            return Err(ConstitutionalFailure::new(
crates/amun-constitutional/src/execution_journal.rs:230:    pub fn append(&self, entry: &JournalEntry) -> Result<Self, ConstitutionalFailure> {
crates/amun-constitutional/src/execution_journal.rs:233:            return Err(ConstitutionalFailure::new(
crates/amun-constitutional/src/execution_journal.rs:238:                "Constitutional revision mismatch",
crates/amun-constitutional/src/execution_journal.rs:242:            return Err(ConstitutionalFailure::new(
crates/amun-constitutional/src/execution_journal.rs:254:                return Err(ConstitutionalFailure::new(
crates/amun-constitutional/src/execution_journal.rs:25:impl ConstitutionalIdentity for JournalEntry {
crates/amun-constitutional/src/execution_journal.rs:264:            return Err(ConstitutionalFailure::new(
crates/amun-constitutional/src/execution_journal.rs:2:    failure_domain, failure_type, severity, ConstitutionalFailure,
crates/amun-constitutional/src/execution_journal.rs:40:impl ConstitutionalObject for JournalEntry {
crates/amun-constitutional/src/execution_journal.rs:42:        let mut h = ConstitutionalHasher::new(crate::hash_domains::DOMAIN_JOURNAL_ENTRY);
crates/amun-constitutional/src/execution_journal.rs:4:use crate::constitutional_hasher::ConstitutionalHasher;
crates/amun-constitutional/src/execution_journal.rs:54:    fn verify_structure(&self) -> Result<(), ConstitutionalFailure> {
crates/amun-constitutional/src/execution_journal.rs:56:            return Err(ConstitutionalFailure::new(
crates/amun-constitutional/src/execution_journal.rs:5:use crate::constitutional_object::{ConstitutionalIdentity, ConstitutionalObject};
crates/amun-constitutional/src/execution_journal.rs:66:    fn verify_semantics(&self) -> Result<(), ConstitutionalFailure> {
crates/amun-constitutional/src/execution_journal.rs:68:            return Err(ConstitutionalFailure::new(
crates/amun-constitutional/src/execution_journal.rs:78:    fn verify_provenance(&self) -> Result<(), ConstitutionalFailure> {
crates/amun-constitutional/src/execution_journal.rs:80:            return Err(ConstitutionalFailure::new(
crates/amun-constitutional/src/execution_limits.rs:111:    fn e(id: u64, ty: u16, dom: u8, sev: u8, desc: &str) -> ConstitutionalFailure {
crates/amun-constitutional/src/execution_limits.rs:112:        ConstitutionalFailure::new(id, ty, dom, sev, desc)
crates/amun-constitutional/src/execution_limits.rs:114:    pub fn verify_structure(&self) -> Result<(), ConstitutionalFailure> {
crates/amun-constitutional/src/execution_limits.rs:126:    pub fn verify_semantics(&self) -> Result<(), ConstitutionalFailure> {
crates/amun-constitutional/src/execution_limits.rs:138:    pub fn verify_provenance(&self) -> Result<(), ConstitutionalFailure> {
crates/amun-constitutional/src/execution_limits.rs:150:    pub fn verify_constitutional(&self) -> Result<(), ConstitutionalFailure> {
crates/amun-constitutional/src/execution_limits.rs:180:    pub fn verify(&self) -> Result<(), ConstitutionalFailure> {
crates/amun-constitutional/src/execution_limits.rs:2:    failure_domain, failure_type, severity, ConstitutionalFailure,
crates/amun-constitutional/src/execution_limits.rs:4:use crate::constitutional_hasher::ConstitutionalHasher;
crates/amun-constitutional/src/execution_limits.rs:90:        let mut h = ConstitutionalHasher::new(crate::hash_domains::DOMAIN_EXECUTION_LIMITS);
crates/amun-constitutional/src/execution_receipt.rs:102:impl ConstitutionalObject for ExecutionReceipt {
crates/amun-constitutional/src/execution_receipt.rs:103:    fn constitutional_hash(&self) -> ConstitutionalHash {
crates/amun-constitutional/src/execution_receipt.rs:104:        let mut h = ConstitutionalHasher::new(DOMAIN_EXECUTION_RECEIPT);
crates/amun-constitutional/src/execution_receipt.rs:120:    fn verify_structure(&self) -> Result<(), ConstitutionalFailure> {
crates/amun-constitutional/src/execution_receipt.rs:122:            return Err(ConstitutionalFailure::new(
crates/amun-constitutional/src/execution_receipt.rs:133:    fn verify_semantics(&self) -> Result<(), ConstitutionalFailure> {
crates/amun-constitutional/src/execution_receipt.rs:135:            return Err(ConstitutionalFailure::new(
crates/amun-constitutional/src/execution_receipt.rs:146:    fn verify_provenance(&self) -> Result<(), ConstitutionalFailure> {
crates/amun-constitutional/src/execution_receipt.rs:148:            return Err(ConstitutionalFailure::new(
crates/amun-constitutional/src/execution_receipt.rs:159:    fn verify_constitutional(&self) -> Result<(), ConstitutionalFailure> {
crates/amun-constitutional/src/execution_receipt.rs:175:        context_hash: ConstitutionalHash,
crates/amun-constitutional/src/execution_receipt.rs:176:        boundary_hash: ConstitutionalHash,
crates/amun-constitutional/src/execution_receipt.rs:177:        commitment_hash: ConstitutionalHash,
crates/amun-constitutional/src/execution_receipt.rs:178:        certificate_hash: ConstitutionalHash,
crates/amun-constitutional/src/execution_receipt.rs:179:        parent_receipt_hash: Option<ConstitutionalHash>,
crates/amun-constitutional/src/execution_receipt.rs:181:        failure_reference: Option<ConstitutionalHash>,
crates/amun-constitutional/src/execution_receipt.rs:20:    failure_domain, failure_type, severity, ConstitutionalFailure,
crates/amun-constitutional/src/execution_receipt.rs:223:        parent: Option<ConstitutionalHash>,
crates/amun-constitutional/src/execution_receipt.rs:22:use crate::constitutional_hasher::ConstitutionalHasher;
crates/amun-constitutional/src/execution_receipt.rs:23:use crate::constitutional_object::{ConstitutionalIdentity, ConstitutionalObject};
crates/amun-constitutional/src/execution_receipt.rs:25:use crate::kernel_types::ConstitutionalHash;
crates/amun-constitutional/src/execution_receipt.rs:278:            ReplayOutcome::ConstitutionalFailure,
crates/amun-constitutional/src/execution_receipt.rs:292:            ReplayOutcome::ConstitutionalFailure,
crates/amun-constitutional/src/execution_receipt.rs:54:    pub receipt_hash: ConstitutionalHash,
crates/amun-constitutional/src/execution_receipt.rs:64:    pub context_hash: ConstitutionalHash,
crates/amun-constitutional/src/execution_receipt.rs:67:    pub boundary_hash: ConstitutionalHash,
crates/amun-constitutional/src/execution_receipt.rs:70:    pub commitment_hash: ConstitutionalHash,
crates/amun-constitutional/src/execution_receipt.rs:73:    pub certificate_hash: ConstitutionalHash,
crates/amun-constitutional/src/execution_receipt.rs:77:    pub parent_receipt_hash: Option<ConstitutionalHash>,
crates/amun-constitutional/src/execution_receipt.rs:79:    /// Constitutional admissibility outcome.
crates/amun-constitutional/src/execution_receipt.rs:82:    /// Reference to a ConstitutionalFailure if outcome is failure.
crates/amun-constitutional/src/execution_receipt.rs:84:    pub failure_reference: Option<ConstitutionalHash>,
crates/amun-constitutional/src/execution_receipt.rs:87:impl ConstitutionalIdentity for ExecutionReceipt {
crates/amun-constitutional/src/hash_domain_registry.rs:10://! with an operational object. Constitutional and operational
crates/amun-constitutional/src/hash_domain_registry.rs:13:/// Constitutional hash domains — IMMUTABLE.
crates/amun-constitutional/src/hash_domains.rs:15:/// Domain: ConstitutionalFailure objects
crates/amun-constitutional/src/kernel_types.rs:15:    pub failure_hash: ConstitutionalHash,
crates/amun-constitutional/src/kernel_types.rs:39:    pub entry_hash: ConstitutionalHash,
crates/amun-constitutional/src/kernel_types.rs:3:pub type ConstitutionalHash = [u8; 32];
crates/amun-constitutional/src/lib.rs:104:pub use constitutional_failure::{failure_domain, failure_type, severity, ConstitutionalFailure};
crates/amun-constitutional/src/lib.rs:105:pub use constitutional_hasher::ConstitutionalHasher;
crates/amun-constitutional/src/lib.rs:106:pub use constitutional_object::{ConstitutionalIdentity, ConstitutionalObject};
crates/amun-constitutional/src/lib.rs:107:pub use constitutional_witness::{ConstitutionalWitness, WitnessEntry};
crates/amun-constitutional/src/lib.rs:126:pub use snapshot::ConstitutionalSnapshot;
crates/amun-constitutional/src/lib.rs:128:pub use state_anchor::ConstitutionalStateAnchor;
crates/amun-constitutional/src/replay_certificate.rs:101:    fn verify_provenance(&self) -> Result<(), ConstitutionalFailure> {
crates/amun-constitutional/src/replay_certificate.rs:103:            return Err(ConstitutionalFailure::new(
crates/amun-constitutional/src/replay_certificate.rs:114:    fn verify_constitutional(&self) -> Result<(), ConstitutionalFailure> {
crates/amun-constitutional/src/replay_certificate.rs:118:            return Err(ConstitutionalFailure::new(
crates/amun-constitutional/src/replay_certificate.rs:11:use crate::constitutional_hasher::ConstitutionalHasher;
crates/amun-constitutional/src/replay_certificate.rs:12:use crate::constitutional_object::{ConstitutionalIdentity, ConstitutionalObject};
crates/amun-constitutional/src/replay_certificate.rs:137:        context_hash: ConstitutionalHash,
crates/amun-constitutional/src/replay_certificate.rs:138:        boundary_hash: ConstitutionalHash,
crates/amun-constitutional/src/replay_certificate.rs:140:        journal_root: ConstitutionalHash,
crates/amun-constitutional/src/replay_certificate.rs:141:        state_root: ConstitutionalHash,
crates/amun-constitutional/src/replay_certificate.rs:142:        parent_certificate_hash: Option<ConstitutionalHash>,
crates/amun-constitutional/src/replay_certificate.rs:14:use crate::kernel_types::ConstitutionalHash;
crates/amun-constitutional/src/replay_certificate.rs:180:    ) -> Result<(), ConstitutionalFailure> {
crates/amun-constitutional/src/replay_certificate.rs:183:            Err(_) => Err(ConstitutionalFailure::new(
crates/amun-constitutional/src/replay_certificate.rs:204:        parent: Option<ConstitutionalHash>,
crates/amun-constitutional/src/replay_certificate.rs:24:    pub certificate_hash: ConstitutionalHash,
crates/amun-constitutional/src/replay_certificate.rs:26:    pub journal_root: ConstitutionalHash,
crates/amun-constitutional/src/replay_certificate.rs:27:    pub state_root: ConstitutionalHash,
crates/amun-constitutional/src/replay_certificate.rs:28:    pub parent_certificate_hash: Option<ConstitutionalHash>,
crates/amun-constitutional/src/replay_certificate.rs:32:impl ConstitutionalIdentity for ReplayCertificate {
crates/amun-constitutional/src/replay_certificate.rs:47:impl ConstitutionalObject for ReplayCertificate {
crates/amun-constitutional/src/replay_certificate.rs:48:    fn constitutional_hash(&self) -> ConstitutionalHash {
crates/amun-constitutional/src/replay_certificate.rs:49:        let mut h = ConstitutionalHasher::new(DOMAIN_REPLAY_CERTIFICATE);
crates/amun-constitutional/src/replay_certificate.rs:66:    fn verify_structure(&self) -> Result<(), ConstitutionalFailure> {
crates/amun-constitutional/src/replay_certificate.rs:68:            return Err(ConstitutionalFailure::new(
crates/amun-constitutional/src/replay_certificate.rs:77:            return Err(ConstitutionalFailure::new(
crates/amun-constitutional/src/replay_certificate.rs:88:    fn verify_semantics(&self) -> Result<(), ConstitutionalFailure> {
crates/amun-constitutional/src/replay_certificate.rs:90:            return Err(ConstitutionalFailure::new(
crates/amun-constitutional/src/replay_certificate.rs:9:    failure_domain, failure_type, severity, ConstitutionalFailure,
crates/amun-constitutional/src/replay_outcome.rs:26:    ConstitutionalFailure = 0x04,
crates/amun-constitutional/src/replay_outcome.rs:32:    pub fn outcome_hash(&self) -> ConstitutionalHash {
crates/amun-constitutional/src/replay_outcome.rs:33:        let mut h = ConstitutionalHasher::new(crate::hash_domains::DOMAIN_REPLAY_OUTCOME);
crates/amun-constitutional/src/replay_outcome.rs:74:        assert!(!ReplayOutcome::ConstitutionalFailure.is_admitted());
crates/amun-constitutional/src/replay_outcome.rs:7:use crate::constitutional_hasher::ConstitutionalHasher;
crates/amun-constitutional/src/replay_outcome.rs:82:        assert!(ReplayOutcome::ConstitutionalFailure.is_failure());
crates/amun-constitutional/src/replay_outcome.rs:8:use crate::kernel_types::ConstitutionalHash;
crates/amun-constitutional/src/restoration_point.rs:103:    fn verify_semantics(&self) -> Result<(), ConstitutionalFailure> {
crates/amun-constitutional/src/restoration_point.rs:105:            return Err(ConstitutionalFailure::new(
crates/amun-constitutional/src/restoration_point.rs:10:    failure_domain, failure_type, severity, ConstitutionalFailure,
crates/amun-constitutional/src/restoration_point.rs:116:    fn verify_provenance(&self) -> Result<(), ConstitutionalFailure> {
crates/amun-constitutional/src/restoration_point.rs:118:            return Err(ConstitutionalFailure::new(
crates/amun-constitutional/src/restoration_point.rs:12:use crate::constitutional_hasher::ConstitutionalHasher;
crates/amun-constitutional/src/restoration_point.rs:135:        snapshot: &ConstitutionalSnapshot,
crates/amun-constitutional/src/restoration_point.rs:136:        context_hash: ConstitutionalHash,
crates/amun-constitutional/src/restoration_point.rs:137:        boundary_hash: ConstitutionalHash,
crates/amun-constitutional/src/restoration_point.rs:138:        preceding_entry_hash: Option<ConstitutionalHash>,
crates/amun-constitutional/src/restoration_point.rs:139:        parent_restoration_hash: Option<ConstitutionalHash>,
crates/amun-constitutional/src/restoration_point.rs:13:use crate::constitutional_object::{ConstitutionalIdentity, ConstitutionalObject};
crates/amun-constitutional/src/restoration_point.rs:15:use crate::kernel_types::ConstitutionalHash;
crates/amun-constitutional/src/restoration_point.rs:163:    pub fn is_valid_restoration(&self, snapshot: &ConstitutionalSnapshot) -> bool {
crates/amun-constitutional/src/restoration_point.rs:16:use crate::snapshot::ConstitutionalSnapshot;
crates/amun-constitutional/src/restoration_point.rs:171:    use crate::snapshot::ConstitutionalSnapshot;
crates/amun-constitutional/src/restoration_point.rs:174:    fn make_snapshot() -> ConstitutionalSnapshot {
crates/amun-constitutional/src/restoration_point.rs:175:        ConstitutionalSnapshot::new(
crates/amun-constitutional/src/restoration_point.rs:32:    pub point_hash: ConstitutionalHash,
crates/amun-constitutional/src/restoration_point.rs:35:    pub snapshot_hash: ConstitutionalHash,
crates/amun-constitutional/src/restoration_point.rs:38:    pub anchor_hash: ConstitutionalHash,
crates/amun-constitutional/src/restoration_point.rs:45:    pub context_hash: ConstitutionalHash,
crates/amun-constitutional/src/restoration_point.rs:48:    pub boundary_hash: ConstitutionalHash,
crates/amun-constitutional/src/restoration_point.rs:52:    pub preceding_entry_hash: Option<ConstitutionalHash>,
crates/amun-constitutional/src/restoration_point.rs:55:    pub parent_restoration_hash: Option<ConstitutionalHash>,
crates/amun-constitutional/src/restoration_point.rs:58:impl ConstitutionalIdentity for RestorationPoint {
crates/amun-constitutional/src/restoration_point.rs:73:impl ConstitutionalObject for RestorationPoint {
crates/amun-constitutional/src/restoration_point.rs:74:    fn constitutional_hash(&self) -> ConstitutionalHash {
crates/amun-constitutional/src/restoration_point.rs:75:        let mut h = ConstitutionalHasher::new(hash_domains::DOMAIN_REPLAY_CERTIFICATE);
crates/amun-constitutional/src/restoration_point.rs:90:    fn verify_structure(&self) -> Result<(), ConstitutionalFailure> {
crates/amun-constitutional/src/restoration_point.rs:92:            return Err(ConstitutionalFailure::new(
crates/amun-constitutional/src/revision_migration.rs:100:        migration_path_hash: ConstitutionalHash,
crates/amun-constitutional/src/revision_migration.rs:41:    pub governance_action_hash: ConstitutionalHash,
crates/amun-constitutional/src/revision_migration.rs:51:        governance_action_hash: ConstitutionalHash,
crates/amun-constitutional/src/revision_migration.rs:87:    pub original_hash: ConstitutionalHash,
crates/amun-constitutional/src/revision_migration.rs:89:    pub migrated_hash: ConstitutionalHash,
crates/amun-constitutional/src/revision_migration.rs:91:    pub migration_path_hash: ConstitutionalHash,
crates/amun-constitutional/src/revision_migration.rs:98:        original_hash: ConstitutionalHash,
crates/amun-constitutional/src/revision_migration.rs:99:        migrated_hash: ConstitutionalHash,
crates/amun-constitutional/src/revision_migration.rs:9:use crate::kernel_types::ConstitutionalHash;
crates/amun-constitutional/src/schema_registry.rs:17:    /// Constitutional core objects (0x0001 - 0x00FF)
crates/amun-constitutional/src/schema_registry.rs:44:/// Constitutional core schema IDs — IMMUTABLE.
crates/amun-constitutional/src/schema_registry.rs:51:    /// ConstitutionalFailure
crates/amun-constitutional/src/schema_registry.rs:71:    /// ConstitutionalStateAnchor
crates/amun-constitutional/src/schema_registry.rs:73:    /// ConstitutionalSnapshot
crates/amun-constitutional/src/schema_registry.rs:83:    /// CausalEdge — FIXED: was 0x0014 colliding with ConstitutionalWitness
crates/amun-constitutional/src/schema_registry.rs:85:    /// ConstitutionalWitness — FIXED: now 0x0015 (was 0x0014)
crates/amun-constitutional/src/snapshot.rs:104:    fn verify_structure(&self) -> Result<(), ConstitutionalFailure> {
crates/amun-constitutional/src/snapshot.rs:106:            return Err(ConstitutionalFailure::new(
crates/amun-constitutional/src/snapshot.rs:115:            return Err(ConstitutionalFailure::new(
crates/amun-constitutional/src/snapshot.rs:126:    fn verify_semantics(&self) -> Result<(), ConstitutionalFailure> {
crates/amun-constitutional/src/snapshot.rs:128:            return Err(ConstitutionalFailure::new(
crates/amun-constitutional/src/snapshot.rs:139:    fn verify_provenance(&self) -> Result<(), ConstitutionalFailure> {
crates/amun-constitutional/src/snapshot.rs:141:            return Err(ConstitutionalFailure::new(
crates/amun-constitutional/src/snapshot.rs:152:    fn verify_constitutional(&self) -> Result<(), ConstitutionalFailure> {
crates/amun-constitutional/src/snapshot.rs:156:            return Err(ConstitutionalFailure::new(
crates/amun-constitutional/src/snapshot.rs:15:    failure_domain, failure_type, severity, ConstitutionalFailure,
crates/amun-constitutional/src/snapshot.rs:166:            return Err(ConstitutionalFailure::new(
crates/amun-constitutional/src/snapshot.rs:178:impl ConstitutionalSnapshot {
crates/amun-constitutional/src/snapshot.rs:17:use crate::constitutional_hasher::ConstitutionalHasher;
crates/amun-constitutional/src/snapshot.rs:185:        anchor_hash: ConstitutionalHash,
crates/amun-constitutional/src/snapshot.rs:186:        context_hash: ConstitutionalHash,
crates/amun-constitutional/src/snapshot.rs:187:        boundary_hash: ConstitutionalHash,
crates/amun-constitutional/src/snapshot.rs:189:        certificate_hash: ConstitutionalHash,
crates/amun-constitutional/src/snapshot.rs:18:use crate::constitutional_object::{ConstitutionalIdentity, ConstitutionalObject};
crates/amun-constitutional/src/snapshot.rs:190:        parent_snapshot_hash: Option<ConstitutionalHash>,
crates/amun-constitutional/src/snapshot.rs:1://! ConstitutionalSnapshot — constitutionally restorable replay surface.
crates/amun-constitutional/src/snapshot.rs:20:use crate::kernel_types::ConstitutionalHash;
crates/amun-constitutional/src/snapshot.rs:227:        parent: &ConstitutionalSnapshot,
crates/amun-constitutional/src/snapshot.rs:228:    ) -> Result<(), ConstitutionalFailure> {
crates/amun-constitutional/src/snapshot.rs:231:            Err(_) => Err(ConstitutionalFailure::new(
crates/amun-constitutional/src/snapshot.rs:252:        parent: Option<ConstitutionalHash>,
crates/amun-constitutional/src/snapshot.rs:253:    ) -> ConstitutionalSnapshot {
crates/amun-constitutional/src/snapshot.rs:254:        ConstitutionalSnapshot::new(
crates/amun-constitutional/src/snapshot.rs:325:        let c = ConstitutionalSnapshot::new(
crates/amun-constitutional/src/snapshot.rs:39:pub struct ConstitutionalSnapshot {
crates/amun-constitutional/src/snapshot.rs:46:    pub snapshot_hash: ConstitutionalHash,
crates/amun-constitutional/src/snapshot.rs:52:    pub anchor_hash: ConstitutionalHash,
crates/amun-constitutional/src/snapshot.rs:55:    pub certificate_hash: ConstitutionalHash,
crates/amun-constitutional/src/snapshot.rs:58:    pub parent_snapshot_hash: Option<ConstitutionalHash>,
crates/amun-constitutional/src/snapshot.rs:64:impl ConstitutionalIdentity for ConstitutionalSnapshot {
crates/amun-constitutional/src/snapshot.rs:79:impl ConstitutionalObject for ConstitutionalSnapshot {
crates/amun-constitutional/src/snapshot.rs:80:    fn constitutional_hash(&self) -> ConstitutionalHash {
crates/amun-constitutional/src/snapshot.rs:81:        let mut h = ConstitutionalHasher::new(hash_domains::DOMAIN_REPLAY_CERTIFICATE);
crates/amun-constitutional/src/snapshot_scope.rs:18:use crate::constitutional_hasher::ConstitutionalHasher;
crates/amun-constitutional/src/snapshot_scope.rs:20:use crate::kernel_types::ConstitutionalHash;
crates/amun-constitutional/src/snapshot_scope.rs:47:    ConstitutionallySuperseded = 0x04,
crates/amun-constitutional/src/snapshot_scope.rs:54:    pub fn outcome_hash(&self) -> ConstitutionalHash {
crates/amun-constitutional/src/snapshot_scope.rs:55:        let mut h = ConstitutionalHasher::new(hash_domains::DOMAIN_REPLAY_CERTIFICATE);
crates/amun-constitutional/src/snapshot_scope.rs:74:    pub anchor_hash: ConstitutionalHash,
crates/amun-constitutional/src/snapshot_scope.rs:76:    pub context_hash: ConstitutionalHash,
crates/amun-constitutional/src/snapshot_scope.rs:77:    /// Constitutional revision active for this scope.
crates/amun-constitutional/src/snapshot_scope.rs:82:    pub boundary_hash: ConstitutionalHash,
crates/amun-constitutional/src/snapshot_scope.rs:88:    pub fn scope_hash(&self) -> ConstitutionalHash {
crates/amun-constitutional/src/snapshot_scope.rs:89:        let mut h = ConstitutionalHasher::new(hash_domains::DOMAIN_REPLAY_CERTIFICATE);
crates/amun-constitutional/src/state_anchor.rs:100:            return Err(ConstitutionalFailure::new(
crates/amun-constitutional/src/state_anchor.rs:109:            return Err(ConstitutionalFailure::new(
crates/amun-constitutional/src/state_anchor.rs:120:    fn verify_semantics(&self) -> Result<(), ConstitutionalFailure> {
crates/amun-constitutional/src/state_anchor.rs:122:            return Err(ConstitutionalFailure::new(
crates/amun-constitutional/src/state_anchor.rs:133:    fn verify_provenance(&self) -> Result<(), ConstitutionalFailure> {
crates/amun-constitutional/src/state_anchor.rs:135:            return Err(ConstitutionalFailure::new(
crates/amun-constitutional/src/state_anchor.rs:146:    fn verify_constitutional(&self) -> Result<(), ConstitutionalFailure> {
crates/amun-constitutional/src/state_anchor.rs:14://!   Constitutional state identity is derived exclusively from deterministic
crates/amun-constitutional/src/state_anchor.rs:150:            return Err(ConstitutionalFailure::new(
crates/amun-constitutional/src/state_anchor.rs:162:impl ConstitutionalStateAnchor {
crates/amun-constitutional/src/state_anchor.rs:169:        state_root: ConstitutionalHash,
crates/amun-constitutional/src/state_anchor.rs:170:        context_hash: ConstitutionalHash,
crates/amun-constitutional/src/state_anchor.rs:171:        boundary_hash: ConstitutionalHash,
crates/amun-constitutional/src/state_anchor.rs:172:        certificate_hash: ConstitutionalHash,
crates/amun-constitutional/src/state_anchor.rs:173:        journal_root: ConstitutionalHash,
crates/amun-constitutional/src/state_anchor.rs:174:        parent_anchor_hash: Option<ConstitutionalHash>,
crates/amun-constitutional/src/state_anchor.rs:19:    failure_domain, failure_type, severity, ConstitutionalFailure,
crates/amun-constitutional/src/state_anchor.rs:1://! ConstitutionalStateAnchor — immutable, replay-derived state attestation.
crates/amun-constitutional/src/state_anchor.rs:203:    pub fn state_root(&self) -> ConstitutionalHash {
crates/amun-constitutional/src/state_anchor.rs:210:        parent: &ConstitutionalStateAnchor,
crates/amun-constitutional/src/state_anchor.rs:211:    ) -> Result<(), ConstitutionalFailure> {
crates/amun-constitutional/src/state_anchor.rs:214:            Err(_) => Err(ConstitutionalFailure::new(
crates/amun-constitutional/src/state_anchor.rs:21:use crate::constitutional_hasher::ConstitutionalHasher;
crates/amun-constitutional/src/state_anchor.rs:22:use crate::constitutional_object::{ConstitutionalIdentity, ConstitutionalObject};
crates/amun-constitutional/src/state_anchor.rs:234:        parent: Option<ConstitutionalHash>,
crates/amun-constitutional/src/state_anchor.rs:235:    ) -> ConstitutionalStateAnchor {
crates/amun-constitutional/src/state_anchor.rs:236:        ConstitutionalStateAnchor::new(
crates/amun-constitutional/src/state_anchor.rs:24:use crate::kernel_types::ConstitutionalHash;
crates/amun-constitutional/src/state_anchor.rs:281:        let c = ConstitutionalStateAnchor::new(
crates/amun-constitutional/src/state_anchor.rs:34:pub struct ConstitutionalStateAnchor {
crates/amun-constitutional/src/state_anchor.rs:41:    pub anchor_hash: ConstitutionalHash,
crates/amun-constitutional/src/state_anchor.rs:47:    pub certificate_hash: ConstitutionalHash,
crates/amun-constitutional/src/state_anchor.rs:50:    pub journal_root: ConstitutionalHash,
crates/amun-constitutional/src/state_anchor.rs:53:    pub parent_anchor_hash: Option<ConstitutionalHash>,
crates/amun-constitutional/src/state_anchor.rs:59:impl ConstitutionalIdentity for ConstitutionalStateAnchor {
crates/amun-constitutional/src/state_anchor.rs:74:impl ConstitutionalObject for ConstitutionalStateAnchor {
crates/amun-constitutional/src/state_anchor.rs:75:    fn constitutional_hash(&self) -> ConstitutionalHash {
crates/amun-constitutional/src/state_anchor.rs:76:        let mut h = ConstitutionalHasher::new(hash_domains::DOMAIN_REPLAY_CERTIFICATE);
crates/amun-constitutional/src/state_anchor.rs:98:    fn verify_structure(&self) -> Result<(), ConstitutionalFailure> {
crates/amun-constitutional/src/state_anchor_scope.rs:15:use crate::constitutional_hasher::ConstitutionalHasher;
crates/amun-constitutional/src/state_anchor_scope.rs:17:use crate::kernel_types::ConstitutionalHash;
crates/amun-constitutional/src/state_anchor_scope.rs:45:    pub state_root: ConstitutionalHash,
crates/amun-constitutional/src/state_anchor_scope.rs:47:    pub context_hash: ConstitutionalHash,
crates/amun-constitutional/src/state_anchor_scope.rs:48:    /// Constitutional revision active for this scope.
crates/amun-constitutional/src/state_anchor_scope.rs:53:    pub boundary_hash: ConstitutionalHash,
crates/amun-constitutional/src/state_anchor_scope.rs:57:    pub fn scope_hash(&self) -> ConstitutionalHash {
crates/amun-constitutional/src/state_anchor_scope.rs:58:        let mut h = ConstitutionalHasher::new(hash_domains::DOMAIN_REPLAY_CERTIFICATE);
crates/amun-constitutional/src/transition_commitment.rs:23:impl ConstitutionalIdentity for TransitionCommitment {
crates/amun-constitutional/src/transition_commitment.rs:2:    failure_domain, failure_type, severity, ConstitutionalFailure,
crates/amun-constitutional/src/transition_commitment.rs:38:impl ConstitutionalObject for TransitionCommitment {
crates/amun-constitutional/src/transition_commitment.rs:40:        let mut h = ConstitutionalHasher::new(crate::hash_domains::DOMAIN_TRANSITION_COMMITMENT);
crates/amun-constitutional/src/transition_commitment.rs:4:use crate::constitutional_hasher::ConstitutionalHasher;
crates/amun-constitutional/src/transition_commitment.rs:52:    fn verify_structure(&self) -> Result<(), ConstitutionalFailure> {
crates/amun-constitutional/src/transition_commitment.rs:54:            return Err(ConstitutionalFailure::new(
crates/amun-constitutional/src/transition_commitment.rs:5:use crate::constitutional_object::{ConstitutionalIdentity, ConstitutionalObject};
crates/amun-constitutional/src/transition_commitment.rs:64:    fn verify_semantics(&self) -> Result<(), ConstitutionalFailure> {
crates/amun-constitutional/src/transition_commitment.rs:66:            return Err(ConstitutionalFailure::new(
crates/amun-constitutional/src/transition_commitment.rs:76:    fn verify_provenance(&self) -> Result<(), ConstitutionalFailure> {
crates/amun-constitutional/src/transition_commitment.rs:78:            return Err(ConstitutionalFailure::new(
crates/amun-constitutional/src/transition_evidence.rs:26:impl ConstitutionalIdentity for TransitionEvidence {
crates/amun-constitutional/src/transition_evidence.rs:2:    failure_domain, failure_type, severity, ConstitutionalFailure,
crates/amun-constitutional/src/transition_evidence.rs:41:impl ConstitutionalObject for TransitionEvidence {
crates/amun-constitutional/src/transition_evidence.rs:43:        let mut h = ConstitutionalHasher::new(crate::hash_domains::DOMAIN_TRANSITION_EVIDENCE);
crates/amun-constitutional/src/transition_evidence.rs:4:use crate::constitutional_hasher::ConstitutionalHasher;
crates/amun-constitutional/src/transition_evidence.rs:55:    fn verify_structure(&self) -> Result<(), ConstitutionalFailure> {
crates/amun-constitutional/src/transition_evidence.rs:57:            return Err(ConstitutionalFailure::new(
crates/amun-constitutional/src/transition_evidence.rs:5:use crate::constitutional_object::{ConstitutionalIdentity, ConstitutionalObject};
crates/amun-constitutional/src/transition_evidence.rs:67:    fn verify_semantics(&self) -> Result<(), ConstitutionalFailure> {
crates/amun-constitutional/src/transition_evidence.rs:69:            return Err(ConstitutionalFailure::new(
crates/amun-constitutional/src/transition_evidence.rs:79:    fn verify_provenance(&self) -> Result<(), ConstitutionalFailure> {
crates/amun-constitutional/src/transition_evidence.rs:81:            return Err(ConstitutionalFailure::new(
crates/amun-constitutional/src/witness_type.rs:35:    pub fn type_hash(&self) -> ConstitutionalHash {
crates/amun-constitutional/src/witness_type.rs:36:        let mut h = ConstitutionalHasher::new(hash_domains::DOMAIN_REPLAY_CERTIFICATE);
crates/amun-constitutional/src/witness_type.rs:7:use crate::constitutional_hasher::ConstitutionalHasher;
crates/amun-constitutional/src/witness_type.rs:9:use crate::kernel_types::ConstitutionalHash;
crates/amun-contract-integration/src/lib.rs:19:        let program = ConstitutionalProgram::new(1, 0, 0, code);
crates/amun-contract-integration/src/lib.rs:1:use amun_bytecode::ConstitutionalProgram;
crates/amun-contract-integration/src/lib.rs:59:        // Create a ConstitutionalProgram for execution
crates/amun-contract-integration/src/lib.rs:60:        let program = ConstitutionalProgram::new(1, 0, 0, code);
crates/amun-contract-integration/tests/n167_contract_integration_tests.rs:19:    let program = ConstitutionalProgram::new(1, 0, 0, code.clone());
crates/amun-contract-integration/tests/n167_contract_integration_tests.rs:1:use amun_bytecode::{ConstitutionalProgram, OpCode};
crates/amun-contract-upgrade/src/lib.rs:1:use amun_bytecode::{ConstitutionalProgram, OpCode};
crates/amun-contract-upgrade/src/lib.rs:30:        let new_program = ConstitutionalProgram::new(1, 0, 0, new_code);
crates/amun-cross-contract/src/transfer_registry.rs:114:            ConstitutionalEvidence::ConstitutionalViolation { law, .. } => {
crates/amun-cross-contract/src/transfer_registry.rs:28:    ) -> Result<(), Box<ConstitutionalEvidence>> {
crates/amun-cross-contract/src/transfer_registry.rs:30:            return Err(Box::new(ConstitutionalEvidence::ConstitutionalViolation {
crates/amun-cross-contract/src/transfer_registry.rs:3:use amun_evidence_engine::evidence_types::ConstitutionalEvidence;
crates/amun-dual-verification/src/dual_verifier.rs:15:        program: &ConstitutionalProgram,
crates/amun-dual-verification/src/dual_verifier.rs:1:use amun_bytecode::program::ConstitutionalProgram;
crates/amun-dual-verification/src/dual_verifier.rs:24:        let result = ConstitutionalRuntime::execute(
crates/amun-dual-verification/src/dual_verifier.rs:2:use amun_constitutional_runtime::runtime_pipeline::{ConstitutionalRuntime, PipelineResult};
crates/amun-economics/src/fee.rs:12:            FailureContext::new(ConstitutionalFault::ArithmeticOverflow, 0x0012, 0x0010)
crates/amun-economics/src/fee.rs:2:use amun_failure::{AmunResult, ConstitutionalFault, FailureContext};
crates/amun-economics/src/token.rs:28:                ConstitutionalFault::InvalidInput,
crates/amun-economics/src/token.rs:2:use amun_failure::{AmunResult, ConstitutionalFault, FailureContext};
crates/amun-economics/src/token.rs:34:            FailureContext::new(ConstitutionalFault::ArithmeticOverflow, 0x0012, 0x0003)
crates/amun-economics/src/token.rs:42:                ConstitutionalFault::InvalidInput,
crates/amun-economics/src/token.rs:48:            FailureContext::new(ConstitutionalFault::ArithmeticOverflow, 0x0012, 0x0006)
crates/amun-economics/src/token.rs:51:            FailureContext::new(ConstitutionalFault::ArithmeticOverflow, 0x0012, 0x0007)
crates/amun-economics/src/treasury.rs:11:            FailureContext::new(ConstitutionalFault::ArithmeticOverflow, 0x0012, 0x0020)
crates/amun-economics/src/treasury.rs:18:                ConstitutionalFault::InvalidInput,
crates/amun-economics/src/treasury.rs:1:use amun_failure::{AmunResult, ConstitutionalFault, FailureContext};
crates/amun-evidence-engine/src/evidence_archive.rs:17:    pub fn insert(&mut self, evidence: ConstitutionalEvidence) -> [u8; 32] {
crates/amun-evidence-engine/src/evidence_archive.rs:23:    pub fn get(&self, id: &[u8; 32]) -> Option<&ConstitutionalEvidence> {
crates/amun-evidence-engine/src/evidence_archive.rs:31:    pub fn by_category(&self, category: &str) -> Vec<&ConstitutionalEvidence> {
crates/amun-evidence-engine/src/evidence_archive.rs:38:    pub fn violations(&self) -> Vec<&ConstitutionalEvidence> {
crates/amun-evidence-engine/src/evidence_archive.rs:3:use crate::evidence_types::ConstitutionalEvidence;
crates/amun-evidence-engine/src/evidence_archive.rs:41:            .filter(|e| matches!(e, ConstitutionalEvidence::ConstitutionalViolation { .. }))
crates/amun-evidence-engine/src/evidence_archive.rs:45:    pub fn failures(&self) -> Vec<&ConstitutionalEvidence> {
crates/amun-evidence-engine/src/evidence_archive.rs:48:            .filter(|e| matches!(e, ConstitutionalEvidence::ExecutionFailure { .. }))
crates/amun-evidence-engine/src/evidence_archive.rs:9:    records: BTreeMap<[u8; 32], ConstitutionalEvidence>,
crates/amun-evidence-engine/src/evidence_engine.rs:103:        let evidence = ConstitutionalEvidence::ExecutionFailure {
crates/amun-evidence-engine/src/evidence_engine.rs:119:        let e1 = ConstitutionalEvidence::ExecutionFailure {
crates/amun-evidence-engine/src/evidence_engine.rs:126:        let e2 = ConstitutionalEvidence::ExecutionFailure {
crates/amun-evidence-engine/src/evidence_engine.rs:139:        archive.insert(ConstitutionalEvidence::ExecutionFailure {
crates/amun-evidence-engine/src/evidence_engine.rs:146:        archive.insert(ConstitutionalEvidence::ConstitutionalViolation {
crates/amun-evidence-engine/src/evidence_engine.rs:153:        archive.insert(ConstitutionalEvidence::InvariantViolation {
crates/amun-evidence-engine/src/evidence_engine.rs:15:    ) -> ConstitutionalEvidence {
crates/amun-evidence-engine/src/evidence_engine.rs:17:            VMEvidence::ExecutionFailure { reason } => ConstitutionalEvidence::ExecutionFailure {
crates/amun-evidence-engine/src/evidence_engine.rs:24:            VMEvidence::ConstitutionalViolation { law, resource_ids } => {
crates/amun-evidence-engine/src/evidence_engine.rs:25:                ConstitutionalEvidence::ConstitutionalViolation {
crates/amun-evidence-engine/src/evidence_engine.rs:34:                ConstitutionalEvidence::InvariantViolation {
crates/amun-evidence-engine/src/evidence_engine.rs:45:    pub fn archive(evidence: ConstitutionalEvidence, archive: &mut VMEvidenceArchive) -> [u8; 32] {
crates/amun-evidence-engine/src/evidence_engine.rs:5:use crate::evidence_types::ConstitutionalEvidence;
crates/amun-evidence-engine/src/evidence_engine.rs:70:            ConstitutionalEvidence::ExecutionFailure {
crates/amun-evidence-engine/src/evidence_engine.rs:84:        let vm_ev = VMEvidence::ConstitutionalViolation {
crates/amun-evidence-engine/src/evidence_engine.rs:90:            ConstitutionalEvidence::ConstitutionalViolation {
crates/amun-evidence-engine/src/evidence_engine.rs:96:            _ => panic!("Expected ConstitutionalViolation"),
crates/amun-evidence-engine/src/evidence_types.rs:16:    ConstitutionalViolation {
crates/amun-evidence-engine/src/evidence_types.rs:33:impl ConstitutionalEvidence {
crates/amun-evidence-engine/src/evidence_types.rs:44:            Self::ConstitutionalViolation {
crates/amun-evidence-engine/src/evidence_types.rs:6:pub enum ConstitutionalEvidence {
crates/amun-evidence-engine/src/evidence_types.rs:76:            Self::ConstitutionalViolation { .. } => "constitutional_violation",
crates/amun-evidence-engine/src/evidence_types.rs:84:            Self::ExecutionFailure { .. } | Self::ConstitutionalViolation { .. }
crates/amun-evidence-finality/src/evidence_finality.rs:147:        programs: &[(ConstitutionalProgram, ExecutionContext)],
crates/amun-evidence-finality/src/evidence_finality.rs:161:            let result = ConstitutionalRuntime::execute(
crates/amun-evidence-finality/src/evidence_finality.rs:21:    pub evidence: Vec<ConstitutionalEvidence>,
crates/amun-evidence-finality/src/evidence_finality.rs:231:    ) -> Result<ConstitutionalFinalityCertificate, String> {
crates/amun-evidence-finality/src/evidence_finality.rs:256:        Ok(ConstitutionalFinalityCertificate::issue(block, qc))
crates/amun-evidence-finality/src/evidence_finality.rs:26:    pub fn compute_evidence_root(evidence: &[ConstitutionalEvidence]) -> [u8; 32] {
crates/amun-evidence-finality/src/evidence_finality.rs:287:        let program = ConstitutionalProgram::new(1, 0, 0, vec![OpCode::Halt]);
crates/amun-evidence-finality/src/evidence_finality.rs:2:use amun_bytecode::program::ConstitutionalProgram;
crates/amun-evidence-finality/src/evidence_finality.rs:314:        let program = ConstitutionalProgram::new(1, 0, 0, vec![OpCode::Halt]);
crates/amun-evidence-finality/src/evidence_finality.rs:345:        let program = ConstitutionalProgram::new(1, 0, 0, vec![OpCode::Halt]);
crates/amun-evidence-finality/src/evidence_finality.rs:3:use amun_constitutional_runtime::runtime_pipeline::{ConstitutionalRuntime, PipelineResult};
crates/amun-evidence-finality/src/evidence_finality.rs:4:use amun_evidence_engine::evidence_types::ConstitutionalEvidence;
crates/amun-evidence-finality/src/evidence_finality.rs:83:pub struct ConstitutionalFinalityCertificate {
crates/amun-evidence-finality/src/evidence_finality.rs:94:impl ConstitutionalFinalityCertificate {
crates/amun-evolution/src/certificate.rs:18:impl ConstitutionalPhysicsProof {
crates/amun-evolution/src/certificate.rs:72:    pub physics_proof: ConstitutionalPhysicsProof,
crates/amun-evolution/src/certificate.rs:96:        physics_proof: ConstitutionalPhysicsProof,
crates/amun-evolution/src/certificate.rs:9:pub struct ConstitutionalPhysicsProof {
crates/amun-evolution/src/lib.rs:12:    AggregatedSignature, ConstitutionalSignature, SIGNATURE_DOMAIN_ACTIVATION,
crates/amun-evolution/src/lib.rs:15:pub use transition::{ConstitutionalCheckpoint, TransitionResult};
crates/amun-evolution/src/lib.rs:9:pub use certificate::{ConstitutionalPhysicsProof, EvolutionActivationCertificate};
crates/amun-evolution/src/signatures.rs:12:pub struct ConstitutionalSignature {
crates/amun-evolution/src/signatures.rs:1:// Cryptographic Signature Domain for Constitutional Evolution
crates/amun-evolution/src/signatures.rs:20:impl ConstitutionalSignature {
crates/amun-evolution/src/signatures.rs:56:    pub signatures: Vec<ConstitutionalSignature>,
crates/amun-evolution/src/signatures.rs:64:    pub fn new(signatures: Vec<ConstitutionalSignature>, required_quorum: u64) -> Self {
crates/amun-evolution/src/transition.rs:10:pub struct ConstitutionalCheckpoint {
crates/amun-evolution/src/transition.rs:19:impl ConstitutionalCheckpoint {
crates/amun-evolution/src/transition.rs:62:        checkpoint: ConstitutionalCheckpoint,
crates/amun-execution-receipt/src/lib.rs:1://! # Constitutional Execution Receipts
crates/amun-execution-receipt/src/lib.rs:6://! ## Constitutional Invariants
crates/amun-execution-receipt/src/lib.rs:95:            return Err("Constitutional anomaly: state unchanged but execution claims mutation");
crates/amun-execution-receipt/src/lib.rs:98:            return Err("Constitutional anomaly: state mutated but execution claims no mutation");
crates/amun-execution/src/executor.rs:2:use amun_failure::{AmunResult, ConstitutionalFault, FailureContext};
crates/amun-execution/src/lib.rs:7:/// Constitutional execution engine that processes transactions against account state.
crates/amun-experimental-framework/src/main.rs:116:fn workload_halt() -> ConstitutionalProgram {
crates/amun-experimental-framework/src/main.rs:117:    ConstitutionalProgram::new(1, 0, 0, vec![OpCode::Halt])
crates/amun-experimental-framework/src/main.rs:121:fn workload_push10() -> ConstitutionalProgram {
crates/amun-experimental-framework/src/main.rs:122:    ConstitutionalProgram::new(
crates/amun-experimental-framework/src/main.rs:143:fn workload_transform() -> ConstitutionalProgram {
crates/amun-experimental-framework/src/main.rs:144:    ConstitutionalProgram::new(
crates/amun-experimental-framework/src/main.rs:159:fn workload_split() -> ConstitutionalProgram {
crates/amun-experimental-framework/src/main.rs:160:    ConstitutionalProgram::new(
crates/amun-experimental-framework/src/main.rs:195:        let result = ConstitutionalRuntime::execute(
crates/amun-experimental-framework/src/main.rs:232:    let workloads: Vec<(&str, ConstitutionalProgram)> = vec![
crates/amun-experimental-framework/src/main.rs:260:            match ConstitutionalRuntime::execute(
crates/amun-experimental-framework/src/main.rs:277:        let result = ConstitutionalRuntime::execute(
crates/amun-experimental-framework/src/main.rs:2:use amun_bytecode::program::ConstitutionalProgram;
crates/amun-experimental-framework/src/main.rs:356:                let result = ConstitutionalRuntime::execute(
crates/amun-experimental-framework/src/main.rs:3:use amun_constitutional_runtime::runtime_pipeline::{ConstitutionalRuntime, PipelineResult};
crates/amun-experimental-framework/src/main.rs:430:    let workloads: Vec<(&str, ConstitutionalProgram)> = vec![
crates/amun-experimental-framework/src/main.rs:450:            let result = ConstitutionalRuntime::execute(
crates/amun-explorer-api/src/lib.rs:73:    println!("Constitutional Explorer API running on {}", addr);
crates/amun-explorer-api/src/routes/constitutional.rs:12:    ConstitutionalService::list_obligations()
crates/amun-explorer-api/src/routes/constitutional.rs:15:    ConstitutionalService::list_evidence()
crates/amun-explorer-api/src/routes/constitutional.rs:1:use crate::services::constitutional_service::ConstitutionalService;
crates/amun-explorer-api/src/routes/constitutional.rs:20:    ConstitutionalService::get_evidence(&id)
crates/amun-explorer-api/src/routes/constitutional.rs:4:async fn get_dashboard() -> crate::errors::ApiResult<crate::types::ConstitutionalDashboard> {
crates/amun-explorer-api/src/routes/constitutional.rs:5:    ConstitutionalService::get_dashboard()
crates/amun-explorer-api/src/routes/constitutional.rs:7:async fn list_verdicts() -> crate::errors::ApiResult<Vec<crate::types::ConstitutionalVerdictSummary>>
crates/amun-explorer-api/src/routes/constitutional.rs:9:    ConstitutionalService::list_verdicts()
crates/amun-explorer-api/src/services/constitutional_service.rs:25:    pub fn list_verdicts() -> ApiResult<Vec<ConstitutionalVerdictSummary>> {
crates/amun-explorer-api/src/services/constitutional_service.rs:27:            ConstitutionalVerdictSummary {
crates/amun-explorer-api/src/services/constitutional_service.rs:2:use crate::types::{ConstitutionalDashboard, ConstitutionalVerdictSummary, EvidenceRecordSummary};
crates/amun-explorer-api/src/services/constitutional_service.rs:35:            ConstitutionalVerdictSummary {
crates/amun-explorer-api/src/services/constitutional_service.rs:5:pub struct ConstitutionalService;
crates/amun-explorer-api/src/services/constitutional_service.rs:7:impl ConstitutionalService {
crates/amun-explorer-api/src/services/constitutional_service.rs:8:    pub fn get_dashboard() -> ApiResult<ConstitutionalDashboard> {
crates/amun-explorer-api/src/services/constitutional_service.rs:9:        Ok(Json(ConstitutionalDashboard {
crates/amun-explorer-api/src/types.rs:43:pub struct ConstitutionalVerdictSummary {
crates/amun-explorer-api/src/types.rs:62:pub struct ConstitutionalDashboard {
crates/amun-failure/src/kernel_state.rs:10:        fault: ConstitutionalFault,
crates/amun-failure/src/kernel_state.rs:21:    pub fn poison(self, fault: ConstitutionalFault, epoch: u64, round: u64) -> Self {
crates/amun-failure/src/kernel_state.rs:4:use crate::taxonomy::{module_ids, operation_ids, AmunResult, ConstitutionalFault, FailureContext};
crates/amun-failure/src/kernel_state.rs:56:    pub evidence_fault: Option<ConstitutionalFault>,
crates/amun-failure/src/lib.rs:11:    module_ids, operation_ids, AmunResult, ConstitutionalFault, FailureContext, FaultSeverity,
crates/amun-failure/src/taxonomy.rs:136:    pub fault: ConstitutionalFault,
crates/amun-failure/src/taxonomy.rs:142:    pub const fn new(fault: ConstitutionalFault, module_id: u16, operation_id: u16) -> Self {
crates/amun-failure/src/taxonomy.rs:1:// Constitutional fault taxonomy. Every possible failure is classified here.
crates/amun-failure/src/taxonomy.rs:29:    ConstitutionalViolation = 0x6002,
crates/amun-failure/src/taxonomy.rs:44:impl ConstitutionalFault {
crates/amun-failure/src/taxonomy.rs:5:pub enum ConstitutionalFault {
crates/amun-failure/src/taxonomy.rs:84:    Constitution = 0x07,
crates/amun-failure/src/tests.rs:10:    assert!(ConstitutionalFault::ConstitutionalViolation.should_halt());
crates/amun-failure/src/tests.rs:110:        ConstitutionalFault::UnsafeContractViolation,
crates/amun-failure/src/tests.rs:11:    assert!(ConstitutionalFault::InvalidQuorum.should_halt());
crates/amun-failure/src/tests.rs:12:    assert!(ConstitutionalFault::SignatureInvalid.should_halt());
crates/amun-failure/src/tests.rs:13:    assert!(ConstitutionalFault::MerkleProofInvalid.should_halt());
crates/amun-failure/src/tests.rs:14:    assert!(ConstitutionalFault::DurabilityViolation.should_halt());
crates/amun-failure/src/tests.rs:15:    assert!(ConstitutionalFault::JournalHashMismatch.should_halt());
crates/amun-failure/src/tests.rs:16:    assert!(ConstitutionalFault::ArithmeticOverflow.should_halt());
crates/amun-failure/src/tests.rs:17:    assert!(ConstitutionalFault::ArithmeticUnderflow.should_halt());
crates/amun-failure/src/tests.rs:18:    assert!(ConstitutionalFault::DecodeBudgetExceeded.should_halt());
crates/amun-failure/src/tests.rs:19:    assert!(ConstitutionalFault::CryptoBudgetExceeded.should_halt());
crates/amun-failure/src/tests.rs:24:    assert!(!ConstitutionalFault::BufferTooSmall.should_halt());
crates/amun-failure/src/tests.rs:25:    assert!(!ConstitutionalFault::CapacityExceeded.should_halt());
crates/amun-failure/src/tests.rs:26:    assert!(!ConstitutionalFault::TableFull.should_halt());
crates/amun-failure/src/tests.rs:27:    assert!(!ConstitutionalFault::MemoryBudgetExhausted.should_halt());
crates/amun-failure/src/tests.rs:32:    assert!(!ConstitutionalFault::InvalidStateTransition.should_halt());
crates/amun-failure/src/tests.rs:33:    assert!(!ConstitutionalFault::UninitializedAccess.should_halt());
crates/amun-failure/src/tests.rs:34:    assert!(!ConstitutionalFault::DoubleInitialization.should_halt());
crates/amun-failure/src/tests.rs:35:    assert!(!ConstitutionalFault::TemporalViolation.should_halt());
crates/amun-failure/src/tests.rs:36:    assert!(!ConstitutionalFault::ReplayViolation.should_halt());
crates/amun-failure/src/tests.rs:37:    assert!(!ConstitutionalFault::SequenceMismatch.should_halt());
crates/amun-failure/src/tests.rs:43:        ConstitutionalFault::CapacityExceeded,
crates/amun-failure/src/tests.rs:47:    assert_eq!(ctx.fault, ConstitutionalFault::CapacityExceeded);
crates/amun-failure/src/tests.rs:55:        ConstitutionalFault::EquivocationDetected,
crates/amun-failure/src/tests.rs:70:    let health = KernelHealth::healthy().poison(ConstitutionalFault::UnsafeContractViolation, 1, 5);
crates/amun-failure/src/tests.rs:77:        .poison(ConstitutionalFault::EquivocationDetected, 1, 3)
crates/amun-failure/src/tests.rs:78:        .poison(ConstitutionalFault::InvalidQuorum, 2, 7);
crates/amun-failure/src/tests.rs:83:        assert_eq!(fault, ConstitutionalFault::EquivocationDetected);
crates/amun-failure/src/tests.rs:8:    assert!(ConstitutionalFault::EquivocationDetected.should_halt());
crates/amun-failure/src/tests.rs:92:    let health = KernelHealth::healthy().poison(ConstitutionalFault::UnsafeContractViolation, 1, 0);
crates/amun-failure/src/tests.rs:9:    assert!(ConstitutionalFault::UnsafeContractViolation.should_halt());
crates/amun-finality-certificate/src/lib.rs:102:    pub fn latest(&self) -> Option<&ConstitutionalFinalityCertificate> {
crates/amun-finality-certificate/src/lib.rs:10:pub struct ConstitutionalFinalityCertificate {
crates/amun-finality-certificate/src/lib.rs:111:    fn issue_cert(h: u64) -> ConstitutionalFinalityCertificate {
crates/amun-finality-certificate/src/lib.rs:112:        ConstitutionalFinalityCertificate::issue(
crates/amun-finality-certificate/src/lib.rs:155:        let c1 = ConstitutionalFinalityCertificate::issue(
crates/amun-finality-certificate/src/lib.rs:160:        let c2 = ConstitutionalFinalityCertificate::issue(
crates/amun-finality-certificate/src/lib.rs:22:impl ConstitutionalFinalityCertificate {
crates/amun-finality-certificate/src/lib.rs:73:    certificates: HashMap<[u8; 32], ConstitutionalFinalityCertificate>,
crates/amun-finality-certificate/src/lib.rs:82:    pub fn append(&mut self, cert: ConstitutionalFinalityCertificate) -> Result<(), &'static str> {
crates/amun-gas-engine/src/gas_engine.rs:20:    ) -> (GasEngineResult, Option<ConstitutionalEvidence>)
crates/amun-gas-engine/src/gas_engine.rs:28:                    let ev = ConstitutionalEvidence::ExecutionFailure {
crates/amun-gas-engine/src/gas_engine.rs:2:use amun_evidence_engine::evidence_types::ConstitutionalEvidence;
crates/amun-gas-engine/src/gas_engine.rs:52:                let ev = ConstitutionalEvidence::ExecutionFailure {
crates/amun-gas-engine/src/opcode_costs.rs:3:/// Constitutional gas cost table as specified in N48.5-E Section 3.3.
crates/amun-genesis/src/constitution.rs:11:impl GenesisConstitution {
crates/amun-genesis/src/constitution.rs:4:pub struct GenesisConstitution {
crates/amun-genesis/src/lib.rs:6:pub use constitution::GenesisConstitution;
crates/amun-handle-resolver/src/handle_resolver.rs:183:            ConstitutionalEvidence::ExecutionFailure { reason, .. } => {
crates/amun-handle-resolver/src/handle_resolver.rs:18:    ) -> (bool, Vec<ConstitutionalEvidence>) {
crates/amun-handle-resolver/src/handle_resolver.rs:1:use amun_evidence_engine::evidence_types::ConstitutionalEvidence;
crates/amun-handle-resolver/src/handle_resolver.rs:58:                leaks.push(ConstitutionalEvidence::ExecutionFailure {
crates/amun-handle-resolver/src/handle_resolver.rs:80:    ) -> (bool, Vec<ConstitutionalEvidence>) {
crates/amun-handle-resolver/src/handle_resolver.rs:98:                    violations.push(ConstitutionalEvidence::ExecutionFailure {
crates/amun-invariant-engine/src/invariant_engine.rs:135:            ConstitutionalEvidence::InvariantViolation { obligation_id, .. } => {
crates/amun-invariant-engine/src/invariant_engine.rs:194:                ConstitutionalEvidence::InvariantViolation { state_root: sr, .. } => {
crates/amun-invariant-engine/src/invariant_engine.rs:19:    ) -> (Vec<InvariantResult>, Vec<ConstitutionalEvidence>)
crates/amun-invariant-engine/src/invariant_engine.rs:1:use amun_evidence_engine::evidence_types::ConstitutionalEvidence;
crates/amun-invariant-engine/src/invariant_engine.rs:35:                evidence.push(ConstitutionalEvidence::InvariantViolation {
crates/amun-invariant-engine/src/invariant_types.rs:26:    Constitutional,
crates/amun-kernel-types/src/capacity.rs:1:// Constitutional capacity constants.
crates/amun-kernel-types/src/epoch.rs:16:                ConstitutionalFault::ArithmeticOverflow,
crates/amun-kernel-types/src/epoch.rs:1:use amun_failure::{module_ids, AmunResult, ConstitutionalFault, FailureContext};
crates/amun-kernel-types/src/lib.rs:4:// Constitutional capacity constants are defined here to avoid
crates/amun-kernel-types/src/round.rs:16:                ConstitutionalFault::ArithmeticOverflow,
crates/amun-kernel-types/src/round.rs:1:use amun_failure::{module_ids, AmunResult, ConstitutionalFault, FailureContext};
crates/amun-kernel/src/governance.rs:1://! Constitutional Governance Primitives
crates/amun-kernel/src/lib.rs:1://! # Amun Constitutional Kernel
crates/amun-light-client/src/client.rs:1:/// Legacy light client — kept for compatibility, now wraps ConstitutionalLightClient.
crates/amun-light-client/src/constitutional_client.rs:106:    use amun_constitutional_runtime::finality_certificate::ConstitutionalFinalityCertificate;
crates/amun-light-client/src/constitutional_client.rs:107:    use amun_constitutional_runtime::history_root::ConstitutionalHistoryRoot;
crates/amun-light-client/src/constitutional_client.rs:122:    ) -> ConstitutionalFinalityCertificate {
crates/amun-light-client/src/constitutional_client.rs:145:        let mut cert = ConstitutionalFinalityCertificate::issue(
crates/amun-light-client/src/constitutional_client.rs:161:        let history_root = ConstitutionalHistoryRoot::from_chain(&chain);
crates/amun-light-client/src/constitutional_client.rs:162:        let checkpoint = ConstitutionalCheckpoint {
crates/amun-light-client/src/constitutional_client.rs:172:        let mut client = ConstitutionalLightClient::new();
crates/amun-light-client/src/constitutional_client.rs:179:        let client = ConstitutionalLightClient::new();
crates/amun-light-client/src/constitutional_client.rs:186:        let client = ConstitutionalLightClient::new();
crates/amun-light-client/src/constitutional_client.rs:195:        let checkpoint = ConstitutionalCheckpoint {
crates/amun-light-client/src/constitutional_client.rs:19:pub struct ConstitutionalLightClient {
crates/amun-light-client/src/constitutional_client.rs:205:        let mut client = ConstitutionalLightClient::new();
crates/amun-light-client/src/constitutional_client.rs:20:    pub trusted_checkpoint: Option<ConstitutionalCheckpoint>,
crates/amun-light-client/src/constitutional_client.rs:216:        let checkpoint = ConstitutionalCheckpoint {
crates/amun-light-client/src/constitutional_client.rs:226:        let mut client = ConstitutionalLightClient::new();
crates/amun-light-client/src/constitutional_client.rs:24:impl ConstitutionalLightClient {
crates/amun-light-client/src/constitutional_client.rs:32:    pub fn bootstrap(&mut self, checkpoint: ConstitutionalCheckpoint) {
crates/amun-light-client/src/constitutional_client.rs:37:    pub fn verify_certificate(&self, cert: &ConstitutionalFinalityCertificate) -> bool {
crates/amun-light-client/src/constitutional_client.rs:4:use amun_constitutional_runtime::finality_certificate::ConstitutionalFinalityCertificate;
crates/amun-light-client/src/constitutional_client.rs:57:        root: &ConstitutionalHistoryRoot,
crates/amun-light-client/src/constitutional_client.rs:5:use amun_constitutional_runtime::history_root::ConstitutionalHistoryRoot;
crates/amun-light-client/src/constitutional_client.rs:68:        let history_root = ConstitutionalHistoryRoot::from_chain(chain);
crates/amun-light-client/src/constitutional_client.rs:69:        self.trusted_checkpoint = Some(ConstitutionalCheckpoint {
crates/amun-light-client/src/constitutional_client.rs:87:    pub fn verify_checkpoint(checkpoint: &ConstitutionalCheckpoint) -> bool {
crates/amun-light-client/src/constitutional_client.rs:8:pub struct ConstitutionalCheckpoint {
crates/amun-light-client/src/constitutional_client.rs:95:impl Default for ConstitutionalLightClient {
crates/amun-light-client/tests/light_client_tests.rs:100:    let mut client = ConstitutionalLightClient::new();
crates/amun-light-client/tests/light_client_tests.rs:22:) -> ConstitutionalFinalityCertificate {
crates/amun-light-client/tests/light_client_tests.rs:3:use amun_constitutional_runtime::finality_certificate::ConstitutionalFinalityCertificate;
crates/amun-light-client/tests/light_client_tests.rs:45:    let mut cert = ConstitutionalFinalityCertificate::issue(
crates/amun-light-client/tests/light_client_tests.rs:4:use amun_constitutional_runtime::history_root::ConstitutionalHistoryRoot;
crates/amun-light-client/tests/light_client_tests.rs:61:    let history_root = ConstitutionalHistoryRoot::from_chain(&chain1);
crates/amun-light-client/tests/light_client_tests.rs:63:    let checkpoint = ConstitutionalCheckpoint {
crates/amun-light-client/tests/light_client_tests.rs:6:    ConstitutionalCheckpoint, ConstitutionalLightClient,
crates/amun-light-client/tests/light_client_tests.rs:74:    let mut client = ConstitutionalLightClient::new();
crates/amun-light-client/tests/light_client_tests.rs:89:    let checkpoint = ConstitutionalCheckpoint {
crates/amun-lineage/src/lib.rs:15:pub use serialization::ConstitutionalEncode;
crates/amun-lineage/src/serialization.rs:18:        impl ConstitutionalEncode for $ty {
crates/amun-lineage/src/serialization.rs:1:// Constitutional Serialization Lock
crates/amun-lineage/src/serialization.rs:7:pub trait ConstitutionalEncode {
crates/amun-live-cluster/src/validator.rs:100:        let authority = ConstitutionalAuthority::new(
crates/amun-live-cluster/src/validator.rs:14:        ConstitutionalEvidenceRecord, DoubleSpendEvidence, GovernanceEvidence, ReplayEvidence,
crates/amun-live-cluster/src/validator.rs:163:            constitutional_kernel: Arc::new(Mutex::new(ConstitutionalEnforcementKernel::new())),
crates/amun-live-cluster/src/validator.rs:17:    ConstitutionalEnforcementKernel, ConstitutionalVerdict,
crates/amun-live-cluster/src/validator.rs:568:                    // N126.3: Evidence-Based Constitutional Verification
crates/amun-live-cluster/src/validator.rs:5:use amun_authority_registry::ConstitutionalAuthority;
crates/amun-live-cluster/src/validator.rs:624:                            ConstitutionalVerdict::Constitutional => {
crates/amun-live-cluster/src/validator.rs:627:                            ConstitutionalVerdict::Unconstitutional { violations } => {
crates/amun-live-cluster/src/validator.rs:63:    /// N123.1: Constitutional enforcement kernel
crates/amun-live-cluster/src/validator.rs:648:                        // N129.2: Build ConstitutionalEvidenceRecord from real evidence data
crates/amun-live-cluster/src/validator.rs:64:    pub constitutional_kernel: Arc<Mutex<ConstitutionalEnforcementKernel>>,
crates/amun-live-cluster/src/validator.rs:663:                        let evidence_record = ConstitutionalEvidenceRecord::new(
crates/amun-live-cluster/tests/n126_3_unconstitutional_block_rejected.rs:15:        ConstitutionalVerdict::Unconstitutional { violations } => {
crates/amun-live-cluster/tests/n126_3_unconstitutional_block_rejected.rs:19:                    .any(|v| v.law == ConstitutionalLaw::StateRootIntegrity),
crates/amun-live-cluster/tests/n126_3_unconstitutional_block_rejected.rs:29:    let mut kernel = ConstitutionalEnforcementKernel::new();
crates/amun-live-cluster/tests/n126_3_unconstitutional_block_rejected.rs:35:        ConstitutionalVerdict::Unconstitutional { violations } => {
crates/amun-live-cluster/tests/n126_3_unconstitutional_block_rejected.rs:39:                    .any(|v| v.law == ConstitutionalLaw::FinalitySupermajority),
crates/amun-live-cluster/tests/n126_3_unconstitutional_block_rejected.rs:3:    ConstitutionalEnforcementKernel, ConstitutionalLaw, ConstitutionalVerdict,
crates/amun-live-cluster/tests/n126_3_unconstitutional_block_rejected.rs:49:    let mut kernel = ConstitutionalEnforcementKernel::new();
crates/amun-live-cluster/tests/n126_3_unconstitutional_block_rejected.rs:53:    assert_eq!(verdict, ConstitutionalVerdict::Constitutional);
crates/amun-live-cluster/tests/n126_3_unconstitutional_block_rejected.rs:8:    let mut kernel = ConstitutionalEnforcementKernel::new();
crates/amun-merkle/src/domain.rs:4:// Constitutional Merkle domain separation.
crates/amun-merkle/src/proof.rs:102:                    amun_failure::ConstitutionalFault::CapacityExceeded,
crates/amun-merkle/src/proof.rs:112:                    amun_failure::ConstitutionalFault::BufferTooSmall,
crates/amun-merkle/src/proof.rs:122:                        amun_failure::ConstitutionalFault::MalformedEncoding,
crates/amun-merkle/src/proof.rs:130:                    amun_failure::ConstitutionalFault::CapacityExceeded,
crates/amun-merkle/src/proof.rs:81:                amun_failure::ConstitutionalFault::BufferTooSmall,
crates/amun-merkle/src/proof.rs:90:                amun_failure::ConstitutionalFault::CapacityExceeded,
crates/amun-merkle/src/tree.rs:4:// Constitutional Merkle tree capacity.
crates/amun-networking/src/messages.rs:31:    ConstitutionalRejection { reason: String },
crates/amun-networking/src/messages.rs:35:pub struct ConstitutionalMessage {
crates/amun-networking/src/peers.rs:18:    ConstitutionalPeer = 5,
crates/amun-networking/src/quarantine.rs:1:use amun_snapshot_engine::ConstitutionalIdentity;
crates/amun-networking/src/quarantine.rs:21:    pub source_identity: ConstitutionalIdentity,
crates/amun-networking/src/quarantine.rs:39:/// Constitutional Quarantine Engine.
crates/amun-networking/src/quarantine.rs:3:/// Constitutional Quarantine Zone.
crates/amun-networking/src/quarantine.rs:44:        local: &ConstitutionalIdentity,
crates/amun-networking/src/quarantine.rs:45:        remote: &ConstitutionalIdentity,
crates/amun-networking/src/risk.rs:1:/// Constitutional risk classification for peers.
crates/amun-networking/src/risk.rs:22:pub struct ConstitutionalRiskProfile {
crates/amun-networking/src/risk.rs:23:    pub risks: Vec<ConstitutionalRisk>,
crates/amun-networking/src/risk.rs:30:impl ConstitutionalRiskProfile {
crates/amun-networking/src/risk.rs:3:pub enum ConstitutionalRisk {
crates/amun-networking/src/risk.rs:41:    pub fn add_risk(&mut self, risk: ConstitutionalRisk) {
crates/amun-networking/src/risk.rs:43:            ConstitutionalRisk::ForeignCivilization { .. } => {
crates/amun-networking/src/risk.rs:47:            ConstitutionalRisk::IncompatiblePhysics { .. } => {
crates/amun-networking/src/risk.rs:51:            ConstitutionalRisk::IdentityCorruption => {
crates/amun-networking/src/risk.rs:56:            ConstitutionalRisk::HostileFork { .. } => {
crates/amun-networking/src/risk.rs:61:            ConstitutionalRisk::ReplayInstability { .. } => {
crates/amun-networking/src/risk.rs:64:            ConstitutionalRisk::TemporalDivergence { .. } => {
crates/amun-networking/src/risk.rs:67:            ConstitutionalRisk::ByzantineBehavior { .. } => {
crates/amun-networking/src/sovereignty.rs:15:/// Constitutional handshake between two civilizations.
crates/amun-networking/src/sovereignty.rs:18:pub struct ConstitutionalHandshake {
crates/amun-networking/src/sovereignty.rs:19:    pub local_identity: ConstitutionalIdentity,
crates/amun-networking/src/sovereignty.rs:1:use amun_snapshot_engine::ConstitutionalIdentity;
crates/amun-networking/src/sovereignty.rs:20:    pub remote_identity: Option<ConstitutionalIdentity>,
crates/amun-networking/src/sovereignty.rs:43:impl ConstitutionalHandshake {
crates/amun-networking/src/sovereignty.rs:44:    pub fn new(local: ConstitutionalIdentity) -> Self {
crates/amun-networking/src/sovereignty.rs:60:    pub fn accept_remote(&mut self, remote: ConstitutionalIdentity) {
crates/amun-networking/src/sovereignty.rs:7:    pub local_identity: ConstitutionalIdentity,
crates/amun-networking/src/sync.rs:35:    pub fn new(local_identity: ConstitutionalIdentity) -> Self {
crates/amun-networking/src/sync.rs:3:use amun_snapshot_engine::ConstitutionalIdentity;
crates/amun-networking/src/sync.rs:46:    pub fn initiate_sync(&mut self, remote: ConstitutionalIdentity) -> SyncResult {
crates/amun-networking/src/sync.rs:5:/// Constitutional sync engine - orchestration only.
crates/amun-networking/src/sync.rs:8:    pub local_identity: ConstitutionalIdentity,
crates/amun-networking/src/verification.rs:10:        remote_identity: ConstitutionalIdentity,
crates/amun-networking/src/verification.rs:11:        risk_profile: ConstitutionalRiskProfile,
crates/amun-networking/src/verification.rs:15:        remote_identity: ConstitutionalIdentity,
crates/amun-networking/src/verification.rs:1:use amun_snapshot_engine::ConstitutionalIdentity;
crates/amun-networking/src/verification.rs:31:        local: &ConstitutionalIdentity,
crates/amun-networking/src/verification.rs:32:        remote: &ConstitutionalIdentity,
crates/amun-networking/src/verification.rs:38:        let mut risk_profile = ConstitutionalRiskProfile::new();
crates/amun-networking/src/verification.rs:3:use super::risk::{ConstitutionalRisk, ConstitutionalRiskProfile};
crates/amun-networking/src/verification.rs:47:        risk_profile.add_risk(ConstitutionalRisk::ForeignCivilization {
crates/amun-networking/tests/n18_catchup_and_rejoin.rs:5:// N18.5 — Constitutional Catch-up (no network)
crates/amun-networking/tests/n18_checkpoint_sync.rs:14:    let mut rt = ConstitutionalStateRuntime::new();
crates/amun-networking/tests/n18_checkpoint_sync.rs:22:        let merkle_root = hex::encode(ConstitutionalStateRuntime::certificate_merkle_root(&certs));
crates/amun-networking/tests/n18_checkpoint_sync.rs:24:        let proof = ConstitutionalStateRuntime::prove_certificate_inclusion(&certs, &hash).unwrap();
crates/amun-networking/tests/n18_checkpoint_sync.rs:32:        let block = ConstitutionalBlock::new(
crates/amun-networking/tests/n18_checkpoint_sync.rs:7:use amun_constitutional_block::ConstitutionalBlock;
crates/amun-networking/tests/n18_checkpoint_sync.rs:8:use amun_constitutional_state::ConstitutionalStateRuntime;
crates/amun-networking/tests/n18_full_rejoin.rs:14:    let mut rt = ConstitutionalStateRuntime::new();
crates/amun-networking/tests/n18_full_rejoin.rs:22:        let merkle_root = hex::encode(ConstitutionalStateRuntime::certificate_merkle_root(&certs));
crates/amun-networking/tests/n18_full_rejoin.rs:24:        let proof = ConstitutionalStateRuntime::prove_certificate_inclusion(&certs, &hash).unwrap();
crates/amun-networking/tests/n18_full_rejoin.rs:32:        let block = ConstitutionalBlock::new(
crates/amun-networking/tests/n18_full_rejoin.rs:7:use amun_constitutional_block::ConstitutionalBlock;
crates/amun-networking/tests/n18_full_rejoin.rs:8:use amun_constitutional_state::ConstitutionalStateRuntime;
crates/amun-networking/tests/n18_node_rejoin.rs:73:// N18.5 — Constitutional Invariant REJOIN-001
crates/amun-networking/tests/n19_adversarial_rejoin.rs:12:    let mut rt = ConstitutionalStateRuntime::new();
crates/amun-networking/tests/n19_adversarial_rejoin.rs:20:        let merkle_root = hex::encode(ConstitutionalStateRuntime::certificate_merkle_root(&certs));
crates/amun-networking/tests/n19_adversarial_rejoin.rs:22:        let proof = ConstitutionalStateRuntime::prove_certificate_inclusion(&certs, &hash).unwrap();
crates/amun-networking/tests/n19_adversarial_rejoin.rs:30:        let block = ConstitutionalBlock::new(
crates/amun-networking/tests/n19_adversarial_rejoin.rs:7:use amun_constitutional_block::ConstitutionalBlock;
crates/amun-networking/tests/n19_adversarial_rejoin.rs:8:use amun_constitutional_state::ConstitutionalStateRuntime;
crates/amun-networking/tests/n20_10_multi_machine_testnet.rs:104:        let block = ConstitutionalBlock::new(
crates/amun-networking/tests/n20_10_multi_machine_testnet.rs:11:use amun_constitutional_block::ConstitutionalBlock;
crates/amun-networking/tests/n20_10_multi_machine_testnet.rs:12:use amun_constitutional_state::ConstitutionalStateRuntime;
crates/amun-networking/tests/n20_10_multi_machine_testnet.rs:86:    let mut rt = ConstitutionalStateRuntime::new();
crates/amun-networking/tests/n20_10_multi_machine_testnet.rs:94:        let merkle_root = hex::encode(ConstitutionalStateRuntime::certificate_merkle_root(&certs));
crates/amun-networking/tests/n20_10_multi_machine_testnet.rs:96:        let proof = ConstitutionalStateRuntime::prove_certificate_inclusion(&certs, &hash).unwrap();
crates/amun-networking/tests/n20_8_bootstrap_over_tcp.rs:14:    let mut rt = ConstitutionalStateRuntime::new();
crates/amun-networking/tests/n20_8_bootstrap_over_tcp.rs:22:        let merkle_root = hex::encode(ConstitutionalStateRuntime::certificate_merkle_root(&certs));
crates/amun-networking/tests/n20_8_bootstrap_over_tcp.rs:24:        let proof = ConstitutionalStateRuntime::prove_certificate_inclusion(&certs, &hash).unwrap();
crates/amun-networking/tests/n20_8_bootstrap_over_tcp.rs:32:        let block = ConstitutionalBlock::new(
crates/amun-networking/tests/n20_8_bootstrap_over_tcp.rs:7:use amun_constitutional_block::ConstitutionalBlock;
crates/amun-networking/tests/n20_8_bootstrap_over_tcp.rs:8:use amun_constitutional_state::ConstitutionalStateRuntime;
crates/amun-networking/tests/n20_9_rejoin_over_tcp.rs:13:    let mut rt = ConstitutionalStateRuntime::new();
crates/amun-networking/tests/n20_9_rejoin_over_tcp.rs:21:        let merkle_root = hex::encode(ConstitutionalStateRuntime::certificate_merkle_root(&certs));
crates/amun-networking/tests/n20_9_rejoin_over_tcp.rs:23:        let proof = ConstitutionalStateRuntime::prove_certificate_inclusion(&certs, &hash).unwrap();
crates/amun-networking/tests/n20_9_rejoin_over_tcp.rs:31:        let block = ConstitutionalBlock::new(
crates/amun-networking/tests/n20_9_rejoin_over_tcp.rs:7:use amun_constitutional_block::ConstitutionalBlock;
crates/amun-networking/tests/n20_9_rejoin_over_tcp.rs:8:use amun_constitutional_state::ConstitutionalStateRuntime;
crates/amun-networking/tests/v2_001_time_driven_consensus.rs:2:// V2-001: Happy Path — first Stable Scenario on Constitutional Harness
crates/amun-networking/tests/v2_013_baseline_matrix.rs:2:// V2-013: Baseline Matrix — Constitutional Harness
crates/amun-nft-adversarial/tests/n149_adversarial_tests.rs:126:    let mut constitutional = ConstitutionalRegistry::new();
crates/amun-nft-adversarial/tests/n149_adversarial_tests.rs:151:    constitutional.register(NftConstitutionalRecord {
crates/amun-nft-adversarial/tests/n149_adversarial_tests.rs:2:use amun_nft_constitutional_registry::{ConstitutionalRegistry, NftConstitutionalRecord};
crates/amun-nft-constitutional-enforcement/src/lib.rs:23:        registry: &ConstitutionalRegistry,
crates/amun-nft-constitutional-enforcement/src/lib.rs:2:use amun_nft_constitutional_registry::ConstitutionalRegistry;
crates/amun-nft-constitutional-enforcement/src/lib.rs:40:        registry: &mut ConstitutionalRegistry,
crates/amun-nft-constitutional-enforcement/src/lib.rs:56:        registry: &ConstitutionalRegistry,
crates/amun-nft-constitutional-enforcement/src/lib.rs:6:/// Constitutional proof combining all NFT roots
crates/amun-nft-constitutional-enforcement/src/lib.rs:73:        registry: &ConstitutionalRegistry,
crates/amun-nft-constitutional-enforcement/src/lib.rs:78:    ) -> ConstitutionalProof {
crates/amun-nft-constitutional-enforcement/src/lib.rs:88:        ConstitutionalProof {
crates/amun-nft-constitutional-enforcement/src/lib.rs:8:pub struct ConstitutionalProof {
crates/amun-nft-constitutional-enforcement/tests/n140_1_enforcement_tests.rs:102:    let mut reg = ConstitutionalRegistry::new();
crates/amun-nft-constitutional-enforcement/tests/n140_1_enforcement_tests.rs:103:    reg.register(NftConstitutionalRecord {
crates/amun-nft-constitutional-enforcement/tests/n140_1_enforcement_tests.rs:134:    let mut reg = ConstitutionalRegistry::new();
crates/amun-nft-constitutional-enforcement/tests/n140_1_enforcement_tests.rs:142:    reg.register(NftConstitutionalRecord {
crates/amun-nft-constitutional-enforcement/tests/n140_1_enforcement_tests.rs:21:    let record = NftConstitutionalRecord {
crates/amun-nft-constitutional-enforcement/tests/n140_1_enforcement_tests.rs:37:    let mut reg = ConstitutionalRegistry::new();
crates/amun-nft-constitutional-enforcement/tests/n140_1_enforcement_tests.rs:3:use amun_nft_constitutional_registry::{ConstitutionalRegistry, NftConstitutionalRecord};
crates/amun-nft-constitutional-enforcement/tests/n140_1_enforcement_tests.rs:40:    reg.register(NftConstitutionalRecord {
crates/amun-nft-constitutional-enforcement/tests/n140_1_enforcement_tests.rs:55:    let mut reg = ConstitutionalRegistry::new();
crates/amun-nft-constitutional-enforcement/tests/n140_1_enforcement_tests.rs:57:    reg.register(NftConstitutionalRecord {
crates/amun-nft-constitutional-enforcement/tests/n140_1_enforcement_tests.rs:81:    let mut reg = ConstitutionalRegistry::new();
crates/amun-nft-constitutional-enforcement/tests/n140_1_enforcement_tests.rs:83:    reg.register(NftConstitutionalRecord {
crates/amun-nft-constitutional-enforcement/tests/n140_1_enforcement_tests.rs:9:    let mut reg = ConstitutionalRegistry::new();
crates/amun-nft-constitutional-registry/src/lib.rs:10:pub struct NftConstitutionalRecord {
crates/amun-nft-constitutional-registry/src/lib.rs:21:/// Constitutional registry holding all NFT records
crates/amun-nft-constitutional-registry/src/lib.rs:23:pub struct ConstitutionalRegistry {
crates/amun-nft-constitutional-registry/src/lib.rs:24:    pub records: BTreeMap<[u8; 32], NftConstitutionalRecord>,
crates/amun-nft-constitutional-registry/src/lib.rs:27:impl ConstitutionalRegistry {
crates/amun-nft-constitutional-registry/src/lib.rs:35:    pub fn register(&mut self, record: NftConstitutionalRecord) {
crates/amun-nft-constitutional-registry/src/lib.rs:40:    pub fn get(&self, token_id: &[u8; 32]) -> Option<&NftConstitutionalRecord> {
crates/amun-nft-constitutional-registry/tests/n140_constitutional_registry_tests.rs:100:    let base = NftConstitutionalRecord {
crates/amun-nft-constitutional-registry/tests/n140_constitutional_registry_tests.rs:10:    let record = NftConstitutionalRecord {
crates/amun-nft-constitutional-registry/tests/n140_constitutional_registry_tests.rs:131:    let mut r1 = ConstitutionalRegistry::new();
crates/amun-nft-constitutional-registry/tests/n140_constitutional_registry_tests.rs:132:    let mut r2 = ConstitutionalRegistry::new();
crates/amun-nft-constitutional-registry/tests/n140_constitutional_registry_tests.rs:133:    let base = NftConstitutionalRecord {
crates/amun-nft-constitutional-registry/tests/n140_constitutional_registry_tests.rs:2:use amun_nft_constitutional_registry::{ConstitutionalRegistry, NftConstitutionalRecord};
crates/amun-nft-constitutional-registry/tests/n140_constitutional_registry_tests.rs:38:    let mut reg = ConstitutionalRegistry::new();
crates/amun-nft-constitutional-registry/tests/n140_constitutional_registry_tests.rs:41:    reg.register(NftConstitutionalRecord {
crates/amun-nft-constitutional-registry/tests/n140_constitutional_registry_tests.rs:51:    reg.register(NftConstitutionalRecord {
crates/amun-nft-constitutional-registry/tests/n140_constitutional_registry_tests.rs:67:    let mut r1 = ConstitutionalRegistry::new();
crates/amun-nft-constitutional-registry/tests/n140_constitutional_registry_tests.rs:68:    let mut r2 = ConstitutionalRegistry::new();
crates/amun-nft-constitutional-registry/tests/n140_constitutional_registry_tests.rs:69:    let record = NftConstitutionalRecord {
crates/amun-nft-constitutional-registry/tests/n140_constitutional_registry_tests.rs:8:    let mut reg = ConstitutionalRegistry::new();
crates/amun-nft-constitutional-registry/tests/n140_constitutional_registry_tests.rs:98:    let mut r1 = ConstitutionalRegistry::new();
crates/amun-nft-constitutional-registry/tests/n140_constitutional_registry_tests.rs:99:    let mut r2 = ConstitutionalRegistry::new();
crates/amun-nft-evidence/src/lib.rs:4:/// Constitutional Evidence Kernel (CEK) for NFT operations.
crates/amun-nft-explorer/src/lib.rs:51:                name: "Constitutional Collection".into(), // can be extended
crates/amun-nft-indexer/src/lib.rs:1:use amun_nft_constitutional_registry::ConstitutionalRegistry;
crates/amun-nft-indexer/src/lib.rs:45:    pub fn index_registry(&mut self, registry: &ConstitutionalRegistry) {
crates/amun-nft-indexer/tests/n144_indexer_tests.rs:10:    reg.register(NftConstitutionalRecord {
crates/amun-nft-indexer/tests/n144_indexer_tests.rs:1:use amun_nft_constitutional_registry::{ConstitutionalRegistry, NftConstitutionalRecord};
crates/amun-nft-indexer/tests/n144_indexer_tests.rs:31:    let mut reg = ConstitutionalRegistry::new();
crates/amun-nft-indexer/tests/n144_indexer_tests.rs:34:        reg.register(NftConstitutionalRecord {
crates/amun-nft-indexer/tests/n144_indexer_tests.rs:76:    let mut reg = ConstitutionalRegistry::new();
crates/amun-nft-indexer/tests/n144_indexer_tests.rs:77:    reg.register(NftConstitutionalRecord {
crates/amun-nft-indexer/tests/n144_indexer_tests.rs:8:    let mut reg = ConstitutionalRegistry::new();
crates/amun-nft-indexer/tests/n144_indexer_tests.rs:97:    let mut reg = ConstitutionalRegistry::new();
crates/amun-nft-indexer/tests/n144_indexer_tests.rs:99:    reg.register(NftConstitutionalRecord {
crates/amun-nft-rights-enforcement/src/lib.rs:20:        registry: &ConstitutionalRegistry,
crates/amun-nft-rights-enforcement/src/lib.rs:2:use amun_nft_constitutional_registry::ConstitutionalRegistry;
crates/amun-nft-rights-enforcement/src/lib.rs:86:        registry: &ConstitutionalRegistry,
crates/amun-nft-rights-enforcement/tests/n141_rights_enforcement_tests.rs:100:    let mut reg = ConstitutionalRegistry::new();
crates/amun-nft-rights-enforcement/tests/n141_rights_enforcement_tests.rs:112:    reg.register(NftConstitutionalRecord {
crates/amun-nft-rights-enforcement/tests/n141_rights_enforcement_tests.rs:146:    let mut reg = ConstitutionalRegistry::new();
crates/amun-nft-rights-enforcement/tests/n141_rights_enforcement_tests.rs:147:    reg.register(NftConstitutionalRecord {
crates/amun-nft-rights-enforcement/tests/n141_rights_enforcement_tests.rs:27:    let mut reg = ConstitutionalRegistry::new();
crates/amun-nft-rights-enforcement/tests/n141_rights_enforcement_tests.rs:29:    reg.register(NftConstitutionalRecord {
crates/amun-nft-rights-enforcement/tests/n141_rights_enforcement_tests.rs:2:use amun_nft_constitutional_registry::{ConstitutionalRegistry, NftConstitutionalRecord};
crates/amun-nft-rights-enforcement/tests/n141_rights_enforcement_tests.rs:59:    let mut reg = ConstitutionalRegistry::new();
crates/amun-nft-rights-enforcement/tests/n141_rights_enforcement_tests.rs:72:    reg.register(NftConstitutionalRecord {
crates/amun-nft-rights-enforcement/tests/n141_rights_enforcement_tests.rs:9:    let reg = ConstitutionalRegistry::new();
crates/amun-nft-sdk/src/lib.rs:15:    pub constitutional_registry: Arc<Mutex<ConstitutionalRegistry>>,
crates/amun-nft-sdk/src/lib.rs:1:use amun_nft_constitutional_registry::ConstitutionalRegistry;
crates/amun-nft-sdk/src/lib.rs:31:            constitutional_registry: Arc::new(Mutex::new(ConstitutionalRegistry::new())),
crates/amun-nft-sdk/tests/n145_sdk_tests.rs:148:        amun_nft_constitutional_registry::NftConstitutionalRecord {
crates/amun-nft-sdk/tests/n145_sdk_tests.rs:26:        amun_nft_constitutional_registry::NftConstitutionalRecord {
crates/amun-nft-snapshot/tests/n151_snapshot_tests.rs:207:    const_reg.register(NftConstitutionalRecord {
crates/amun-nft-snapshot/tests/n151_snapshot_tests.rs:22:    ConstitutionalRegistry,
crates/amun-nft-snapshot/tests/n151_snapshot_tests.rs:2:use amun_nft_constitutional_registry::{ConstitutionalRegistry, NftConstitutionalRecord};
crates/amun-nft-snapshot/tests/n151_snapshot_tests.rs:35:    let mut const_reg = ConstitutionalRegistry::new();
crates/amun-nft-snapshot/tests/n151_snapshot_tests.rs:88:        const_reg.register(NftConstitutionalRecord {
crates/amun-nft-stress/tests/n146_stress_tests.rs:101:    use amun_nft_constitutional_registry::{ConstitutionalRegistry, NftConstitutionalRecord};
crates/amun-nft-stress/tests/n146_stress_tests.rs:113:    let mut constitutional = ConstitutionalRegistry::new();
crates/amun-nft-stress/tests/n146_stress_tests.rs:156:    constitutional.register(NftConstitutionalRecord {
crates/amun-node/src/bin/test_constitutional_determinism.rs:1:use amun_bytecode::program::ConstitutionalProgram;
crates/amun-node/src/bin/test_constitutional_determinism.rs:24:            let program = ConstitutionalProgram::new(level, 0, 0, vec![]);
crates/amun-node/src/bin/test_constitutional_determinism.rs:2:use amun_constitutional_runtime::runtime_pipeline::ConstitutionalRuntime;
crates/amun-node/src/bin/test_constitutional_determinism.rs:37:            let result = ConstitutionalRuntime::execute(
crates/amun-node/src/bin/test_constitutional_determinism.rs:66:        println!("\nPASS: Constitutional runtime execution is deterministic");
crates/amun-node/src/bin/test_constitutional_multi_block.rs:125:        println!("\nPASS: Constitutional multi-block state evolution is deterministic");
crates/amun-node/src/bin/test_constitutional_multi_block.rs:2:use amun_bytecode::program::ConstitutionalProgram;
crates/amun-node/src/bin/test_constitutional_multi_block.rs:3:use amun_constitutional_runtime::runtime_pipeline::ConstitutionalRuntime;
crates/amun-node/src/bin/test_constitutional_multi_block.rs:49:            let program = ConstitutionalProgram::new(
crates/amun-node/src/bin/test_constitutional_multi_block.rs:76:            let result = ConstitutionalRuntime::execute(
crates/amun-node/src/bin/test_constitutional_mutation.rs:27:            let program = ConstitutionalProgram::new(
crates/amun-node/src/bin/test_constitutional_mutation.rs:2:use amun_bytecode::program::ConstitutionalProgram;
crates/amun-node/src/bin/test_constitutional_mutation.rs:3:use amun_constitutional_runtime::runtime_pipeline::ConstitutionalRuntime;
crates/amun-node/src/bin/test_constitutional_mutation.rs:52:            let result = ConstitutionalRuntime::execute(
crates/amun-node/src/bin/test_constitutional_mutation.rs:90:        println!("\nPASS: Constitutional state mutation is deterministic");
crates/amun-node/src/bin/test_constitutional_stress.rs:127:            "\nPASS: Constitutional stress test passed ({} blocks)",
crates/amun-node/src/bin/test_constitutional_stress.rs:2:use amun_bytecode::program::ConstitutionalProgram;
crates/amun-node/src/bin/test_constitutional_stress.rs:3:use amun_constitutional_runtime::runtime_pipeline::ConstitutionalRuntime;
crates/amun-node/src/bin/test_constitutional_stress.rs:48:            let program = ConstitutionalProgram::new(
crates/amun-node/src/bin/test_constitutional_stress.rs:75:            let result = ConstitutionalRuntime::execute(
crates/amun-node/src/bin/test_replay_stress.rs:123:            ConstitutionalRuntime::execute(
crates/amun-node/src/bin/test_replay_stress.rs:19:    let mut mutation_log: Vec<(ResourceId, ConstitutionalProgram)> = Vec::new();
crates/amun-node/src/bin/test_replay_stress.rs:2:use amun_bytecode::program::ConstitutionalProgram;
crates/amun-node/src/bin/test_replay_stress.rs:3:use amun_constitutional_runtime::runtime_pipeline::ConstitutionalRuntime;
crates/amun-node/src/bin/test_replay_stress.rs:41:        let program = ConstitutionalProgram::new(
crates/amun-node/src/bin/test_replay_stress.rs:65:        ConstitutionalRuntime::execute(
crates/amun-node/src/main.rs:69:    println!("AmunChain Node v0.1 - Constitutional Validator Node");
crates/amun-ntr/src/charity.rs:29:                ConstitutionalFault::InvalidInput,
crates/amun-ntr/src/charity.rs:2:use amun_failure::{AmunResult, ConstitutionalFault, FailureContext};
crates/amun-ntr/src/charity.rs:38:                FailureContext::new(ConstitutionalFault::ArithmeticOverflow, 0x0020, 0x0011)
crates/amun-ntr/src/token.rs:14:        if a < NTR_MIN_STAKE_AMOUNT || self.balance < a { return Err(FailureContext::new(ConstitutionalFault::InvalidInput, 0x0020, 0x0004)); }
crates/amun-ntr/src/token.rs:1:use amun_failure::{AmunResult, ConstitutionalFault, FailureContext};
crates/amun-ntr/src/token.rs:7:        if a == 0 || self.balance < a { return Err(FailureContext::new(ConstitutionalFault::InvalidInput, 0x0020, 0x0001)); }
crates/amun-ntr/src/treasury.rs:1:use amun_failure::{AmunResult, ConstitutionalFault, FailureContext};
crates/amun-ntr/src/treasury.rs:31:            FailureContext::new(ConstitutionalFault::ArithmeticOverflow, 0x0020, 0x0020)
crates/amun-ntr/src/treasury.rs:34:            FailureContext::new(ConstitutionalFault::ArithmeticOverflow, 0x0020, 0x0021)
crates/amun-ntr/src/treasury.rs:42:                ConstitutionalFault::InvalidInput,
crates/amun-ntr/src/treasury.rs:58:                ConstitutionalFault::InvalidInput,
crates/amun-operations/src/backup_recovery.rs:12:    pub sync_package: ConstitutionalSyncPackage,
crates/amun-operations/src/backup_recovery.rs:22:        sync_package: ConstitutionalSyncPackage,
crates/amun-operations/src/backup_recovery.rs:3:use amun_state_sync::sync_package::ConstitutionalSyncPackage;
crates/amun-pccv/src/lib.rs:238:                archetype: ResourceArchetype::ConstitutionalAsset,
crates/amun-pccv/src/transition_proof_engine.rs:138:            archetype: ResourceArchetype::ConstitutionalAsset,
crates/amun-pccv/src/transition_proof_engine.rs:37:        let evidence: Vec<amun_evidence_engine::evidence_types::ConstitutionalEvidence> = buffer
crates/amun-pccv/tests/replay_equivalence.rs:126:        archetype: ResourceArchetype::ConstitutionalAsset,
crates/amun-pccv/tests/replay_equivalence.rs:40:        archetype: ResourceArchetype::ConstitutionalAsset,
crates/amun-peer-identity/src/certificate.rs:12:        peer_id: super::peer_id::ConstitutionalPeerId,
crates/amun-peer-identity/src/certificate.rs:13:        keypair: &ConstitutionalKeyPair,
crates/amun-peer-identity/src/certificate.rs:1:use amun_constitutional_signing::{ConstitutionalKeyPair, ConstitutionalSignature};
crates/amun-peer-identity/src/certificate.rs:24:            signature: ConstitutionalSignature::new(sig, vk_hex),
crates/amun-peer-identity/src/certificate.rs:6:    pub peer_id: super::peer_id::ConstitutionalPeerId,
crates/amun-peer-identity/src/certificate.rs:7:    pub signature: ConstitutionalSignature,
crates/amun-peer-identity/src/lib.rs:14:pub use peer_id::ConstitutionalPeerId;
crates/amun-peer-identity/src/lib.rs:1://! Constitutional Peer Identity
crates/amun-peer-identity/src/peer_id.rs:13:impl ConstitutionalPeerId {
crates/amun-peer-identity/src/peer_id.rs:7:pub struct ConstitutionalPeerId {
crates/amun-peer-identity/tests/peer_identity_tests.rs:15:    let a = ConstitutionalPeerId::new("key".into(), GENESIS.into());
crates/amun-peer-identity/tests/peer_identity_tests.rs:16:    let b = ConstitutionalPeerId::new("key".into(), "other_genesis".into());
crates/amun-peer-identity/tests/peer_identity_tests.rs:1:use amun_constitutional_signing::ConstitutionalKeyPair;
crates/amun-peer-identity/tests/peer_identity_tests.rs:22:    let keypair = ConstitutionalKeyPair::generate();
crates/amun-peer-identity/tests/peer_identity_tests.rs:23:    let peer_id = ConstitutionalPeerId::new(keypair.verifying_key_hex(), GENESIS.into());
crates/amun-peer-identity/tests/peer_identity_tests.rs:2:use amun_peer_identity::{ConstitutionalPeerId, IdentityVerifier, PeerCertificate, PeerRegistry};
crates/amun-peer-identity/tests/peer_identity_tests.rs:30:    let keypair = ConstitutionalKeyPair::generate();
crates/amun-peer-identity/tests/peer_identity_tests.rs:31:    let peer_id = ConstitutionalPeerId::new(keypair.verifying_key_hex(), "other_genesis".into());
crates/amun-peer-identity/tests/peer_identity_tests.rs:38:    let keypair = ConstitutionalKeyPair::generate();
crates/amun-peer-identity/tests/peer_identity_tests.rs:39:    let peer_id = ConstitutionalPeerId::new(keypair.verifying_key_hex(), GENESIS.into());
crates/amun-peer-identity/tests/peer_identity_tests.rs:8:    let a = ConstitutionalPeerId::new("key_a".into(), GENESIS.into());
crates/amun-peer-identity/tests/peer_identity_tests.rs:9:    let b = ConstitutionalPeerId::new("key_a".into(), GENESIS.into());
crates/amun-persistence/src/lib.rs:5:/// Constitutional state that persists across node restarts.
crates/amun-proof-archive/src/proof_archive.rs:21:    pub fn archive_evidence(&mut self, evidence: ConstitutionalEvidence) {
crates/amun-proof-archive/src/proof_archive.rs:2:use amun_evidence_engine::evidence_types::ConstitutionalEvidence;
crates/amun-proof-archive/src/proof_archive.rs:90:        let ev = ConstitutionalEvidence::ExecutionFailure {
crates/amun-proof-archive/src/proof_archive.rs:9:    evidence: Vec<ConstitutionalEvidence>,
crates/amun-proof-carrying/src/lib.rs:3:// Licensed under the GNU AGPLv3 with Constitutional Sovereignty Addendum.
crates/amun-proof-carrying/src/receipt.rs:3:// Licensed under the GNU AGPLv3 with Constitutional Sovereignty Addendum.
crates/amun-proof-carrying/src/verifier.rs:3:// Licensed under the GNU AGPLv3 with Constitutional Sovereignty Addendum.
crates/amun-protocol-event/src/event.rs:5:/// Constitutional schema version. Incremented when the binary format changes.
crates/amun-protocol-event/src/event.rs:96:        // Constitutional: verify schema version
crates/amun-replay-consensus/src/replay_backed_consensus.rs:168:        let program = ConstitutionalProgram::new(1, 0, 0, vec![OpCode::Halt]);
crates/amun-replay-consensus/src/replay_backed_consensus.rs:194:        let program = ConstitutionalProgram::new(1, 0, 0, vec![OpCode::Halt]);
crates/amun-replay-consensus/src/replay_backed_consensus.rs:1:use amun_bytecode::program::ConstitutionalProgram;
crates/amun-replay-consensus/src/replay_backed_consensus.rs:220:        let program = ConstitutionalProgram::new(1, 0, 0, vec![OpCode::Halt]);
crates/amun-replay-consensus/src/replay_backed_consensus.rs:22:        programs: &[(ConstitutionalProgram, ExecutionContext)],
crates/amun-replay-consensus/src/replay_backed_consensus.rs:248:        let program = ConstitutionalProgram::new(1, 0, 0, vec![OpCode::Halt]);
crates/amun-replay-consensus/src/replay_backed_consensus.rs:275:        let program = ConstitutionalProgram::new(1, 0, 0, vec![OpCode::Halt]);
crates/amun-replay-consensus/src/replay_backed_consensus.rs:2:use amun_constitutional_runtime::runtime_pipeline::{ConstitutionalRuntime, PipelineResult};
crates/amun-replay-consensus/src/replay_backed_consensus.rs:34:            let result = ConstitutionalRuntime::execute(
crates/amun-replay-engine/src/adaptive_relay.rs:10:use amun_constitutional::kernel_types::ConstitutionalHash;
crates/amun-replay-engine/src/adaptive_relay.rs:151:    pub fingerprints: Vec<ConstitutionalHash>,
crates/amun-replay-engine/src/adaptive_relay.rs:157:    pub fn has(&self, fp: &ConstitutionalHash) -> bool {
crates/amun-replay-engine/src/adaptive_relay.rs:161:    pub fn insert(&mut self, fp: ConstitutionalHash) {
crates/amun-replay-engine/src/byzantine_witness_filter.rs:13:use amun_constitutional::ConstitutionalWitness;
crates/amun-replay-engine/src/byzantine_witness_filter.rs:42:pub fn filter_incoming_witness(witness: &ConstitutionalWitness) -> FilterResult {
crates/amun-replay-engine/src/byzantine_witness_filter.rs:87:    fn make_witness(entries: Vec<WitnessEntry>) -> ConstitutionalWitness {
crates/amun-replay-engine/src/byzantine_witness_filter.rs:88:        ConstitutionalWitness::new(1, 1, 1, [0xAA; 32], [0xAB; 32], entries)
crates/amun-replay-engine/src/canonical.rs:124:    pub fn read_hash(&mut self) -> Result<ConstitutionalHash, CanonicalError> {
crates/amun-replay-engine/src/canonical.rs:129:        let hash: ConstitutionalHash = slice
crates/amun-replay-engine/src/canonical.rs:178:    pub fn finalize(&self) -> ConstitutionalHash {
crates/amun-replay-engine/src/canonical.rs:191:// NOTE: ConstitutionalHash IS [u8; 32], so we implement ONLY for [u8; 32].
crates/amun-replay-engine/src/canonical.rs:230:// SINGLE implementation for [u8; 32] (which IS ConstitutionalHash)
crates/amun-replay-engine/src/canonical.rs:23:use amun_constitutional::ConstitutionalHash;
crates/amun-replay-engine/src/canonical.rs:258:        let hash: ConstitutionalHash = [0xAB; 32];
crates/amun-replay-engine/src/canonical.rs:78:    pub fn write_hash(&mut self, hash: &ConstitutionalHash) {
crates/amun-replay-engine/src/constitutional_economics.rs:103:    pub context_hash: ConstitutionalHash,
crates/amun-replay-engine/src/constitutional_economics.rs:115:    pub fn new(program_id: u64, context_hash: ConstitutionalHash) -> Self {
crates/amun-replay-engine/src/constitutional_economics.rs:11:use amun_constitutional::kernel_types::ConstitutionalHash;
crates/amun-replay-engine/src/constitutional_economics.rs:1://! Constitutional Economics — markets that sustain, not govern.
crates/amun-replay-engine/src/constitutional_economics.rs:23:    pub context_hash: ConstitutionalHash,
crates/amun-replay-engine/src/constitutional_economics.rs:32:    pub fn new(market_id: u64, context_hash: ConstitutionalHash) -> Self {
crates/amun-replay-engine/src/constitutional_economics.rs:54:    pub context_hash: ConstitutionalHash,
crates/amun-replay-engine/src/constitutional_economics.rs:64:    pub fn new(lease_id: u64, worker_id: u64, context_hash: ConstitutionalHash, max_executions: u64) -> Self {
crates/amun-replay-engine/src/constitutional_governance.rs:111:pub struct ConstitutionalEvolutionBoundary {
crates/amun-replay-engine/src/constitutional_governance.rs:11:use amun_constitutional::kernel_types::ConstitutionalHash;
crates/amun-replay-engine/src/constitutional_governance.rs:123:impl ConstitutionalEvolutionBoundary {
crates/amun-replay-engine/src/constitutional_governance.rs:12:use amun_constitutional::ConstitutionalHasher;
crates/amun-replay-engine/src/constitutional_governance.rs:1://! Constitutional Governance — constrained constitutional evolution.
crates/amun-replay-engine/src/constitutional_governance.rs:201:pub struct TemporalConstitutionLineage {
crates/amun-replay-engine/src/constitutional_governance.rs:205:    pub active_constitution_hash: ConstitutionalHash,
crates/amun-replay-engine/src/constitutional_governance.rs:207:    pub revision_history: Vec<(u32, ConstitutionalHash)>,
crates/amun-replay-engine/src/constitutional_governance.rs:212:impl TemporalConstitutionLineage {
crates/amun-replay-engine/src/constitutional_governance.rs:213:    pub fn new(initial_revision: u32, constitution_hash: ConstitutionalHash) -> Self {
crates/amun-replay-engine/src/constitutional_governance.rs:224:    pub fn activate_revision(&mut self, new_revision: u32, new_hash: ConstitutionalHash) {
crates/amun-replay-engine/src/constitutional_governance.rs:275:        let boundary = ConstitutionalEvolutionBoundary::new();
crates/amun-replay-engine/src/constitutional_governance.rs:283:        let mut boundary = ConstitutionalEvolutionBoundary::new();
crates/amun-replay-engine/src/constitutional_governance.rs:28:    pub amendment_hash: ConstitutionalHash,
crates/amun-replay-engine/src/constitutional_governance.rs:301:        let mut lineage = TemporalConstitutionLineage::new(1, [0xAA; 32]);
crates/amun-replay-engine/src/constitutional_governance.rs:30:    pub context_hash: ConstitutionalHash,
crates/amun-replay-engine/src/constitutional_governance.rs:34:    pub surface_hash: ConstitutionalHash,
crates/amun-replay-engine/src/constitutional_governance.rs:40:        amendment_hash: ConstitutionalHash, context_hash: ConstitutionalHash,
crates/amun-replay-engine/src/constitutional_governance.rs:51:    fn compute_hash(&self) -> ConstitutionalHash {
crates/amun-replay-engine/src/constitutional_governance.rs:52:        let mut h = ConstitutionalHasher::new(b"RATIFICATION_SURFACE");
crates/amun-replay-engine/src/constitutional_governance.rs:85:    _amendment_hash: ConstitutionalHash,
crates/amun-replay-engine/src/constitutional_governance.rs:8://! Constitutional evolution must remain derivationally constrained.
crates/amun-replay-engine/src/constitutional_identity.rs:11:use amun_constitutional::kernel_types::ConstitutionalHash;
crates/amun-replay-engine/src/constitutional_identity.rs:12:use amun_constitutional::ConstitutionalHasher;
crates/amun-replay-engine/src/constitutional_identity.rs:1://! Constitutional Identity & Attribution — identity without privilege.
crates/amun-replay-engine/src/constitutional_identity.rs:24:    pub public_key_hash: ConstitutionalHash,
crates/amun-replay-engine/src/constitutional_identity.rs:37:    pub fn new(identity_id: u64, public_key_hash: ConstitutionalHash) -> Self {
crates/amun-replay-engine/src/constitutional_identity.rs:54:    pub fn fingerprint(&self) -> ConstitutionalHash {
crates/amun-replay-engine/src/constitutional_identity.rs:55:        let mut h = ConstitutionalHasher::new(b"IDENTITY_SURFACE");
crates/amun-replay-engine/src/constitutional_identity.rs:68:    pub artifact_hash: ConstitutionalHash,
crates/amun-replay-engine/src/constitutional_identity.rs:78:    pub fn new(artifact_hash: ConstitutionalHash, producer_id: u64) -> Self {
crates/amun-replay-engine/src/cross_constitution_federation.rs:109:    pub fn fingerprint(&self) -> ConstitutionalHash {
crates/amun-replay-engine/src/cross_constitution_federation.rs:10:use amun_constitutional::ConstitutionalHasher;
crates/amun-replay-engine/src/cross_constitution_federation.rs:110:        let mut h = ConstitutionalHasher::new(b"TRANSLATION_SURFACE");
crates/amun-replay-engine/src/cross_constitution_federation.rs:183:        let translation = ConstitutionalTranslationSurface::new(
crates/amun-replay-engine/src/cross_constitution_federation.rs:1://! Cross-Constitution Federation — interoperability without imperialism.
crates/amun-replay-engine/src/cross_constitution_federation.rs:208:        let t1 = ConstitutionalTranslationSurface::new(1, [0xAA;32], [0xBB;32], [0xCC;32], [0xDD;32]);
crates/amun-replay-engine/src/cross_constitution_federation.rs:209:        let t2 = ConstitutionalTranslationSurface::new(1, [0xAA;32], [0xBB;32], [0xCC;32], [0xDD;32]);
crates/amun-replay-engine/src/cross_constitution_federation.rs:23:    pub local_constitution_hash: ConstitutionalHash,
crates/amun-replay-engine/src/cross_constitution_federation.rs:25:    pub remote_constitution_hash: ConstitutionalHash,
crates/amun-replay-engine/src/cross_constitution_federation.rs:38:        boundary_id: u64, local_hash: ConstitutionalHash, remote_hash: ConstitutionalHash,
crates/amun-replay-engine/src/cross_constitution_federation.rs:69:pub struct ConstitutionalTranslationSurface {
crates/amun-replay-engine/src/cross_constitution_federation.rs:73:    pub source_constitution_hash: ConstitutionalHash,
crates/amun-replay-engine/src/cross_constitution_federation.rs:75:    pub target_constitution_hash: ConstitutionalHash,
crates/amun-replay-engine/src/cross_constitution_federation.rs:77:    pub source_derivation_hash: ConstitutionalHash,
crates/amun-replay-engine/src/cross_constitution_federation.rs:79:    pub interpreted_derivation_hash: ConstitutionalHash,
crates/amun-replay-engine/src/cross_constitution_federation.rs:86:impl ConstitutionalTranslationSurface {
crates/amun-replay-engine/src/cross_constitution_federation.rs:88:        translation_id: u64, source_hash: ConstitutionalHash,
crates/amun-replay-engine/src/cross_constitution_federation.rs:89:        target_hash: ConstitutionalHash, source_derivation: ConstitutionalHash,
crates/amun-replay-engine/src/cross_constitution_federation.rs:90:        interpreted_derivation: ConstitutionalHash,
crates/amun-replay-engine/src/cross_constitution_federation.rs:9:use amun_constitutional::kernel_types::ConstitutionalHash;
crates/amun-replay-engine/src/derivational_equivalence.rs:116:pub fn canonical_order_for_transport(hashes: &mut [ConstitutionalHash]) {
crates/amun-replay-engine/src/derivational_equivalence.rs:11:use amun_constitutional::kernel_types::ConstitutionalHash;
crates/amun-replay-engine/src/derivational_equivalence.rs:123:    all_hashes: &[ConstitutionalHash],
crates/amun-replay-engine/src/derivational_equivalence.rs:124:    hard_dependency_hashes: &[ConstitutionalHash],
crates/amun-replay-engine/src/derivational_equivalence.rs:125:) -> Vec<ConstitutionalHash> {
crates/amun-replay-engine/src/derivational_equivalence.rs:126:    let mut core: Vec<ConstitutionalHash> = Vec::new();
crates/amun-replay-engine/src/derivational_equivalence.rs:12:use amun_constitutional::ConstitutionalHasher;
crates/amun-replay-engine/src/derivational_equivalence.rs:24:    pub fn compute(target_artifact: ConstitutionalHash, can_derive: bool, context_hash: ConstitutionalHash) -> Self {
crates/amun-replay-engine/src/derivational_equivalence.rs:25:        let mut h = ConstitutionalHasher::new(b"DERIVATION_FINGERPRINT");
crates/amun-replay-engine/src/derivational_equivalence.rs:41:    pub target_artifact_hash: ConstitutionalHash,
crates/amun-replay-engine/src/derivational_equivalence.rs:44:    pub context_hash: ConstitutionalHash,
crates/amun-replay-engine/src/derivational_equivalence.rs:54:    pub minimal_core_hashes: Vec<ConstitutionalHash>,
crates/amun-replay-engine/src/derivational_equivalence.rs:62:        target_artifact_hash: ConstitutionalHash,
crates/amun-replay-engine/src/derivational_equivalence.rs:63:        context_hash: ConstitutionalHash,
crates/amun-replay-engine/src/derivational_equivalence.rs:65:        minimal_core_hashes: Vec<ConstitutionalHash>,
crates/amun-replay-engine/src/derivational_equivalence.rs:84:        let mut h = ConstitutionalHasher::new(b"EQUIVALENCE_CLASS");
crates/amun-replay-engine/src/derivational_equivalence.rs:97:    pub fn add_surface(&mut self, core_hashes: Vec<ConstitutionalHash>) {
crates/amun-replay-engine/src/derivational_frontier.rs:26:    pub target_artifact_hash: ConstitutionalHash,
crates/amun-replay-engine/src/derivational_frontier.rs:28:    pub resolved: Vec<ConstitutionalHash>,
crates/amun-replay-engine/src/derivational_frontier.rs:33:    pub fn new(worker_id: u64, target_artifact_hash: ConstitutionalHash) -> Self {
crates/amun-replay-engine/src/derivational_frontier.rs:36:    pub fn with_unresolved(mut self, hash: ConstitutionalHash, reason: FrontierDependencyReason, blocking: bool) -> Self {
crates/amun-replay-engine/src/derivational_frontier.rs:40:    pub fn resolve(&mut self, hash: ConstitutionalHash) {
crates/amun-replay-engine/src/derivational_frontier.rs:4:use amun_constitutional::kernel_types::ConstitutionalHash;
crates/amun-replay-engine/src/derivational_frontier.rs:9:    pub artifact_hash: ConstitutionalHash,
crates/amun-replay-engine/src/deterministic.rs:108:    pub steps: Vec<ConstitutionalStep>,
crates/amun-replay-engine/src/deterministic.rs:109:    pub final_state: ConstitutionalHash,
crates/amun-replay-engine/src/deterministic.rs:11:    pub state_hash: ConstitutionalHash,
crates/amun-replay-engine/src/deterministic.rs:12:    pub step_hash: ConstitutionalHash,
crates/amun-replay-engine/src/deterministic.rs:17:    pub steps: Vec<ConstitutionalStep>,
crates/amun-replay-engine/src/deterministic.rs:34:    pub fn add_step(&mut self, step: ConstitutionalStep) {
crates/amun-replay-engine/src/deterministic.rs:38:    pub fn final_state_hash(&self) -> ConstitutionalHash {
crates/amun-replay-engine/src/deterministic.rs:4:use amun_constitutional::{ConstitutionalHash, TranscriptEntry};
crates/amun-replay-engine/src/deterministic.rs:54:        current_hash: ConstitutionalHash,
crates/amun-replay-engine/src/deterministic.rs:56:    ) -> Result<ConstitutionalStep, ReplayFailure> {
crates/amun-replay-engine/src/deterministic.rs:69:        Ok(ConstitutionalStep {
crates/amun-replay-engine/src/deterministic.rs:79:        initial_hash: ConstitutionalHash,
crates/amun-replay-engine/src/deterministic.rs:8:pub struct ConstitutionalStep {
crates/amun-replay-engine/src/deterministic.rs:94:    pub fn compute_transcript_hash(entries: &[TranscriptEntry]) -> ConstitutionalHash {
crates/amun-replay-engine/src/equivalence.rs:10:    pub expected_result_hash: ConstitutionalHash,
crates/amun-replay-engine/src/equivalence.rs:11:    pub computed_result_hash: ConstitutionalHash,
crates/amun-replay-engine/src/equivalence.rs:15:pub struct ConstitutionalReplayResult {
crates/amun-replay-engine/src/equivalence.rs:16:    pub replay_root: ConstitutionalHash,
crates/amun-replay-engine/src/equivalence.rs:21:    pub deterministic_transcript_hash: ConstitutionalHash,
crates/amun-replay-engine/src/equivalence.rs:27:    pub chain_hash: ConstitutionalHash,
crates/amun-replay-engine/src/equivalence.rs:32:    pub checkpoint_hash: ConstitutionalHash,
crates/amun-replay-engine/src/equivalence.rs:38:    pub authority_root: ConstitutionalHash,
crates/amun-replay-engine/src/equivalence.rs:42:impl ConstitutionalReplayResult {
crates/amun-replay-engine/src/equivalence.rs:4:use amun_constitutional::{ConstitutionalHash, TranscriptEntry};
crates/amun-replay-engine/src/errors.rs:14:        expected_root: ConstitutionalHash,
crates/amun-replay-engine/src/errors.rs:15:        actual_root: ConstitutionalHash,
crates/amun-replay-engine/src/errors.rs:18:        transcript_hash: ConstitutionalHash,
crates/amun-replay-engine/src/errors.rs:19:        expected_root: ConstitutionalHash,
crates/amun-replay-engine/src/errors.rs:20:        actual_root: ConstitutionalHash,
crates/amun-replay-engine/src/errors.rs:26:        expected: ConstitutionalHash,
crates/amun-replay-engine/src/errors.rs:27:        actual: ConstitutionalHash,
crates/amun-replay-engine/src/errors.rs:30:        authority_id: ConstitutionalHash,
crates/amun-replay-engine/src/errors.rs:5:use amun_constitutional::ConstitutionalHash;
crates/amun-replay-engine/src/execution_dag.rs:159:        // Constitutional truth must be identical regardless.
crates/amun-replay-engine/src/execution_dag.rs:75:    /// Constitutional truth MUST be identical regardless of the order chosen.
crates/amun-replay-engine/src/execution_scheduler.rs:27:    context_hash: ConstitutionalHash,
crates/amun-replay-engine/src/execution_scheduler.rs:31:    pub fn new(context_hash: ConstitutionalHash) -> Self {
crates/amun-replay-engine/src/execution_scheduler.rs:9:use amun_constitutional::kernel_types::ConstitutionalHash;
crates/amun-replay-engine/src/execution_task.rs:26:/// Constitutional judgment happens AFTER the task produces artifacts.
crates/amun-replay-engine/src/execution_task.rs:36:    pub context_hash: ConstitutionalHash,
crates/amun-replay-engine/src/execution_task.rs:39:    pub boundary_hash: ConstitutionalHash,
crates/amun-replay-engine/src/execution_task.rs:46:    pub target_artifact_hash: ConstitutionalHash,
crates/amun-replay-engine/src/execution_task.rs:59:        context_hash: ConstitutionalHash,
crates/amun-replay-engine/src/execution_task.rs:60:        boundary_hash: ConstitutionalHash,
crates/amun-replay-engine/src/execution_task.rs:61:        target_artifact_hash: ConstitutionalHash,
crates/amun-replay-engine/src/execution_task.rs:8:use amun_constitutional::kernel_types::ConstitutionalHash;
crates/amun-replay-engine/src/execution_vertex.rs:13:use amun_constitutional::kernel_types::ConstitutionalHash;
crates/amun-replay-engine/src/execution_vertex.rs:47:    pub context_hash: ConstitutionalHash,
crates/amun-replay-engine/src/execution_vertex.rs:4://!   - Constitutional validity
crates/amun-replay-engine/src/execution_vertex.rs:50:    pub boundary_hash: ConstitutionalHash,
crates/amun-replay-engine/src/execution_vertex.rs:54:    pub produced_artifacts: Vec<ConstitutionalHash>,
crates/amun-replay-engine/src/execution_vertex.rs:69:        context_hash: ConstitutionalHash,
crates/amun-replay-engine/src/execution_vertex.rs:70:        boundary_hash: ConstitutionalHash,
crates/amun-replay-engine/src/execution_vertex.rs:85:    pub fn with_artifact(mut self, hash: ConstitutionalHash) -> Self {
crates/amun-replay-engine/src/frontier_reconciliation.rs:11:    pub newly_resolved: Vec<ConstitutionalHash>,
crates/amun-replay-engine/src/frontier_reconciliation.rs:18:    let mut newly_resolved: Vec<ConstitutionalHash> = Vec::new();
crates/amun-replay-engine/src/frontier_reconciliation.rs:4:use amun_constitutional::kernel_types::ConstitutionalHash;
crates/amun-replay-engine/src/frontier_reconciliation.rs:79:pub fn compute_closure_delta(source: &DerivationalFrontier, target: &DerivationalFrontier) -> Vec<ConstitutionalHash> {
crates/amun-replay-engine/src/frontier_reconciliation.rs:80:    let mut delta: Vec<ConstitutionalHash> = Vec::new();
crates/amun-replay-engine/src/isolation_boundary.rs:10:use amun_constitutional::kernel_types::ConstitutionalHash;
crates/amun-replay-engine/src/isolation_boundary.rs:112:    pub fn check_context(&self, context_hash: ConstitutionalHash) -> Result<(), IsolationViolation> {
crates/amun-replay-engine/src/isolation_boundary.rs:129:        context_hash: ConstitutionalHash,
crates/amun-replay-engine/src/isolation_boundary.rs:24:    ConstitutionalStateModification {
crates/amun-replay-engine/src/isolation_boundary.rs:26:        artifact_hash: ConstitutionalHash,
crates/amun-replay-engine/src/isolation_boundary.rs:38:        target_context_hash: ConstitutionalHash,
crates/amun-replay-engine/src/isolation_boundary.rs:46:            IsolationViolation::ConstitutionalStateModification { .. } => b"Constitutional state modification attempted".to_vec(),
crates/amun-replay-engine/src/isolation_boundary.rs:71:    pub context_hash: ConstitutionalHash,
crates/amun-replay-engine/src/isolation_boundary.rs:85:        context_hash: ConstitutionalHash,
crates/amun-replay-engine/src/lib.rs:104:    pub chain_hash: ConstitutionalHash,
crates/amun-replay-engine/src/lib.rs:21:use amun_constitutional::{ConstitutionalHash, TranscriptEntry};
crates/amun-replay-engine/src/lib.rs:26:    AuthorityProof, CheckpointResult, ConstitutionalReplayResult, ContinuityProof,
crates/amun-replay-engine/src/lib.rs:37:pub use deterministic::{ConstitutionalStep, ExecutionResult, ExecutionTrace};
crates/amun-replay-engine/src/lib.rs:51:    pub fn new(initial_state_root: ConstitutionalHash, start_sequence: u64) -> Self {
crates/amun-replay-engine/src/lib.rs:61:    ) -> Result<ConstitutionalReplayResult, ReplayFailure> {
crates/amun-replay-engine/src/lib.rs:77:        Ok(ConstitutionalReplayResult {
crates/amun-replay-engine/src/missing_closure.rs:11:use amun_constitutional::kernel_types::ConstitutionalHash;
crates/amun-replay-engine/src/missing_closure.rs:23:    pub target_artifact_hash: ConstitutionalHash,
crates/amun-replay-engine/src/missing_closure.rs:26:    pub context_hash: ConstitutionalHash,
crates/amun-replay-engine/src/missing_closure.rs:29:    pub available_hashes: Vec<ConstitutionalHash>,
crates/amun-replay-engine/src/missing_closure.rs:32:    pub missing_hashes: Vec<ConstitutionalHash>,
crates/amun-replay-engine/src/missing_closure.rs:61:        target_artifact_hash: ConstitutionalHash,
crates/amun-replay-engine/src/missing_closure.rs:62:        context_hash: ConstitutionalHash,
crates/amun-replay-engine/src/missing_closure.rs:79:    pub fn with_available(mut self, hash: ConstitutionalHash) -> Self {
crates/amun-replay-engine/src/missing_closure.rs:85:    pub fn with_missing(mut self, hash: ConstitutionalHash) -> Self {
crates/amun-replay-engine/src/operational_hasher.rs:18:/// Constitutional objects use `amun_constitutional::ConstitutionalHasher`.
crates/amun-replay-engine/src/operational_hasher.rs:59:        // Constitutional hasher would produce a different hash for the same data
crates/amun-replay-engine/src/proof_routing.rs:10:use amun_constitutional::kernel_types::ConstitutionalHash;
crates/amun-replay-engine/src/proof_routing.rs:130:    known_fingerprints: &[ConstitutionalHash],
crates/amun-replay-engine/src/proof_routing.rs:184:    target_fingerprint: ConstitutionalHash,
crates/amun-replay-engine/src/proof_routing.rs:185:    known_fingerprints: &[ConstitutionalHash],
crates/amun-replay-engine/src/proof_routing.rs:18:    pub target_artifact_hash: ConstitutionalHash,
crates/amun-replay-engine/src/proof_routing.rs:20:    pub context_hash: ConstitutionalHash,
crates/amun-replay-engine/src/proof_routing.rs:60:        route_id: u64, target: ConstitutionalHash, context: ConstitutionalHash,
crates/amun-replay-engine/src/runtime_anomaly.rs:41:    pub context_hash: ConstitutionalHash,
crates/amun-replay-engine/src/runtime_anomaly.rs:51:        context_hash: ConstitutionalHash,
crates/amun-replay-engine/src/runtime_anomaly.rs:8:use amun_constitutional::kernel_types::ConstitutionalHash;
crates/amun-replay-engine/src/runtime_receipt.rs:18:    pub produced_artifact_hash: ConstitutionalHash,
crates/amun-replay-engine/src/runtime_receipt.rs:26:        execution_success: bool, produced_artifact_hash: ConstitutionalHash,
crates/amun-replay-engine/src/runtime_receipt.rs:4://! OperationalHasher, NOT ConstitutionalHasher, because operational
crates/amun-replay-engine/src/runtime_receipt.rs:7:use amun_constitutional::kernel_types::ConstitutionalHash;
crates/amun-replay-engine/src/state.rs:15:use amun_constitutional::{ConstitutionalHash, TranscriptEntry};
crates/amun-replay-engine/src/state.rs:22:    pub state_root: ConstitutionalHash,
crates/amun-replay-engine/src/state.rs:28:    pub fn new(initial_root: ConstitutionalHash) -> Self {
crates/amun-replay-engine/src/temporal_drift.rs:10:use amun_constitutional::kernel_types::ConstitutionalHash;
crates/amun-replay-engine/src/temporal_drift.rs:134:    pub revision_sequence: Vec<(u32, ConstitutionalHash)>,
crates/amun-replay-engine/src/temporal_drift.rs:142:    pub fn new(initial_revision: u32, initial_hash: ConstitutionalHash) -> Self {
crates/amun-replay-engine/src/temporal_drift.rs:146:    pub fn record_activation(&mut self, revision: u32, hash: ConstitutionalHash) {
crates/amun-replay-engine/src/temporal_drift.rs:68:    pub tracked_artifacts: Vec<ConstitutionalHash>,
crates/amun-replay-engine/src/temporal_drift.rs:81:    pub fn check_historical_usage(&mut self, artifact_hash: ConstitutionalHash, usage_count: u64) -> bool {
crates/amun-replay-engine/src/version.rs:5:/// Constitutional hash domain for protocol version binding.
crates/amun-replay-engine/src/witness_envelope.rs:12:use amun_constitutional::kernel_types::ConstitutionalHash;
crates/amun-replay-engine/src/witness_envelope.rs:26:    pub witness_hash: ConstitutionalHash,
crates/amun-replay-engine/src/witness_envelope.rs:32:    pub context_hash: ConstitutionalHash,
crates/amun-replay-engine/src/witness_envelope.rs:35:    pub target_artifact_hash: ConstitutionalHash,
crates/amun-replay-engine/src/witness_envelope.rs:63:        witness_hash: ConstitutionalHash,
crates/amun-replay-engine/src/witness_envelope.rs:65:        context_hash: ConstitutionalHash,
crates/amun-replay-engine/src/witness_envelope.rs:66:        target_artifact_hash: ConstitutionalHash,
crates/amun-replay-engine/src/zk_adapters.rs:100:        let mut h = ConstitutionalHasher::new(b"DERIVABILITY_COMMITMENT");
crates/amun-replay-engine/src/zk_adapters.rs:10:use amun_constitutional::kernel_types::ConstitutionalHash;
crates/amun-replay-engine/src/zk_adapters.rs:11:use amun_constitutional::ConstitutionalHasher;
crates/amun-replay-engine/src/zk_adapters.rs:143:    pub target_artifact_hash: ConstitutionalHash,
crates/amun-replay-engine/src/zk_adapters.rs:145:    pub revealed_hashes: Vec<ConstitutionalHash>,
crates/amun-replay-engine/src/zk_adapters.rs:147:    pub fingerprint: ConstitutionalHash,
crates/amun-replay-engine/src/zk_adapters.rs:149:    pub surface_binding: ConstitutionalHash,
crates/amun-replay-engine/src/zk_adapters.rs:154:        target: ConstitutionalHash,
crates/amun-replay-engine/src/zk_adapters.rs:155:        revealed: Vec<ConstitutionalHash>,
crates/amun-replay-engine/src/zk_adapters.rs:156:        fingerprint: ConstitutionalHash,
crates/amun-replay-engine/src/zk_adapters.rs:168:    fn compute_binding(&self) -> ConstitutionalHash {
crates/amun-replay-engine/src/zk_adapters.rs:169:        let mut h = ConstitutionalHasher::new(b"SELECTIVE_REVEAL");
crates/amun-replay-engine/src/zk_adapters.rs:20:    pub target_artifact_hash: ConstitutionalHash,
crates/amun-replay-engine/src/zk_adapters.rs:211:    pub source_witness_hash: ConstitutionalHash,
crates/amun-replay-engine/src/zk_adapters.rs:219:    pub fn new(source_witness_hash: ConstitutionalHash) -> Self {
crates/amun-replay-engine/src/zk_adapters.rs:22:    pub context_hash: ConstitutionalHash,
crates/amun-replay-engine/src/zk_adapters.rs:24:    pub asserted_fingerprint: ConstitutionalHash,
crates/amun-replay-engine/src/zk_adapters.rs:30:    pub envelope_hash: ConstitutionalHash,
crates/amun-replay-engine/src/zk_adapters.rs:35:        target: ConstitutionalHash,
crates/amun-replay-engine/src/zk_adapters.rs:36:        context: ConstitutionalHash,
crates/amun-replay-engine/src/zk_adapters.rs:37:        fingerprint: ConstitutionalHash,
crates/amun-replay-engine/src/zk_adapters.rs:52:    fn compute_hash(&self) -> ConstitutionalHash {
crates/amun-replay-engine/src/zk_adapters.rs:53:        let mut h = ConstitutionalHasher::new(b"ZK_WITNESS_ENVELOPE");
crates/amun-replay-engine/src/zk_adapters.rs:74:    pub target_artifact_hash: ConstitutionalHash,
crates/amun-replay-engine/src/zk_adapters.rs:76:    pub fingerprint: ConstitutionalHash,
crates/amun-replay-engine/src/zk_adapters.rs:80:    pub commitment: ConstitutionalHash,
crates/amun-replay-engine/src/zk_adapters.rs:85:        target: ConstitutionalHash,
crates/amun-replay-engine/src/zk_adapters.rs:86:        fingerprint: ConstitutionalHash,
crates/amun-replay-engine/src/zk_adapters.rs:99:    fn compute_commitment(&self) -> ConstitutionalHash {
crates/amun-replay-semantics/src/lib.rs:2://! Layer 0.75 — Constitutional Replay Theory.
crates/amun-replay-semantics/src/lib.rs:64:#[derive(Debug, Clone, Copy, PartialEq, Eq)] pub enum ReplayAuthority { SelfVerification, ValidatorQuorum { required_signatures: u64 }, ConstitutionalCourt, PublicVerification }
crates/amun-replay-verifier/src/replay_verifier.rs:134:        let p = ConstitutionalProgram::new(1, 0, 0, vec![OpCode::Push(42), OpCode::Halt]);
crates/amun-replay-verifier/src/replay_verifier.rs:147:            ConstitutionalRuntime::execute(&p, &ctx, &mut r1, &[], 10000, &mut h, &mut a).unwrap();
crates/amun-replay-verifier/src/replay_verifier.rs:163:        let p = ConstitutionalProgram::new(1, 0, 0, vec![OpCode::Halt]);
crates/amun-replay-verifier/src/replay_verifier.rs:176:            ConstitutionalRuntime::execute(&p, &ctx, &mut r, &[], 10000, &mut h, &mut a).unwrap();
crates/amun-replay-verifier/src/replay_verifier.rs:193:        let p = ConstitutionalProgram::new(1, 0, 0, vec![OpCode::Halt]);
crates/amun-replay-verifier/src/replay_verifier.rs:1:use amun_bytecode::program::ConstitutionalProgram;
crates/amun-replay-verifier/src/replay_verifier.rs:207:            ConstitutionalRuntime::execute(&p, &ctx, &mut r, &[], 10000, &mut h, &mut a).unwrap();
crates/amun-replay-verifier/src/replay_verifier.rs:2:use amun_constitutional_runtime::runtime_pipeline::{ConstitutionalRuntime, PipelineResult};
crates/amun-replay-verifier/src/replay_verifier.rs:33:        program: &ConstitutionalProgram,
crates/amun-replay-verifier/src/replay_verifier.rs:69:        let result = ConstitutionalRuntime::execute(
crates/amun-replay/src/store.rs:64:    use amun_constitutional_state::ConstitutionalStateRuntime;
crates/amun-replay/src/store.rs:68:        let mut rt = ConstitutionalStateRuntime::new();
crates/amun-replay/src/store.rs:90:        let mut rt = ConstitutionalStateRuntime::new();
crates/amun-replay/src/store.rs:94:        let mut rt2 = ConstitutionalStateRuntime::new();
crates/amun-resource-core/src/resource_registry.rs:402:            archetype: ResourceArchetype::ConstitutionalAsset,
crates/amun-resource-core/src/transformation_matrix.rs:10:    ConstitutionalAsset,
crates/amun-resource-core/src/transformation_matrix.rs:28:                    ResourceArchetype::ConstitutionalAsset
crates/amun-resource-core/src/transformation_matrix.rs:32:                    ResourceArchetype::ConstitutionalAsset,
crates/amun-resource-core/src/transformation_matrix.rs:33:                    ResourceArchetype::ConstitutionalAsset
crates/amun-resource-core/src/transformation_matrix.rs:36:                    ResourceArchetype::ConstitutionalAsset,
crates/amun-resource-core/src/transformation_matrix.rs:62:        "Asset -> Asset | ConstitutionalAsset\n\
crates/amun-resource-core/src/transformation_matrix.rs:66:         ConstitutionalAsset -> ConstitutionalAsset | Claim\n\
crates/amun-rpc/src/constitutional.rs:10:pub struct ConstitutionalStatusResponse {
crates/amun-rpc/src/constitutional.rs:29:) -> Result<Json<ConstitutionalStatusResponse>, StatusCode> {
crates/amun-rpc/src/constitutional.rs:32:        Some(record) => Ok(Json(ConstitutionalStatusResponse {
crates/amun-rpc/src/openapi.rs:8:        description = "Official RPC API for AmunChain — Sovereign Constitutional Protocol"
crates/amun-runtime/src/account.rs:1:use amun_failure::{ConstitutionalFault, FailureContext};
crates/amun-runtime/src/account.rs:27:            FailureContext::new(ConstitutionalFault::CapacityExceeded, 0x000A, 0x0050)
crates/amun-runtime/src/account.rs:30:            FailureContext::new(ConstitutionalFault::CapacityExceeded, 0x000A, 0x0051)
crates/amun-runtime/src/account.rs:38:            FailureContext::new(ConstitutionalFault::CapacityExceeded, 0x000A, 0x0052)
crates/amun-runtime/src/account.rs:41:            FailureContext::new(ConstitutionalFault::CapacityExceeded, 0x000A, 0x0053)
crates/amun-runtime/src/journal.rs:1:use amun_failure::{ConstitutionalFault, FailureContext};
crates/amun-runtime/src/journal.rs:34:            FailureContext::new(ConstitutionalFault::CapacityExceeded, 0x000A, 0x0020)
crates/amun-runtime/src/journal.rs:38:            FailureContext::new(ConstitutionalFault::CapacityExceeded, 0x000A, 0x0021)
crates/amun-runtime/src/journal.rs:42:                ConstitutionalFault::CapacityExceeded,
crates/amun-runtime/src/journal.rs:50:                FailureContext::new(ConstitutionalFault::CapacityExceeded, 0x000A, 0x0023)
crates/amun-runtime/src/journal.rs:62:                ConstitutionalFault::CapacityExceeded,
crates/amun-runtime/src/journal.rs:74:                FailureContext::new(ConstitutionalFault::CapacityExceeded, 0x000A, 0x0028)
crates/amun-runtime/src/overlay.rs:31:                        amun_failure::ConstitutionalFault::CapacityExceeded,
crates/amun-runtime/src/overlay.rs:48:                        amun_failure::ConstitutionalFault::CapacityExceeded,
crates/amun-scheduler/src/lib.rs:2:pub use priority::{ConstitutionalScheduler, TaskPriority};
crates/amun-scheduler/src/priority.rs:16:impl Default for ConstitutionalScheduler {
crates/amun-scheduler/src/priority.rs:22:impl ConstitutionalScheduler {
crates/amun-scheduler/src/priority.rs:9:pub struct ConstitutionalScheduler {
crates/amun-self-preservation/src/action_principle.rs:13:impl Default for ConstitutionalAction {
crates/amun-self-preservation/src/action_principle.rs:19:impl ConstitutionalAction {
crates/amun-self-preservation/src/action_principle.rs:41:    pub fn is_optimal(&self, alternative: &ConstitutionalAction) -> bool {
crates/amun-self-preservation/src/action_principle.rs:50:    pub fn select_optimal(paths: &[ConstitutionalAction]) -> Option<ConstitutionalAction> {
crates/amun-self-preservation/src/action_principle.rs:5:pub struct ConstitutionalAction {
crates/amun-self-preservation/src/action_principle.rs:64:        path: &ConstitutionalAction,
crates/amun-self-preservation/src/action_principle.rs:65:        alternatives: &[ConstitutionalAction],
crates/amun-self-preservation/src/legitimacy_guards.rs:16:    ConstitutionalIdentity,
crates/amun-self-preservation/src/lib.rs:15:pub use action_principle::{ConstitutionalAction, LeastInvariantViolation};
crates/amun-self-preservation/src/lib.rs:3:// Constitutional Self-Preservation
crates/amun-snapshot-engine/src/byzantine_sync.rs:1:use super::constitutional_identity::ConstitutionalIdentity;
crates/amun-snapshot-engine/src/byzantine_sync.rs:28:        local: ConstitutionalIdentity,
crates/amun-snapshot-engine/src/byzantine_sync.rs:29:        remote: ConstitutionalIdentity,
crates/amun-snapshot-engine/src/byzantine_sync.rs:48:    pub local_identity: ConstitutionalIdentity,
crates/amun-snapshot-engine/src/byzantine_sync.rs:54:    pub fn new(local_identity: ConstitutionalIdentity, required_quorum: u64) -> Self {
crates/amun-snapshot-engine/src/byzantine_sync.rs:9:    pub identity: ConstitutionalIdentity,
crates/amun-snapshot-engine/src/chunk.rs:1:// Chunking System - Constitutional chunk boundaries at 16MB
crates/amun-snapshot-engine/src/compatibility.rs:141:    pub fn can_sync(local: &ConstitutionalIdentity, remote: &ConstitutionalIdentity) -> bool {
crates/amun-snapshot-engine/src/compatibility.rs:150:    pub fn can_migrate(local: &ConstitutionalIdentity, remote: &ConstitutionalIdentity) -> bool {
crates/amun-snapshot-engine/src/compatibility.rs:161:    pub fn can_read(local: &ConstitutionalIdentity, remote: &ConstitutionalIdentity) -> bool {
crates/amun-snapshot-engine/src/compatibility.rs:1:// Constitutional Compatibility Matrix
crates/amun-snapshot-engine/src/compatibility.rs:24:    pub local_identity: ConstitutionalIdentity,
crates/amun-snapshot-engine/src/compatibility.rs:25:    pub remote_identity: ConstitutionalIdentity,
crates/amun-snapshot-engine/src/compatibility.rs:33:    SameConstitutionalHash,
crates/amun-snapshot-engine/src/compatibility.rs:34:    DifferentConstitutionalHash,
crates/amun-snapshot-engine/src/compatibility.rs:55:        local: &ConstitutionalIdentity,
crates/amun-snapshot-engine/src/compatibility.rs:56:        remote: &ConstitutionalIdentity,
crates/amun-snapshot-engine/src/compatibility.rs:6:use super::constitutional_identity::ConstitutionalIdentity;
crates/amun-snapshot-engine/src/compatibility.rs:71:        // Constitutional foundation checks
crates/amun-snapshot-engine/src/compatibility.rs:74:            reasons.push(CompatibilityReason::SameConstitutionalHash);
crates/amun-snapshot-engine/src/compatibility.rs:76:            reasons.push(CompatibilityReason::DifferentConstitutionalHash);
crates/amun-snapshot-engine/src/constitutional_hash.rs:11:impl ConstitutionalHash {
crates/amun-snapshot-engine/src/constitutional_hash.rs:1:// Constitutional Hash Computation
crates/amun-snapshot-engine/src/constitutional_hash.rs:9:pub struct ConstitutionalHash;
crates/amun-snapshot-engine/src/constitutional_identity.rs:19:impl ConstitutionalIdentity {
crates/amun-snapshot-engine/src/constitutional_identity.rs:6:pub struct ConstitutionalIdentity {
crates/amun-snapshot-engine/src/lib.rs:28:pub use constitutional_hash::ConstitutionalHash;
crates/amun-snapshot-engine/src/lib.rs:29:pub use constitutional_identity::ConstitutionalIdentity;
crates/amun-snapshot-engine/src/lib.rs:35:pub use transition::{ConstitutionalRelationship, TransitionClassifier};
crates/amun-snapshot-engine/src/manifest.rs:1:// Snapshot Manifest v1.1 - Constitutional Document for State Transfer
crates/amun-snapshot-engine/src/manifest.rs:23:    // Constitutional cutoff: binds snapshot to exact WAL position
crates/amun-snapshot-engine/src/restore.rs:34:                // Constitutional depth uniqueness: same node hash must have
crates/amun-snapshot-engine/src/transition.rs:23:        local: &ConstitutionalIdentity,
crates/amun-snapshot-engine/src/transition.rs:24:        remote: &ConstitutionalIdentity,
crates/amun-snapshot-engine/src/transition.rs:25:    ) -> ConstitutionalRelationship {
crates/amun-snapshot-engine/src/transition.rs:29:            CompatibilityLevel::FullyCompatible => ConstitutionalRelationship::Identical,
crates/amun-snapshot-engine/src/transition.rs:2:use super::constitutional_identity::ConstitutionalIdentity;
crates/amun-snapshot-engine/src/transition.rs:32:                    ConstitutionalRelationship::SameConstitution {
crates/amun-snapshot-engine/src/transition.rs:37:                    ConstitutionalRelationship::ForeignCivilization {
crates/amun-snapshot-engine/src/transition.rs:43:                ConstitutionalRelationship::ForeignCivilization {
crates/amun-snapshot-engine/src/transition.rs:47:            CompatibilityLevel::Incompatible => ConstitutionalRelationship::Incompatible {
crates/amun-snapshot-engine/src/transition.rs:53:    pub fn can_sync(local: &ConstitutionalIdentity, remote: &ConstitutionalIdentity) -> bool {
crates/amun-snapshot-engine/src/transition.rs:57:    pub fn can_migrate(local: &ConstitutionalIdentity, remote: &ConstitutionalIdentity) -> bool {
crates/amun-snapshot-engine/src/transition.rs:5:pub enum ConstitutionalRelationship {
crates/amun-snapshot-engine/src/transition.rs:7:    SameConstitution {
crates/amun-snapshot-engine/src/verifier.rs:1:// Snapshot Verifier - Constitutional verification of snapshots
crates/amun-snapshot-engine/tests/constitutional_tests.rs:106:        let h2 = ConstitutionalHash::compute(
crates/amun-snapshot-engine/tests/constitutional_tests.rs:119:        let id = ConstitutionalIdentity::new([0xFFu8; 32]);
crates/amun-snapshot-engine/tests/constitutional_tests.rs:11:        let id1 = ConstitutionalIdentity::new(hash);
crates/amun-snapshot-engine/tests/constitutional_tests.rs:121:        let decoded = ConstitutionalIdentity::decode(&encoded).unwrap();
crates/amun-snapshot-engine/tests/constitutional_tests.rs:128:        let id = ConstitutionalIdentity::new([0x13u8; 32]);
crates/amun-snapshot-engine/tests/constitutional_tests.rs:12:        let id2 = ConstitutionalIdentity::new(hash);
crates/amun-snapshot-engine/tests/constitutional_tests.rs:133:        let decoded = ConstitutionalIdentity::decode(&encoded).unwrap();
crates/amun-snapshot-engine/tests/constitutional_tests.rs:19:        let id1 = ConstitutionalIdentity::new([0x01u8; 32]);
crates/amun-snapshot-engine/tests/constitutional_tests.rs:20:        let id2 = ConstitutionalIdentity::new([0x02u8; 32]);
crates/amun-snapshot-engine/tests/constitutional_tests.rs:27:        let id = ConstitutionalIdentity::new([0xAAu8; 32]);
crates/amun-snapshot-engine/tests/constitutional_tests.rs:33:        let id = ConstitutionalIdentity::new([0x11u8; 32]);
crates/amun-snapshot-engine/tests/constitutional_tests.rs:40:        let id1 = ConstitutionalIdentity::new([0xAAu8; 32]);
crates/amun-snapshot-engine/tests/constitutional_tests.rs:41:        let id2 = ConstitutionalIdentity::new([0xBBu8; 32]);
crates/amun-snapshot-engine/tests/constitutional_tests.rs:48:        let mut id1 = ConstitutionalIdentity::new([0xCCu8; 32]);
crates/amun-snapshot-engine/tests/constitutional_tests.rs:49:        let mut id2 = ConstitutionalIdentity::new([0xDDu8; 32]);
crates/amun-snapshot-engine/tests/constitutional_tests.rs:4:        CompatibilityEngine, CompatibilityLevel, ConstitutionalHash, ConstitutionalIdentity,
crates/amun-snapshot-engine/tests/constitutional_tests.rs:58:        let id = ConstitutionalIdentity::new([0xCCu8; 32]);
crates/amun-snapshot-engine/tests/constitutional_tests.rs:5:        ConstitutionalRelationship, TransitionClassifier,
crates/amun-snapshot-engine/tests/constitutional_tests.rs:64:        let id = ConstitutionalIdentity::new([0xDDu8; 32]);
crates/amun-snapshot-engine/tests/constitutional_tests.rs:66:        assert!(matches!(rel, ConstitutionalRelationship::Identical));
crates/amun-snapshot-engine/tests/constitutional_tests.rs:71:        let id = ConstitutionalIdentity::new([0xEEu8; 32]);
crates/amun-snapshot-engine/tests/constitutional_tests.rs:77:        let h1 = ConstitutionalHash::compute(
crates/amun-snapshot-engine/tests/constitutional_tests.rs:85:        let h2 = ConstitutionalHash::compute(
crates/amun-snapshot-engine/tests/constitutional_tests.rs:98:        let h1 = ConstitutionalHash::compute(
crates/amun-staking/src/delegation.rs:11:            FailureContext::new(ConstitutionalFault::ArithmeticOverflow, 0x0013, 0x0010)
crates/amun-staking/src/delegation.rs:1:use amun_failure::{AmunResult, ConstitutionalFault, FailureContext};
crates/amun-staking/src/validator.rs:2:use amun_failure::{AmunResult, ConstitutionalFault, FailureContext};
crates/amun-staking/src/validator.rs:37:                ConstitutionalFault::CapacityExceeded,
crates/amun-staking/src/validator.rs:43:            FailureContext::new(ConstitutionalFault::CapacityExceeded, 0x0013, 0x0002)
crates/amun-staking/src/validator.rs:62:            ConstitutionalFault::InvalidInput,
crates/amun-state-machine/src/absolute_invariants.rs:26:    MetaConstitutionalImmutability,
crates/amun-state-machine/src/absolute_invariants.rs:47:            Self::MetaConstitutionalImmutability,
crates/amun-state-machine/src/axioms.rs:18:    /// Constitutional freeze boundaries are immutable unless explicitly amended
crates/amun-state-machine/src/axioms.rs:1:/// Constitutional axioms - the foundational mathematical truths
crates/amun-state-machine/src/axioms.rs:30:impl ConstitutionalAxiom {
crates/amun-state-machine/src/axioms.rs:57:        axiom: ConstitutionalAxiom,
crates/amun-state-machine/src/axioms.rs:5:pub enum ConstitutionalAxiom {
crates/amun-state-machine/src/axioms.rs:62:/// The ConstitutionalAxiomEngine verifies that all axioms hold for a given state.
crates/amun-state-machine/src/axioms.rs:63:pub struct ConstitutionalAxiomEngine;
crates/amun-state-machine/src/axioms.rs:65:impl ConstitutionalAxiomEngine {
crates/amun-state-machine/src/delta_algebra.rs:39:impl ConstitutionalDelta {
crates/amun-state-machine/src/delta_algebra.rs:6:pub enum ConstitutionalDelta {
crates/amun-state-machine/src/delta_laws.rs:10:    Conflicting(ConstitutionalDelta, ConstitutionalDelta),
crates/amun-state-machine/src/delta_laws.rs:12:    Dominates(ConstitutionalDelta, ConstitutionalDelta),
crates/amun-state-machine/src/delta_laws.rs:14:    Commutative(ConstitutionalDelta, ConstitutionalDelta),
crates/amun-state-machine/src/delta_laws.rs:19:    pub fn relate(a: &ConstitutionalDelta, b: &ConstitutionalDelta) -> DeltaLaw {
crates/amun-state-machine/src/delta_laws.rs:1:use super::delta_algebra::ConstitutionalDelta;
crates/amun-state-machine/src/delta_laws.rs:25:                ConstitutionalDelta::GovernanceDelta { .. },
crates/amun-state-machine/src/delta_laws.rs:26:                ConstitutionalDelta::GovernanceDelta { .. },
crates/amun-state-machine/src/delta_laws.rs:29:                ConstitutionalDelta::IdentityDelta { .. },
crates/amun-state-machine/src/delta_laws.rs:30:                ConstitutionalDelta::IdentityDelta { .. },
crates/amun-state-machine/src/delta_laws.rs:33:                ConstitutionalDelta::ReplayDelta {
crates/amun-state-machine/src/delta_laws.rs:37:                ConstitutionalDelta::ReplayDelta {
crates/amun-state-machine/src/delta_laws.rs:8:    Composable(ConstitutionalDelta, ConstitutionalDelta),
crates/amun-state-machine/src/derivation.rs:1:use super::axioms::ConstitutionalAxiom;
crates/amun-state-machine/src/derivation.rs:35:    Axiom(ConstitutionalAxiom),
crates/amun-state-machine/src/derivation.rs:43:    pub axioms_checked: Vec<ConstitutionalAxiom>,
crates/amun-state-machine/src/derivation.rs:8:    pub depends_on: Vec<ConstitutionalAxiom>,
crates/amun-state-machine/src/engine.rs:10:pub struct ConstitutionalPolicyEngine;
crates/amun-state-machine/src/engine.rs:117:/// ConstitutionalProofEngine: determines WHY a transition is valid.
crates/amun-state-machine/src/engine.rs:118:pub struct ConstitutionalProofEngine;
crates/amun-state-machine/src/engine.rs:120:impl ConstitutionalProofEngine {
crates/amun-state-machine/src/engine.rs:123:        invariants: &[ConstitutionalInvariant],
crates/amun-state-machine/src/engine.rs:124:        old_state: &ConstitutionalState,
crates/amun-state-machine/src/engine.rs:125:        new_state: &ConstitutionalState,
crates/amun-state-machine/src/engine.rs:12:impl ConstitutionalPolicyEngine {
crates/amun-state-machine/src/engine.rs:130:                ConstitutionalInvariant::NoImpossibleState => {
crates/amun-state-machine/src/engine.rs:137:                ConstitutionalInvariant::TransitionHistoryAcyclic => {
crates/amun-state-machine/src/engine.rs:142:                ConstitutionalInvariant::LineageIntact
crates/amun-state-machine/src/engine.rs:22:/// ConstitutionalExecutionEngine: determines HOW to execute.
crates/amun-state-machine/src/engine.rs:23:pub struct ConstitutionalExecutionEngine {
crates/amun-state-machine/src/engine.rs:25:    pub replay_log: ConstitutionalReplayDAG,
crates/amun-state-machine/src/engine.rs:28:impl Default for ConstitutionalExecutionEngine {
crates/amun-state-machine/src/engine.rs:2:use super::invariants::ConstitutionalInvariant;
crates/amun-state-machine/src/engine.rs:34:impl ConstitutionalExecutionEngine {
crates/amun-state-machine/src/engine.rs:38:            replay_log: ConstitutionalReplayDAG::new(),
crates/amun-state-machine/src/engine.rs:45:        from: &ConstitutionalState,
crates/amun-state-machine/src/engine.rs:4:use super::replay_log::ConstitutionalReplayDAG;
crates/amun-state-machine/src/engine.rs:57:    ) -> Result<(ConstitutionalState, Transition), Vec<String>> {
crates/amun-state-machine/src/engine.rs:58:        if !ConstitutionalPolicyEngine::is_legal(from.state_tag, transition_type) {
crates/amun-state-machine/src/engine.rs:5:use super::states::{ConstitutionalState, StateTag};
crates/amun-state-machine/src/engine.rs:85:        let new_state = ConstitutionalState::new(
crates/amun-state-machine/src/engine.rs:8:/// ConstitutionalPolicyEngine: determines WHAT is legal.
crates/amun-state-machine/src/formal_entropy.rs:29:    /// Constitutional court ruling absorbs entropy
crates/amun-state-machine/src/invariants.rs:16:    /// Constitutional identity must not have been silently mutated.
crates/amun-state-machine/src/invariants.rs:1:/// Constitutional invariants that must be preserved across ALL transitions.
crates/amun-state-machine/src/invariants.rs:3:pub enum ConstitutionalInvariant {
crates/amun-state-machine/src/invariants.rs:7:    ConstitutionConsistent,
crates/amun-state-machine/src/lib.rs:30:pub use axioms::{AxiomVerification, ConstitutionalAxiom, ConstitutionalAxiomEngine};
crates/amun-state-machine/src/lib.rs:32:pub use delta_algebra::ConstitutionalDelta;
crates/amun-state-machine/src/lib.rs:36:    ConstitutionalExecutionEngine, ConstitutionalPolicyEngine, ConstitutionalProofEngine,
crates/amun-state-machine/src/lib.rs:44:pub use invariants::ConstitutionalInvariant;
crates/amun-state-machine/src/lib.rs:50:pub use replay_log::{ConstitutionalReplayDAG, ReplayLogEntry};
crates/amun-state-machine/src/lib.rs:51:pub use stability::ConstitutionalStabilityMetrics;
crates/amun-state-machine/src/lib.rs:52:pub use states::{ConstitutionalState, StateTag};
crates/amun-state-machine/src/lib.rs:53:pub use thermodynamics::{ConstitutionalEntropy, StabilityEquations};
crates/amun-state-machine/src/meta_amendment.rs:18:    /// Can amend constitutional text (Constitution.md)
crates/amun-state-machine/src/meta_amendment.rs:19:    ConstitutionalText,
crates/amun-state-machine/src/meta_amendment.rs:40:/// The Meta-Constitutional Amendment Engine.
crates/amun-state-machine/src/postconditions.rs:15:    /// Constitutional invariants must still hold.
crates/amun-state-machine/src/postconditions.rs:1:use super::states::ConstitutionalState;
crates/amun-state-machine/src/postconditions.rs:8:        expected: ConstitutionalState,
crates/amun-state-machine/src/postconditions.rs:9:        actual: ConstitutionalState,
crates/amun-state-machine/src/preconditions.rs:17:    /// Constitutional identity must remain unchanged unless amendment.
crates/amun-state-machine/src/preconditions.rs:1:use super::states::{ConstitutionalState, StateTag};
crates/amun-state-machine/src/preconditions.rs:24:        from: &ConstitutionalState,
crates/amun-state-machine/src/preconditions.rs:39:        from: &ConstitutionalState,
crates/amun-state-machine/src/reconciliation.rs:15:    Synthesize { new_delta: ConstitutionalDelta },
crates/amun-state-machine/src/reconciliation.rs:1:use super::delta_algebra::ConstitutionalDelta;
crates/amun-state-machine/src/reconciliation.rs:20:/// The Constitutional Reconciliation Engine.
crates/amun-state-machine/src/reconciliation.rs:25:    pub fn reconcile(a: &ConstitutionalDelta, b: &ConstitutionalDelta) -> ReconciliationStrategy {
crates/amun-state-machine/src/reconciliation.rs:4:/// Constitutional Reconciliation Calculus.
crates/amun-state-machine/src/replay_log.rs:46:/// Constitutional Replay DAG - branching constitutional history.
crates/amun-state-machine/src/replay_log.rs:48:pub struct ConstitutionalReplayDAG {
crates/amun-state-machine/src/replay_log.rs:54:impl Default for ConstitutionalReplayDAG {
crates/amun-state-machine/src/replay_log.rs:60:impl ConstitutionalReplayDAG {
crates/amun-state-machine/src/stability.rs:15:impl Default for ConstitutionalStabilityMetrics {
crates/amun-state-machine/src/stability.rs:21:impl ConstitutionalStabilityMetrics {
crates/amun-state-machine/src/stability.rs:3:pub struct ConstitutionalStabilityMetrics {
crates/amun-state-machine/src/states.rs:35:pub struct ConstitutionalState {
crates/amun-state-machine/src/states.rs:46:impl ConstitutionalState {
crates/amun-state-machine/src/thermodynamics.rs:11:impl Default for ConstitutionalEntropy {
crates/amun-state-machine/src/thermodynamics.rs:17:impl ConstitutionalEntropy {
crates/amun-state-machine/src/thermodynamics.rs:1:/// Constitutional entropy: a measure of disorder in the civilization system.
crates/amun-state-machine/src/thermodynamics.rs:58:/// Constitutional stability equations.
crates/amun-state-machine/src/thermodynamics.rs:5:pub struct ConstitutionalEntropy {
crates/amun-state-machine/src/thermodynamics.rs:61:    pub entropy: ConstitutionalEntropy,
crates/amun-state-machine/src/thermodynamics.rs:73:            entropy: ConstitutionalEntropy::new(),
crates/amun-state-machine/src/thermodynamics.rs:85:            Some("CRITICAL: Constitutional entropy approaching maximum. Civilization at risk of fragmentation.".to_string())
crates/amun-state-machine/src/transitions.rs:118:    pub from_state: ConstitutionalState,
crates/amun-state-machine/src/transitions.rs:136:        from_state: ConstitutionalState,
crates/amun-state-machine/src/transitions.rs:1:use super::states::{ConstitutionalState, StateTag};
crates/amun-state-machine/src/verifier.rs:104:                ConstitutionalInvariant::TransitionHistoryAcyclic => {
crates/amun-state-machine/src/verifier.rs:109:                ConstitutionalInvariant::LineageIntact
crates/amun-state-machine/src/verifier.rs:11:        new_state: ConstitutionalState,
crates/amun-state-machine/src/verifier.rs:1:use super::invariants::ConstitutionalInvariant;
crates/amun-state-machine/src/verifier.rs:22:        from: &ConstitutionalState,
crates/amun-state-machine/src/verifier.rs:3:use super::states::{ConstitutionalState, StateTag};
crates/amun-state-machine/src/verifier.rs:67:        let new_state = ConstitutionalState::new(
crates/amun-state-machine/src/verifier.rs:90:        old_state: &ConstitutionalState,
crates/amun-state-machine/src/verifier.rs:91:        new_state: &ConstitutionalState,
crates/amun-state-machine/src/verifier.rs:92:        invariants: &[ConstitutionalInvariant],
crates/amun-state-machine/src/verifier.rs:97:                ConstitutionalInvariant::NoImpossibleState => {
crates/amun-state-root/src/continuity.rs:10:    pub fn expected_parent_hash(current_snapshot: &ConstitutionalSnapshot) -> [u8; 32] {
crates/amun-state-root/src/continuity.rs:1:use super::snapshot::ConstitutionalSnapshot;
crates/amun-state-root/src/continuity.rs:6:    pub fn verify_link(parent_hash: &[u8; 32], child: &ConstitutionalSnapshot) -> bool {
crates/amun-state-root/src/lib.rs:15:pub use snapshot::{ConstitutionalSnapshot, SnapshotSeal};
crates/amun-state-root/src/snapshot.rs:33:    /// Constitutional verification: only root equality is authoritative.
crates/amun-state-root/src/snapshot.rs:48:impl CanonicalEncode for ConstitutionalSnapshot {
crates/amun-state-root/src/snapshot.rs:62:impl ConstitutionalSnapshot {
crates/amun-state-root/src/snapshot.rs:8:pub struct ConstitutionalSnapshot {
crates/amun-state-sync/src/lib.rs:165:        let pkg = ConstitutionalSyncPackage::new(cert, chunks, chunk_proofs);
crates/amun-state-sync/src/lib.rs:197:        let pkg = ConstitutionalSyncPackage::new(cert, vec![], vec![]);
crates/amun-state-sync/src/lib.rs:231:        let pkg = ConstitutionalSyncPackage::new(cert, tampered_chunks, chunk_proofs);
crates/amun-state-sync/src/lib.rs:269:        let pkg = ConstitutionalSyncPackage::new(cert, partial_chunks, partial_proofs);
crates/amun-state-sync/src/stateless_verifier.rs:20:        package: &ConstitutionalSyncPackage,
crates/amun-state-sync/src/stateless_verifier.rs:3:use crate::sync_package::ConstitutionalSyncPackage;
crates/amun-state-sync/src/sync_package.rs:15:impl ConstitutionalSyncPackage {
crates/amun-state-sync/src/sync_package.rs:8:pub struct ConstitutionalSyncPackage {
crates/amun-state-sync/src/sync_protocol.rs:143:        let package = ConstitutionalSyncPackage::new(cert, chunks, chunk_proofs);
crates/amun-state-sync/src/sync_protocol.rs:4:use crate::sync_package::ConstitutionalSyncPackage;
crates/amun-stateless-sync/src/lib.rs:194:    use amun_constitutional_state::ConstitutionalStateRuntime;
crates/amun-stateless-sync/src/lib.rs:197:        let mut rt = ConstitutionalStateRuntime::new();
crates/amun-stateless-sync/src/lib.rs:201:        let merkle_root = hex::encode(ConstitutionalStateRuntime::certificate_merkle_root(&certs));
crates/amun-stateless-sync/src/lib.rs:203:        let proof = ConstitutionalStateRuntime::prove_certificate_inclusion(&certs, &hash).unwrap();
crates/amun-stateless-sync/src/lib.rs:204:        let block = ConstitutionalBlock::new(
crates/amun-stateless-sync/src/lib.rs:33:use amun_constitutional_block::ConstitutionalBlock;
crates/amun-stateless-sync/src/lib.rs:45:    HeaderBatch { headers: Vec<ConstitutionalBlock> },
crates/amun-stateless-sync/src/lib.rs:79:    headers: BTreeMap<u64, ConstitutionalBlock>,
crates/amun-stateless-sync/src/lib.rs:97:    pub fn import_header(&mut self, header: ConstitutionalBlock) {
crates/amun-stf/src/nonce.rs:21:            FailureContext::new(ConstitutionalFault::ArithmeticOverflow, 0x0008, 0x0200)
crates/amun-stf/src/nonce.rs:2:use amun_failure::{AmunResult, ConstitutionalFault, FailureContext};
crates/amun-stf/src/nonce.rs:35:                FailureContext::new(ConstitutionalFault::ArithmeticOverflow, 0x0008, 0x0201)
crates/amun-stf/src/nonce.rs:39:                ConstitutionalFault::ReplayViolation,
crates/amun-stf/src/receipt.rs:49:                amun_failure::ConstitutionalFault::BufferTooSmall,
crates/amun-stf/src/state.rs:111:                FailureContext::new(ConstitutionalFault::CapacityExceeded, 0x0008, 0x0006)
crates/amun-stf/src/state.rs:13:// Constitutional state leaf hash — frozen domain-separated.
crates/amun-stf/src/state.rs:2:use amun_failure::{AmunResult, ConstitutionalFault, FailureContext};
crates/amun-stf/src/state.rs:46:                ConstitutionalFault::CapacityExceeded,
crates/amun-stf/src/state.rs:58:            FailureContext::new(ConstitutionalFault::CapacityExceeded, 0x0008, 0x0003)
crates/amun-stf/src/state.rs:94:            FailureContext::new(ConstitutionalFault::CapacityExceeded, 0x0008, 0x0001)
crates/amun-stf/src/state.rs:98:            FailureContext::new(ConstitutionalFault::CapacityExceeded, 0x0008, 0x0002)
crates/amun-stf/src/stf.rs:25:                amun_failure::ConstitutionalFault::CapacityExceeded,
crates/amun-stf/src/stf.rs:37:                amun_failure::ConstitutionalFault::CapacityExceeded,
crates/amun-stf/src/transition.rs:21:                    ConstitutionalFault::CryptoBudgetExceeded,
crates/amun-stf/src/transition.rs:34:                FailureContext::new(ConstitutionalFault::CapacityExceeded, 0x0008, 0x0100)
crates/amun-stf/src/transition.rs:5:use amun_failure::{AmunResult, ConstitutionalFault, FailureContext};
crates/amun-storage-kernel/CANONICAL_TRAVERSAL_LAW.md:70:4. Within same NodeHash (impossible per Article V of Constitution),
crates/amun-storage-kernel/CONSTITUTION.md:108:Ratified upon verification of all 10 Constitutional Theorems.
crates/amun-storage-kernel/CONSTITUTION.md:109:Signed: AmunChain Constitutional Assembly, Version 1.0
crates/amun-storage-kernel/CONSTITUTION.md:61:**Section 3.1: WAL as Constitutional Timeline**
crates/amun-storage-kernel/CONSTITUTION.md:7:This Constitution establishes the immutable laws governing state representation,
crates/amun-storage-kernel/CONSTITUTION.md:9:specifications, and amendments MUST comply. In conflict, this Constitution prevails
crates/amun-storage-kernel/CONSTITUTIONAL_DEBT.md:11:### DEBT-003: Snapshot Format Constitution (Phase 84) [HIGH]
crates/amun-storage-kernel/SNAPSHOT_CONSTITUTION.md:158:the Storage Constitution (fixed 256-step geometry).
crates/amun-storage-kernel/SNAPSHOT_CONSTITUTION.md:162:Storage Constitution (NodeHash uniquely determines content).
crates/amun-storage-kernel/SNAPSHOT_CONSTITUTION.md:2:## Constitutional framework for distributed state snapshots
crates/amun-storage-kernel/SPECIFICATION.md:2:## Derived from the Constitution - Implementation Semantics
crates/amun-storage-kernel/VALIDITY_HIERARCHY.md:12:| 3 | ConstitutionallyValid | Epoch/generation/lineage compliance |
crates/amun-storage-kernel/VALIDITY_HIERARCHY.md:17:Consensus operations require ConstitutionallyValid or higher.
crates/amun-storage-kernel/VALIDITY_HIERARCHY.md:56:### Level 5: ConstitutionalCrisis (System Halt Required)
crates/amun-storage-kernel/VALIDITY_HIERARCHY.md:99:| ConstitutionalCrisis | Until human resolution | Constitutional court ruling |
crates/amun-storage-kernel/src/lib.rs:147:    ConstitutionallyValid = 3,
crates/amun-storage-kernel/src/lib.rs:91:pub struct ConstitutionalContinuity;
crates/amun-storage-kernel/src/lib.rs:93:impl ConstitutionalContinuity {
crates/amun-testnet-sim/tests/adversarial_tests.rs:190:        let result = ConstitutionalRuntime::execute(
crates/amun-testnet-sim/tests/adversarial_tests.rs:2:use amun_bytecode::program::ConstitutionalProgram;
crates/amun-testnet-sim/tests/adversarial_tests.rs:38:fn make_program() -> ConstitutionalProgram {
crates/amun-testnet-sim/tests/adversarial_tests.rs:39:    ConstitutionalProgram::new(1, 0, 0, vec![OpCode::Halt])
crates/amun-testnet-sim/tests/adversarial_tests.rs:3:use amun_constitutional_runtime::runtime_pipeline::{ConstitutionalRuntime, PipelineResult};
crates/amun-tokenomics/src/policy.rs:2:// AmunChain Economic Constitution v1.0 — Frozen Constants
crates/amun-transaction/src/tx.rs:129:                ConstitutionalFault::InvalidInput,
crates/amun-transaction/src/tx.rs:136:                ConstitutionalFault::InvalidInput,
crates/amun-transaction/src/tx.rs:144:                FailureContext::new(ConstitutionalFault::CapacityExceeded, 0x000E, 0x0003)
crates/amun-transaction/src/tx.rs:163:                ConstitutionalFault::InvalidInput,
crates/amun-transaction/src/tx.rs:170:                ConstitutionalFault::InvalidInput,
crates/amun-transaction/src/tx.rs:177:                ConstitutionalFault::InvalidInput,
crates/amun-transaction/src/tx.rs:2:use amun_failure::{AmunResult, ConstitutionalFault, FailureContext};
crates/amun-transcript-semantics/src/lib.rs:2://! Layer 0.75 — Constitutional Causal Ontology.
crates/amun-transition-proof/src/enhanced_proof.rs:1:use amun_evidence_engine::evidence_types::ConstitutionalEvidence;
crates/amun-transition-proof/src/enhanced_proof.rs:87:    pub evidence: Vec<ConstitutionalEvidence>,
crates/amun-transition-proof/src/proof_builder.rs:34:        let evidence: Vec<ConstitutionalEvidence> = buffer
crates/amun-transition-proof/src/proof_builder.rs:3:use amun_evidence_engine::evidence_types::ConstitutionalEvidence;
crates/amun-transition-proof/src/proof_builder.rs:76:        let evidence: Vec<ConstitutionalEvidence> = buffer
crates/amun-transition-proof/src/transition_proof.rs:23:    pub evidence: Vec<ConstitutionalEvidence>,
crates/amun-transition-proof/src/transition_proof.rs:2:use amun_evidence_engine::evidence_types::ConstitutionalEvidence;
crates/amun-transition-proof/src/transition_proof.rs:40:        evidence: Vec<ConstitutionalEvidence>,
crates/amun-truth-engine/src/engine.rs:232:        // Constitutional: reject foreign-chain snapshots
crates/amun-unsigned-messages/src/vote.rs:104:            0 => ConstitutionalPhase::Propose,
crates/amun-unsigned-messages/src/vote.rs:105:            1 => ConstitutionalPhase::Prevote,
crates/amun-unsigned-messages/src/vote.rs:106:            2 => ConstitutionalPhase::Precommit,
crates/amun-unsigned-messages/src/vote.rs:161:    pub fn phase(&self) -> ConstitutionalPhase {
crates/amun-unsigned-messages/src/vote.rs:16:    pub phase: ConstitutionalPhase,
crates/amun-unsigned-messages/src/vote.rs:26:        phase: ConstitutionalPhase,
crates/amun-unsigned-messages/src/vote.rs:2:use amun_constitution_core::phase::ConstitutionalPhase;
crates/amun-validator-networking/src/network_messages.rs:17:        package: Box<ConstitutionalSyncPackage>,
crates/amun-validator-networking/src/network_messages.rs:1:use amun_state_sync::sync_package::ConstitutionalSyncPackage;
crates/amun-validator-networking/src/sync_transport.rs:16:    ) -> ConstitutionalSyncPackage {
crates/amun-validator-networking/src/sync_transport.rs:39:        ConstitutionalSyncPackage::new(cert, chunks, chunk_proofs)
crates/amun-validator-networking/src/sync_transport.rs:43:        package: &ConstitutionalSyncPackage,
crates/amun-validator-networking/src/sync_transport.rs:5:use amun_state_sync::sync_package::ConstitutionalSyncPackage;
crates/amun-validator-runtime/src/validator_node.rs:2:use amun_bytecode::program::ConstitutionalProgram;
crates/amun-validator-runtime/src/validator_node.rs:34:        let program = ConstitutionalProgram::new(1, 0, 0, vec![OpCode::Halt]);
crates/amun-validator-runtime/src/validator_node.rs:3:use amun_constitutional_runtime::runtime_pipeline::{ConstitutionalRuntime, PipelineResult};
crates/amun-validator-runtime/src/validator_node.rs:52:        let result = ConstitutionalRuntime::execute(
crates/amun-verification-kernel/src/lib.rs:132:    pub certificates: Vec<VerificationCertificate>,
crates/amun-verification-kernel/src/lib.rs:140:    pub fn register(&mut self, cert: VerificationCertificate) -> Result<(), String> {
crates/amun-verification-kernel/src/lib.rs:148:    pub fn phase_certificate(&self, phase: &str) -> Option<&VerificationCertificate> {
crates/amun-verification-kernel/src/lib.rs:161:    fn make_claim(id: &str, phase: &str, status: ClaimStatus) -> ConstitutionalClaim {
crates/amun-verification-kernel/src/lib.rs:162:        ConstitutionalClaim {
crates/amun-verification-kernel/src/lib.rs:191:        let cert = VerificationCertificate::issue("N46", claims, evidence, "verifier-1", 1000);
crates/amun-verification-kernel/src/lib.rs:199:        let mut cert = VerificationCertificate::issue(
crates/amun-verification-kernel/src/lib.rs:213:        let cert = VerificationCertificate::issue(
crates/amun-verification-kernel/src/lib.rs:227:        let mut cert = VerificationCertificate::issue(
crates/amun-verification-kernel/src/lib.rs:241:        let cert = VerificationCertificate::issue(
crates/amun-verification-kernel/src/lib.rs:59:pub struct VerificationCertificate {
crates/amun-verification-kernel/src/lib.rs:62:    pub claims: Vec<ConstitutionalClaim>,
crates/amun-verification-kernel/src/lib.rs:69:impl VerificationCertificate {
crates/amun-verification-kernel/src/lib.rs:6:pub struct ConstitutionalClaim {
crates/amun-verification-kernel/src/lib.rs:73:        claims: Vec<ConstitutionalClaim>,
crates/amun-verifier-node/src/verifier.rs:11:        prev_block: Option<&ConstitutionalBlock>,
crates/amun-verifier-node/src/verifier.rs:2:use amun_constitutional_block::ConstitutionalBlock;
crates/amun-verifier-node/src/verifier.rs:61:        blocks: &[ConstitutionalBlock],
crates/amun-verifier-node/src/verifier.rs:9:        block: &ConstitutionalBlock,
crates/amun-vm-kernel/src/pending_buffer.rs:26:    ConstitutionalViolation {
crates/amun-vm-kernel/src/vm_kernel.rs:42:                violations.push(VMEvidence::ConstitutionalViolation {
crates/amun-vm-kernel/src/vm_kernel.rs:54:                        violations.push(VMEvidence::ConstitutionalViolation {
crates/amun-vm-kernel/src/vm_kernel.rs:62:                        violations.push(VMEvidence::ConstitutionalViolation {
crates/amun-vm-kernel/src/vm_kernel.rs:70:                        violations.push(VMEvidence::ConstitutionalViolation {
crates/amun-vm-kernel/src/vm_kernel.rs:81:                        violations.push(VMEvidence::ConstitutionalViolation {
crates/amun-vm-kernel/src/vm_kernel.rs:89:                    violations.push(VMEvidence::ConstitutionalViolation {
crates/amun_state_machine/src/certification/mod.rs:20:        pre_state: &ConstitutionalState,
crates/amun_state_machine/src/certification/mod.rs:21:        post_state: &ConstitutionalState,
crates/amun_state_machine/src/certification/mod.rs:4:use crate::state::ConstitutionalState;
crates/amun_state_machine/src/certification/mod.rs:74:        final_state: &ConstitutionalState,
crates/amun_state_machine/src/event.rs:37:/// Constitutional event with deterministic serialization
crates/amun_state_machine/src/event.rs:5:/// Constitutional event types
crates/amun_state_machine/src/lib.rs:18:pub use state::{ConstitutionalState, Account};
crates/amun_state_machine/src/ordering.rs:3://! Canonical Ordering Constitution
crates/amun_state_machine/src/scheduler.rs:106:        let mut state2 = ConstitutionalState::new();
crates/amun_state_machine/src/scheduler.rs:33:    pub fn execute_next(&mut self, state: &mut ConstitutionalState) -> Option<[u8; 32]> {
crates/amun_state_machine/src/scheduler.rs:49:    pub fn execute_all(&mut self, state: &mut ConstitutionalState) -> usize {
crates/amun_state_machine/src/scheduler.rs:6:use crate::state::ConstitutionalState;
crates/amun_state_machine/src/scheduler.rs:98:        let mut state1 = ConstitutionalState::new();
crates/amun_state_machine/src/snapshot.rs:16:    pub fn new(state: &ConstitutionalState, parent_hash: [u8; 32], event_count: u64) -> Self {
crates/amun_state_machine/src/snapshot.rs:4:use crate::state::ConstitutionalState;
crates/amun_state_machine/src/snapshot.rs:52:    pub fn take_snapshot(&mut self, state: &ConstitutionalState, event_count: u64) -> StateSnapshot {
crates/amun_state_machine/src/snapshot.rs:94:    use crate::state::ConstitutionalState;
crates/amun_state_machine/src/snapshot.rs:99:        let state = ConstitutionalState::new();
crates/amun_state_machine/src/state.rs:110:        let mut state1 = ConstitutionalState::new();
crates/amun_state_machine/src/state.rs:115:        let mut state2 = ConstitutionalState::new();
crates/amun_state_machine/src/state.rs:39:/// Constitutional state machine state
crates/amun_state_machine/src/state.rs:41:pub struct ConstitutionalState {
crates/amun_state_machine/src/state.rs:48:impl ConstitutionalState {
crates/amun_state_machine/src/state.rs:7:/// Constitutional account state
crates/amun_state_machine/src/state.rs:98:impl Default for ConstitutionalState {
crates/amun_state_machine/src/transition.rs:121:    fn handle_mint(state: &mut ConstitutionalState, event: &Event) -> TransitionResult {
crates/amun_state_machine/src/transition.rs:139:    fn handle_burn(state: &mut ConstitutionalState, event: &Event) -> TransitionResult {
crates/amun_state_machine/src/transition.rs:162:    fn handle_delegate(state: &mut ConstitutionalState, event: &Event) -> TransitionResult {
crates/amun_state_machine/src/transition.rs:190:    fn handle_undelegate(state: &mut ConstitutionalState, event: &Event) -> TransitionResult {
crates/amun_state_machine/src/transition.rs:215:    fn handle_slash(state: &mut ConstitutionalState, event: &Event) -> TransitionResult {
crates/amun_state_machine/src/transition.rs:236:    fn handle_reward(state: &mut ConstitutionalState, event: &Event) -> TransitionResult {
crates/amun_state_machine/src/transition.rs:258:    use crate::state::ConstitutionalState;
crates/amun_state_machine/src/transition.rs:262:        let mut state = ConstitutionalState::new();
crates/amun_state_machine/src/transition.rs:276:        let mut state = ConstitutionalState::new();
crates/amun_state_machine/src/transition.rs:52:    pub fn apply(state: &mut ConstitutionalState, event: &Event) -> TransitionResult {
crates/amun_state_machine/src/transition.rs:5:use crate::state::{ConstitutionalState, Account};
crates/amun_state_machine/src/transition.rs:92:    fn handle_transfer(state: &mut ConstitutionalState, event: &Event) -> TransitionResult {
crates/constitutional-linter/src/main.rs:102:    fn classify(name: &str, constitution: &Constitution) -> Self {
crates/constitutional-linter/src/main.rs:114:    println!("=== Constitutional Linter v0.4.0 (Phase 48) ===\n");
crates/constitutional-linter/src/main.rs:119:    let constitution: Constitution = serde_yaml::from_str(&constitution_yaml)
crates/constitutional-linter/src/main.rs:122:            Constitution {
crates/constitutional-linter/src/main.rs:130:    println!("Constitution v{} loaded ({} layers)\n", constitution.version, constitution.layers.len());
crates/constitutional-linter/src/main.rs:190:    println!("   Constitutional (runtime): {}", runtime_edges);
crates/constitutional-linter/src/main.rs:23:// ─── Constitution Model (from YAML) ───────────────────────
crates/constitutional-linter/src/main.rs:25:struct Constitution {
crates/constitutional-linter/src/main.rs:27:    layers: Vec<ConstitutionalLayer>,
crates/constitutional-linter/src/main.rs:33:struct ConstitutionalLayer {
crates/constitutional-linter/src/main.rs:69:enum Layer { Kernel, Constitutional, Interface, Consensus, Execution, Persistence, Network, Governance, Testing, Unknown }
crates/constitutional-linter/src/main.rs:75:            Layer::Constitutional => "Layer 0.5 (Constitutional)",
crates/constitutional-linter/src/main.rs:90:            "Constitutional" => Layer::Constitutional,
docs/BUILD_REPRODUCIBILITY.md:63:# Constitutional Principle
docs/CANONICAL_HASH.md:6:- Constitutional identities
docs/CANONICAL_SERIALIZATION.md:26:### Constitutional Limits
docs/CANONICAL_SERIALIZATION.md:3:## Constitutional Law
docs/CCS_Core_Specification_v1.0.md:101:### 4.1 Constitutional Context Validity
docs/CCS_Core_Specification_v1.0.md:11:This document defines the core mathematical framework of Constitutional
docs/CCS_Core_Specification_v1.0.md:121:### 4.3 Constitutional Transition Rules
docs/CCS_Core_Specification_v1.0.md:136:### 4.4 Constitutional Monotonicity
docs/CCS_Core_Specification_v1.0.md:139:Constitutional authority does not regress across legitimate transitions.
docs/CCS_Core_Specification_v1.0.md:142:### 4.5 Constitutional Conservation
docs/CCS_Core_Specification_v1.0.md:144:quantity: **Constitutional Continuity**.
docs/CCS_Core_Specification_v1.0.md:151:Constitutional authority cannot appear spontaneously; it must have a
docs/CCS_Core_Specification_v1.0.md:158:**Constitutional Authority Uniqueness Theorem:**
docs/CCS_Core_Specification_v1.0.md:176:3. Maintains Constitutional Monotonicity and Constitutional Conservation.
docs/CCS_Core_Specification_v1.0.md:1:# Constitutional Computational Systems (CCS)
docs/CCS_Core_Specification_v1.0.md:26:### 2.1 Constitutional Context
docs/CCS_Core_Specification_v1.0.md:53:### 2.3 Constitutional Evidence
docs/CCS_Core_Specification_v1.0.md:54:**Constitutional evidence** `E` is a verifiable proof that:
docs/CCS_Core_Specification_v1.0.md:62:### 2.4 Constitutional Transition
docs/CCS_Core_Specification_v1.0.md:79:### Axiom 2: Constitutional Determinism
docs/CCS_Core_Specification_v1.0.md:91:### Axiom 4: Constitutional Recoverability
docs/CCS_Core_Specification_v1.1.md:115:### 4.3 Constitutional Monotonicity
docs/CCS_Core_Specification_v1.1.md:118:Constitutional authority does not regress across legitimate transitions.
docs/CCS_Core_Specification_v1.1.md:121:### 4.4 Constitutional Conservation
docs/CCS_Core_Specification_v1.1.md:123:quantity: **Constitutional Continuity**.
docs/CCS_Core_Specification_v1.1.md:130:**Constitutional authority cannot appear spontaneously.**
docs/CCS_Core_Specification_v1.1.md:143:Axiom 2 (Constitutional Determinism).
docs/CCS_Core_Specification_v1.1.md:153:3. Maintain Constitutional Monotonicity and Constitutional Conservation.
docs/CCS_Core_Specification_v1.1.md:1:# Constitutional Computational Systems (CCS)
docs/CCS_Core_Specification_v1.1.md:25:### 2.1 Constitutional Context
docs/CCS_Core_Specification_v1.1.md:51:### 2.3 Constitutional Evidence
docs/CCS_Core_Specification_v1.1.md:52:**Constitutional evidence** is a verifiable proof that:
docs/CCS_Core_Specification_v1.1.md:60:### 2.4 Constitutional Transition
docs/CCS_Core_Specification_v1.1.md:77:### Axiom 2: Constitutional Determinism (Foundational Axiom)
docs/CCS_Core_Specification_v1.1.md:86:### Axiom 3: Constitutional Recoverability
docs/CCS_Core_Specification_v1.1.md:96:### 4.1 Constitutional Context Validity
docs/CCS_RUNTIME_MAPPING.md:18:| Authority | `ConstitutionalCertificate` | Chain of trust from genesis |
docs/CCS_RUNTIME_MAPPING.md:25:3. No standalone `ConstitutionalEvidence` module – logic scattered across
docs/CONSTITUTIONAL_AUDIT.md:16:| **Constitutional Evidence** | ✅ Implemented | QC structure with BLS aggregated signatures (V3-005D) |
docs/CONSTITUTIONAL_AUDIT.md:1:# AmunChain v0.6 – Constitutional Audit
docs/CONSTITUTIONAL_AUDIT.md:20:| **Validator Amendment** | ✅ Implemented | V3-007A: Constitutional validator set update via consensus |
docs/CONSTITUTIONAL_AUDIT.md:22:| **Constitutional Comparability (CC)** | ✅ Partially implemented | Evidence ordering exists but not formalized as standalone module |
docs/CONSTITUTIONAL_AUDIT.md:24:| **Constitutional Pruning** | ✅ Implemented | Dead branches eliminated by epoch/evidence/conflict rules |
docs/CONSTITUTIONAL_AUDIT.md:26:| **Constitutional Governance** | ⚠️ Minimal | Validator set updates only; no on-chain voting or proposals |
docs/CONSTITUTIONAL_AUDIT.md:32:2. **Context Unification** – E, V, H exist separately; should be unified as ConstitutionalContext
docs/CONSTITUTIONAL_AUDIT.md:33:3. **Constitutional Governance** – Only validator amendments; needs proposal/voting framework
docs/CONSTITUTIONAL_AUDIT.md:36:4. **Constitutional Evidence Module** – QC verification scattered; should be dedicated module
docs/CONSTITUTIONAL_AUDIT.md:44:**Begin with Constitutional Evidence Module.**
docs/CONSTITUTIONAL_MODEL.md:113:# Constitutional Philosophy
docs/CONSTITUTIONAL_MODEL.md:15:# Constitutional Layers
docs/CONSTITUTIONAL_MODEL.md:1:# Constitutional Model
docs/CONSTITUTIONAL_MODEL.md:78:# Constitutional Drift
docs/CRATE_ARCHITECTURE.md:119:## Layer 5 — Constitutional
docs/CRATE_ARCHITECTURE.md:121:Constitutional enforcement infrastructure.
docs/CRATE_ARCHITECTURE.md:137:Constitutional semantic interpretation.
docs/CRATE_ARCHITECTURE.md:173:Constitutional amendment handling.
docs/CRATE_ARCHITECTURE.md:242:-> Constitutional
docs/DEVELOPER_GUIDE.md:128:| tools/check_constitution.sh | Constitutional verification |
docs/DEVELOPER_GUIDE.md:67:# Constitutional Rules
docs/DOCS_INDEX.md:124:Constitutional Mathematics (Phases 111-116)
docs/DOCS_INDEX.md:12:Core Protocol & Constitution
docs/DOCS_INDEX.md:155:    Constitutional audit methodology.
docs/DOCS_INDEX.md:261:    N21: Constitutional identity system.
docs/DOCS_INDEX.md:265:    N48.5A: Constitutional programs specification.
docs/DOCS_INDEX.md:267:    N48.5B: Constitutional resource model.
docs/DOCS_INDEX.md:273:    N48.5D: Constitutional virtual machine.
docs/DOCS_INDEX.md:275:    N48.5E: Constitutional runtime.
docs/DOCS_INDEX.md:283:    N106-N107: Constitutional authority and governance.
docs/DOCS_INDEX.md:297:    Constitutional model overview.
docs/DOCS_INDEX.md:325:    Constitutional layers overview.
docs/DOCS_INDEX.md:327:    Constitutional topology.
docs/DOCS_INDEX.md:334:Phase 80a (Freeze & Numeric Constitution)
docs/DOCS_INDEX.md:381:    V6.004: Constitutional selection principle.
docs/DOCS_INDEX.md:385:    V6.006: Constitutional convergence.
docs/DOCS_INDEX.md:387:    V6.007: Constitutional preference.
docs/DOCS_INDEX.md:389:    V6.008: Constitutional resolution.
docs/DOCS_INDEX.md:391:    V6.009: Constitutional meta-resolution.
docs/DOCS_INDEX.md:393:    V6.010: Constitutional constraint principle.
docs/DOCS_INDEX.md:395:    V7.001: Constitutional derivability.
docs/DOCS_INDEX.md:399:    V7.003: Constitutional reduction.
docs/DOCS_INDEX.md:401:    V7.004: Constitutional confluence.
docs/DOCS_INDEX.md:403:    V7.005: Constitutional pruning.
docs/DOCS_INDEX.md:405:    V7.006: Constitutional exclusion.
docs/DOCS_INDEX.md:409:    V7.008: Constitutional closure.
docs/DOCS_INDEX.md:417:    V8.002: Constitutional comparability.
docs/DOCS_INDEX.md:425:    Constitutional kernel overview.
docs/N106_N107_CONSTITUTIONAL_AUTHORITY_AND_GOVERNANCE.md:116:### ConstitutionalAuthority
docs/N106_N107_CONSTITUTIONAL_AUTHORITY_AND_GOVERNANCE.md:118:The ConstitutionalAuthority struct defines a versioned authority with an ID derived
docs/N106_N107_CONSTITUTIONAL_AUTHORITY_AND_GOVERNANCE.md:126:ConstitutionalAuthority objects. It tracks the active version and an optional
docs/N106_N107_CONSTITUTIONAL_AUTHORITY_AND_GOVERNANCE.md:158:ConstitutionalAuthority. ScheduleTransition validates both versions exist and
docs/N106_N107_CONSTITUTIONAL_AUTHORITY_AND_GOVERNANCE.md:1:# N106 & N107: Constitutional Authority and Governance
docs/N106_N107_CONSTITUTIONAL_AUTHORITY_AND_GOVERNANCE.md:36:containing ConstitutionalAuthority, AuthorityRegistry, GovernanceProposal, ProposalVotes,
docs/N106_N107_CONSTITUTIONAL_AUTHORITY_AND_GOVERNANCE.md:55:and version number. From this, a ConstitutionalAuthority object is created and used to
docs/N126_FINAL_BASELINE.md:1:N126 — Evidence-Based Constitutional Enforcement Baseline
docs/N126_FINAL_BASELINE.md:22:    Block → QC → ConstitutionalEnforcementKernel → ConstitutionalVerdict → Commit/Reject
docs/N126_FINAL_BASELINE.md:24:Constitutional Laws Status
docs/N126_FINAL_BASELINE.md:41:Constitution CONSUMES verified evidence from execution layer.
docs/N126_FINAL_BASELINE.md:51:Estimated Constitutional Maturity: ~75-80%
docs/PHASE_84_UNIFICATION.md:13:### 1. Constitutional Context (`ConstitutionalContext`)
docs/PHASE_84_UNIFICATION.md:17:### 2. Constitutional Evidence (`ConstitutionalEvidence`)
docs/PHASE_84_UNIFICATION.md:24:  2. **Constitutional Membership (Exclusion `⇍_C`)**: Rejects foreign evidence.
docs/PROJECT_INDEX.md:117:| docs/architecture/constitution.yaml | Constitutional architecture map |
docs/PROJECT_INDEX.md:131:## Constitutional Evolution
docs/PROJECT_INDEX.md:137:| docs/constitutional/topology.md | Constitutional topology |
docs/PROJECT_INDEX.md:149:# Constitutional Principles
docs/PROJECT_INDEX.md:151:## Constitutional Authority
docs/PROJECT_INDEX.md:171:## Constitutional Identity
docs/PROJECT_INDEX.md:51:| crates/ | Constitutional crates |
docs/PROJECT_INDEX.md:53:| constitution/ | Constitutional specifications |
docs/PROJECT_INDEX.md:62:## Constitutional Specifications
docs/PROJECT_INDEX.md:96:| docs/CONSTITUTIONAL_MODEL.md | Constitutional ontology |
docs/REPLAY_LAW.md:3:## Phase 81 — Deterministic Replay Constitution
docs/REPLAY_LAW.md:54:- Constitutional Rules
docs/REPOSITORY_LAYOUT.md:133:## Constitutional Layer
docs/REPOSITORY_LAYOUT.md:135:Constitutional semantic enforcement.
docs/REPOSITORY_LAYOUT.md:17:| crates/ | Constitutional Rust crates |
docs/REPOSITORY_LAYOUT.md:249:| CONSTITUTIONAL_MODEL.md | Constitutional ontology |
docs/REPOSITORY_LAYOUT.md:273:| layers.toml | Constitutional layer map |
docs/REPOSITORY_LAYOUT.md:274:| taxonomy.md | Constitutional taxonomy |
docs/REPOSITORY_LAYOUT.md:27:| CHANGELOG.md | Constitutional evolution history |
docs/REPOSITORY_LAYOUT.md:295:| check_constitution.sh | Constitutional validation |
docs/REPOSITORY_LAYOUT.md:335:## Constitutional Importance
docs/SECURITY_MODEL.md:59:# Constitutional Security Principle
docs/V0_3_COMPLETION.md:16:| 3. Constitutional Evidence | QC verification, validator set binding | ✅ |
docs/V0_3_COMPLETION.md:19:| 6. Constitutional Governance | Validator set updates, epoch transitions, authority recovery | ✅ |
docs/V0_3_COMPLETION.md:1:# AmunChain v0.3 – Constitutional Authority Layer – Complete
docs/V0_3_COMPLETION.md:22:**Authority = Cryptographic Proof + Validator Set Binding + Epoch Context + Constitutional Legitimacy**
docs/V0_3_COMPLETION.md:24:## Next Phase: v0.4 – Formal Constitutional Theory
docs/V2_016G_PARTITION_SAFETY_RECOVERY.md:17:V2-017: Constitutional Reconciliation Protocol (exchange highest QC, locked block, commit certificate)
docs/V2_026_ADVERSARIAL_RECONCILIATION.md:1:# V2-026: Adversarial Reconciliation – Constitutional State Arbitration
docs/V2_026_ADVERSARIAL_RECONCILIATION.md:20:## Constitutional Rules Validated
docs/V2_027_FORMAL_CONSTITUTIONAL_STATE.md:15:## Constitutional Authority Levels
docs/V2_027_FORMAL_CONSTITUTIONAL_STATE.md:1:# V2-027: Formal Constitutional State Transfer
docs/V3_005D_QC_CRYPTOGRAPHIC_PROOF.md:20:- Constitutional evidence relied on structural checks.
docs/V3_005D_QC_CRYPTOGRAPHIC_PROOF.md:24:- Constitutional evidence can verify the proof mathematically.
docs/V3_005D_QC_CRYPTOGRAPHIC_PROOF.md:28:V3-006: Byzantine Constitutional Attacks – now that QCs carry real crypto,
docs/V3_006D_FOREIGN_AUTHORITY.md:26:**Authority = Cryptography + Constitutional Membership + Epoch + Validator Set Binding**
docs/V3_006D_FOREIGN_AUTHORITY.md:30:## Next Phase: V3-007 Constitutional Governance
docs/V3_006D_FOREIGN_AUTHORITY.md:32:- Constitutional voting
docs/V3_006_BYZANTINE_CONSTITUTIONAL_ATTACKS.md:1:# V3-006: Byzantine Constitutional Attacks – All Rejected
docs/V4_002_003_CCS_THEORY_NUCLEUS.md:120:- **V4-007:** Paper draft: "A Mathematical Framework for Constitutional
docs/V4_002_003_CCS_THEORY_NUCLEUS.md:16:**Constitutional Computational Systems (CCS)** introduce a new primitive: the
docs/V4_002_003_CCS_THEORY_NUCLEUS.md:17:**Constitutional Context**. The transition function becomes:
docs/V4_002_003_CCS_THEORY_NUCLEUS.md:27:## 2. The Constitutional Space (ℂ)
docs/V4_002_003_CCS_THEORY_NUCLEUS.md:31:- **Objects** are `ConstitutionalContext` tuples: `C = (E, V, Q, H)`
docs/V4_002_003_CCS_THEORY_NUCLEUS.md:76:Constitutional authority is partially ordered by epoch. Evidence from an
docs/V4_002_003_CCS_THEORY_NUCLEUS.md:81:## 4. Constitutional Temporal Logic
docs/V5_CCS_COMPLETE_RESEARCH_PROGRAM.md:15:- **Constitutional Context** `C ∈ ℂ`
docs/V5_CCS_COMPLETE_RESEARCH_PROGRAM.md:17:- **Constitutional Evidence** `E`
docs/V5_CCS_COMPLETE_RESEARCH_PROGRAM.md:18:- **Constitutional Transition** `τ : C₁ → C₂`
docs/V5_CCS_COMPLETE_RESEARCH_PROGRAM.md:24:- **Constitutional Determinism:** `∀ C : ∃! A = Authority(C)`
docs/V5_CCS_COMPLETE_RESEARCH_PROGRAM.md:31:- **Category Morphisms:** Constitutional transitions as category arrows
docs/V5_CCS_COMPLETE_RESEARCH_PROGRAM.md:40:### V5-002: Constitutional Conservation
docs/V5_CCS_COMPLETE_RESEARCH_PROGRAM.md:42:- Hypothesis: The conserved quantity is **Constitutional Continuity** – every
docs/V5_CCS_COMPLETE_RESEARCH_PROGRAM.md:46:### V5-003: Constitutional Monotonicity
docs/V5_CCS_COMPLETE_RESEARCH_PROGRAM.md:52:- Objects: Constitutional Contexts
docs/V5_CCS_COMPLETE_RESEARCH_PROGRAM.md:53:- Morphisms: Constitutional Transitions
docs/V5_CCS_COMPLETE_RESEARCH_PROGRAM.md:56:### V5-005: Constitutional Context Validity
docs/V5_CCS_COMPLETE_RESEARCH_PROGRAM.md:59:With this, Constitutional Determinism becomes:
docs/V5_CCS_COMPLETE_RESEARCH_PROGRAM.md:65:What would falsify Constitutional Determinism?
docs/V5_CCS_COMPLETE_RESEARCH_PROGRAM.md:7:**Constitutional Determinism:**
docs/V5_CCS_COMPLETE_RESEARCH_PROGRAM.md:86:| v0.3    | Constitutional Authority Layer |
docs/V5_CCS_COMPLETE_RESEARCH_PROGRAM.md:8:Constitutional authority is not produced by consensus; it is uniquely determined
docs/V5_CCS_COMPLETE_RESEARCH_PROGRAM.md:94:4. Academic publication: "Constitutional Computational Systems: A Mathematical
docs/V5_CCS_RESEARCH_PROGRAM.md:105:4. Academic publication: "Constitutional Computational Systems: A Mathematical
docs/V5_CCS_RESEARCH_PROGRAM.md:25:### V5-002: Constitutional Conservation
docs/V5_CCS_RESEARCH_PROGRAM.md:42:### V5-003: Constitutional Monotonicity
docs/V5_CCS_RESEARCH_PROGRAM.md:55:- Objects are Constitutional Contexts
docs/V5_CCS_RESEARCH_PROGRAM.md:56:- Morphisms are Constitutional Transitions (justified by evidence)
docs/V5_CCS_RESEARCH_PROGRAM.md:65:### V5-005: Constitutional Context Validity (NEW)
docs/V5_CCS_RESEARCH_PROGRAM.md:74:With this, the Constitutional Determinism hypothesis becomes more precise:
docs/V5_CCS_RESEARCH_PROGRAM.md:7:**Constitutional Determinism:**
docs/V5_CCS_RESEARCH_PROGRAM.md:8:Constitutional authority is not produced by consensus; it is uniquely determined
docs/V5_CCS_RESEARCH_PROGRAM.md:94:| v0.3    | Constitutional Authority Layer |
docs/V6_001_GEOMETRY_OF_AUTHORITY.md:37:### 2.1 Constitutional Space (ℙ)
docs/V6_001_GEOMETRY_OF_AUTHORITY.md:46:- `E` (Epoch): Constitutional time
docs/V6_001_GEOMETRY_OF_AUTHORITY.md:54:This ordering is called **Constitutional Reachability**.
docs/V6_001_GEOMETRY_OF_AUTHORITY.md:58:## 3. Axioms of Constitutional Space
docs/V6_001_GEOMETRY_OF_AUTHORITY.md:76:position. **Constitutional authority cannot appear spontaneously.**
docs/V6_001_GEOMETRY_OF_AUTHORITY.md:85:Constitutional transitions advance (or preserve) authority
docs/V6_002_PATHS_NOT_POINTS.md:148:introduction of Constitutional Determinism in v0.4.
docs/V6_002_PATHS_NOT_POINTS.md:45:### 2.1 Constitutional Graph (G)
docs/V6_002_PATHS_NOT_POINTS.md:47:- `V` (vertices): Constitutional contexts
docs/V6_002_PATHS_NOT_POINTS.md:52:### 2.2 Constitutional Path
docs/V6_003_CANONICALIZATION.md:110:- V3-007A: Constitutional amendments create forks in `G`.
docs/V6_003_CANONICALIZATION.md:28:### Layer 1: Constitutional Possibility Graph (G)
docs/V6_003_CANONICALIZATION.md:37:### Layer 2: Constitutional Authority Chain (Λ)
docs/V6_003_CANONICALIZATION.md:54:- **Constitutional:** The selection follows the rules of the
docs/V6_003_CANONICALIZATION.md:63:**Constitutional Authority** is the canonical path `Λ` selected by
docs/V6_003_CANONICALIZATION.md:75:### Axiom 2: Constitutional Determinism (Final Form)
docs/V6_003_CANONICALIZATION.md:86:### Axiom 4: Constitutional Monotonicity
docs/V6_004_CONSTITUTIONAL_SELECTION_PRINCIPLE.md:109:CCS is a theory of **Constitutional Continuity.**
docs/V6_004_CONSTITUTIONAL_SELECTION_PRINCIPLE.md:122:1. Formalize `ConstitutionalContinuity` as a measurable quantity.
docs/V6_004_CONSTITUTIONAL_SELECTION_PRINCIPLE.md:140:It is **Constitutional Continuity.**
docs/V6_004_CONSTITUTIONAL_SELECTION_PRINCIPLE.md:19:**Constitutional Continuity Maximization.**
docs/V6_004_CONSTITUTIONAL_SELECTION_PRINCIPLE.md:1:# CCS v0.6 – V6-004: Constitutional Selection Principle
docs/V6_004_CONSTITUTIONAL_SELECTION_PRINCIPLE.md:25:**Constitutional Selection Principle:**
docs/V6_004_CONSTITUTIONAL_SELECTION_PRINCIPLE.md:30:`Λ ∈ argmax_{π ∈ Paths(G)} ConstitutionalContinuity(π)`
docs/V6_004_CONSTITUTIONAL_SELECTION_PRINCIPLE.md:32:where `ConstitutionalContinuity(π)` is a measure of:
docs/V6_004_CONSTITUTIONAL_SELECTION_PRINCIPLE.md:42:**Constitutional Authority Theorem:**
docs/V6_004_CONSTITUTIONAL_SELECTION_PRINCIPLE.md:49:`ConstitutionalContinuity`.
docs/V6_004_CONSTITUTIONAL_SELECTION_PRINCIPLE.md:69:## 4. Constitutional Continuity (Formal Conjecture)
docs/V6_004_CONSTITUTIONAL_SELECTION_PRINCIPLE.md:71:`ConstitutionalContinuity(π)` may be defined as:
docs/V6_004_CONSTITUTIONAL_SELECTION_PRINCIPLE.md:88:The Constitutional Selection Principle is consistent with all
docs/V6_005_CONTINUITY_ORDERING.md:109:2. Is there a natural "Constitutional Distance" derived from `≼`?
docs/V6_005_CONTINUITY_ORDERING.md:119:Constitutional continuity may not be a number.
docs/V6_005_CONTINUITY_ORDERING.md:1:# CCS v0.6 – V6-005: Constitutional Continuity Ordering
docs/V6_005_CONTINUITY_ORDERING.md:42:## 2. The Constitutional Continuity Order (≼)
docs/V6_005_CONTINUITY_ORDERING.md:55:Constitutional continuity increases (or stays equal) with legitimate
docs/V6_005_CONTINUITY_ORDERING.md:81:**Constitutional Authority Theorem (Order Version):**
docs/V6_006_CONSTITUTIONAL_CONVERGENCE.md:102:CCS is a theory of **Constitutional Convergence.**
docs/V6_006_CONSTITUTIONAL_CONVERGENCE.md:1:# CCS v0.6 – V6-006: Constitutional Convergence Principle
docs/V6_006_CONSTITUTIONAL_CONVERGENCE.md:21:This suggests a deeper principle: **Constitutional Convergence.**
docs/V6_006_CONSTITUTIONAL_CONVERGENCE.md:27:**Constitutional Convergence Principle:**
docs/V6_006_CONSTITUTIONAL_CONVERGENCE.md:39:## 2. The Constitutional Merge (⊔)
docs/V6_006_CONSTITUTIONAL_CONVERGENCE.md:54:**Constitutional Convergence Theorem:**
docs/V6_006_CONSTITUTIONAL_CONVERGENCE.md:67:If Constitutional Convergence holds:
docs/V6_006_CONSTITUTIONAL_CONVERGENCE.md:82:The Constitutional Convergence Principle is consistent with all
docs/V6_007_CONSTITUTIONAL_PREFERENCE.md:13:V6-006 proposed Constitutional Convergence as a join-semilattice of paths.
docs/V6_007_CONSTITUTIONAL_PREFERENCE.md:18:This suggests a deeper principle: **Constitutional Preference.**
docs/V6_007_CONSTITUTIONAL_PREFERENCE.md:1:# CCS v0.6 – V6-007: Constitutional Preference Principle
docs/V6_007_CONSTITUTIONAL_PREFERENCE.md:24:**Constitutional Preference Principle:**
docs/V6_007_CONSTITUTIONAL_PREFERENCE.md:50:**Constitutional Preference Theorem:**
docs/V6_007_CONSTITUTIONAL_PREFERENCE.md:61:## 4. Constitutional Preference Order (≺)
docs/V6_007_CONSTITUTIONAL_PREFERENCE.md:96:CCS is a theory of **Constitutional Preference.**
docs/V6_008_CONSTITUTIONAL_RESOLUTION.md:114:CCS is a theory of **Constitutional Resolution.**
docs/V6_008_CONSTITUTIONAL_RESOLUTION.md:1:# CCS v0.6 – V6-008: Constitutional Resolution Principle
docs/V6_008_CONSTITUTIONAL_RESOLUTION.md:21:## 1. Two Layers of Constitutional Existence
docs/V6_008_CONSTITUTIONAL_RESOLUTION.md:85:**Constitutional Resolution Theorem:**
docs/V6_009_CONSTITUTIONAL_META_RESOLUTION.md:119:CCS is a theory of **Constitutional Meta-Resolution.**
docs/V6_009_CONSTITUTIONAL_META_RESOLUTION.md:1:# CCS v0.6 – V6-009: Constitutional Meta-Resolution
docs/V6_009_CONSTITUTIONAL_META_RESOLUTION.md:61:**Constitutional Meta-Resolution Theorem:**
docs/V6_010_CONSTITUTIONAL_CONSTRAINT_PRINCIPLE.md:100:CCS is a theory of **Constitutional Constraints.**
docs/V6_010_CONSTITUTIONAL_CONSTRAINT_PRINCIPLE.md:104:2. **Constitutional Policy Space:** `ℜ_C`
docs/V6_010_CONSTITUTIONAL_CONSTRAINT_PRINCIPLE.md:118:CCS is a theory of **Constitutional Constraint.**
docs/V6_010_CONSTITUTIONAL_CONSTRAINT_PRINCIPLE.md:1:# CCS v0.6 – V6-010: Constitutional Constraint Principle
docs/V6_010_CONSTITUTIONAL_CONSTRAINT_PRINCIPLE.md:27:## 1. The Constitutional Constraint: Continuity Preservation
docs/V6_010_CONSTITUTIONAL_CONSTRAINT_PRINCIPLE.md:45:## 2. Defining Constitutional Continuity (Recap)
docs/V6_010_CONSTITUTIONAL_CONSTRAINT_PRINCIPLE.md:58:## 3. The Constitutional Policy Space (ℜ_C)
docs/V6_010_CONSTITUTIONAL_CONSTRAINT_PRINCIPLE.md:70:**Constitutional Finality Theorem:**
docs/V6_010_CONSTITUTIONAL_CONSTRAINT_PRINCIPLE.md:88:- **Constitutional Determinism:** `Λ` is uniquely determined by `G` and `R`.
docs/V6_010_CONSTITUTIONAL_CONSTRAINT_PRINCIPLE.md:89:- **Constitutional Conservation:** `Λ` preserves continuity from `P₀`.
docs/V6_010_CONSTITUTIONAL_CONSTRAINT_PRINCIPLE.md:90:- **Constitutional Monotonicity:** Continuity only increases along `Λ`.
docs/V6_010_CONSTITUTIONAL_CONSTRAINT_PRINCIPLE.md:91:- **Constitutional Preference:** `Λ` is the continuity-maximizing path.
docs/V6_010_CONSTITUTIONAL_CONSTRAINT_PRINCIPLE.md:92:- **Constitutional Resolution:** `R` selects `Λ` from legitimate paths.
docs/V7_001_CONSTITUTIONAL_DERIVABILITY.md:114:Constitutional derivability.
docs/V7_001_CONSTITUTIONAL_DERIVABILITY.md:132:CCS is a theory of **Constitutional Derivability.**
docs/V7_001_CONSTITUTIONAL_DERIVABILITY.md:144:**Constitutional Completeness Theorem:**
docs/V7_001_CONSTITUTIONAL_DERIVABILITY.md:152:In other words: **Constitutional derivability implies constitutional
docs/V7_001_CONSTITUTIONAL_DERIVABILITY.md:1:# CCS v0.7 – V7-001: Constitutional Derivability
docs/V7_001_CONSTITUTIONAL_DERIVABILITY.md:26:- **V6-010:** Constitutional continuity as primitive
docs/V7_001_CONSTITUTIONAL_DERIVABILITY.md:37:## 1. The Proposal: Constitutional Derivability (⊢_C)
docs/V7_001_CONSTITUTIONAL_DERIVABILITY.md:39:**Constitutional derivability** is the fundamental relation of CCS.
docs/V7_001_CONSTITUTIONAL_DERIVABILITY.md:50:## 2. Axioms of Constitutional Derivability
docs/V7_001_CONSTITUTIONAL_DERIVABILITY.md:60:Derivability is composable. Constitutional history is a chain.
docs/V7_002_DERIVABILITY_GEOMETRY.md:113:CCS is a theory of **Constitutional Derivability Geometry.**
docs/V7_002_DERIVABILITY_GEOMETRY.md:27:- Vertices: Constitutional contexts
docs/V7_002_DERIVABILITY_GEOMETRY.md:39:Constitutional history has a beginning and cannot regress infinitely.
docs/V7_003_CONSTITUTIONAL_REDUCTION.md:103:CCS is a **Constitutional Reduction System.**
docs/V7_003_CONSTITUTIONAL_REDUCTION.md:118:CCS is a theory of **Constitutional Reduction.**
docs/V7_003_CONSTITUTIONAL_REDUCTION.md:1:# CCS v0.7 – V7-003: Constitutional Reduction Logic
docs/V7_003_CONSTITUTIONAL_REDUCTION.md:20:V7-003 reformulates CCS as a **Constitutional Reduction System.**
docs/V7_003_CONSTITUTIONAL_REDUCTION.md:24:## 1. The Primitive Relation: Constitutional Reduction (⇒_C)
docs/V7_003_CONSTITUTIONAL_REDUCTION.md:35:## 2. Axioms of Constitutional Reduction
docs/V7_004_CONSTITUTIONAL_CONFLUENCE.md:147:CCS is a **Constitutional Confluence System.**
docs/V7_004_CONSTITUTIONAL_CONFLUENCE.md:161:CCS is a theory of **Constitutional Reduction with Confluence.**
docs/V7_004_CONSTITUTIONAL_CONFLUENCE.md:1:# CCS v0.7 – V7-004: Constitutional Confluence
docs/V7_004_CONSTITUTIONAL_CONFLUENCE.md:20:**Constitutional Confluence.**
docs/V7_004_CONSTITUTIONAL_CONFLUENCE.md:27:## 1. Axioms of Constitutional Confluence
docs/V7_004_CONSTITUTIONAL_CONFLUENCE.md:46:### Axiom CF4: Constitutional Confluence
docs/V7_004_CONSTITUTIONAL_CONFLUENCE.md:63:**Constitutional Church-Rosser Theorem:**
docs/V7_005_CONSTITUTIONAL_PRUNING.md:124:CCS is a theory of **Constitutional Pruning.**
docs/V7_005_CONSTITUTIONAL_PRUNING.md:1:# CCS v0.7 – V7-005: Constitutional Pruning
docs/V7_005_CONSTITUTIONAL_PRUNING.md:21:V7-005 reformulates CCS as a **Constitutional Pruning System.**
docs/V7_005_CONSTITUTIONAL_PRUNING.md:43:## 2. Axioms of Constitutional Pruning
docs/V7_005_CONSTITUTIONAL_PRUNING.md:79:**Constitutional Pruning Theorem:**
docs/V7_006_CONSTITUTIONAL_EXCLUSION.md:104:CCS is a theory of **Constitutional Exclusion.**
docs/V7_006_CONSTITUTIONAL_EXCLUSION.md:129:Constitutional exclusion.
docs/V7_006_CONSTITUTIONAL_EXCLUSION.md:1:# CCS v0.7 – V7-006: Constitutional Exclusion
docs/V7_006_CONSTITUTIONAL_EXCLUSION.md:24:**Constitutional Exclusion.**
docs/V7_006_CONSTITUTIONAL_EXCLUSION.md:28:## 1. The Primitive Relation: Constitutional Exclusion (⇍_C)
docs/V7_006_CONSTITUTIONAL_EXCLUSION.md:39:## 2. Axioms of Constitutional Exclusion
docs/V7_006_CONSTITUTIONAL_EXCLUSION.md:73:**Constitutional Exclusion Theorem:**
docs/V7_006_CONSTITUTIONAL_EXCLUSION.md:87:## 4. The Constitutional Pruning Operators (Revisited)
docs/V7_007_DERIVABILITY_AND_EXCLUSION.md:125:**Constitutional Completeness Theorem:**
docs/V7_007_DERIVABILITY_AND_EXCLUSION.md:169:Constitutional Derivability and Constitutional Exclusion.
docs/V7_007_DERIVABILITY_AND_EXCLUSION.md:61:Constitutional history is composable.
docs/V7_008_CONSTITUTIONAL_CLOSURE.md:122:CCS is a **Constitutional Algebra** with three operations:
docs/V7_008_CONSTITUTIONAL_CLOSURE.md:14:- **⊢_C**: Constitutional derivability (what can be built)
docs/V7_008_CONSTITUTIONAL_CLOSURE.md:154:CCS is a theory of **Constitutional Closure.**
docs/V7_008_CONSTITUTIONAL_CLOSURE.md:15:- **⇍_C**: Constitutional exclusion (what must be eliminated)
docs/V7_008_CONSTITUTIONAL_CLOSURE.md:1:# CCS v0.7 – V7-008: Constitutional Closure
docs/V7_008_CONSTITUTIONAL_CLOSURE.md:26:## 1. The Three-Layer Constitutional Algebra
docs/V7_008_CONSTITUTIONAL_CLOSURE.md:50:**Axiom C1: Constitutional Decidability**
docs/V7_008_CONSTITUTIONAL_CLOSURE.md:82:**Constitutional Closure Theorem:**
docs/V7_009_WHY_CLOSURE.md:53:**Constitutional Derivability Conjecture:**
docs/V7_010_SINGLE_HISTORY_PRINCIPLE.md:111:| Primitive | Constitutional space `ℙ` | Definition |
docs/V7_010_SINGLE_HISTORY_PRINCIPLE.md:124:CCS is a theory of **Constitutional Singularity.**
docs/V7_010_SINGLE_HISTORY_PRINCIPLE.md:133:This is the foundational principle of Constitutional Computational
docs/V7_010_SINGLE_HISTORY_PRINCIPLE.md:1:# CCS v0.7 – V7-010: The Single Constitutional History Principle
docs/V7_010_SINGLE_HISTORY_PRINCIPLE.md:20:This is the **Single Constitutional History Principle.**
docs/V7_010_SINGLE_HISTORY_PRINCIPLE.md:26:**Single Constitutional History Principle:**
docs/V7_010_SINGLE_HISTORY_PRINCIPLE.md:55:**Constitutional Closure Theorem (Final Version):**
docs/V7_010_SINGLE_HISTORY_PRINCIPLE.md:94:The Single Constitutional History Principle is the final
docs/V8_001_INDEPENDENCE_OF_SH1.md:10:> Does SH1 (Single Constitutional History) follow from
docs/V8_001_INDEPENDENCE_OF_SH1.md:147:  Supremacy, Constitutional Decidability.
docs/V8_002_CONSTITUTIONAL_COMPARABILITY.md:126:| Constitutional Comparability (CC) | Axiom |
docs/V8_002_CONSTITUTIONAL_COMPARABILITY.md:154:CCS is a theory of **Constitutional Comparability.**
docs/V8_002_CONSTITUTIONAL_COMPARABILITY.md:1:# CCS v0.8 – V8-002: Constitutional Comparability Hypothesis
docs/V8_002_CONSTITUTIONAL_COMPARABILITY.md:29:## 1. The Constitutional Comparability Hypothesis
docs/V8_002_CONSTITUTIONAL_COMPARABILITY.md:37:**Constitutional Comparability:**
docs/V8_002_CONSTITUTIONAL_COMPARABILITY.md:48:**Axiom CC: Constitutional Comparability**
docs/V8_RESEARCH_PROPOSAL.md:15:- **⊢_C**: Constitutional derivability (what can be built)
docs/V8_RESEARCH_PROPOSAL.md:16:- **⇍_C**: Constitutional exclusion (what must be eliminated)
docs/V8_RESEARCH_PROPOSAL.md:17:- **SH1**: Single Constitutional History (plurality is impossible)
docs/V8_RESEARCH_PROPOSAL.md:62:     Monotonicity, Constitutional Comparability
docs/V8_RESEARCH_PROPOSAL.md:71:3. **V8-003B: Constitutional Model Theory**
docs/VALIDATOR_ORDERING.md:3:## Constitutional Principle
docs/architecture/CRATE_CLASSIFICATION.md:15:## Constitution Layer (Layer 2)
docs/architecture/CRATE_CLASSIFICATION.md:16:- amun-constitution-core - Constitutional axioms
docs/architecture/DEPENDENCY_CONSTITUTION.md:17:### Layer 0.5 — Constitutional Semantics
docs/architecture/DEPENDENCY_CONSTITUTION.md:1:# AmunChain Dependency Constitution v2.1
docs/architecture/DEPENDENCY_RULES.md:14:- Storage → Constitution (storage must not know about constitution)
docs/architecture/DEPENDENCY_RULES.md:18:- Core ← Crypto ← Consensus ← Constitution ← Execution ← Storage ← Network ← Test
docs/architecture/DEPENDENCY_RULES.md:8:- Layer 2 (Constitution) can depend on Layers 0-1
docs/architecture/PHASE_49_COMPLETE.md:111:6. **Constitutional Graph Compiler** — YAML → enforced topology
docs/architecture/PHASE_49_COMPLETE.md:121:- Constitutional interface sovereignty with enforceable boundaries
docs/architecture/PHASE_49_COMPLETE.md:1:# AmunChain Phase 49: Constitutional Interface Sovereignty
docs/architecture/PHASE_49_COMPLETE.md:21:| 0.5 | Constitutional Semantics | amun-constitution, amun-invariants, interfaces | ✅ Pure |
docs/architecture/PHASE_49_COMPLETE.md:37:### Constitutional Achievements
docs/architecture/PHASE_49_COMPLETE.md:47:9. **Constitutional Linter**: Interface law enforcement via cargo metadata
docs/architecture/PHASE_49_COMPLETE.md:85:- **Constitutional violations**: 0
docs/architecture/PHASE_49_COMPLETE.md:89:### Constitutional Laws Enforced
docs/audit/AUDIT_EVIDENCE_BUNDLE.md:96:| Constitution | amun-constitutional | 157 | ✅ |
docs/audit/N103_MAINNET_READINESS_AUDIT.md:14:| A5 | State | Constitutional root determinism (cross-node) | ✅ | 107+ CCA tests pass |
docs/audit/SECURITY_INVARIANTS.md:31:| C3 | Five-root binding | ConstitutionalFinalityCertificate::verify |
docs/consensus/I1_translation.md:10:# AmunChain Consensus Constitution v1.0
docs/consensus/I1_translation.md:1:# I1: English Translation of Consensus Constitution v1.0
docs/consensus/I1_translation.md:26:## Constitutional Notes
docs/consensus/I2_extension.md:10:# AmunChain Consensus Constitution v1.0 (Extended)
docs/consensus/I2_extension.md:30:## Constitutional Notes
docs/consensus/I3_reframing.md:10:# AmunChain Consensus Constitution v1.0 (Reframed)
docs/consensus/I3_reframing.md:37:## Constitutional Notes
docs/consensus/I4_drift.md:10:# AmunChain Consensus Constitution v1.0 (Drifted)
docs/consensus/I4_drift.md:38:## Constitutional Notes
docs/consensus/constitution.md:109:## Article VI: Validator Constitution
docs/consensus/constitution.md:1:# AmunChain Consensus Constitution v1.0
docs/consensus/constitution.md:32:## Article II: State Constitution
docs/consensus/constitution.md:51:## Article III: Event Ordering Constitution
docs/consensus/constitution.md:69:## Article IV: Execution Constitution
docs/consensus/constitution.md:7:## Article I: Arithmetic Constitution
docs/consensus/constitution.md:88:## Article V: Block Constitution
docs/consensus/origin.md:1:# Constitutional Origin: Consensus Constitution v1.0
docs/constitutional-mathematics/PHASE_111_FOUNDATIONS_V1.md:11:Transition Constitutional Mathematics from conceptual framework to formal research framework.
docs/constitutional-mathematics/PHASE_111_FOUNDATIONS_V1.md:1:# Constitutional Mathematics
docs/constitutional-mathematics/PHASE_112_SIMULATION_SPECIFICATION.md:11:Transform Constitutional Mathematics into an experimental computational theory.
docs/constitutional-mathematics/PHASE_112_SIMULATION_SPECIFICATION.md:139:Phase 112 transitions Constitutional Mathematics from:
docs/constitutional-mathematics/PHASE_112_SIMULATION_SPECIFICATION.md:1:# Constitutional Mathematics
docs/constitutional-mathematics/PHASE_112_SIMULATION_SPECIFICATION.md:3:# Phase 112 — Constitutional Simulation Engine v1
docs/constitutional-mathematics/README.md:1:# Constitutional Mathematics
docs/constitutional/phase84_freeze.md:25:- Constitutional mismatch + same SMT universe = ReadOnlyCompatible
docs/constitutional/phase84_freeze.md:62:1. Constitutional amendment proposal
docs/constitutional/phase84_freeze.md:65:4. Constitutional court ratification
docs/constitutional/phase84_freeze.md:68:Ratified by the AmunChain Constitutional Assembly
docs/constitutional/phase84_freeze.md:69:Phase 84 - Constitutionally Complete
docs/constitutional/phase84_freeze.md:70:Date: Constitutional Era 1, Epoch 0
docs/constitutional/phase85_seal.md:17:9. ConstitutionalPhysicsProof embedded in certificates
docs/constitutional/phase85_seal.md:21:13. Constitutional checkpoints with state transition integration
docs/constitutional/phase85_seal.md:23:15. ConstitutionalEncode trait (serialization lock interface)
docs/constitutional/phase85_seal.md:29:4. ConstitutionalField enum (replace string-based field names)
docs/constitutional/phase85_seal.md:30:5. Formal ConstitutionalStateMachine (allowed/forbidden transitions)
docs/constitutional/phase85_seal.md:40:- Constitutional evolution layer (sealed)
docs/constitutional/topology.md:14:### Constitutional Meaning
docs/constitutional/topology.md:15:- `authority_root == origin_root` → Constitutional topology unchanged
docs/constitutional/topology.md:1:# Constitutional Topology: Core Definitions
docs/constitutional/topology.md:2:## AmunChain Constitutional Consensus Protocol v1.0
docs/constitutional_layers.md:1:# Amun Constitutional Architecture — Layer Stratification
docs/constitutional_layers.md:3:## Layer 0: Constitutional Kernel
docs/economics/ECONOMIC_LAYER_REVIEW.md:110:### Phase V: Constitutional Economy
docs/economics/ECONOMIC_LAYER_REVIEW.md:30:| ConstitutionalRoot from economic_root | YES | CCA spec v1.0 |
docs/protocol/CCA_v1.0_Constitutional_Consensus_Architecture.md:109:## 4. Constitutional Root Construction
docs/protocol/CCA_v1.0_Constitutional_Consensus_Architecture.md:121:## 5. Constitutional Commitment Structure & Serialization
docs/protocol/CCA_v1.0_Constitutional_Consensus_Architecture.md:125:    struct ConstitutionalCommitment {
docs/protocol/CCA_v1.0_Constitutional_Consensus_Architecture.md:147:    serialized_bytes = CanonicalSerialization(ConstitutionalCommitment)
docs/protocol/CCA_v1.0_Constitutional_Consensus_Architecture.md:155:- `governance_root`: The constitutional proof root of governance, included inside `ConstitutionalCommitment` and contributing to `constitutional_root`.
docs/protocol/CCA_v1.0_Constitutional_Consensus_Architecture.md:176:    ConstitutionalRoot = BLAKE3(DOMAIN || identity || evidence || governance || economic)
docs/protocol/CCA_v1.0_Constitutional_Consensus_Architecture.md:179:    ConstitutionalCommitment (V1)
docs/protocol/CCA_v1.0_Constitutional_Consensus_Architecture.md:1:# Constitutional Consensus Architecture (CCA) v1.0
docs/protocol/CCA_v1.0_Constitutional_Consensus_Architecture.md:247:- `ConstitutionalCommitment.version` is part of the consensus state.
docs/protocol/CCA_v1.0_Constitutional_Consensus_Architecture.md:25:4. Constitutional Root Construction
docs/protocol/CCA_v1.0_Constitutional_Consensus_Architecture.md:260:**Invariant 2:** `constitutional_commitment_root == BLAKE3("AMUN_CONSTITUTIONAL_COMMITMENT_V1" || CanonicalSerialization(ConstitutionalCommitment))`
docs/protocol/CCA_v1.0_Constitutional_Consensus_Architecture.md:26:5. Constitutional Commitment Structure & Serialization
docs/protocol/CCA_v1.0_Constitutional_Consensus_Architecture.md:286:**AmunChain Constitutional Audit Package v1.0**
docs/protocol/CCA_v1.0_Constitutional_Consensus_Architecture.md:308:| III | Constitutional Security | Constitutional proof system, identity and evidence roots |
docs/protocol/CCA_v1.0_Constitutional_Consensus_Architecture.md:310:| V | Constitutional Consensus Architecture | CCA v1.0 specification, root commitment, Merkle proofs |
docs/protocol/CCA_v1.0_Constitutional_Consensus_Architecture.md:46:| `governance_root` | Governance Subsystem (Constitutional Proof) |
docs/protocol/FREEZE_CERTIFICATE_v1.md:29:### Constitutional Invariants (FROZEN)
docs/protocol/FREEZE_CERTIFICATE_v1.md:38:1. Constitutional amendment proposal
docs/protocol/FREEZE_CERTIFICATE_v1.md:45:Ratified by the Amun Constitutional Assembly.
docs/protocol/replay_physics_v1.md:28:These laws are FROZEN for protocol v1. Amendment requires: 1. Constitutional amendment proposal, 2. New protocol version identifier, 3. Migration proof for all existing state, 4. Golden value regeneration.
docs/protocol/replay_physics_v1.md:6:All ConstitutionalHash values are raw 32-byte blobs. No length prefix. No type tag. Fixed-width canonical encoding.
docs/reports/CCA_IMPL_4_FINAL_REPORT.md:13:CCA-IMPL-4 integrates the Constitutional Commitment Architecture (CCA) directly into the consensus-critical state root path.
docs/reports/CCA_IMPL_4_FINAL_REPORT.md:184:The Constitutional Commitment Architecture is now consensus-critical.
docs/reports/CCA_IMPL_4_FINAL_REPORT.md:193:Constitutional commitments can no longer be bypassed, ignored, or detached from finalized chain history.
docs/reports/CCA_IMPL_4_FINAL_REPORT.md:241:The Constitutional Commitment Architecture is now integrated into the consensus-critical execution path of AmunChain and forms part of the chain's cryptographic identity.
docs/reports/CCA_IMPL_4_FINAL_REPORT.md:46:- commitment_root = Constitutional Commitment Architecture root
docs/reports/CCA_IMPL_4_FINAL_REPORT.md:54:→ ConstitutionalCommitment
docs/reports/CCA_IMPL_4_FINAL_REPORT.md:78:Constitutional commitments became part of consensus state.
docs/reports/CCA_IMPL_5A_REPORT.md:171:- Constitutional audit dashboards
docs/reports/CCA_IMPL_5B_FINAL_REPORT.md:146:1. Historical Constitutional Audit Trail
docs/reports/CCA_IMPL_5B_FINAL_REPORT.md:150:2. Deterministic Constitutional Commitments
docs/reports/CCA_IMPL_5B_FINAL_REPORT.md:154:3. Replayable Constitutional State
docs/reports/CCA_IMPL_5B_FINAL_REPORT.md:192:- ConstitutionalRoots abstraction
docs/reports/CCA_IMPL_5B_FINAL_REPORT.md:228:marks the completion of the Constitutional Root Persistence Layer.
docs/reports/CCA_IMPL_5B_FINAL_REPORT.md:2:CCA-IMPL-5B Final Report: Constitutional Root Persistence Layer
docs/reports/CCA_IMPL_5B_FINAL_REPORT.md:45:5B.0 — ConstitutionalRoots Struct
docs/rfcs/README.md:11:4. After acceptance, update the Constitution and fingerprint
docs/rfcs/README.md:1:# AmunChain Constitutional RFC System
docs/rfcs/README.md:4:Any change to the Dependency Constitution, layer assignments, or architectural
