crates/amun-amendments/src/lib.rs:12:pub use ratification::{RatificationProof, RatificationQuorum};
crates/amun-amendments/src/proposal.rs:37:    Proof,
crates/amun-amendments/src/proposal.rs:59:    ProofEvolution,
crates/amun-amendments/src/proposal.rs:76:            AmendmentType::ProofEvolution => AmendmentClass::Proof,
crates/amun-amendments/src/proposal.rs:88:            AmendmentType::ProofEvolution => 2,
crates/amun-amendments/src/proposal.rs:98:                    AmendmentClass::Proof => 2,
crates/amun-amendments/src/ratification.rs:14:/// Proof that an amendment was properly ratified.
crates/amun-amendments/src/ratification.rs:16:pub struct RatificationProof {
crates/amun-audit/tests/audit_layer09_freeze.rs:15:    // CONST-FREEZE-002: Proof version is frozen at 0x01
crates/amun-audit/tests/audit_layer09_freeze.rs:21:            "CONST-FREEZE-002 VIOLATION: Proof version must be 0x01"
crates/amun-audit/tests/audit_layer10_adversarial.rs:54:            "CONST-ADV-002 VIOLATION: Proof verified against wrong root"
crates/amun-audit/tests/audit_layer12_fuzzing.rs:14:            let _ = MerkleProof::decode(&data);
crates/amun-audit/tests/audit_layer12_fuzzing.rs:3:    use amun_storage_kernel::smt::proof::MerkleProof;
crates/amun-audit/tests/audit_layer12_fuzzing.rs:7:    // CONST-FUZZ-001: Proof decoder never panics on random bytes
crates/amun-audit/tests/audit_layer16_mutation.rs:17:    // CONST-MUT-002: Proof version must remain 0x01
crates/amun-audit/tests/audit_layer16_mutation.rs:23:            "CONST-MUT-002: Proof version mutation detected - must be 0x01, got {}",
crates/amun-authority-registry/src/registry.rs:116:    pub fn verify_certificate_at(&self, cert: &ValidatorCertificate, height: u64) -> bool {
crates/amun-authority-registry/src/registry.rs:2:use amun_networking::validator_certificate::ValidatorCertificate;
crates/amun-authority-registry/src/registry.rs:300:        use amun_networking::validator_certificate::ValidatorCertificate;
crates/amun-authority-registry/src/registry.rs:321:        // Certificate issued by v1, verified during grace window (height 550)
crates/amun-authority-registry/src/registry.rs:322:        let cert = ValidatorCertificate::issue_v2(
crates/amun-authority-registry/src/registry.rs:341:        use amun_networking::validator_certificate::ValidatorCertificate;
crates/amun-authority-registry/src/registry.rs:362:        let cert = ValidatorCertificate::issue_v2(
crates/amun-authority-registry/src/registry.rs:381:        use amun_networking::validator_certificate::ValidatorCertificate;
crates/amun-authority-registry/src/registry.rs:401:        let cert = ValidatorCertificate::issue_v2(
crates/amun-authority-registry/src/registry.rs:420:        use amun_networking::validator_certificate::ValidatorCertificate;
crates/amun-authority-registry/src/registry.rs:430:        let cert = ValidatorCertificate::issue_v2(
crates/amun-block-builder/src/lib.rs:127:        slashing_certificates: Vec<SlashingCertificate>,
crates/amun-block-builder/src/lib.rs:18:    pub slashing_certificates: Vec<SlashingCertificate>,
crates/amun-block-builder/src/lib.rs:2:use amun_consensus_network::SlashingCertificate;
crates/amun-block-builder/src/lib.rs:40:                .map_err(|e| format!("Certificate {} invalid: {}", i, e))?;
crates/amun-block-builder/src/lib.rs:43:                return Err(format!("Certificate {} hash mismatch", i));
crates/amun-block-builder/src/lib.rs:46:                return Err(format!("Certificate {} has no evidence IDs", i));
crates/amun-block-builder/tests/n110_4b_slashing_certificate_verification.rs:109:        "N110.4b FAIL: Certificate with no evidence IDs must be rejected"
crates/amun-block-builder/tests/n110_4b_slashing_certificate_verification.rs:10:    SlashingCertificate::from_slash_result(
crates/amun-block-builder/tests/n110_4b_slashing_certificate_verification.rs:122:        "N110.4b FAIL: Certificate with mismatched hash must be rejected"
crates/amun-block-builder/tests/n110_4b_slashing_certificate_verification.rs:14:        vec![EvidenceCount {
crates/amun-block-builder/tests/n110_4b_slashing_certificate_verification.rs:15:            evidence_type: EvidenceType::DoubleVote,
crates/amun-block-builder/tests/n110_4b_slashing_certificate_verification.rs:29:fn build_test_block(certs: Vec<SlashingCertificate>) -> Block {
crates/amun-block-builder/tests/n110_4b_slashing_certificate_verification.rs:2:// N110.4b — Consensus Verification of SlashingCertificates
crates/amun-block-builder/tests/n110_4b_slashing_certificate_verification.rs:5:use amun_consensus_network::{EvidenceCount, EvidenceType, SlashingCertificate, ValidatorStatus};
crates/amun-block-builder/tests/n110_4b_slashing_certificate_verification.rs:62:        result.unwrap_err().contains("Certificate 0 invalid"),
crates/amun-block-builder/tests/n110_4b_slashing_certificate_verification.rs:89:    let cert = SlashingCertificate::from_slash_result(
crates/amun-block-builder/tests/n110_4b_slashing_certificate_verification.rs:93:        vec![EvidenceCount {
crates/amun-block-builder/tests/n110_4b_slashing_certificate_verification.rs:94:            evidence_type: EvidenceType::DoubleVote,
crates/amun-block-builder/tests/n110_4b_slashing_certificate_verification.rs:9:fn make_valid_certificate(validator_id: [u8; 32]) -> SlashingCertificate {
crates/amun-block-builder/tests/n32_certified_block.rs:101:    let qc1 = QuorumCertificate {
crates/amun-block-builder/tests/n32_certified_block.rs:11:    pub quorum_certificate: QuorumCertificate,
crates/amun-block-builder/tests/n32_certified_block.rs:131:    let qc2 = QuorumCertificate {
crates/amun-block-builder/tests/n32_certified_block.rs:15:    pub fn new(block: Block, qc: QuorumCertificate) -> Self {
crates/amun-block-builder/tests/n32_certified_block.rs:174:    let qc = QuorumCertificate {
crates/amun-block-builder/tests/n32_certified_block.rs:2:use amun_consensus::types::QuorumCertificate;
crates/amun-block-builder/tests/n32_certified_block.rs:54:    // Validators form a Quorum Certificate
crates/amun-block-builder/tests/n32_certified_block.rs:55:    let qc = QuorumCertificate {
crates/amun-byzantine-harness/src/harness.rs:15:    pub fn detect_equivocation(votes: &[ConsensusVote]) -> Vec<EquivocationEvidence> {
crates/amun-byzantine-harness/src/harness.rs:3:use amun_safety_laws::{check_vote_uniqueness, detect_equivocation, EquivocationEvidence};
crates/amun-byzantine-tests/tests/attack_suite.rs:14:use amun_transition_proof::transition_proof::TransitionProof;
crates/amun-byzantine-tests/tests/attack_suite.rs:186:        archetype: ResourceArchetype::Evidence,
crates/amun-byzantine-tests/tests/attack_suite.rs:263:    let proof = TransitionProof::new(
crates/amun-byzantine-tests/tests/attack_suite.rs:284:    let mut registry = TransferProofRegistry::new();
crates/amun-byzantine-tests/tests/attack_suite.rs:285:    let proof = CrossContractTransferProof::new(
crates/amun-byzantine-tests/tests/attack_suite.rs:299:        ConstitutionalEvidence::ConstitutionalViolation { law, .. } => {
crates/amun-byzantine-tests/tests/attack_suite.rs:35:    let mut hot = HotProofStore::new(100);
crates/amun-byzantine-tests/tests/attack_suite.rs:36:    let mut archive = ProofArchive::new();
crates/amun-byzantine-tests/tests/attack_suite.rs:4:use amun_cross_contract::transfer_proof::CrossContractTransferProof;
crates/amun-byzantine-tests/tests/attack_suite.rs:5:use amun_cross_contract::transfer_registry::TransferProofRegistry;
crates/amun-byzantine-tests/tests/attack_suite.rs:65:    let mut registry = TransferProofRegistry::new();
crates/amun-byzantine-tests/tests/attack_suite.rs:66:    let proof = CrossContractTransferProof::new(
crates/amun-byzantine-tests/tests/attack_suite.rs:6:use amun_evidence_engine::evidence_types::ConstitutionalEvidence;
crates/amun-byzantine-tests/tests/attack_suite.rs:7:use amun_proof_archive::hot_store::HotProofStore;
crates/amun-byzantine-tests/tests/attack_suite.rs:8:use amun_proof_archive::proof_archive::ProofArchive;
crates/amun-certificate-network/src/distribution.rs:106:    ) -> Option<LightClientProofBundle> {
crates/amun-certificate-network/src/distribution.rs:112:        Some(LightClientProofBundle {
crates/amun-certificate-network/src/distribution.rs:128:    fn create_test_bundle() -> LightClientProofBundle {
crates/amun-certificate-network/src/distribution.rs:12:// N9A: Certificate Request/Response Protocol
crates/amun-certificate-network/src/distribution.rs:149:        LightClientProofBundle::new(block, cert, inclusion_proof)
crates/amun-certificate-network/src/distribution.rs:156:        let response = CertificateMessage::CertificateResponse {
crates/amun-certificate-network/src/distribution.rs:160:            CertificateMessage::CertificateResponse { certificate } => {
crates/amun-certificate-network/src/distribution.rs:16:pub enum CertificateMessage {
crates/amun-certificate-network/src/distribution.rs:170:        let response = InclusionProofMessage::InclusionProofResponse {
crates/amun-certificate-network/src/distribution.rs:174:            InclusionProofMessage::InclusionProofResponse { proof } => assert!(proof.verify()),
crates/amun-certificate-network/src/distribution.rs:17:    RequestCertificate { certificate_hash: [u8; 32] },
crates/amun-certificate-network/src/distribution.rs:18:    CertificateResponse { certificate: ReplayCertificate },
crates/amun-certificate-network/src/distribution.rs:206:        let response = ProofBundleMessage::BundleResponse {
crates/amun-certificate-network/src/distribution.rs:210:            ProofBundleMessage::BundleResponse { bundle: received } => {
crates/amun-certificate-network/src/distribution.rs:21:impl CertificateMessage {
crates/amun-certificate-network/src/distribution.rs:220:        let response = ProofBundleMessage::BundleNotFound {
crates/amun-certificate-network/src/distribution.rs:224:            ProofBundleMessage::BundleNotFound { reason } => assert!(!reason.is_empty()),
crates/amun-certificate-network/src/distribution.rs:24:            CertificateMessage::RequestCertificate { certificate_hash } => Some(*certificate_hash),
crates/amun-certificate-network/src/distribution.rs:257:        let request = CertificateMessage::RequestCertificate {
crates/amun-certificate-network/src/distribution.rs:25:            CertificateMessage::CertificateResponse { certificate } => {
crates/amun-certificate-network/src/distribution.rs:261:        let deserialized: CertificateMessage = match serde_json::from_str(&json) {
crates/amun-certificate-network/src/distribution.rs:269:            CertificateMessage::RequestCertificate { certificate_hash } => {
crates/amun-certificate-network/src/distribution.rs:280:        let deserialized: LightClientProofBundle = match serde_json::from_str(&json) {
crates/amun-certificate-network/src/distribution.rs:2:// Phase N9: Certificate Distribution Layer
crates/amun-certificate-network/src/distribution.rs:33:// N9B: Inclusion Proof Request/Response Protocol
crates/amun-certificate-network/src/distribution.rs:37:pub enum InclusionProofMessage {
crates/amun-certificate-network/src/distribution.rs:38:    RequestInclusionProof { certificate_hash: [u8; 32] },
crates/amun-certificate-network/src/distribution.rs:39:    InclusionProofResponse { proof: CertificateInclusionProof },
crates/amun-certificate-network/src/distribution.rs:43:// N9C: Light Client Proof Bundle
crates/amun-certificate-network/src/distribution.rs:47:pub struct LightClientProofBundle {
crates/amun-certificate-network/src/distribution.rs:49:    pub certificate: ReplayCertificate,
crates/amun-certificate-network/src/distribution.rs:50:    pub inclusion_proof: CertificateInclusionProof,
crates/amun-certificate-network/src/distribution.rs:53:impl LightClientProofBundle {
crates/amun-certificate-network/src/distribution.rs:56:        certificate: ReplayCertificate,
crates/amun-certificate-network/src/distribution.rs:57:        inclusion_proof: CertificateInclusionProof,
crates/amun-certificate-network/src/distribution.rs:7:    CertificateInclusionProof, ConstitutionalStateRuntime, ReplayCertificate,
crates/amun-certificate-network/src/distribution.rs:88:pub enum ProofBundleMessage {
crates/amun-certificate-network/src/distribution.rs:91:    BundleResponse { bundle: LightClientProofBundle },
crates/amun-certificate-network/src/gossip.rs:117:    pub fn get_certificate(&self, hash: &[u8; 32]) -> Option<&ReplayCertificate> {
crates/amun-certificate-network/src/gossip.rs:11:pub enum CertificateAnnouncement {
crates/amun-certificate-network/src/gossip.rs:121:    pub fn get_proof(&self, hash: &[u8; 32]) -> Option<&CertificateInclusionProof> {
crates/amun-certificate-network/src/gossip.rs:125:    pub fn get_bundle(&self, height: u64) -> Option<&LightClientProofBundle> {
crates/amun-certificate-network/src/gossip.rs:163:        ReplayCertificate,
crates/amun-certificate-network/src/gossip.rs:164:        CertificateInclusionProof,
crates/amun-certificate-network/src/gossip.rs:165:        LightClientProofBundle,
crates/amun-certificate-network/src/gossip.rs:186:        let bundle = LightClientProofBundle::new(block, cert.clone(), proof.clone());
crates/amun-certificate-network/src/gossip.rs:194:        let msg = CertificateAnnouncement::Announce {
crates/amun-certificate-network/src/gossip.rs:199:            CertificateAnnouncement::Announce {
crates/amun-certificate-network/src/gossip.rs:19:// N10B: Certificate Inventory Exchange
crates/amun-certificate-network/src/gossip.rs:1:use crate::distribution::LightClientProofBundle;
crates/amun-certificate-network/src/gossip.rs:213:        let inv = CertificateInventory::Inventory {
crates/amun-certificate-network/src/gossip.rs:217:            CertificateInventory::Inventory { certificate_hashes } => {
crates/amun-certificate-network/src/gossip.rs:228:        let resp = CertificateSync::BatchResponse {
crates/amun-certificate-network/src/gossip.rs:232:            CertificateSync::BatchResponse { certificates } => {
crates/amun-certificate-network/src/gossip.rs:23:pub enum CertificateInventory {
crates/amun-certificate-network/src/gossip.rs:242:        let resp = ProofSync::ProofResponse {
crates/amun-certificate-network/src/gossip.rs:246:            ProofSync::ProofResponse { proof: p } => assert!(p.verify()),
crates/amun-certificate-network/src/gossip.rs:267:        let mut cache = PeerCertificateCache::new();
crates/amun-certificate-network/src/gossip.rs:283:        let mut cache = PeerCertificateCache::new();
crates/amun-certificate-network/src/gossip.rs:295:        let mut cache = PeerCertificateCache::new();
crates/amun-certificate-network/src/gossip.rs:29:// N10C: Certificate Synchronization
crates/amun-certificate-network/src/gossip.rs:2:use amun_constitutional_state::{CertificateInclusionProof, ReplayCertificate};
crates/amun-certificate-network/src/gossip.rs:305:        let mut cache = PeerCertificateCache::new();
crates/amun-certificate-network/src/gossip.rs:316:        let _announce = CertificateAnnouncement::Announce {
crates/amun-certificate-network/src/gossip.rs:320:        let cert_resp = CertificateSync::BatchResponse {
crates/amun-certificate-network/src/gossip.rs:323:        let proof_resp = ProofSync::ProofResponse {
crates/amun-certificate-network/src/gossip.rs:330:        let mut cache = PeerCertificateCache::new();
crates/amun-certificate-network/src/gossip.rs:334:            CertificateSync::BatchResponse { certificates } => {
crates/amun-certificate-network/src/gossip.rs:33:pub enum CertificateSync {
crates/amun-certificate-network/src/gossip.rs:342:            ProofSync::ProofResponse { proof: p } => cache.store_proof(hash, p.clone()),
crates/amun-certificate-network/src/gossip.rs:361:        let msg = CertificateAnnouncement::Announce {
crates/amun-certificate-network/src/gossip.rs:366:        let decoded: CertificateAnnouncement = match serde_json::from_str(&json) {
crates/amun-certificate-network/src/gossip.rs:374:            CertificateAnnouncement::Announce {
crates/amun-certificate-network/src/gossip.rs:38:        certificates: Vec<ReplayCertificate>,
crates/amun-certificate-network/src/gossip.rs:43:// N10D: Inclusion Proof Distribution
crates/amun-certificate-network/src/gossip.rs:47:pub enum ProofSync {
crates/amun-certificate-network/src/gossip.rs:48:    RequestProof { certificate_hash: [u8; 32] },
crates/amun-certificate-network/src/gossip.rs:49:    ProofResponse { proof: CertificateInclusionProof },
crates/amun-certificate-network/src/gossip.rs:67:        bundle: LightClientProofBundle,
crates/amun-certificate-network/src/gossip.rs:72:// N10F: Peer Certificate Cache
crates/amun-certificate-network/src/gossip.rs:76:pub struct PeerCertificateCache {
crates/amun-certificate-network/src/gossip.rs:77:    certificates: BTreeMap<[u8; 32], ReplayCertificate>,
crates/amun-certificate-network/src/gossip.rs:78:    proofs: BTreeMap<[u8; 32], CertificateInclusionProof>,
crates/amun-certificate-network/src/gossip.rs:79:    bundles: BTreeMap<u64, LightClientProofBundle>,
crates/amun-certificate-network/src/gossip.rs:7:// N10A: Certificate Announcement Protocol
crates/amun-certificate-network/src/gossip.rs:83:impl PeerCertificateCache {
crates/amun-certificate-network/src/gossip.rs:88:    pub fn store_certificate(&mut self, cert: ReplayCertificate) {
crates/amun-certificate-network/src/gossip.rs:93:    pub fn store_proof(&mut self, cert_hash: [u8; 32], proof: CertificateInclusionProof) {
crates/amun-certificate-network/src/gossip.rs:97:    pub fn store_bundle(&mut self, height: u64, bundle: LightClientProofBundle) {
crates/amun-certificate-network/src/lib.rs:36:    BundleBuilder, CertificateMessage, InclusionProofMessage, LightClientProofBundle,
crates/amun-certificate-network/src/lib.rs:37:    ProofBundleMessage,
crates/amun-certificate-network/src/lib.rs:40:    BundleGossip, CertificateAnnouncement, CertificateInventory, CertificateSync,
crates/amun-certificate-network/src/lib.rs:41:    PeerCertificateCache, ProofSync,
crates/amun-chain-checkpoint/src/bootstrap.rs:44:    use crate::CheckpointCertificate;
crates/amun-chain-checkpoint/src/bootstrap.rs:45:    use amun_certificate_network::distribution::LightClientProofBundle;
crates/amun-chain-checkpoint/src/bootstrap.rs:49:    fn create_bundle(height: u64, parent_hash: &str) -> LightClientProofBundle {
crates/amun-chain-checkpoint/src/bootstrap.rs:69:        LightClientProofBundle::new(block, cert, proof)
crates/amun-chain-checkpoint/src/bootstrap.rs:72:    fn create_checkpoint(start: u64, end: u64) -> CheckpointCertificate {
crates/amun-chain-checkpoint/src/bootstrap.rs:73:        let mut bundles: Vec<LightClientProofBundle> = Vec::new();
crates/amun-chain-checkpoint/src/bootstrap.rs:83:        CheckpointCertificate::create(start, end, &bundles).unwrap()
crates/amun-chain-checkpoint/src/chain.rs:104:        assert!(RecursiveCheckpointProof::from_checkpoints(&[c1, c2])
crates/amun-chain-checkpoint/src/chain.rs:113:        assert!(RecursiveCheckpointProof::from_checkpoints(&[c1, c2])
crates/amun-chain-checkpoint/src/chain.rs:11:impl RecursiveCheckpointProof {
crates/amun-chain-checkpoint/src/chain.rs:121:            RecursiveCheckpointProof::from_checkpoints(&[create_checkpoint(0, 0)]).unwrap();
crates/amun-chain-checkpoint/src/chain.rs:2:use crate::CheckpointCertificate;
crates/amun-chain-checkpoint/src/chain.rs:30:    pub fn from_checkpoints(checkpoints: &[CheckpointCertificate]) -> Option<Self> {
crates/amun-chain-checkpoint/src/chain.rs:50:    use amun_certificate_network::distribution::LightClientProofBundle;
crates/amun-chain-checkpoint/src/chain.rs:54:    fn create_bundle(height: u64, parent_hash: &str) -> LightClientProofBundle {
crates/amun-chain-checkpoint/src/chain.rs:6:pub struct RecursiveCheckpointProof {
crates/amun-chain-checkpoint/src/chain.rs:74:        LightClientProofBundle::new(block, cert, proof)
crates/amun-chain-checkpoint/src/chain.rs:77:    fn create_checkpoint(start: u64, end: u64) -> CheckpointCertificate {
crates/amun-chain-checkpoint/src/chain.rs:78:        let mut bundles: Vec<LightClientProofBundle> = Vec::new();
crates/amun-chain-checkpoint/src/chain.rs:88:        CheckpointCertificate::create(start, end, &bundles).unwrap()
crates/amun-chain-checkpoint/src/chain.rs:94:            RecursiveCheckpointProof::from_checkpoints(&[create_checkpoint(0, 0)])
crates/amun-chain-checkpoint/src/inclusion.rs:104:    use amun_certificate_network::distribution::LightClientProofBundle;
crates/amun-chain-checkpoint/src/inclusion.rs:108:    fn create_bundle(height: u64, parent_hash: &str) -> LightClientProofBundle {
crates/amun-chain-checkpoint/src/inclusion.rs:128:        LightClientProofBundle::new(block, cert, proof)
crates/amun-chain-checkpoint/src/inclusion.rs:131:    fn create_checkpoint(start: u64, end: u64) -> CheckpointCertificate {
crates/amun-chain-checkpoint/src/inclusion.rs:132:        let mut bundles: Vec<LightClientProofBundle> = Vec::new();
crates/amun-chain-checkpoint/src/inclusion.rs:142:        CheckpointCertificate::create(start, end, &bundles).unwrap()
crates/amun-chain-checkpoint/src/inclusion.rs:17:pub struct CheckpointInclusionProof {
crates/amun-chain-checkpoint/src/inclusion.rs:1:use crate::CheckpointCertificate;
crates/amun-chain-checkpoint/src/inclusion.rs:20:    pub proof: MerkleProof,
crates/amun-chain-checkpoint/src/inclusion.rs:25:    checkpoints: &[CheckpointCertificate],
crates/amun-chain-checkpoint/src/inclusion.rs:27:) -> Option<CheckpointInclusionProof> {
crates/amun-chain-checkpoint/src/inclusion.rs:2:use amun_constitutional_commitments::smt::{MerkleProof, SparseMerkleTree};
crates/amun-chain-checkpoint/src/inclusion.rs:38:    Some(CheckpointInclusionProof {
crates/amun-chain-checkpoint/src/inclusion.rs:46:impl CheckpointInclusionProof {
crates/amun-chain-checkpoint/src/inclusion.rs:58:    pub checkpoint: CheckpointCertificate,
crates/amun-chain-checkpoint/src/inclusion.rs:59:    pub inclusion_proof: CheckpointInclusionProof,
crates/amun-chain-checkpoint/src/inclusion.rs:64:        checkpoint: CheckpointCertificate,
crates/amun-chain-checkpoint/src/inclusion.rs:65:        inclusion_proof: CheckpointInclusionProof,
crates/amun-chain-checkpoint/src/inclusion.rs:7:pub fn checkpoint_merkle_root(checkpoints: &[CheckpointCertificate]) -> [u8; 32] {
crates/amun-chain-checkpoint/src/lib.rs:136:    /// AmunChain proof layers (ReplayCertificate uses `AMUN_REPLAY_CERTIFICATE_V1`,
crates/amun-chain-checkpoint/src/lib.rs:179:    checkpoints: BTreeMap<u64, CheckpointCertificate>,
crates/amun-chain-checkpoint/src/lib.rs:190:    pub fn store(&mut self, cert: CheckpointCertificate) {
crates/amun-chain-checkpoint/src/lib.rs:195:    pub fn get(&self, end_height: u64) -> Option<&CheckpointCertificate> {
crates/amun-chain-checkpoint/src/lib.rs:200:    pub fn latest(&self) -> Option<&CheckpointCertificate> {
crates/amun-chain-checkpoint/src/lib.rs:219:impl CheckpointCertificate {
crates/amun-chain-checkpoint/src/lib.rs:237:    /// Helper: create a valid LightClientProofBundle at a given height.
crates/amun-chain-checkpoint/src/lib.rs:238:    fn create_bundle(height: u64, parent_hash: &str) -> LightClientProofBundle {
crates/amun-chain-checkpoint/src/lib.rs:258:        LightClientProofBundle::new(block, cert, proof)
crates/amun-chain-checkpoint/src/lib.rs:269:        let cert = CheckpointCertificate::create(0, 2, &bundles).unwrap();
crates/amun-chain-checkpoint/src/lib.rs:282:        let cert = CheckpointCertificate::create(0, 0, &bundles).unwrap();
crates/amun-chain-checkpoint/src/lib.rs:290:        let bundles: Vec<LightClientProofBundle> = vec![];
crates/amun-chain-checkpoint/src/lib.rs:291:        assert!(CheckpointCertificate::create(0, 0, &bundles).is_err());
crates/amun-chain-checkpoint/src/lib.rs:301:        assert!(CheckpointCertificate::create(0, 2, &bundles).is_err());
crates/amun-chain-checkpoint/src/lib.rs:311:        let mut cert = CheckpointCertificate::create(0, 1, &bundles).unwrap();
crates/amun-chain-checkpoint/src/lib.rs:323:        let cert = CheckpointCertificate::create(0, 0, &bundles).unwrap();
crates/amun-chain-checkpoint/src/lib.rs:32:use amun_certificate_network::distribution::LightClientProofBundle;
crates/amun-chain-checkpoint/src/lib.rs:339:        let cert0 = CheckpointCertificate::create(0, 0, std::slice::from_ref(&b0)).unwrap();
crates/amun-chain-checkpoint/src/lib.rs:340:        let cert1 = CheckpointCertificate::create(0, 1, &[b0, b1]).unwrap();
crates/amun-chain-checkpoint/src/lib.rs:357:        let cert1 = CheckpointCertificate::create(0, 0, &bundles).unwrap();
crates/amun-chain-checkpoint/src/lib.rs:358:        let cert2 = CheckpointCertificate::create(0, 0, &bundles).unwrap();
crates/amun-chain-checkpoint/src/lib.rs:369:        let cert1 = CheckpointCertificate::create(0, 0, std::slice::from_ref(&b0)).unwrap();
crates/amun-chain-checkpoint/src/lib.rs:370:        let cert2 = CheckpointCertificate::create(0, 1, &[b0, b1]).unwrap();
crates/amun-chain-checkpoint/src/lib.rs:40:// N12A: Checkpoint Certificate
crates/amun-chain-checkpoint/src/lib.rs:47:/// of the AmunChain proof layers (ReplayCertificate, CertificateMerkleRoot, etc.).
crates/amun-chain-checkpoint/src/lib.rs:49:pub struct CheckpointCertificate {
crates/amun-chain-checkpoint/src/lib.rs:58:    /// Evidence root at end_height.
crates/amun-chain-checkpoint/src/lib.rs:66:impl CheckpointCertificate {
crates/amun-chain-checkpoint/src/lib.rs:79:        bundles: &[LightClientProofBundle],
crates/amun-chain-checkpoint/tests/n15_constitutional_join.rs:121:        bundles.push(LightClientProofBundle::new(block, cert, proof));
crates/amun-chain-checkpoint/tests/n15_constitutional_join.rs:124:    let cp = CheckpointCertificate::create(0, 4, &bundles).unwrap();
crates/amun-chain-checkpoint/tests/n15_constitutional_join.rs:14:    let mut bundles_a: Vec<LightClientProofBundle> = Vec::new();
crates/amun-chain-checkpoint/tests/n15_constitutional_join.rs:1:use amun_certificate_network::distribution::LightClientProofBundle;
crates/amun-chain-checkpoint/tests/n15_constitutional_join.rs:44:        bundles_a.push(LightClientProofBundle::new(block, cert, proof));
crates/amun-chain-checkpoint/tests/n15_constitutional_join.rs:49:    let cp1 = CheckpointCertificate::create(0, 4, &bundles_a[0..5]).unwrap();
crates/amun-chain-checkpoint/tests/n15_constitutional_join.rs:4:    chain::RecursiveCheckpointProof,
crates/amun-chain-checkpoint/tests/n15_constitutional_join.rs:50:    let cp2 = CheckpointCertificate::create(5, 9, &bundles_a[5..10]).unwrap();
crates/amun-chain-checkpoint/tests/n15_constitutional_join.rs:6:    CheckpointCertificate, CheckpointStore,
crates/amun-chain-checkpoint/tests/n15_constitutional_join.rs:76:    let recursive = RecursiveCheckpointProof::from_checkpoints(&checkpoints).unwrap();
crates/amun-chain-checkpoint/tests/n15_constitutional_join.rs:91:    let mut bundles: Vec<LightClientProofBundle> = Vec::new();
crates/amun-chain-checkpoint/tests/n16_adversarial_bootstrap.rs:13:) -> (CheckpointCertificate, CheckpointBundle, [u8; 32]) {
crates/amun-chain-checkpoint/tests/n16_adversarial_bootstrap.rs:15:    let mut bundles: Vec<LightClientProofBundle> = Vec::new();
crates/amun-chain-checkpoint/tests/n16_adversarial_bootstrap.rs:1:use amun_certificate_network::distribution::LightClientProofBundle;
crates/amun-chain-checkpoint/tests/n16_adversarial_bootstrap.rs:45:        bundles.push(LightClientProofBundle::new(block, cert, proof));
crates/amun-chain-checkpoint/tests/n16_adversarial_bootstrap.rs:48:    let cp = CheckpointCertificate::create(start, end, &bundles).unwrap();
crates/amun-chain-checkpoint/tests/n16_adversarial_bootstrap.rs:5:    CheckpointCertificate,
crates/amun-chain-store/src/record.rs:15:    /// N129.3: Evidence root chaining all constitutional proofs
crates/amun-codec/src/domain.rs:11:    QuorumCertificate = 0x04,
crates/amun-codec/src/domain.rs:24:            0x04 => Some(Self::QuorumCertificate),
crates/amun-codec/src/domain.rs:38:            Self::QuorumCertificate => &QC_KEY,
crates/amun-codec/src/domain.rs:57:const QC_KEY: [u8; 32] = [0x04u8; 32];
crates/amun-compatibility/src/lib.rs:8:pub use migration::{MigrationProof, MigrationRules};
crates/amun-compatibility/src/migration.rs:26:/// Proof that a migration was performed correctly.
crates/amun-compatibility/src/migration.rs:28:pub struct MigrationProof {
crates/amun-consensus-execution/src/block_dag.rs:14:    pub justify_qc: Option<QuorumCertificate>,
crates/amun-consensus-execution/src/block_dag.rs:25:        justify_qc: Option<QuorumCertificate>,
crates/amun-consensus-execution/src/block_dag.rs:2:use amun_quorum_certificate::QuorumCertificate;
crates/amun-consensus-execution/src/commit.rs:110:        qc3: &QuorumCertificate,
crates/amun-consensus-execution/src/commit.rs:111:        qc2: &QuorumCertificate,
crates/amun-consensus-execution/src/commit.rs:112:        qc1: &QuorumCertificate,
crates/amun-consensus-execution/src/commit.rs:14:    pub last_qc: Option<QuorumCertificate>,
crates/amun-consensus-execution/src/commit.rs:15:    pub locked_qc: Option<QuorumCertificate>,
crates/amun-consensus-execution/src/commit.rs:1:use amun_quorum_certificate::QuorumCertificate;
crates/amun-consensus-execution/src/commit.rs:82:    pub fn try_commit_2chain(&mut self, qc: &QuorumCertificate) -> Option<[u8; 32]> {
crates/amun-consensus-execution/src/fork_choice.rs:10:    pub validated_qc: Option<QuorumCertificate>,
crates/amun-consensus-execution/src/fork_choice.rs:111:    fn update_validated_qc(&mut self, qc: QuorumCertificate) {
crates/amun-consensus-execution/src/fork_choice.rs:11:    /// Committed QCs (from 3-chain finality)
crates/amun-consensus-execution/src/fork_choice.rs:12:    pub committed_qcs: Vec<QuorumCertificate>,
crates/amun-consensus-execution/src/fork_choice.rs:140:            // Pick child with highest QC round, tiebreak by block_hash
crates/amun-consensus-execution/src/fork_choice.rs:173:    /// 1. Extends locked QC
crates/amun-consensus-execution/src/fork_choice.rs:174:    /// 2. Justify QC justifies the parent block
crates/amun-consensus-execution/src/fork_choice.rs:175:    /// 3. Justify QC round >= locked QC round
crates/amun-consensus-execution/src/fork_choice.rs:177:        // Rule 1: Must extend locked QC
crates/amun-consensus-execution/src/fork_choice.rs:184:        // Rule 2: Justify QC must justify the parent
crates/amun-consensus-execution/src/fork_choice.rs:194:            // Rule 3: Justify QC round must be >= locked QC round
crates/amun-consensus-execution/src/fork_choice.rs:28:    /// Update with a new QC
crates/amun-consensus-execution/src/fork_choice.rs:29:    pub fn update_qc(&mut self, qc: QuorumCertificate, dag: &BlockDAG) {
crates/amun-consensus-execution/src/fork_choice.rs:2:use amun_quorum_certificate::QuorumCertificate;
crates/amun-consensus-execution/src/fork_choice.rs:45:    /// Get the highest QC across all rounds
crates/amun-consensus-execution/src/fork_choice.rs:46:    pub fn highest_qc(&self) -> Option<&QuorumCertificate> {
crates/amun-consensus-execution/src/fork_choice.rs:53:    fn try_advance_lock_and_commit(&mut self, qc3: &QuorumCertificate, dag: &BlockDAG) {
crates/amun-consensus-execution/src/fork_choice.rs:59:        // Get qc2 (parent's justify QC)
crates/amun-consensus-execution/src/fork_choice.rs:8:    pub high_qcs: BTreeMap<u64, QuorumCertificate>,
crates/amun-consensus-execution/src/fork_choice.rs:9:    pub locked_qc: Option<QuorumCertificate>,
crates/amun-consensus-execution/src/lib.rs:20:pub use qc_store::QCStore;
crates/amun-consensus-execution/src/persistent_state.rs:190:            "QC" => {
crates/amun-consensus-execution/src/persistent_state.rs:191:                let e: QCEventFull =
crates/amun-consensus-execution/src/persistent_state.rs:192:                    serde_json::from_str(&entry.payload_json).map_err(|e| format!("QC: {}", e))?;
crates/amun-consensus-execution/src/persistent_state.rs:196:                    self.require_block_known(&ph, "QC")?;
crates/amun-consensus-execution/src/persistent_state.rs:22:struct QCEventFull {
crates/amun-consensus-execution/src/persistent_state.rs:236:    pub fn record_qc(&mut self, qc: &QuorumCertificate) -> Result<(), String> {
crates/amun-consensus-execution/src/persistent_state.rs:237:        let ev = QCEventFull {
crates/amun-consensus-execution/src/persistent_state.rs:246:        let entry = self.wal.append_and_return_entry("QC", &json)?;
crates/amun-consensus-execution/src/persistent_state.rs:5:use amun_quorum_certificate::QuorumCertificate;
crates/amun-consensus-execution/src/proposal.rs:13:    pub justify_qc: Option<QuorumCertificate>,
crates/amun-consensus-execution/src/proposal.rs:3:use amun_quorum_certificate::QuorumCertificate;
crates/amun-consensus-execution/src/qc_store.rs:10:impl QCStore {
crates/amun-consensus-execution/src/qc_store.rs:18:    pub fn insert(&mut self, qc: QuorumCertificate) {
crates/amun-consensus-execution/src/qc_store.rs:1:use amun_quorum_certificate::QuorumCertificate;
crates/amun-consensus-execution/src/qc_store.rs:27:    pub fn get_by_block(&self, hash: &[u8; 32]) -> Option<&QuorumCertificate> {
crates/amun-consensus-execution/src/qc_store.rs:31:    pub fn get_by_round(&self, round: u64) -> &[QuorumCertificate] {
crates/amun-consensus-execution/src/qc_store.rs:48:impl Default for QCStore {
crates/amun-consensus-execution/src/qc_store.rs:5:pub struct QCStore {
crates/amun-consensus-execution/src/qc_store.rs:6:    pub by_round: BTreeMap<u64, Vec<QuorumCertificate>>,
crates/amun-consensus-execution/src/qc_store.rs:7:    pub by_block: BTreeMap<[u8; 32], QuorumCertificate>,
crates/amun-consensus-execution/src/voter.rs:116:                    return Ok(Some(QuorumCertificate::new(
crates/amun-consensus-execution/src/voter.rs:160:    pub fn get_evidence(&self) -> &[EquivocationProof] {
crates/amun-consensus-execution/src/voter.rs:22:    evidence: Vec<EquivocationProof>,
crates/amun-consensus-execution/src/voter.rs:2:use amun_quorum_certificate::QuorumCertificate;
crates/amun-consensus-execution/src/voter.rs:39:    pub fn add_vote(&mut self, vote: ConsensusVote) -> Result<Option<QuorumCertificate>, String> {
crates/amun-consensus-execution/src/voter.rs:53:                let proof = EquivocationProof {
crates/amun-consensus-execution/src/voter.rs:8:pub struct EquivocationProof {
crates/amun-consensus-execution/src/voter.rs:90:                    return Ok(Some(QuorumCertificate::new(
crates/amun-consensus-integration/src/consensus_integrator.rs:22:        let mut hot = HotProofStore::new(10000);
crates/amun-consensus-integration/src/consensus_integrator.rs:23:        let mut archive = ProofArchive::new();
crates/amun-consensus-integration/src/consensus_integrator.rs:3:use amun_proof_archive::hot_store::HotProofStore;
crates/amun-consensus-integration/src/consensus_integrator.rs:4:use amun_proof_archive::proof_archive::ProofArchive;
crates/amun-consensus-integration/src/consensus_integrator.rs:82:    ) -> Result<ConstitutionalFinalityCertificate, String> {
crates/amun-consensus-integration/src/consensus_integrator.rs:86:        let mut qc = ConstitutionalQC::for_block(block, quorum_size);
crates/amun-consensus-integration/src/consensus_integrator.rs:96:        Ok(ConstitutionalFinalityCertificate::issue(block, qc))
crates/amun-consensus-integration/src/consensus_integrator.rs:9:    ConstitutionalBlock, ConstitutionalFinalityCertificate, ConstitutionalQC,
crates/amun-consensus-integration/src/consensus_types.rs:12:    pub transitions: Vec<TransitionProof>,
crates/amun-consensus-integration/src/consensus_types.rs:2:use amun_transition_proof::transition_proof::TransitionProof;
crates/amun-consensus-integration/src/consensus_types.rs:44:pub struct ConstitutionalQC {
crates/amun-consensus-integration/src/consensus_types.rs:54:impl ConstitutionalQC {
crates/amun-consensus-integration/src/consensus_types.rs:78:pub struct ConstitutionalFinalityCertificate {
crates/amun-consensus-integration/src/consensus_types.rs:83:    pub qc: ConstitutionalQC,
crates/amun-consensus-integration/src/consensus_types.rs:87:impl ConstitutionalFinalityCertificate {
crates/amun-consensus-integration/src/consensus_types.rs:88:    pub fn issue(block: &ConstitutionalBlock, qc: ConstitutionalQC) -> Self {
crates/amun-consensus-law/src/finality.rs:3:pub struct FinalityLaw;
crates/amun-consensus-law/src/finality.rs:5:impl FinalityLaw {
crates/amun-consensus-law/src/lib.rs:7:pub use finality::FinalityLaw;
crates/amun-consensus-network/src/certificate_evidence_validation.rs:107:    /// N111.6 GATEKEEPER: Certificate rejected when evidence is missing
crates/amun-consensus-network/src/certificate_evidence_validation.rs:110:        let store = EvidenceStore::new();
crates/amun-consensus-network/src/certificate_evidence_validation.rs:115:            EvidenceValidationResult::MissingEvidence { missing_ids } => {
crates/amun-consensus-network/src/certificate_evidence_validation.rs:11://   - Certificate with missing evidence → rejected
crates/amun-consensus-network/src/certificate_evidence_validation.rs:120:            _ => panic!("Expected MissingEvidence, got {:?}", result),
crates/amun-consensus-network/src/certificate_evidence_validation.rs:124:    /// N111.6: Certificate accepted when all evidence is present
crates/amun-consensus-network/src/certificate_evidence_validation.rs:127:        let mut store = EvidenceStore::new();
crates/amun-consensus-network/src/certificate_evidence_validation.rs:12://   - Missing evidence → MissingEvidenceRequest sent to peers
crates/amun-consensus-network/src/certificate_evidence_validation.rs:130:        let e1 = EvidenceRecord::new([0x42; 32], 1, EvidenceType::DoubleVote, 1000, vec![1]);
crates/amun-consensus-network/src/certificate_evidence_validation.rs:131:        let e2 = EvidenceRecord::new([0x42; 32], 2, EvidenceType::DoubleVote, 2000, vec![2]);
crates/amun-consensus-network/src/certificate_evidence_validation.rs:13://   - Evidence received → certificate retried → accepted
crates/amun-consensus-network/src/certificate_evidence_validation.rs:140:        assert_eq!(result, EvidenceValidationResult::AllPresent);
crates/amun-consensus-network/src/certificate_evidence_validation.rs:146:        let mut store = EvidenceStore::new();
crates/amun-consensus-network/src/certificate_evidence_validation.rs:147:        let e1 = EvidenceRecord::new([0x42; 32], 1, EvidenceType::DoubleVote, 1000, vec![1]);
crates/amun-consensus-network/src/certificate_evidence_validation.rs:155:            EvidenceValidationResult::MissingEvidence { missing_ids } => {
crates/amun-consensus-network/src/certificate_evidence_validation.rs:159:            _ => panic!("Expected MissingEvidence"),
crates/amun-consensus-network/src/certificate_evidence_validation.rs:16:use crate::evidence_store::EvidenceStore;
crates/amun-consensus-network/src/certificate_evidence_validation.rs:174:        let mut store = EvidenceStore::new();
crates/amun-consensus-network/src/certificate_evidence_validation.rs:175:        let evidence = EvidenceRecord::new(
crates/amun-consensus-network/src/certificate_evidence_validation.rs:178:            EvidenceType::StateRootMismatch,
crates/amun-consensus-network/src/certificate_evidence_validation.rs:17:use crate::messages::{MissingEvidenceRequest, MissingEvidenceResponse};
crates/amun-consensus-network/src/certificate_evidence_validation.rs:184:        let response = MissingEvidenceResponse {
crates/amun-consensus-network/src/certificate_evidence_validation.rs:18:use crate::slashing_certificate::SlashingCertificate;
crates/amun-consensus-network/src/certificate_evidence_validation.rs:22:pub enum EvidenceValidationResult {
crates/amun-consensus-network/src/certificate_evidence_validation.rs:26:    MissingEvidence { missing_ids: Vec<[u8; 32]> },
crates/amun-consensus-network/src/certificate_evidence_validation.rs:2:// N111.6 — Certificate Evidence Validation
crates/amun-consensus-network/src/certificate_evidence_validation.rs:30:/// exists in the local EvidenceStore.
crates/amun-consensus-network/src/certificate_evidence_validation.rs:32:    cert: &SlashingCertificate,
crates/amun-consensus-network/src/certificate_evidence_validation.rs:33:    evidence_store: &EvidenceStore,
crates/amun-consensus-network/src/certificate_evidence_validation.rs:34:) -> EvidenceValidationResult {
crates/amun-consensus-network/src/certificate_evidence_validation.rs:44:        EvidenceValidationResult::AllPresent
crates/amun-consensus-network/src/certificate_evidence_validation.rs:46:        EvidenceValidationResult::MissingEvidence {
crates/amun-consensus-network/src/certificate_evidence_validation.rs:4:// Enforces that a SlashingCertificate is only accepted when ALL evidence
crates/amun-consensus-network/src/certificate_evidence_validation.rs:52:/// N111.6: Build a MissingEvidenceRequest for the given evidence IDs.
crates/amun-consensus-network/src/certificate_evidence_validation.rs:56:) -> MissingEvidenceRequest {
crates/amun-consensus-network/src/certificate_evidence_validation.rs:57:    MissingEvidenceRequest {
crates/amun-consensus-network/src/certificate_evidence_validation.rs:5:// IDs it references are present in the local EvidenceStore.
crates/amun-consensus-network/src/certificate_evidence_validation.rs:63:/// N111.6: Process a MissingEvidenceResponse by extracting the evidence
crates/amun-consensus-network/src/certificate_evidence_validation.rs:67:    response: &MissingEvidenceResponse,
crates/amun-consensus-network/src/certificate_evidence_validation.rs:68:    evidence_store: &mut EvidenceStore,
crates/amun-consensus-network/src/certificate_evidence_validation.rs:72:        let record: crate::evidence_store::EvidenceRecord = postcard::from_bytes(data)
crates/amun-consensus-network/src/certificate_evidence_validation.rs:84:    use crate::evidence_store::{EvidenceRecord, EvidenceStore, EvidenceType};
crates/amun-consensus-network/src/certificate_evidence_validation.rs:86:    use crate::slashing_certificate::{EvidenceCount, SlashingCertificate};
crates/amun-consensus-network/src/certificate_evidence_validation.rs:88:    fn make_cert_with_evidence_ids(ids: Vec<[u8; 32]>) -> SlashingCertificate {
crates/amun-consensus-network/src/certificate_evidence_validation.rs:89:        SlashingCertificate::from_slash_result(
crates/amun-consensus-network/src/certificate_evidence_validation.rs:8:// "Evidence propagation is not yet network-wide."
crates/amun-consensus-network/src/certificate_evidence_validation.rs:93:            vec![EvidenceCount {
crates/amun-consensus-network/src/certificate_evidence_validation.rs:94:                evidence_type: EvidenceType::DoubleVote,
crates/amun-consensus-network/src/certificate_gossip.rs:105:        let mut g = CertificateGossip::new();
crates/amun-consensus-network/src/certificate_gossip.rs:10:pub struct CertificateGossip {
crates/amun-consensus-network/src/certificate_gossip.rs:114:        let mut g = CertificateGossip::new();
crates/amun-consensus-network/src/certificate_gossip.rs:11:    pub certificates: HashMap<[u8; 32], SlashingCertificate>,
crates/amun-consensus-network/src/certificate_gossip.rs:125:        let mut g = CertificateGossip::new();
crates/amun-consensus-network/src/certificate_gossip.rs:136:        let mut g = CertificateGossip::new();
crates/amun-consensus-network/src/certificate_gossip.rs:16:impl CertificateGossip {
crates/amun-consensus-network/src/certificate_gossip.rs:25:    pub fn receive_certificate(&mut self, cert: SlashingCertificate) -> Result<bool, String> {
crates/amun-consensus-network/src/certificate_gossip.rs:2:// N110.3 — Certificate Gossip
crates/amun-consensus-network/src/certificate_gossip.rs:44:    pub fn get_pending(&self) -> Vec<&SlashingCertificate> {
crates/amun-consensus-network/src/certificate_gossip.rs:4:// Manages SlashingCertificate propagation, validation, dedup, and storage.
crates/amun-consensus-network/src/certificate_gossip.rs:63:impl Default for CertificateGossip {
crates/amun-consensus-network/src/certificate_gossip.rs:72:    use crate::evidence_store::EvidenceType;
crates/amun-consensus-network/src/certificate_gossip.rs:74:    use crate::slashing_certificate::{EvidenceCount, SlashingCertificate};
crates/amun-consensus-network/src/certificate_gossip.rs:76:    fn make_test_cert(id: [u8; 32]) -> SlashingCertificate {
crates/amun-consensus-network/src/certificate_gossip.rs:77:        SlashingCertificate::from_slash_result(
crates/amun-consensus-network/src/certificate_gossip.rs:7:use crate::slashing_certificate::SlashingCertificate;
crates/amun-consensus-network/src/certificate_gossip.rs:81:            vec![EvidenceCount {
crates/amun-consensus-network/src/certificate_gossip.rs:82:                evidence_type: EvidenceType::DoubleVote,
crates/amun-consensus-network/src/certificate_gossip.rs:97:        let mut g = CertificateGossip::new();
crates/amun-consensus-network/src/engine.rs:127:            "QC_CHECK: approvals={} votes={} power={} total={} quorum={} validators={}",
crates/amun-consensus-network/src/engine.rs:137:            eprintln!("QC_VALIDATOR: id={:?} power={}", &vid[..4], power);
crates/amun-consensus-network/src/engine.rs:145:            "QC_FORMED: h={} approvals={} power={}",
crates/amun-consensus-network/src/engine.rs:151:        let qc = QuorumCertificate {
crates/amun-consensus-network/src/engine.rs:165:            eprintln!("QC_VERIFY_FAILED: {}", e);
crates/amun-consensus-network/src/engine.rs:172:    /// Finalize the round with a QC, producing a finality certificate.
crates/amun-consensus-network/src/engine.rs:173:    pub fn finalize(&mut self, history_root: [u8; 32]) -> Option<FinalityCertificate> {
crates/amun-consensus-network/src/engine.rs:175:        let cert = FinalityCertificate {
crates/amun-consensus-network/src/engine.rs:18:    pub qc: Option<QuorumCertificate>,
crates/amun-consensus-network/src/engine.rs:19:    pub finality: Option<FinalityCertificate>,
crates/amun-consensus-network/src/engine.rs:21:    pub double_vote_evidence: Vec<DoubleVoteEvidence>,
crates/amun-consensus-network/src/engine.rs:228:/// Evidence of equivocation — same validator voted for two different blocks at the same height.
crates/amun-consensus-network/src/engine.rs:230:pub struct DoubleVoteEvidence {
crates/amun-consensus-network/src/engine.rs:252:    finality_chain: Vec<FinalityCertificate>,
crates/amun-consensus-network/src/engine.rs:2:    ConsensusVote, EquivocationProof, FinalityCertificate, QuorumCertificate, SignedVote,
crates/amun-consensus-network/src/engine.rs:416:                let proof = EquivocationProof {
crates/amun-consensus-network/src/engine.rs:425:                let evidence_id = crate::evidence_store::EvidenceRecord::compute_evidence_id(
crates/amun-consensus-network/src/engine.rs:428:                    &crate::evidence_store::EvidenceType::DoubleVote,
crates/amun-consensus-network/src/engine.rs:434:                    &crate::evidence_store::EvidenceType::DoubleVote,
crates/amun-consensus-network/src/engine.rs:483:    /// Try to advance: form QC, finalize, update history.
crates/amun-consensus-network/src/engine.rs:488:    ) -> Option<FinalityCertificate> {
crates/amun-consensus-network/src/engine.rs:503:        eprintln!("QC_ENGINE_VERIFY: h={} votes={}", qc.height, qc.votes.len());
crates/amun-consensus-network/src/engine.rs:508:            eprintln!("QC_SIGNATURE_VERIFY_FAILED: {}", e);
crates/amun-consensus-network/src/engine.rs:552:        qc: &QuorumCertificate,
crates/amun-consensus-network/src/engine.rs:643:        assert!(qc.is_none(), "Should not form QC with only 2/4 votes");
crates/amun-consensus-network/src/engine.rs:86:    /// Try to form a QC from collected votes.
crates/amun-consensus-network/src/engine.rs:87:    /// Returns Some(QC) if >2/3 validators approved.
crates/amun-consensus-network/src/engine.rs:93:    ) -> Option<QuorumCertificate> {
crates/amun-consensus-network/src/evidence_gossip.rs:106:impl Default for EvidenceGossip {
crates/amun-consensus-network/src/evidence_gossip.rs:118:        let mut gossip = EvidenceGossip::new();
crates/amun-consensus-network/src/evidence_gossip.rs:119:        let ann = EvidenceAnnouncement {
crates/amun-consensus-network/src/evidence_gossip.rs:122:            evidence_type: EvidenceType::DoubleVote,
crates/amun-consensus-network/src/evidence_gossip.rs:12://   1. Receives an EvidenceAnnouncement from the network
crates/amun-consensus-network/src/evidence_gossip.rs:132:        let mut gossip = EvidenceGossip::new();
crates/amun-consensus-network/src/evidence_gossip.rs:133:        let ann = EvidenceAnnouncement {
crates/amun-consensus-network/src/evidence_gossip.rs:136:            evidence_type: EvidenceType::DoubleVote,
crates/amun-consensus-network/src/evidence_gossip.rs:147:        let mut gossip = EvidenceGossip::new();
crates/amun-consensus-network/src/evidence_gossip.rs:156:        let mut gossip = EvidenceGossip::new();
crates/amun-consensus-network/src/evidence_gossip.rs:159:        gossip.receive_announcement(EvidenceAnnouncement {
crates/amun-consensus-network/src/evidence_gossip.rs:162:            evidence_type: EvidenceType::StateRootMismatch,
crates/amun-consensus-network/src/evidence_gossip.rs:171:        let ann = EvidenceAnnouncement {
crates/amun-consensus-network/src/evidence_gossip.rs:174:            evidence_type: EvidenceType::DoubleVote,
crates/amun-consensus-network/src/evidence_gossip.rs:178:        assert!(EvidenceGossip::verify_announcement(&ann, 50).is_ok());
crates/amun-consensus-network/src/evidence_gossip.rs:17:use crate::evidence_store::EvidenceType;
crates/amun-consensus-network/src/evidence_gossip.rs:183:        let ann = EvidenceAnnouncement {
crates/amun-consensus-network/src/evidence_gossip.rs:186:            evidence_type: EvidenceType::DoubleVote,
crates/amun-consensus-network/src/evidence_gossip.rs:190:        let err = EvidenceGossip::verify_announcement(&ann, 50).unwrap_err();
crates/amun-consensus-network/src/evidence_gossip.rs:196:        let ann = EvidenceAnnouncement {
crates/amun-consensus-network/src/evidence_gossip.rs:199:            evidence_type: EvidenceType::DoubleVote,
crates/amun-consensus-network/src/evidence_gossip.rs:203:        assert!(EvidenceGossip::verify_announcement(&ann, 50).is_err());
crates/amun-consensus-network/src/evidence_gossip.rs:208:        let ann = EvidenceAnnouncement {
crates/amun-consensus-network/src/evidence_gossip.rs:211:            evidence_type: EvidenceType::DoubleVote,
crates/amun-consensus-network/src/evidence_gossip.rs:215:        assert!(EvidenceGossip::verify_announcement(&ann, 50).is_err());
crates/amun-consensus-network/src/evidence_gossip.rs:22:/// the full EvidenceRecord if they need it.
crates/amun-consensus-network/src/evidence_gossip.rs:24:pub struct EvidenceAnnouncement {
crates/amun-consensus-network/src/evidence_gossip.rs:27:    pub evidence_type: EvidenceType,
crates/amun-consensus-network/src/evidence_gossip.rs:2:// N111.2 — Evidence Gossip
crates/amun-consensus-network/src/evidence_gossip.rs:33:pub struct EvidenceGossip {
crates/amun-consensus-network/src/evidence_gossip.rs:35:    pub announcements: HashMap<[u8; 32], EvidenceAnnouncement>,
crates/amun-consensus-network/src/evidence_gossip.rs:40:impl EvidenceGossip {
crates/amun-consensus-network/src/evidence_gossip.rs:50:    pub fn receive_announcement(&mut self, announcement: EvidenceAnnouncement) -> bool {
crates/amun-consensus-network/src/evidence_gossip.rs:5:// possesses the evidence referenced by a SlashingCertificate.
crates/amun-consensus-network/src/evidence_gossip.rs:80:        announcement: &EvidenceAnnouncement,
crates/amun-consensus-network/src/evidence_push.rs:102:impl Default for EvidencePush {
crates/amun-consensus-network/src/evidence_push.rs:104:        Self::new(EvidencePushConfig::default())
crates/amun-consensus-network/src/evidence_push.rs:111:    use crate::evidence_store::EvidenceType;
crates/amun-consensus-network/src/evidence_push.rs:113:    fn make_store_with_evidence(count: u8) -> (EvidenceStore, Vec<[u8; 32]>) {
crates/amun-consensus-network/src/evidence_push.rs:114:        let mut store = EvidenceStore::new();
crates/amun-consensus-network/src/evidence_push.rs:117:            let record = EvidenceRecord::new(
crates/amun-consensus-network/src/evidence_push.rs:120:                EvidenceType::DoubleVote,
crates/amun-consensus-network/src/evidence_push.rs:134:        let gossip = EvidenceGossip::new();
crates/amun-consensus-network/src/evidence_push.rs:135:        let mut push = EvidencePush::default();
crates/amun-consensus-network/src/evidence_push.rs:13:pub struct EvidencePushConfig {
crates/amun-consensus-network/src/evidence_push.rs:148:        let gossip = EvidenceGossip::new();
crates/amun-consensus-network/src/evidence_push.rs:149:        let mut push = EvidencePush::default();
crates/amun-consensus-network/src/evidence_push.rs:161:        let gossip = EvidenceGossip::new();
crates/amun-consensus-network/src/evidence_push.rs:162:        let config = EvidencePushConfig {
crates/amun-consensus-network/src/evidence_push.rs:166:        let mut push = EvidencePush::new(config);
crates/amun-consensus-network/src/evidence_push.rs:175:        let gossip = EvidenceGossip::new();
crates/amun-consensus-network/src/evidence_push.rs:176:        let mut push = EvidencePush::default();
crates/amun-consensus-network/src/evidence_push.rs:18:    /// Whether to push full EvidenceRecords or just announcements.
crates/amun-consensus-network/src/evidence_push.rs:194:        let gossip = EvidenceGossip::new();
crates/amun-consensus-network/src/evidence_push.rs:195:        let mut push = EvidencePush::default();
crates/amun-consensus-network/src/evidence_push.rs:1:// N112.1 — Push-Based Evidence Propagation
crates/amun-consensus-network/src/evidence_push.rs:22:impl Default for EvidencePushConfig {
crates/amun-consensus-network/src/evidence_push.rs:32:/// N112.1: Push engine that works alongside EvidenceGossip.
crates/amun-consensus-network/src/evidence_push.rs:33:pub struct EvidencePush {
crates/amun-consensus-network/src/evidence_push.rs:34:    config: EvidencePushConfig,
crates/amun-consensus-network/src/evidence_push.rs:35:    /// Evidence IDs that have already been pushed.
crates/amun-consensus-network/src/evidence_push.rs:39:impl EvidencePush {
crates/amun-consensus-network/src/evidence_push.rs:3:// Extends EvidenceGossip with proactive push of evidence announcements
crates/amun-consensus-network/src/evidence_push.rs:40:    pub fn new(config: EvidencePushConfig) -> Self {
crates/amun-consensus-network/src/evidence_push.rs:48:    /// Returns a list of (EvidenceRecord, EvidenceAnnouncement) pairs
crates/amun-consensus-network/src/evidence_push.rs:4:// and full EvidenceRecords to known peers.  This reduces latency in
crates/amun-consensus-network/src/evidence_push.rs:52:        store: &EvidenceStore,
crates/amun-consensus-network/src/evidence_push.rs:53:        _gossip: &EvidenceGossip,
crates/amun-consensus-network/src/evidence_push.rs:54:    ) -> Vec<(EvidenceRecord, EvidenceAnnouncement)> {
crates/amun-consensus-network/src/evidence_push.rs:66:            let announcement = EvidenceAnnouncement {
crates/amun-consensus-network/src/evidence_push.rs:8:use crate::evidence_gossip::{EvidenceAnnouncement, EvidenceGossip};
crates/amun-consensus-network/src/evidence_push.rs:9:use crate::evidence_store::{EvidenceRecord, EvidenceStore};
crates/amun-consensus-network/src/evidence_push_processor.rs:104:        let mut store = EvidenceStore::new();
crates/amun-consensus-network/src/evidence_push_processor.rs:105:        let mut gossip = EvidenceGossip::new();
crates/amun-consensus-network/src/evidence_push_processor.rs:106:        let mut push = EvidencePush::default();
crates/amun-consensus-network/src/evidence_push_processor.rs:10:use crate::evidence_store::{EvidenceRecord, EvidenceStore};
crates/amun-consensus-network/src/evidence_push_processor.rs:133:        let mut store = EvidenceStore::new();
crates/amun-consensus-network/src/evidence_push_processor.rs:134:        let mut gossip = EvidenceGossip::new();
crates/amun-consensus-network/src/evidence_push_processor.rs:135:        let mut push = EvidencePush::default();
crates/amun-consensus-network/src/evidence_push_processor.rs:1:// N112.3 — Automatic Peer Evidence Propagation
crates/amun-consensus-network/src/evidence_push_processor.rs:20:/// N112.3: Process an incoming EvidencePushMessage.
crates/amun-consensus-network/src/evidence_push_processor.rs:21:/// Decodes each serialized EvidenceRecord and stores it locally.
crates/amun-consensus-network/src/evidence_push_processor.rs:26:    evidence_store: &mut EvidenceStore,
crates/amun-consensus-network/src/evidence_push_processor.rs:27:    gossip: &mut EvidenceGossip,
crates/amun-consensus-network/src/evidence_push_processor.rs:28:    push: &mut EvidencePush,
crates/amun-consensus-network/src/evidence_push_processor.rs:37:        let record: EvidenceRecord = postcard::from_bytes(data)
crates/amun-consensus-network/src/evidence_push_processor.rs:3:// When a node receives an EvidencePushMessage, it automatically
crates/amun-consensus-network/src/evidence_push_processor.rs:40:        // Store in EvidenceStore
crates/amun-consensus-network/src/evidence_push_processor.rs:45:            gossip.receive_announcement(crate::evidence_gossip::EvidenceAnnouncement {
crates/amun-consensus-network/src/evidence_push_processor.rs:4:// imports the evidence records into its EvidenceStore without
crates/amun-consensus-network/src/evidence_push_processor.rs:5:// requiring a MissingEvidenceRequest.  This eliminates the pull
crates/amun-consensus-network/src/evidence_push_processor.rs:66:    use crate::evidence_gossip::EvidenceGossip;
crates/amun-consensus-network/src/evidence_push_processor.rs:67:    use crate::evidence_push::EvidencePush;
crates/amun-consensus-network/src/evidence_push_processor.rs:68:    use crate::evidence_store::{EvidenceRecord, EvidenceStore, EvidenceType};
crates/amun-consensus-network/src/evidence_push_processor.rs:70:    fn make_evidence_record(id: u8) -> EvidenceRecord {
crates/amun-consensus-network/src/evidence_push_processor.rs:71:        EvidenceRecord::new(
crates/amun-consensus-network/src/evidence_push_processor.rs:74:            EvidenceType::DoubleVote,
crates/amun-consensus-network/src/evidence_push_processor.rs:82:        let mut store = EvidenceStore::new();
crates/amun-consensus-network/src/evidence_push_processor.rs:83:        let mut gossip = EvidenceGossip::new();
crates/amun-consensus-network/src/evidence_push_processor.rs:84:        let mut push = EvidencePush::default();
crates/amun-consensus-network/src/evidence_push_processor.rs:8:use crate::evidence_gossip::EvidenceGossip;
crates/amun-consensus-network/src/evidence_push_processor.rs:9:use crate::evidence_push::EvidencePush;
crates/amun-consensus-network/src/evidence_store.rs:103:        Self::new(v, h, EvidenceType::StateRootMismatch, t, payload)
crates/amun-consensus-network/src/evidence_store.rs:110:            EvidenceType::InvalidExecutionCommitment,
crates/amun-consensus-network/src/evidence_store.rs:117:        Self::new(v, h, EvidenceType::InvalidSignature, t, key.to_vec())
crates/amun-consensus-network/src/evidence_store.rs:124:            EvidenceType::VoteBindingViolation,
crates/amun-consensus-network/src/evidence_store.rs:133:pub struct EvidenceStore {
crates/amun-consensus-network/src/evidence_store.rs:134:    pub records: HashMap<[u8; 32], EvidenceRecord>,
crates/amun-consensus-network/src/evidence_store.rs:138:impl EvidenceStore {
crates/amun-consensus-network/src/evidence_store.rs:14:pub enum EvidenceType {
crates/amun-consensus-network/src/evidence_store.rs:154:    pub fn store_evidence(&mut self, record: EvidenceRecord) -> bool {
crates/amun-consensus-network/src/evidence_store.rs:163:    pub fn get_by_id(&self, evidence_id: &[u8; 32]) -> Option<&EvidenceRecord> {
crates/amun-consensus-network/src/evidence_store.rs:168:    pub fn get_evidence_for(&self, validator_id: &[u8; 32], height: u64) -> Vec<&EvidenceRecord> {
crates/amun-consensus-network/src/evidence_store.rs:176:    pub fn get_all_for_validator(&self, validator_id: &[u8; 32]) -> Vec<&EvidenceRecord> {
crates/amun-consensus-network/src/evidence_store.rs:183:    pub fn update_status(&mut self, evidence_id: &[u8; 32], status: EvidenceStatus) -> bool {
crates/amun-consensus-network/src/evidence_store.rs:192:    pub fn get_pending(&self) -> Vec<&EvidenceRecord> {
crates/amun-consensus-network/src/evidence_store.rs:195:            .filter(|r| r.status == EvidenceStatus::Pending)
crates/amun-consensus-network/src/evidence_store.rs:236:            let record: EvidenceRecord =
crates/amun-consensus-network/src/evidence_store.rs:247:impl Default for EvidenceStore {
crates/amun-consensus-network/src/evidence_store.rs:260:        let mut store = EvidenceStore::new();
crates/amun-consensus-network/src/evidence_store.rs:261:        let e = EvidenceRecord::new(
crates/amun-consensus-network/src/evidence_store.rs:264:            EvidenceType::StateRootMismatch,
crates/amun-consensus-network/src/evidence_store.rs:26:pub enum EvidenceStatus {
crates/amun-consensus-network/src/evidence_store.rs:274:        let mut store = EvidenceStore::new();
crates/amun-consensus-network/src/evidence_store.rs:275:        let e = EvidenceRecord::new(
crates/amun-consensus-network/src/evidence_store.rs:278:            EvidenceType::InvalidSignature,
crates/amun-consensus-network/src/evidence_store.rs:292:            let mut s = EvidenceStore::with_persistence(path.clone());
crates/amun-consensus-network/src/evidence_store.rs:293:            let e = EvidenceRecord::new(
crates/amun-consensus-network/src/evidence_store.rs:296:                EvidenceType::VoteBindingViolation,
crates/amun-consensus-network/src/evidence_store.rs:2:// N109.10/N109.11 — Evidence Store (HashMap-based)
crates/amun-consensus-network/src/evidence_store.rs:305:        let s = EvidenceStore::load(path).unwrap();
crates/amun-consensus-network/src/evidence_store.rs:312:        let mut s = EvidenceStore::new();
crates/amun-consensus-network/src/evidence_store.rs:313:        let e = EvidenceRecord::new([0xAA; 32], 10, EvidenceType::DoubleVote, 5000, vec![5, 6]);
crates/amun-consensus-network/src/evidence_store.rs:316:        assert_eq!(s.get_by_id(&id).unwrap().status, EvidenceStatus::Pending);
crates/amun-consensus-network/src/evidence_store.rs:317:        s.update_status(&id, EvidenceStatus::Confirmed);
crates/amun-consensus-network/src/evidence_store.rs:318:        assert_eq!(s.get_by_id(&id).unwrap().status, EvidenceStatus::Confirmed);
crates/amun-consensus-network/src/evidence_store.rs:319:        s.update_status(&id, EvidenceStatus::Slashed);
crates/amun-consensus-network/src/evidence_store.rs:320:        assert_eq!(s.get_by_id(&id).unwrap().status, EvidenceStatus::Slashed);
crates/amun-consensus-network/src/evidence_store.rs:325:        let mut s = EvidenceStore::new();
crates/amun-consensus-network/src/evidence_store.rs:326:        s.store_evidence(EvidenceRecord::new(
crates/amun-consensus-network/src/evidence_store.rs:329:            EvidenceType::InvalidSignature,
crates/amun-consensus-network/src/evidence_store.rs:333:        s.store_evidence(EvidenceRecord::new(
crates/amun-consensus-network/src/evidence_store.rs:336:            EvidenceType::StateRootMismatch,
crates/amun-consensus-network/src/evidence_store.rs:340:        s.store_evidence(EvidenceRecord::new(
crates/amun-consensus-network/src/evidence_store.rs:343:            EvidenceType::DoubleVote,
crates/amun-consensus-network/src/evidence_store.rs:35:pub struct EvidenceRecord {
crates/amun-consensus-network/src/evidence_store.rs:41:    pub evidence_type: EvidenceType,
crates/amun-consensus-network/src/evidence_store.rs:45:    pub status: EvidenceStatus,
crates/amun-consensus-network/src/evidence_store.rs:48:impl EvidenceRecord {
crates/amun-consensus-network/src/evidence_store.rs:4:// N109.11: Upgraded from Vec to HashMap<evidence_id, EvidenceRecord> for O(1) lookup.
crates/amun-consensus-network/src/evidence_store.rs:52:        evidence_type: &EvidenceType,
crates/amun-consensus-network/src/evidence_store.rs:60:            EvidenceType::StateRootMismatch => 0x01u8,
crates/amun-consensus-network/src/evidence_store.rs:61:            EvidenceType::InvalidExecutionCommitment => 0x02,
crates/amun-consensus-network/src/evidence_store.rs:62:            EvidenceType::InvalidSignature => 0x03,
crates/amun-consensus-network/src/evidence_store.rs:63:            EvidenceType::VoteBindingViolation => 0x04,
crates/amun-consensus-network/src/evidence_store.rs:64:            EvidenceType::DoubleVote => 0x05,
crates/amun-consensus-network/src/evidence_store.rs:65:            EvidenceType::FutureVote => 0x06,
crates/amun-consensus-network/src/evidence_store.rs:66:            EvidenceType::ExecutionFailure => 0x07,
crates/amun-consensus-network/src/evidence_store.rs:76:        evidence_type: EvidenceType,
crates/amun-consensus-network/src/evidence_store.rs:89:            status: EvidenceStatus::Pending,
crates/amun-consensus-network/src/execution_commitment.rs:18:// This is the foundation for N110 Slashing and N111 Evidence.
crates/amun-consensus-network/src/finality_gate.rs:10:use crate::multi_signer_certificate::MultiSignerCertificate;
crates/amun-consensus-network/src/finality_gate.rs:13:pub fn is_certificate_finalized(cert: &MultiSignerCertificate, finalized_height: u64) -> bool {
crates/amun-consensus-network/src/finality_gate.rs:1:// N118.1 — Finality Gate for Slashing Certificates
crates/amun-consensus-network/src/finality_gate.rs:20:    cert: &MultiSignerCertificate,
crates/amun-consensus-network/src/finality_gate.rs:39:    use crate::evidence_store::EvidenceType;
crates/amun-consensus-network/src/finality_gate.rs:3:// Ensures that a MultiSignerCertificate can only be executed
crates/amun-consensus-network/src/finality_gate.rs:40:    use crate::slashing_certificate::{EvidenceCount, SlashingCertificate};
crates/amun-consensus-network/src/finality_gate.rs:43:    fn make_certificate(height: u64) -> SlashingCertificate {
crates/amun-consensus-network/src/finality_gate.rs:44:        SlashingCertificate::from_slash_result(
crates/amun-consensus-network/src/finality_gate.rs:48:            vec![EvidenceCount {
crates/amun-consensus-network/src/finality_gate.rs:49:                evidence_type: EvidenceType::DoubleVote,
crates/amun-consensus-network/src/finality_gate.rs:62:    fn make_multi_signer(height: u64) -> MultiSignerCertificate {
crates/amun-consensus-network/src/finality_gate.rs:63:        MultiSignerCertificate::new(make_certificate(height), 3, 5)
crates/amun-consensus-network/src/integrated_slashing.rs:12://   EvidenceStore::store_evidence()
crates/amun-consensus-network/src/integrated_slashing.rs:152:            .update_status(evidence_id, EvidenceStatus::Slashed)
crates/amun-consensus-network/src/integrated_slashing.rs:165:    use crate::evidence_store::EvidenceType;
crates/amun-consensus-network/src/integrated_slashing.rs:168:    /// N109.12 GATEKEEPER: Evidence triggers the full slashing pipeline
crates/amun-consensus-network/src/integrated_slashing.rs:180:                EvidenceType::StateRootMismatch,
crates/amun-consensus-network/src/integrated_slashing.rs:216:            EvidenceType::DoubleVote,
crates/amun-consensus-network/src/integrated_slashing.rs:230:            EvidenceType::DoubleVote,
crates/amun-consensus-network/src/integrated_slashing.rs:23:use crate::evidence_store::{EvidenceRecord, EvidenceStatus, EvidenceStore, EvidenceType};
crates/amun-consensus-network/src/integrated_slashing.rs:262:            EvidenceType::InvalidSignature,
crates/amun-consensus-network/src/integrated_slashing.rs:271:            EvidenceType::InvalidSignature,
crates/amun-consensus-network/src/integrated_slashing.rs:280:    /// N109.12: EvidenceStore records are accessible after pipeline processing
crates/amun-consensus-network/src/integrated_slashing.rs:288:            EvidenceType::VoteBindingViolation,
crates/amun-consensus-network/src/integrated_slashing.rs:296:            EvidenceType::VoteBindingViolation
crates/amun-consensus-network/src/integrated_slashing.rs:29:    /// Evidence was new and stored
crates/amun-consensus-network/src/integrated_slashing.rs:306:        pipeline.process_violation(&[1u8; 32], 1, EvidenceType::DoubleVote, "dv"); // +10
crates/amun-consensus-network/src/integrated_slashing.rs:30:    EvidenceStored,
crates/amun-consensus-network/src/integrated_slashing.rs:31:    /// Evidence was a duplicate, not counted
crates/amun-consensus-network/src/integrated_slashing.rs:334:        let r1 = pipeline.process_violation(&[1u8; 32], 1, EvidenceType::DoubleVote, "dv");
crates/amun-consensus-network/src/integrated_slashing.rs:338:        let r2 = pipeline.process_violation(&[1u8; 32], 2, EvidenceType::DoubleVote, "dv2");
crates/amun-consensus-network/src/integrated_slashing.rs:347:        pipeline.process_violation(&[0x42; 32], 1, EvidenceType::DoubleVote, "dv");
crates/amun-consensus-network/src/integrated_slashing.rs:355:        assert_eq!(updated.status, EvidenceStatus::Slashed);
crates/amun-consensus-network/src/integrated_slashing.rs:45:    pub evidence_store: EvidenceStore,
crates/amun-consensus-network/src/integrated_slashing.rs:4:// Connects EvidenceStore → MisbehaviorRegistry(N109.11) → SlashingEngine → Stake Penalty
crates/amun-consensus-network/src/integrated_slashing.rs:56:            evidence_store: EvidenceStore::new(),
crates/amun-consensus-network/src/integrated_slashing.rs:6:// This is the bridge between N109 (Evidence + Misbehavior) and
crates/amun-consensus-network/src/integrated_slashing.rs:73:        evidence_type: EvidenceType,
crates/amun-consensus-network/src/integrated_slashing.rs:82:        let evidence = EvidenceRecord::new(
crates/amun-consensus-network/src/integrated_slashing.rs:90:        // Step 2: Store in EvidenceStore (dedup)
crates/amun-consensus-network/src/lib.rs:16:pub use evidence_push::{EvidencePush, EvidencePushConfig};
crates/amun-consensus-network/src/lib.rs:42:    EvidenceValidationResult,
crates/amun-consensus-network/src/lib.rs:44:pub use certificate_gossip::CertificateGossip;
crates/amun-consensus-network/src/lib.rs:45:pub use evidence_gossip::{EvidenceAnnouncement, EvidenceGossip};
crates/amun-consensus-network/src/lib.rs:46:pub use evidence_store::{EvidenceRecord, EvidenceStatus, EvidenceStore, EvidenceType};
crates/amun-consensus-network/src/lib.rs:54:pub use messages::{MissingEvidenceRequest, MissingEvidenceResponse};
crates/amun-consensus-network/src/lib.rs:59:pub use multi_signer_certificate::MultiSignerCertificate;
crates/amun-consensus-network/src/lib.rs:62:pub use slashing_certificate::{CertificateResultingStatus, EvidenceCount, SlashingCertificate};
crates/amun-consensus-network/src/lib.rs:63:pub use slashing_certificate_builder::SlashingCertificateBuilder;
crates/amun-consensus-network/src/lib.rs:64:pub use slashing_fraud_proof::SlashingFraudProof;
crates/amun-consensus-network/src/lib.rs:65:pub use slashing_inclusion_proof::{build_inclusion_proof, SlashingInclusionProof};
crates/amun-consensus-network/src/messages.rs:103:            return Err("QC consistency failed".into());
crates/amun-consensus-network/src/messages.rs:112:                    "Duplicate validator in QC {:?}",
crates/amun-consensus-network/src/messages.rs:122:                return Err("QC contains reject vote".into());
crates/amun-consensus-network/src/messages.rs:128:                "QC_STRICT: validator={:?} power={}",
crates/amun-consensus-network/src/messages.rs:146:            "QC_STRICT_OK: power={} total={} votes={}",
crates/amun-consensus-network/src/messages.rs:156:/// A finality certificate issued after a QC is formed.
crates/amun-consensus-network/src/messages.rs:158:pub struct FinalityCertificate {
crates/amun-consensus-network/src/messages.rs:166:    pub qc: QuorumCertificate,
crates/amun-consensus-network/src/messages.rs:202:        let proof = EquivocationProof {
crates/amun-consensus-network/src/messages.rs:219:        let qc = QuorumCertificate {
crates/amun-consensus-network/src/messages.rs:239:        let qc = QuorumCertificate {
crates/amun-consensus-network/src/messages.rs:262:        let proof = EquivocationProof {
crates/amun-consensus-network/src/messages.rs:275:        let proof = EquivocationProof {
crates/amun-consensus-network/src/messages.rs:288:        let proof = EquivocationProof {
crates/amun-consensus-network/src/messages.rs:303:        let proof = EquivocationProof {
crates/amun-consensus-network/src/messages.rs:316:        let proof = EquivocationProof {
crates/amun-consensus-network/src/messages.rs:330:        let qc = QuorumCertificate {
crates/amun-consensus-network/src/messages.rs:349:        let qc = QuorumCertificate {
crates/amun-consensus-network/src/messages.rs:34:pub struct EquivocationProof {
crates/amun-consensus-network/src/messages.rs:367:        let qc = QuorumCertificate {
crates/amun-consensus-network/src/messages.rs:396:        let qc = QuorumCertificate {
crates/amun-consensus-network/src/messages.rs:405:        let decoded: QuorumCertificate = postcard::from_bytes(&encoded).unwrap();
crates/amun-consensus-network/src/messages.rs:43:impl EquivocationProof {
crates/amun-consensus-network/src/messages.rs:477:pub struct MissingEvidenceRequest {
crates/amun-consensus-network/src/messages.rs:484:pub struct MissingEvidenceResponse {
crates/amun-consensus-network/src/messages.rs:486:    /// Serialized EvidenceRecords (postcard-encoded)
crates/amun-consensus-network/src/messages.rs:517:    SlashingCertificate(crate::slashing_certificate::SlashingCertificate),
crates/amun-consensus-network/src/messages.rs:69:pub struct QuorumCertificate {
crates/amun-consensus-network/src/messages.rs:80:impl QuorumCertificate {
crates/amun-consensus-network/src/messages.rs:99:                return Err("Legacy QC verification failed".into());
crates/amun-consensus-network/src/misbehavior.rs:151:        let mut proof = EquivocationProof {
crates/amun-consensus-network/src/misbehavior.rs:170:        let proof = EquivocationProof {
crates/amun-consensus-network/src/misbehavior.rs:185:        let mut proof1 = EquivocationProof {
crates/amun-consensus-network/src/misbehavior.rs:197:        let mut proof2 = EquivocationProof {
crates/amun-consensus-network/src/misbehavior.rs:1:use crate::messages::EquivocationProof;
crates/amun-consensus-network/src/misbehavior.rs:20:    pub proof: EquivocationProof,
crates/amun-consensus-network/src/misbehavior.rs:218:        let mut proof = EquivocationProof {
crates/amun-consensus-network/src/misbehavior.rs:236:        let mut proof = EquivocationProof {
crates/amun-consensus-network/src/misbehavior.rs:248:        let mut proof2 = EquivocationProof {
crates/amun-consensus-network/src/misbehavior.rs:271:        let mut proof = EquivocationProof {
crates/amun-consensus-network/src/misbehavior.rs:64:    pub fn hash_proof(proof: &EquivocationProof) -> [u8; 32] {
crates/amun-consensus-network/src/misbehavior.rs:69:    pub fn add_proof(&mut self, proof: EquivocationProof) -> Result<[u8; 32], String> {
crates/amun-consensus-network/src/misbehavior_registry.rs:120:        evidence_type: &EvidenceType,
crates/amun-consensus-network/src/misbehavior_registry.rs:14://   - Registry survives reload by rebuilding from EvidenceStore
crates/amun-consensus-network/src/misbehavior_registry.rs:162:    fn get_weight(&self, evidence_type: &EvidenceType) -> u64 {
crates/amun-consensus-network/src/misbehavior_registry.rs:164:            EvidenceType::StateRootMismatch => self.thresholds.state_root_mismatch_weight,
crates/amun-consensus-network/src/misbehavior_registry.rs:165:            EvidenceType::InvalidExecutionCommitment => self.thresholds.execution_failure_weight,
crates/amun-consensus-network/src/misbehavior_registry.rs:166:            EvidenceType::InvalidSignature => self.thresholds.invalid_signature_weight,
crates/amun-consensus-network/src/misbehavior_registry.rs:167:            EvidenceType::VoteBindingViolation => self.thresholds.vote_binding_weight,
crates/amun-consensus-network/src/misbehavior_registry.rs:168:            EvidenceType::DoubleVote => self.thresholds.double_vote_weight,
crates/amun-consensus-network/src/misbehavior_registry.rs:169:            EvidenceType::FutureVote => self.thresholds.future_vote_weight,
crates/amun-consensus-network/src/misbehavior_registry.rs:170:            EvidenceType::ExecutionFailure => self.thresholds.execution_failure_weight,
crates/amun-consensus-network/src/misbehavior_registry.rs:17:use crate::evidence_store::{EvidenceStatus, EvidenceStore, EvidenceType};
crates/amun-consensus-network/src/misbehavior_registry.rs:221:    /// N109.11: Rebuild registry from EvidenceStore (e.g., after restart)
crates/amun-consensus-network/src/misbehavior_registry.rs:224:        evidence_store: &EvidenceStore,
crates/amun-consensus-network/src/misbehavior_registry.rs:228:            if record.status == EvidenceStatus::Rejected {
crates/amun-consensus-network/src/misbehavior_registry.rs:258:    use crate::evidence_store::{EvidenceRecord, EvidenceStore, EvidenceType};
crates/amun-consensus-network/src/misbehavior_registry.rs:265:            reg.record_misbehavior(&[1u8; 32], &[0xAA; 32], &EvidenceType::InvalidSignature, 5);
crates/amun-consensus-network/src/misbehavior_registry.rs:273:        reg.record_misbehavior(&[1u8; 32], &[0xA1; 32], &EvidenceType::InvalidSignature, 1); // +2
crates/amun-consensus-network/src/misbehavior_registry.rs:274:        reg.record_misbehavior(&[1u8; 32], &[0xA2; 32], &EvidenceType::StateRootMismatch, 2); // +3
crates/amun-consensus-network/src/misbehavior_registry.rs:281:        reg.record_misbehavior(&[1u8; 32], &[0xB1; 32], &EvidenceType::FutureVote, 1); // +1
crates/amun-consensus-network/src/misbehavior_registry.rs:282:        reg.record_misbehavior(&[1u8; 32], &[0xB2; 32], &EvidenceType::DoubleVote, 2); // +10
crates/amun-consensus-network/src/misbehavior_registry.rs:286:            &EvidenceType::VoteBindingViolation,
crates/amun-consensus-network/src/misbehavior_registry.rs:296:        reg.record_misbehavior(&[1u8; 32], &[0xC1; 32], &EvidenceType::DoubleVote, 1); // +10
crates/amun-consensus-network/src/misbehavior_registry.rs:308:        reg.record_misbehavior(&[1u8; 32], &[0xD1; 32], &EvidenceType::DoubleVote, 1); // +10
crates/amun-consensus-network/src/misbehavior_registry.rs:309:        reg.record_misbehavior(&[1u8; 32], &[0xD2; 32], &EvidenceType::StateRootMismatch, 2); // +3
crates/amun-consensus-network/src/misbehavior_registry.rs:310:        reg.record_misbehavior(&[1u8; 32], &[0xD3; 32], &EvidenceType::StateRootMismatch, 3); // +3
crates/amun-consensus-network/src/misbehavior_registry.rs:323:        reg.record_misbehavior(&[1u8; 32], &[0xE1; 32], &EvidenceType::DoubleVote, 1); // +10
crates/amun-consensus-network/src/misbehavior_registry.rs:324:        reg.record_misbehavior(&[1u8; 32], &[0xE2; 32], &EvidenceType::DoubleVote, 2); // +10
crates/amun-consensus-network/src/misbehavior_registry.rs:325:        reg.record_misbehavior(&[1u8; 32], &[0xE3; 32], &EvidenceType::DoubleVote, 3); // +10
crates/amun-consensus-network/src/misbehavior_registry.rs:326:        reg.record_misbehavior(&[1u8; 32], &[0xE4; 32], &EvidenceType::FutureVote, 4); // +1
crates/amun-consensus-network/src/misbehavior_registry.rs:340:        assert!(reg.record_misbehavior(&[1u8; 32], &ev_id, &EvidenceType::DoubleVote, 1));
crates/amun-consensus-network/src/misbehavior_registry.rs:343:        assert!(!reg.record_misbehavior(&[1u8; 32], &ev_id, &EvidenceType::DoubleVote, 2));
crates/amun-consensus-network/src/misbehavior_registry.rs:354:        reg.record_misbehavior(&[1u8; 32], &[0xA1; 32], &EvidenceType::DoubleVote, 1); // +10
crates/amun-consensus-network/src/misbehavior_registry.rs:355:        reg.record_misbehavior(&[2u8; 32], &[0xA2; 32], &EvidenceType::InvalidSignature, 2); // +2
crates/amun-consensus-network/src/misbehavior_registry.rs:363:        let mut store = EvidenceStore::new();
crates/amun-consensus-network/src/misbehavior_registry.rs:364:        store.store_evidence(EvidenceRecord::new(
crates/amun-consensus-network/src/misbehavior_registry.rs:367:            EvidenceType::DoubleVote,
crates/amun-consensus-network/src/misbehavior_registry.rs:371:        store.store_evidence(EvidenceRecord::new(
crates/amun-consensus-network/src/misbehavior_registry.rs:374:            EvidenceType::StateRootMismatch,
crates/amun-consensus-network/src/misbehavior_registry.rs:394:        reg.record_misbehavior(&[1u8; 32], &[0x01; 32], &EvidenceType::InvalidSignature, 1); // +2 → warning
crates/amun-consensus-network/src/misbehavior_registry.rs:396:        reg.record_misbehavior(&[1u8; 32], &[0x02; 32], &EvidenceType::StateRootMismatch, 2); // +3 → 5 → suspension
crates/amun-consensus-network/src/misbehavior_registry.rs:398:        reg.record_misbehavior(&[1u8; 32], &[0x03; 32], &EvidenceType::StateRootMismatch, 3); // +3 → 8 → slashing
crates/amun-consensus-network/src/misbehavior_registry.rs:4:// Aggregates evidence from EvidenceStore into a per-validator "crime record".
crates/amun-consensus-network/src/misbehavior_registry.rs:74:    pub counts: HashMap<EvidenceType, u64>,
crates/amun-consensus-network/src/multi_signer_certificate.rs:100:            vec![EvidenceCount {
crates/amun-consensus-network/src/multi_signer_certificate.rs:101:                evidence_type: EvidenceType::DoubleVote,
crates/amun-consensus-network/src/multi_signer_certificate.rs:123:        let mut ms = MultiSignerCertificate::new(cert, 3, 5);
crates/amun-consensus-network/src/multi_signer_certificate.rs:12:impl MultiSignerCertificate {
crates/amun-consensus-network/src/multi_signer_certificate.rs:134:        let mut ms = MultiSignerCertificate::new(cert, 3, 5);
crates/amun-consensus-network/src/multi_signer_certificate.rs:144:        let mut ms = MultiSignerCertificate::new(cert, 3, 5);
crates/amun-consensus-network/src/multi_signer_certificate.rs:14:        certificate: SlashingCertificate,
crates/amun-consensus-network/src/multi_signer_certificate.rs:160:        let mut ms = MultiSignerCertificate::new(cert, 2, 5);
crates/amun-consensus-network/src/multi_signer_certificate.rs:172:        let mut ms = MultiSignerCertificate::new(cert, 2, 5);
crates/amun-consensus-network/src/multi_signer_certificate.rs:1:use crate::slashing_certificate::SlashingCertificate;
crates/amun-consensus-network/src/multi_signer_certificate.rs:4:pub struct MultiSignerCertificate {
crates/amun-consensus-network/src/multi_signer_certificate.rs:5:    pub certificate: SlashingCertificate,
crates/amun-consensus-network/src/multi_signer_certificate.rs:90:    use crate::evidence_store::EvidenceType;
crates/amun-consensus-network/src/multi_signer_certificate.rs:91:    use crate::slashing_certificate::{EvidenceCount, SlashingCertificate};
crates/amun-consensus-network/src/multi_signer_certificate.rs:95:    fn make_certificate() -> SlashingCertificate {
crates/amun-consensus-network/src/multi_signer_certificate.rs:96:        SlashingCertificate::from_slash_result(
crates/amun-consensus-network/src/network_consensus.rs:111:        // Phase 3: Form QC and finalize
crates/amun-consensus-network/src/network_consensus.rs:115:            .ok_or_else(|| "Failed to form QC".into())
crates/amun-consensus-network/src/network_consensus.rs:2:use crate::messages::{ConsensusVote, FinalityCertificate};
crates/amun-consensus-network/src/network_consensus.rs:35:    /// 3. Form QC and broadcast
crates/amun-consensus-network/src/network_consensus.rs:42:    ) -> Result<FinalityCertificate, String> {
crates/amun-consensus-network/src/real_staking_adapter.rs:121:            &EvidenceType::DoubleVote,
crates/amun-consensus-network/src/real_staking_adapter.rs:127:            &EvidenceType::DoubleVote,
crates/amun-consensus-network/src/real_staking_adapter.rs:133:            &EvidenceType::DoubleVote,
crates/amun-consensus-network/src/real_staking_adapter.rs:78:    use crate::evidence_store::EvidenceType;
crates/amun-consensus-network/src/slashing.rs:111:        registry.record_misbehavior(&[1u8; 32], &[0xD1; 32], &EvidenceType::InvalidSignature, 1); // +2
crates/amun-consensus-network/src/slashing.rs:112:        registry.record_misbehavior(&[1u8; 32], &[0xD2; 32], &EvidenceType::StateRootMismatch, 2); // +3
crates/amun-consensus-network/src/slashing.rs:116:            &EvidenceType::VoteBindingViolation,
crates/amun-consensus-network/src/slashing.rs:119:        registry.record_misbehavior(&[1u8; 32], &[0xD4; 32], &EvidenceType::FutureVote, 4); // +1
crates/amun-consensus-network/src/slashing.rs:131:            (EvidenceType::DoubleVote, 10),
crates/amun-consensus-network/src/slashing.rs:132:            (EvidenceType::StateRootMismatch, 13),
crates/amun-consensus-network/src/slashing.rs:133:            (EvidenceType::InvalidSignature, 2),
crates/amun-consensus-network/src/slashing.rs:134:            (EvidenceType::VoteBindingViolation, 2),
crates/amun-consensus-network/src/slashing.rs:135:            (EvidenceType::ExecutionFailure, 3),
crates/amun-consensus-network/src/slashing.rs:136:            (EvidenceType::FutureVote, 1),
crates/amun-consensus-network/src/slashing.rs:157:        registry.record_misbehavior(&[0x42; 32], &[0xFF; 32], &EvidenceType::DoubleVote, 200);
crates/amun-consensus-network/src/slashing.rs:48:    use crate::evidence_store::EvidenceType;
crates/amun-consensus-network/src/slashing.rs:70:            &EvidenceType::StateRootMismatch,
crates/amun-consensus-network/src/slashing.rs:85:        registry.record_misbehavior(&[1u8; 32], &[0xB1; 32], &EvidenceType::DoubleVote, 10);
crates/amun-consensus-network/src/slashing.rs:86:        registry.record_misbehavior(&[1u8; 32], &[0xB2; 32], &EvidenceType::DoubleVote, 20);
crates/amun-consensus-network/src/slashing.rs:96:        registry.record_misbehavior(&[1u8; 32], &[0xC1; 32], &EvidenceType::DoubleVote, 10);
crates/amun-consensus-network/src/slashing.rs:97:        registry.record_misbehavior(&[1u8; 32], &[0xC2; 32], &EvidenceType::DoubleVote, 20);
crates/amun-consensus-network/src/slashing.rs:98:        registry.record_misbehavior(&[1u8; 32], &[0xC3; 32], &EvidenceType::DoubleVote, 30);
crates/amun-consensus-network/src/slashing_certificate.rs:151:    /// Construct a SlashingCertificate from raw data.
crates/amun-consensus-network/src/slashing_certificate.rs:152:    /// For a more ergonomic construction, use SlashingCertificateBuilder.
crates/amun-consensus-network/src/slashing_certificate.rs:158:        evidence_summary: Vec<EvidenceCount>,
crates/amun-consensus-network/src/slashing_certificate.rs:169:                    CertificateResultingStatus::Deactivated
crates/amun-consensus-network/src/slashing_certificate.rs:16:use crate::evidence_store::EvidenceType;
crates/amun-consensus-network/src/slashing_certificate.rs:171:                    CertificateResultingStatus::Suspended
crates/amun-consensus-network/src/slashing_certificate.rs:174:            _ => CertificateResultingStatus::Active,
crates/amun-consensus-network/src/slashing_certificate.rs:229:        let cert = SlashingCertificate::from_slash_result(
crates/amun-consensus-network/src/slashing_certificate.rs:233:            vec![EvidenceCount {
crates/amun-consensus-network/src/slashing_certificate.rs:234:                evidence_type: EvidenceType::DoubleVote,
crates/amun-consensus-network/src/slashing_certificate.rs:247:        let decoded: SlashingCertificate = postcard::from_bytes(&encoded).unwrap();
crates/amun-consensus-network/src/slashing_certificate.rs:258:        let cert1 = SlashingCertificate::from_slash_result(
crates/amun-consensus-network/src/slashing_certificate.rs:26:///   - PROOF: evidence_ids that can be looked up in EvidenceStore
crates/amun-consensus-network/src/slashing_certificate.rs:270:        let cert2 = SlashingCertificate::from_slash_result(
crates/amun-consensus-network/src/slashing_certificate.rs:290:        let c1 = SlashingCertificate::from_slash_result(
crates/amun-consensus-network/src/slashing_certificate.rs:29:pub struct SlashingCertificate {
crates/amun-consensus-network/src/slashing_certificate.rs:2:// N110.2 — SlashingCertificate
crates/amun-consensus-network/src/slashing_certificate.rs:302:        let c2 = SlashingCertificate::from_slash_result(
crates/amun-consensus-network/src/slashing_certificate.rs:319:        let mut cert = SlashingCertificate::from_slash_result(
crates/amun-consensus-network/src/slashing_certificate.rs:38:    pub evidence_summary: Vec<EvidenceCount>,
crates/amun-consensus-network/src/slashing_certificate.rs:40:    /// Evidence IDs that can be independently verified
crates/amun-consensus-network/src/slashing_certificate.rs:56:    pub resulting_status: CertificateResultingStatus,
crates/amun-consensus-network/src/slashing_certificate.rs:79:pub struct EvidenceCount {
crates/amun-consensus-network/src/slashing_certificate.rs:7:// Unlike FinalityCertificate (produced by Quorum), SlashingCertificate is
crates/amun-consensus-network/src/slashing_certificate.rs:80:    pub evidence_type: EvidenceType,
crates/amun-consensus-network/src/slashing_certificate.rs:87:pub enum CertificateResultingStatus {
crates/amun-consensus-network/src/slashing_certificate.rs:93:impl SlashingCertificate {
crates/amun-consensus-network/src/slashing_certificate_builder.rs:17:impl SlashingCertificateBuilder {
crates/amun-consensus-network/src/slashing_certificate_builder.rs:2:use crate::slashing_certificate::{EvidenceCount, SlashingCertificate};
crates/amun-consensus-network/src/slashing_certificate_builder.rs:45:    pub fn evidence_summary(mut self, v: Vec<EvidenceCount>) -> Self {
crates/amun-consensus-network/src/slashing_certificate_builder.rs:4:pub struct SlashingCertificateBuilder {
crates/amun-consensus-network/src/slashing_certificate_builder.rs:74:    pub fn build(self) -> SlashingCertificate {
crates/amun-consensus-network/src/slashing_certificate_builder.rs:75:        SlashingCertificate::from_slash_result(
crates/amun-consensus-network/src/slashing_certificate_builder.rs:8:    evidence_summary: Option<Vec<EvidenceCount>>,
crates/amun-consensus-network/src/slashing_certificate_builder.rs:90:impl Default for SlashingCertificateBuilder {
crates/amun-consensus-network/src/slashing_fraud_proof.rs:118:        let proof = SlashingFraudProof::new([0xAA; 32], 42, claimed, history);
crates/amun-consensus-network/src/slashing_fraud_proof.rs:12:pub struct SlashingFraudProof {
crates/amun-consensus-network/src/slashing_fraud_proof.rs:133:        let proof = SlashingFraudProof::new([0xAA; 32], 42, root, history);
crates/amun-consensus-network/src/slashing_fraud_proof.rs:148:        let mut proof = SlashingFraudProof::new([0xAA; 32], 42, claimed, history);
crates/amun-consensus-network/src/slashing_fraud_proof.rs:165:        let mut proof = SlashingFraudProof::new([0xAA; 32], 42, claimed, history);
crates/amun-consensus-network/src/slashing_fraud_proof.rs:179:        let proof = SlashingFraudProof::new([0xAA; 32], 42, [0xBA; 32], history);
crates/amun-consensus-network/src/slashing_fraud_proof.rs:182:        let decoded: SlashingFraudProof = postcard::from_bytes(&encoded).unwrap();
crates/amun-consensus-network/src/slashing_fraud_proof.rs:1:// N121.3 — Slashing Fraud Proof Engine
crates/amun-consensus-network/src/slashing_fraud_proof.rs:36:impl SlashingFraudProof {
crates/amun-consensus-network/src/slashing_inclusion_proof.rs:111:        .map(SlashingInclusionProof::leaf_hash)
crates/amun-consensus-network/src/slashing_inclusion_proof.rs:12:pub struct SlashingInclusionProof {
crates/amun-consensus-network/src/slashing_inclusion_proof.rs:151:    Ok(SlashingInclusionProof {
crates/amun-consensus-network/src/slashing_inclusion_proof.rs:1:// N121.4 — Merkle Inclusion Proofs for Slashing Ledger
crates/amun-consensus-network/src/slashing_inclusion_proof.rs:30:impl SlashingInclusionProof {
crates/amun-consensus-network/src/slashing_inclusion_proof.rs:97:) -> Result<SlashingInclusionProof, String> {
crates/amun-consensus-network/src/slashing_ledger.rs:118:    use crate::evidence_store::EvidenceType;
crates/amun-consensus-network/src/slashing_ledger.rs:119:    use crate::slashing_certificate::{EvidenceCount, SlashingCertificate};
crates/amun-consensus-network/src/slashing_ledger.rs:11:pub fn certificate_id(cert: &SlashingCertificate) -> [u8; 32] {
crates/amun-consensus-network/src/slashing_ledger.rs:122:    fn make_cert(id: u64) -> SlashingCertificate {
crates/amun-consensus-network/src/slashing_ledger.rs:123:        SlashingCertificate::from_slash_result(
crates/amun-consensus-network/src/slashing_ledger.rs:127:            vec![EvidenceCount {
crates/amun-consensus-network/src/slashing_ledger.rs:128:                evidence_type: EvidenceType::DoubleVote,
crates/amun-consensus-network/src/slashing_ledger.rs:220:        let cert2 = SlashingCertificate::from_slash_result(
crates/amun-consensus-network/src/slashing_ledger.rs:224:            vec![EvidenceCount {
crates/amun-consensus-network/src/slashing_ledger.rs:225:                evidence_type: EvidenceType::InvalidSignature,
crates/amun-consensus-network/src/slashing_ledger.rs:3:// Prevents the same SlashingCertificate from being executed
crates/amun-consensus-network/src/slashing_ledger.rs:63:    pub fn execute<F, T>(&mut self, cert: &SlashingCertificate, execute_fn: F) -> Result<T, String>
crates/amun-consensus-network/src/slashing_ledger.rs:7:use crate::slashing_certificate::SlashingCertificate;
crates/amun-consensus-network/src/slashing_state.rs:125:        let cert2 = SlashingCertificate::from_slash_result(
crates/amun-consensus-network/src/slashing_state.rs:29:        cert: &crate::slashing_certificate::SlashingCertificate,
crates/amun-consensus-network/src/slashing_state.rs:70:    use crate::evidence_store::EvidenceType;
crates/amun-consensus-network/src/slashing_state.rs:71:    use crate::slashing_certificate::{EvidenceCount, SlashingCertificate};
crates/amun-consensus-network/src/slashing_state.rs:74:    fn make_cert() -> SlashingCertificate {
crates/amun-consensus-network/src/slashing_state.rs:75:        SlashingCertificate::from_slash_result(
crates/amun-consensus-network/src/slashing_state.rs:79:            vec![EvidenceCount {
crates/amun-consensus-network/src/slashing_state.rs:80:                evidence_type: EvidenceType::DoubleVote,
crates/amun-consensus-network/src/staking_adapter.rs:154:    use crate::evidence_store::EvidenceType;
crates/amun-consensus-network/src/staking_adapter.rs:212:            &EvidenceType::DoubleVote,
crates/amun-consensus-network/src/staking_adapter.rs:218:            &EvidenceType::DoubleVote,
crates/amun-consensus-network/src/staking_adapter.rs:224:            &EvidenceType::DoubleVote,
crates/amun-consensus-network/src/staking_adapter.rs:281:            &EvidenceType::DoubleVote,
crates/amun-consensus-network/src/staking_adapter.rs:312:            &EvidenceType::DoubleVote,
crates/amun-consensus-network/src/staking_adapter.rs:318:            &EvidenceType::DoubleVote,
crates/amun-consensus-network/src/staking_adapter.rs:324:            &EvidenceType::DoubleVote,
crates/amun-consensus-network/src/staking_adapter.rs:335:            &EvidenceType::DoubleVote,
crates/amun-consensus-network/src/staking_adapter.rs:341:            &EvidenceType::DoubleVote,
crates/amun-consensus-network/src/staking_adapter.rs:347:            &EvidenceType::DoubleVote,
crates/amun-consensus-network/src/staking_adapter.rs:377:            .record_misbehavior(&[1u8; 32], &[0xE1; 32], &EvidenceType::DoubleVote, 1);
crates/amun-consensus-network/src/staking_adapter.rs:380:            .record_misbehavior(&[1u8; 32], &[0xE2; 32], &EvidenceType::DoubleVote, 2);
crates/amun-consensus-network/src/staking_adapter.rs:383:            .record_misbehavior(&[1u8; 32], &[0xE3; 32], &EvidenceType::DoubleVote, 3);
crates/amun-consensus-network/src/staking_adapter.rs:405:        registry.record_misbehavior(&validator_id, &[0xA1; 32], &EvidenceType::DoubleVote, 1);
crates/amun-consensus-network/src/staking_adapter.rs:406:        registry.record_misbehavior(&validator_id, &[0xA2; 32], &EvidenceType::DoubleVote, 2);
crates/amun-consensus-network/src/staking_adapter.rs:407:        registry.record_misbehavior(&validator_id, &[0xA3; 32], &EvidenceType::DoubleVote, 3);
crates/amun-consensus-network/src/staking_adapter.rs:412:        let cert = crate::SlashingCertificate::from_slash_result(
crates/amun-consensus-network/src/staking_adapter.rs:441:        registry.record_misbehavior(&validator_id, &[0xA1; 32], &EvidenceType::DoubleVote, 1);
crates/amun-consensus-network/src/staking_adapter.rs:442:        registry.record_misbehavior(&validator_id, &[0xA2; 32], &EvidenceType::DoubleVote, 2);
crates/amun-consensus-network/src/staking_adapter.rs:443:        registry.record_misbehavior(&validator_id, &[0xA3; 32], &EvidenceType::DoubleVote, 3);
crates/amun-consensus-network/src/staking_adapter.rs:448:        let mut cert = crate::SlashingCertificate::from_slash_result(
crates/amun-consensus-network/src/staking_adapter.rs:484:        registry.record_misbehavior(&validator_id, &[0xA1; 32], &EvidenceType::DoubleVote, 1);
crates/amun-consensus-network/src/staking_adapter.rs:485:        registry.record_misbehavior(&validator_id, &[0xA2; 32], &EvidenceType::DoubleVote, 2);
crates/amun-consensus-network/src/staking_adapter.rs:486:        registry.record_misbehavior(&validator_id, &[0xA3; 32], &EvidenceType::DoubleVote, 3);
crates/amun-consensus-network/src/staking_adapter.rs:490:        let mut cert = crate::SlashingCertificate::from_slash_result(
crates/amun-consensus-network/src/staking_adapter.rs:522:        reg.record_misbehavior(&vid, &[0xA1; 32], &EvidenceType::DoubleVote, 1);
crates/amun-consensus-network/src/staking_adapter.rs:523:        reg.record_misbehavior(&vid, &[0xA2; 32], &EvidenceType::DoubleVote, 2);
crates/amun-consensus-network/src/staking_adapter.rs:524:        reg.record_misbehavior(&vid, &[0xA3; 32], &EvidenceType::DoubleVote, 3);
crates/amun-consensus-network/src/staking_adapter.rs:526:        let mut cert = crate::MultiSignerCertificate::new(
crates/amun-consensus-network/src/staking_adapter.rs:527:            crate::SlashingCertificate::from_slash_result(
crates/amun-consensus-network/src/staking_adapter.rs:558:        reg.record_misbehavior(&vid, &[0xA1; 32], &EvidenceType::DoubleVote, 1);
crates/amun-consensus-network/src/staking_adapter.rs:559:        reg.record_misbehavior(&vid, &[0xA2; 32], &EvidenceType::DoubleVote, 2);
crates/amun-consensus-network/src/staking_adapter.rs:560:        reg.record_misbehavior(&vid, &[0xA3; 32], &EvidenceType::DoubleVote, 3);
crates/amun-consensus-network/src/staking_adapter.rs:562:        let mut cert = crate::MultiSignerCertificate::new(
crates/amun-consensus-network/src/staking_adapter.rs:563:            crate::SlashingCertificate::from_slash_result(
crates/amun-consensus-network/src/staking_adapter.rs:70:        cert: &crate::MultiSignerCertificate,
crates/amun-consensus-network/src/staking_adapter.rs:96:        cert: &crate::SlashingCertificate,
crates/amun-consensus-network/tests/n109_deterministic_execution.rs:151:// TEST: Three validators — one mismatch means no QC
crates/amun-consensus-network/tests/n109_deterministic_execution.rs:222:            "QC FORMED"
crates/amun-consensus-network/tests/n109_deterministic_execution.rs:224:            "NO QC (constitutional)"
crates/amun-consensus-network/tests/n109_deterministic_execution.rs:8:// Constitutional requirement: state_root mismatch → no vote → no QC formed.
crates/amun-consensus-network/tests/n111_7_end_to_end_evidence_sync.rs:103:    let mut store_b = EvidenceStore::new();
crates/amun-consensus-network/tests/n111_7_end_to_end_evidence_sync.rs:104:    let _gossip_b = EvidenceGossip::new();
crates/amun-consensus-network/tests/n111_7_end_to_end_evidence_sync.rs:109:        EvidenceValidationResult::MissingEvidence { missing_ids } => missing_ids,
crates/amun-consensus-network/tests/n111_7_end_to_end_evidence_sync.rs:131:    let response = amun_consensus_network::MissingEvidenceResponse {
crates/amun-consensus-network/tests/n111_7_end_to_end_evidence_sync.rs:13:    CertificateGossip, EvidenceAnnouncement, EvidenceCount, EvidenceGossip, EvidenceRecord,
crates/amun-consensus-network/tests/n111_7_end_to_end_evidence_sync.rs:14:    EvidenceStore, EvidenceType, EvidenceValidationResult, SlashingCertificate, ValidatorStatus,
crates/amun-consensus-network/tests/n111_7_end_to_end_evidence_sync.rs:156:        EvidenceValidationResult::AllPresent,
crates/amun-consensus-network/tests/n111_7_end_to_end_evidence_sync.rs:164:// N111.7: Certificate gossiped between nodes
crates/amun-consensus-network/tests/n111_7_end_to_end_evidence_sync.rs:171:    let mut store_a = EvidenceStore::new();
crates/amun-consensus-network/tests/n111_7_end_to_end_evidence_sync.rs:172:    let ev = make_evidence_record(validator_id, 1, EvidenceType::DoubleVote, 1);
crates/amun-consensus-network/tests/n111_7_end_to_end_evidence_sync.rs:17:/// Helper: create a valid SlashingCertificate that references specific evidence IDs.
crates/amun-consensus-network/tests/n111_7_end_to_end_evidence_sync.rs:180:    let mut cert_gossip_a = CertificateGossip::new();
crates/amun-consensus-network/tests/n111_7_end_to_end_evidence_sync.rs:184:    let mut store_b = EvidenceStore::new();
crates/amun-consensus-network/tests/n111_7_end_to_end_evidence_sync.rs:185:    let mut cert_gossip_b = CertificateGossip::new();
crates/amun-consensus-network/tests/n111_7_end_to_end_evidence_sync.rs:187:    // Certificate itself is valid and can be stored
crates/amun-consensus-network/tests/n111_7_end_to_end_evidence_sync.rs:18:fn make_certificate(validator_id: [u8; 32], evidence_ids: Vec<[u8; 32]>) -> SlashingCertificate {
crates/amun-consensus-network/tests/n111_7_end_to_end_evidence_sync.rs:193:    assert_ne!(result, EvidenceValidationResult::AllPresent);
crates/amun-consensus-network/tests/n111_7_end_to_end_evidence_sync.rs:197:    let response = amun_consensus_network::MissingEvidenceResponse {
crates/amun-consensus-network/tests/n111_7_end_to_end_evidence_sync.rs:19:    SlashingCertificate::from_slash_result(
crates/amun-consensus-network/tests/n111_7_end_to_end_evidence_sync.rs:204:    assert_eq!(result_after, EvidenceValidationResult::AllPresent);
crates/amun-consensus-network/tests/n111_7_end_to_end_evidence_sync.rs:206:    eprintln!("N111.7: Certificate gossip + evidence sync complete");
crates/amun-consensus-network/tests/n111_7_end_to_end_evidence_sync.rs:23:        vec![EvidenceCount {
crates/amun-consensus-network/tests/n111_7_end_to_end_evidence_sync.rs:24:            evidence_type: EvidenceType::DoubleVote,
crates/amun-consensus-network/tests/n111_7_end_to_end_evidence_sync.rs:2:// N111.7 — End-to-End Evidence Sync Across Two Simulated Nodes
crates/amun-consensus-network/tests/n111_7_end_to_end_evidence_sync.rs:37:/// Helper: create a realistic EvidenceRecord.
crates/amun-consensus-network/tests/n111_7_end_to_end_evidence_sync.rs:41:    evidence_type: EvidenceType,
crates/amun-consensus-network/tests/n111_7_end_to_end_evidence_sync.rs:43:) -> EvidenceRecord {
crates/amun-consensus-network/tests/n111_7_end_to_end_evidence_sync.rs:44:    EvidenceRecord::new(
crates/amun-consensus-network/tests/n111_7_end_to_end_evidence_sync.rs:4:// Node A creates evidence, produces a SlashingCertificate, and sends it
crates/amun-consensus-network/tests/n111_7_end_to_end_evidence_sync.rs:63:    let mut store_a = EvidenceStore::new();
crates/amun-consensus-network/tests/n111_7_end_to_end_evidence_sync.rs:64:    let mut gossip_a = EvidenceGossip::new();
crates/amun-consensus-network/tests/n111_7_end_to_end_evidence_sync.rs:67:    let ev1 = make_evidence_record(validator_id, 1, EvidenceType::DoubleVote, 1);
crates/amun-consensus-network/tests/n111_7_end_to_end_evidence_sync.rs:68:    let ev2 = make_evidence_record(validator_id, 2, EvidenceType::DoubleVote, 2);
crates/amun-consensus-network/tests/n111_7_end_to_end_evidence_sync.rs:69:    let ev3 = make_evidence_record(validator_id, 3, EvidenceType::DoubleVote, 3);
crates/amun-consensus-network/tests/n111_7_end_to_end_evidence_sync.rs:80:        gossip_a.receive_announcement(EvidenceAnnouncement {
crates/amun-consensus-network/tests/n111_7_end_to_end_evidence_sync.rs:96:        EvidenceValidationResult::AllPresent,
crates/amun-consensus-network/tests/n112_4_push_sync_end_to_end.rs:100:    let mut push_b = EvidencePush::default();
crates/amun-consensus-network/tests/n112_4_push_sync_end_to_end.rs:105:        EvidenceValidationResult::MissingEvidence { missing_ids } => {
crates/amun-consensus-network/tests/n112_4_push_sync_end_to_end.rs:112:        _ => panic!("Expected MissingEvidence before push"),
crates/amun-consensus-network/tests/n112_4_push_sync_end_to_end.rs:11:    process_incoming_evidence_push, validate_certificate_evidence, EvidenceCount, EvidenceGossip,
crates/amun-consensus-network/tests/n112_4_push_sync_end_to_end.rs:12:    EvidencePush, EvidenceRecord, EvidenceStore, EvidenceType, EvidenceValidationResult,
crates/amun-consensus-network/tests/n112_4_push_sync_end_to_end.rs:133:        EvidenceValidationResult::AllPresent,
crates/amun-consensus-network/tests/n112_4_push_sync_end_to_end.rs:134:        "N112.4 FAIL: After push, certificate must be accepted without MissingEvidenceRequest"
crates/amun-consensus-network/tests/n112_4_push_sync_end_to_end.rs:13:    SlashingCertificate, ValidatorStatus,
crates/amun-consensus-network/tests/n112_4_push_sync_end_to_end.rs:147:    eprintln!("N112.4 GATEKEEPER PASSED: push sync eliminated MissingEvidenceRequest cycle");
crates/amun-consensus-network/tests/n112_4_push_sync_end_to_end.rs:155:    let mut store = EvidenceStore::new();
crates/amun-consensus-network/tests/n112_4_push_sync_end_to_end.rs:156:    let mut gossip = EvidenceGossip::new();
crates/amun-consensus-network/tests/n112_4_push_sync_end_to_end.rs:157:    let mut push = EvidencePush::default();
crates/amun-consensus-network/tests/n112_4_push_sync_end_to_end.rs:16:fn make_evidence(validator_id: [u8; 32], height: u64, seed: u8) -> EvidenceRecord {
crates/amun-consensus-network/tests/n112_4_push_sync_end_to_end.rs:177:// N112.4: Certificate validated immediately after push (no pull cycle)
crates/amun-consensus-network/tests/n112_4_push_sync_end_to_end.rs:17:    EvidenceRecord::new(
crates/amun-consensus-network/tests/n112_4_push_sync_end_to_end.rs:184:    let mut store_a = EvidenceStore::new();
crates/amun-consensus-network/tests/n112_4_push_sync_end_to_end.rs:185:    let gossip_a = EvidenceGossip::new();
crates/amun-consensus-network/tests/n112_4_push_sync_end_to_end.rs:186:    let mut push_a = EvidencePush::default();
crates/amun-consensus-network/tests/n112_4_push_sync_end_to_end.rs:197:    let mut store_b = EvidenceStore::new();
crates/amun-consensus-network/tests/n112_4_push_sync_end_to_end.rs:198:    let mut gossip_b = EvidenceGossip::new();
crates/amun-consensus-network/tests/n112_4_push_sync_end_to_end.rs:199:    let mut push_b = EvidencePush::default();
crates/amun-consensus-network/tests/n112_4_push_sync_end_to_end.rs:204:    // Certificate accepted — NO MissingEvidenceRequest needed
crates/amun-consensus-network/tests/n112_4_push_sync_end_to_end.rs:206:    assert_eq!(result, EvidenceValidationResult::AllPresent);
crates/amun-consensus-network/tests/n112_4_push_sync_end_to_end.rs:20:        EvidenceType::DoubleVote,
crates/amun-consensus-network/tests/n112_4_push_sync_end_to_end.rs:26:fn make_certificate(validator_id: [u8; 32], evidence_ids: Vec<[u8; 32]>) -> SlashingCertificate {
crates/amun-consensus-network/tests/n112_4_push_sync_end_to_end.rs:27:    SlashingCertificate::from_slash_result(
crates/amun-consensus-network/tests/n112_4_push_sync_end_to_end.rs:2:// N112.4 — End-to-End Push Evidence Sync
crates/amun-consensus-network/tests/n112_4_push_sync_end_to_end.rs:31:        vec![EvidenceCount {
crates/amun-consensus-network/tests/n112_4_push_sync_end_to_end.rs:32:            evidence_type: EvidenceType::DoubleVote,
crates/amun-consensus-network/tests/n112_4_push_sync_end_to_end.rs:46:// N112.4 GATEKEEPER — Push sync eliminates the need for MissingEvidenceRequest
crates/amun-consensus-network/tests/n112_4_push_sync_end_to_end.rs:55:    let mut store_a = EvidenceStore::new();
crates/amun-consensus-network/tests/n112_4_push_sync_end_to_end.rs:56:    let gossip_a = EvidenceGossip::new();
crates/amun-consensus-network/tests/n112_4_push_sync_end_to_end.rs:57:    let mut push_a = EvidencePush::default();
crates/amun-consensus-network/tests/n112_4_push_sync_end_to_end.rs:6:// MissingEvidenceRequest/Response cycle.  The certificate is accepted
crates/amun-consensus-network/tests/n112_4_push_sync_end_to_end.rs:98:    let mut store_b = EvidenceStore::new();
crates/amun-consensus-network/tests/n112_4_push_sync_end_to_end.rs:99:    let mut gossip_b = EvidenceGossip::new();
crates/amun-consensus-network/tests/n114_3_certificate_signatures.rs:12:        vec![EvidenceCount {
crates/amun-consensus-network/tests/n114_3_certificate_signatures.rs:133:    let decoded: SlashingCertificate = postcard::from_bytes(&encoded).unwrap();
crates/amun-consensus-network/tests/n114_3_certificate_signatures.rs:13:            evidence_type: EvidenceType::DoubleVote,
crates/amun-consensus-network/tests/n114_3_certificate_signatures.rs:2:// N114.3 — SlashingCertificate Signature Tests
crates/amun-consensus-network/tests/n114_3_certificate_signatures.rs:4:use amun_consensus_network::{EvidenceCount, EvidenceType, SlashingCertificate, ValidatorStatus};
crates/amun-consensus-network/tests/n114_3_certificate_signatures.rs:7:fn make_unsigned_certificate(validator_id: [u8; 32]) -> SlashingCertificate {
crates/amun-consensus-network/tests/n114_3_certificate_signatures.rs:8:    SlashingCertificate::from_slash_result(
crates/amun-consensus-network/tests/n121_2_deterministic_replay.rs:10:fn make_cert(validator_id: [u8; 32], height: u64, amount: u64) -> SlashingCertificate {
crates/amun-consensus-network/tests/n121_2_deterministic_replay.rs:11:    SlashingCertificate::from_slash_result(
crates/amun-consensus-network/tests/n121_2_deterministic_replay.rs:15:        vec![EvidenceCount {
crates/amun-consensus-network/tests/n121_2_deterministic_replay.rs:16:            evidence_type: EvidenceType::DoubleVote,
crates/amun-consensus-network/tests/n121_2_deterministic_replay.rs:7:    EvidenceCount, EvidenceType, SlashingCertificate, SlashingState, ValidatorStatus,
crates/amun-consensus-network/tests/n121_5_snapshot_and_audit.rs:11:fn make_cert(vid: [u8; 32], h: u64, amt: u64) -> SlashingCertificate {
crates/amun-consensus-network/tests/n121_5_snapshot_and_audit.rs:12:    SlashingCertificate::from_slash_result(
crates/amun-consensus-network/tests/n121_5_snapshot_and_audit.rs:16:        vec![EvidenceCount {
crates/amun-consensus-network/tests/n121_5_snapshot_and_audit.rs:17:            evidence_type: EvidenceType::DoubleVote,
crates/amun-consensus-network/tests/n121_5_snapshot_and_audit.rs:8:    EvidenceCount, EvidenceType, SlashingCertificate, SlashingState, ValidatorStatus,
crates/amun-consensus-proof/src/lib.rs:4:pub use liveness::LivenessProof;
crates/amun-consensus-proof/src/lib.rs:5:pub use safety::SafetyProof;
crates/amun-consensus-proof/src/liveness.rs:1:pub struct LivenessProof;
crates/amun-consensus-proof/src/liveness.rs:3:impl LivenessProof {
crates/amun-consensus-proof/src/safety.rs:1:pub struct SafetyProof;
crates/amun-consensus-proof/src/safety.rs:3:impl SafetyProof {
crates/amun-consensus-signatures/src/domain.rs:10:    UnlockProof,
crates/amun-consensus-signatures/src/domain.rs:18:            SignatureDomain::QuorumCertificate => b"AMUN_SIGN_QC_V1",
crates/amun-consensus-signatures/src/domain.rs:20:            SignatureDomain::UnlockProof => b"AMUN_SIGN_UNLOCK_V1",
crates/amun-consensus-signatures/src/domain.rs:8:    QuorumCertificate,
crates/amun-consensus-types/src/lib.rs:17:pub use qc::QuorumCertificate;
crates/amun-consensus-types/src/phase.rs:12:    TimeoutCertificate = 0x06,
crates/amun-consensus-types/src/phase.rs:23:            0x06 => Some(Self::TimeoutCertificate),
crates/amun-consensus-types/src/phase.rs:47:        matches!(self, Self::TimeoutCertificate)
crates/amun-consensus-types/src/qc.rs:18:impl QuorumCertificate {
crates/amun-consensus-types/src/qc.rs:25:impl CanonicalEncode for QuorumCertificate {
crates/amun-consensus-types/src/qc.rs:38:impl CanonicalDecode for QuorumCertificate {
crates/amun-consensus-types/src/qc.rs:9:pub struct QuorumCertificate {
crates/amun-consensus-types/src/tests.rs:14:    assert_eq!(ConsensusPhase::TimeoutCertificate as u8, 0x06);
crates/amun-consensus-types/src/tests.rs:24:    assert!(!ConsensusPhase::TimeoutCertificate.is_vote());
crates/amun-consensus-types/src/tests.rs:50:    assert_eq!(QuorumCertificate::MAX_ENCODED_SIZE, 177);
crates/amun-consensus-types/src/tests.rs:70:    assert!(QuorumCertificate::decode(&buf).is_err());
crates/amun-consensus/src/action.rs:108:    pub fn prove(&self, index: usize) -> Option<EvidenceProof> {
crates/amun-consensus/src/action.rs:121:        Some(EvidenceProof {
crates/amun-consensus/src/action.rs:130:pub struct EvidenceProof {
crates/amun-consensus/src/action.rs:132:    pub proof: MerkleProof,
crates/amun-consensus/src/action.rs:136:impl EvidenceProof {
crates/amun-consensus/src/action.rs:1:use crate::types::{BlockProposal, QuorumCertificate, Vote};
crates/amun-consensus/src/action.rs:2:use amun_constitutional_commitments::smt::MerkleProof;
crates/amun-consensus/src/action.rs:9:    Commit(QuorumCertificate),
crates/amun-consensus/src/round_state_machine.rs:126:    pub fn finalize_commit(&mut self) -> Result<QuorumCertificate, &'static str> {
crates/amun-consensus/src/round_state_machine.rs:15:    pub pending_commit_qc: Option<QuorumCertificate>,
crates/amun-consensus/src/round_state_machine.rs:17:    pub committed_qc: Option<QuorumCertificate>,
crates/amun-consensus/src/round_state_machine.rs:4:use crate::types::{BlockProposal, QuorumCertificate, Vote, VoteType};
crates/amun-consensus/src/round_state_machine.rs:84:    ) -> Option<QuorumCertificate> {
crates/amun-consensus/src/types.rs:32:pub struct QuorumCertificate {
crates/amun-consensus/src/vote_collector.rs:1:use crate::types::{Hash256, QuorumCertificate, Vote, VoteType};
crates/amun-consensus/src/vote_collector.rs:38:    ) -> Option<QuorumCertificate> {
crates/amun-consensus/src/vote_collector.rs:52:            Some(QuorumCertificate {
crates/amun-constitution-builder/src/certificate.rs:13:pub struct FreezeCertificate {
crates/amun-constitution-builder/src/certificate.rs:23:impl ArtifactDigest for FreezeCertificate {
crates/amun-constitution-builder/src/certificate.rs:29:impl FreezeCertificate {
crates/amun-constitution-builder/src/certificate.rs:59:impl CanonicalEmit for FreezeCertificate {
crates/amun-constitution-builder/src/certificate.rs:81:impl CanonicalSerialize for FreezeCertificate {
crates/amun-constitution-builder/src/lib.rs:18:pub use certificate::FreezeCertificate;
crates/amun-constitution-builder/src/manifest.rs:72:        lines.push(format!("| Proof Version | {} |", self.proof_version));
crates/amun-constitution-core/src/ordering.rs:2:/// All QCs MUST have validators in strictly increasing order by ID.
crates/amun-constitution/src/freeze_map.rs:64:                description: "Proof version - requires new proof system and migration",
crates/amun-constitution/src/freeze_validator.rs:10:    PhysicsProofRequired { field: String },
crates/amun-constitution/src/freeze_validator.rs:11:    PhysicsProofFailed { field: String, reason: String },
crates/amun-constitution/src/freeze_validator.rs:16:    pub evolution_proof: Option<EvolutionProof>,
crates/amun-constitution/src/freeze_validator.rs:2:use amun_lineage::record::EvolutionProof;
crates/amun-constitution/src/freeze_validator.rs:62:                return Err(FreezeViolation::PhysicsProofFailed {
crates/amun-constitution/src/freeze_validator.rs:69:            return Err(FreezeViolation::PhysicsProofRequired {
crates/amun-constitution/src/hash_domains.rs:10:    QuorumCertificate = 0x07,
crates/amun-constitution/src/liveness.rs:35:pub struct TimeoutCertificate {
crates/amun-constitution/src/liveness.rs:41:impl TimeoutCertificate {
crates/amun-constitution/src/synchrony.rs:16:pub struct SynchronyProof {
crates/amun-constitution/src/synchrony.rs:22:impl SynchronyProof {
crates/amun-constitutional-authority-semantics/src/capability.rs:66:pub type CapabilityWitness = amun_constitutional_signing::SignedArtifact<AuthorityCapability>;
crates/amun-constitutional-authority-semantics/src/delegation.rs:10:    pub fn new(root: CapabilityWitness) -> Self {
crates/amun-constitutional-authority-semantics/src/delegation.rs:16:    pub fn append(&mut self, witness: CapabilityWitness) -> Result<(), String> {
crates/amun-constitutional-authority-semantics/src/delegation.rs:1:use crate::capability::CapabilityWitness;
crates/amun-constitutional-authority-semantics/src/delegation.rs:50:pub type DelegationProof = DelegationChain;
crates/amun-constitutional-authority-semantics/src/delegation.rs:6:    pub witnesses: Vec<CapabilityWitness>,
crates/amun-constitutional-authority-semantics/src/institution.rs:17:pub struct InstitutionalWitness {
crates/amun-constitutional-authority-semantics/src/lib.rs:13:pub use capability::{AuthorityCapability, CapabilityWitness};
crates/amun-constitutional-authority-semantics/src/lib.rs:14:pub use delegation::{DelegationChain, DelegationProof};
crates/amun-constitutional-authority-semantics/src/lib.rs:15:pub use institution::{InstitutionalActor, InstitutionalWitness};
crates/amun-constitutional-authority-semantics/src/lib.rs:16:pub use revocation::{RevocationRegistry, RevocationWitness};
crates/amun-constitutional-authority-semantics/src/revocation.rs:24:    pub fn revoke(&mut self, witness: &RevocationWitness) {
crates/amun-constitutional-authority-semantics/src/revocation.rs:6:pub struct RevocationWitness {
crates/amun-constitutional-authority-semantics/tests/authority_tests.rs:1:use amun_constitutional_authority_semantics::capability::{AuthorityCapability, CapabilityWitness};
crates/amun-constitutional-authority-semantics/tests/authority_tests.rs:3:use amun_constitutional_authority_semantics::revocation::{RevocationRegistry, RevocationWitness};
crates/amun-constitutional-authority-semantics/tests/authority_tests.rs:41:    let w1 = CapabilityWitness::sign(cap1, &root_key);
crates/amun-constitutional-authority-semantics/tests/authority_tests.rs:51:    let w2 = CapabilityWitness::sign(cap2, &delegate1);
crates/amun-constitutional-authority-semantics/tests/authority_tests.rs:72:    let w1 = CapabilityWitness::sign(cap1, &root_key);
crates/amun-constitutional-authority-semantics/tests/authority_tests.rs:82:    let w2 = CapabilityWitness::sign(cap2, &wrong_key);
crates/amun-constitutional-authority-semantics/tests/authority_tests.rs:91:    let w = RevocationWitness {
crates/amun-constitutional-authority/src/certificate.rs:141:impl CanonicalSerialize for ConstitutionalCertificate {
crates/amun-constitutional-authority/src/certificate.rs:15:pub struct ConstitutionalCertificate {
crates/amun-constitutional-authority/src/certificate.rs:28:impl ArtifactDigest for ConstitutionalCertificate {
crates/amun-constitutional-authority/src/certificate.rs:41:impl ConstitutionalCertificate {
crates/amun-constitutional-authority/src/chain.rs:10:pub struct CertificateChain {
crates/amun-constitutional-authority/src/chain.rs:11:    pub certificates: Vec<SignedArtifact<ConstitutionalCertificate>>,
crates/amun-constitutional-authority/src/chain.rs:14:impl CertificateChain {
crates/amun-constitutional-authority/src/chain.rs:15:    pub fn new(root: SignedArtifact<ConstitutionalCertificate>) -> Self {
crates/amun-constitutional-authority/src/chain.rs:24:        cert: SignedArtifact<ConstitutionalCertificate>,
crates/amun-constitutional-authority/src/chain.rs:54:                return Err(format!("Certificate {} revoked", cert.certificate_id));
crates/amun-constitutional-authority/src/chain.rs:5:use crate::certificate::ConstitutionalCertificate;
crates/amun-constitutional-authority/src/chain.rs:71:                        "Certificate {} not signed by issuer {}",
crates/amun-constitutional-authority/src/lib.rs:14://! - `certificate`  – the core `ConstitutionalCertificate` type
crates/amun-constitutional-authority/src/lib.rs:26:pub use certificate::ConstitutionalCertificate;
crates/amun-constitutional-authority/src/lib.rs:27:pub use chain::CertificateChain;
crates/amun-constitutional-authority/src/rotation.rs:19:        new_signed_cert: &SignedArtifact<ConstitutionalCertificate>,
crates/amun-constitutional-authority/src/rotation.rs:5:use crate::certificate::ConstitutionalCertificate;
crates/amun-constitutional-authority/src/trust.rs:11:    pub signed_cert: SignedArtifact<ConstitutionalCertificate>,
crates/amun-constitutional-authority/src/trust.rs:18:        signed_cert: SignedArtifact<ConstitutionalCertificate>,
crates/amun-constitutional-authority/src/trust.rs:5:use crate::certificate::ConstitutionalCertificate;
crates/amun-constitutional-authority/tests/authority_tests.rs:102:    let cert = ConstitutionalCertificate::new_child(
crates/amun-constitutional-authority/tests/authority_tests.rs:18:    parent: &ConstitutionalCertificate,
crates/amun-constitutional-authority/tests/authority_tests.rs:20:) -> ConstitutionalCertificate {
crates/amun-constitutional-authority/tests/authority_tests.rs:21:    ConstitutionalCertificate::new_child(
crates/amun-constitutional-authority/tests/authority_tests.rs:3:    CertificateChain, ConstitutionalCertificate, KeyRotationLaw, RevocationRegistry, TrustAnchor,
crates/amun-constitutional-authority/tests/authority_tests.rs:48:    let mut chain = CertificateChain::new(SignedArtifact::sign(root, &root_key));
crates/amun-constitutional-authority/tests/authority_tests.rs:63:    let mut chain = CertificateChain::new(SignedArtifact::sign(root, &root_key));
crates/amun-constitutional-authority/tests/authority_tests.rs:76:    let mut chain = CertificateChain::new(SignedArtifact::sign(root, &root_key));
crates/amun-constitutional-authority/tests/authority_tests.rs:7:fn build_root(key: &ConstitutionalKeyPair) -> ConstitutionalCertificate {
crates/amun-constitutional-authority/tests/authority_tests.rs:8:    ConstitutionalCertificate::new_root(
crates/amun-constitutional-authority/tests/authority_tests.rs:90:    let mut chain = CertificateChain::new(SignedArtifact::sign(root, &root_key));
crates/amun-constitutional-block/src/chain.rs:73:                "Evidence root mismatch at height {}: block has {} but log produces {}",
crates/amun-constitutional-block/src/lib.rs:104:use amun_constitutional_state::CertificateInclusionProof;
crates/amun-constitutional-block/src/lib.rs:107:/// the block header, a ReplayCertificate, and an inclusion proof.
crates/amun-constitutional-block/src/lib.rs:113:///   2. Certificate hash matches inclusion proof's leaf value
crates/amun-constitutional-block/src/lib.rs:115:///   4. Certificate's post_state_root matches block.state_root
crates/amun-constitutional-block/src/lib.rs:118:    cert: &ReplayCertificate,
crates/amun-constitutional-block/src/lib.rs:119:    inclusion_proof: &CertificateInclusionProof,
crates/amun-constitutional-block/src/lib.rs:129:            "Certificate hash mismatch: proof={:?} cert={:?}",
crates/amun-constitutional-block/src/lib.rs:139:            "Certificate root mismatch: block={} proof={}",
crates/amun-constitutional-block/src/lib.rs:39:use amun_constitutional_state::{ConstitutionalStateRuntime, ReplayCertificate};
crates/amun-constitutional-block/src/lib.rs:50:    cert: &ReplayCertificate,
crates/amun-constitutional-block/src/lib.rs:58:            "Certificate root mismatch: block={} computed={}",
crates/amun-constitutional-block/src/lib.rs:81:///   Block → Certificate → Journal → Replay → StateRoot → Accept/Reject
crates/amun-constitutional-block/src/lib.rs:85:///   - ReplayCertificate::verify() for journal↔state proof
crates/amun-constitutional-block/src/lib.rs:88:    cert: &ReplayCertificate,
crates/amun-constitutional-commitments/src/lib.rs:6:pub use smt::{MerkleProof, ProofType, SparseMerkleTree};
crates/amun-constitutional-commitments/src/smt.rs:14:pub struct MerkleProof {
crates/amun-constitutional-commitments/src/smt.rs:17:    pub proof_type: ProofType,
crates/amun-constitutional-commitments/src/smt.rs:23:/// Proofs are always exactly 256 siblings long, produced by full-depth
crates/amun-constitutional-commitments/src/smt.rs:63:    pub fn prove(&self, logical_key: &[u8]) -> MerkleProof {
crates/amun-constitutional-commitments/src/smt.rs:66:            (ProofType::Inclusion, Some(self.leaves[&kh]))
crates/amun-constitutional-commitments/src/smt.rs:68:            (ProofType::Exclusion, None)
crates/amun-constitutional-commitments/src/smt.rs:75:        MerkleProof {
crates/amun-constitutional-commitments/src/smt.rs:84:    pub fn verify(&self, root: &[u8; 32], proof: &MerkleProof) -> bool {
crates/amun-constitutional-commitments/src/smt.rs:8:pub enum ProofType {
crates/amun-constitutional-enforcement/src/constitutional_evidence.rs:101:// N127A.2 — Execution Evidence Adapter
crates/amun-constitutional-enforcement/src/constitutional_evidence.rs:103:/// Evidence sourced from the ExecutionEngine (N109.7, N109.8).
crates/amun-constitutional-enforcement/src/constitutional_evidence.rs:105:pub struct ExecutionEvidence {
crates/amun-constitutional-enforcement/src/constitutional_evidence.rs:113:// N127A.3 — Replay Evidence Adapter
crates/amun-constitutional-enforcement/src/constitutional_evidence.rs:115:/// Evidence sourced from ReplayVerifier or N109.7 architectural guarantee.
crates/amun-constitutional-enforcement/src/constitutional_evidence.rs:117:pub struct ReplayEvidence {
crates/amun-constitutional-enforcement/src/constitutional_evidence.rs:122:// N127A.4 — Governance Evidence Adapter
crates/amun-constitutional-enforcement/src/constitutional_evidence.rs:124:/// Evidence sourced from AuthorityRegistry.
crates/amun-constitutional-enforcement/src/constitutional_evidence.rs:126:pub struct GovernanceEvidence {
crates/amun-constitutional-enforcement/src/constitutional_evidence.rs:12:pub struct ConstitutionalEvidence {
crates/amun-constitutional-enforcement/src/constitutional_evidence.rs:131:// N127A.5 — QC Evidence Adapter
crates/amun-constitutional-enforcement/src/constitutional_evidence.rs:133:/// Evidence sourced from QuorumCertificate.
crates/amun-constitutional-enforcement/src/constitutional_evidence.rs:135:pub struct QcEvidence {
crates/amun-constitutional-enforcement/src/constitutional_evidence.rs:141:// N127A.1 — Constitutional Evidence Builder
crates/amun-constitutional-enforcement/src/constitutional_evidence.rs:143:/// Assembles evidence from all adapters into a single ConstitutionalEvidence.
crates/amun-constitutional-enforcement/src/constitutional_evidence.rs:144:pub struct ConstitutionalEvidenceBuilder;
crates/amun-constitutional-enforcement/src/constitutional_evidence.rs:146:impl ConstitutionalEvidenceBuilder {
crates/amun-constitutional-enforcement/src/constitutional_evidence.rs:148:        execution: ExecutionEvidence,
crates/amun-constitutional-enforcement/src/constitutional_evidence.rs:149:        replay: ReplayEvidence,
crates/amun-constitutional-enforcement/src/constitutional_evidence.rs:150:        governance: GovernanceEvidence,
crates/amun-constitutional-enforcement/src/constitutional_evidence.rs:151:        qc: QcEvidence,
crates/amun-constitutional-enforcement/src/constitutional_evidence.rs:154:    ) -> ConstitutionalEvidence {
crates/amun-constitutional-enforcement/src/constitutional_evidence.rs:155:        ConstitutionalEvidence {
crates/amun-constitutional-enforcement/src/constitutional_evidence.rs:177:            ConstitutionalEvidence::new(true, true, true, true, true, true, true, true, true, true);
crates/amun-constitutional-enforcement/src/constitutional_evidence.rs:184:        let exec = ExecutionEvidence {
crates/amun-constitutional-enforcement/src/constitutional_evidence.rs:190:        let replay = ReplayEvidence {
crates/amun-constitutional-enforcement/src/constitutional_evidence.rs:193:        let gov = GovernanceEvidence {
crates/amun-constitutional-enforcement/src/constitutional_evidence.rs:196:        let qc = QcEvidence {
crates/amun-constitutional-enforcement/src/constitutional_evidence.rs:201:        let evidence = ConstitutionalEvidenceBuilder::build(exec, replay, gov, qc, true, true);
crates/amun-constitutional-enforcement/src/constitutional_evidence.rs:214:        let evidence = ConstitutionalEvidence::new(
crates/amun-constitutional-enforcement/src/constitutional_evidence.rs:25:    // N127A.5: From QuorumCertificate
crates/amun-constitutional-enforcement/src/constitutional_evidence.rs:29:    // From EvidenceStore (slashing certificates)
crates/amun-constitutional-enforcement/src/constitutional_evidence.rs:2:// N127A — Constitutional Evidence Interface
crates/amun-constitutional-enforcement/src/constitutional_evidence.rs:34:impl ConstitutionalEvidence {
crates/amun-constitutional-enforcement/src/constitutional_evidence.rs:70:    ) -> ExecutionEvidence {
crates/amun-constitutional-enforcement/src/constitutional_evidence.rs:71:        ExecutionEvidence {
crates/amun-constitutional-enforcement/src/constitutional_evidence.rs:80:    pub fn from_replay(replay_deterministic: bool) -> ReplayEvidence {
crates/amun-constitutional-enforcement/src/constitutional_evidence.rs:81:        ReplayEvidence {
crates/amun-constitutional-enforcement/src/constitutional_evidence.rs:87:    pub fn from_governance(governance_valid: bool) -> GovernanceEvidence {
crates/amun-constitutional-enforcement/src/constitutional_evidence.rs:88:        GovernanceEvidence { governance_valid }
crates/amun-constitutional-enforcement/src/constitutional_evidence.rs:91:    /// N127A.5: Build from QC verification.
crates/amun-constitutional-enforcement/src/constitutional_evidence.rs:92:    pub fn from_qc(chain_continuous: bool, finality_supermajority: bool) -> QcEvidence {
crates/amun-constitutional-enforcement/src/constitutional_evidence.rs:93:        QcEvidence {
crates/amun-constitutional-enforcement/src/evidence_providers.rs:117:        let evidence = ExecutionEvidenceProvider::from_finality_certificate(&state, &history);
crates/amun-constitutional-enforcement/src/evidence_providers.rs:11:pub struct ExecutionEvidenceProvider;
crates/amun-constitutional-enforcement/src/evidence_providers.rs:126:        let evidence = ReplayEvidenceProvider::from_qc_and_state(true, true, true);
crates/amun-constitutional-enforcement/src/evidence_providers.rs:132:        let evidence = ReplayEvidenceProvider::from_qc_and_state(false, true, true);
crates/amun-constitutional-enforcement/src/evidence_providers.rs:13:impl ExecutionEvidenceProvider {
crates/amun-constitutional-enforcement/src/evidence_providers.rs:14:    /// Build execution evidence from FinalityCertificate data.
crates/amun-constitutional-enforcement/src/evidence_providers.rs:15:    /// At commit time, the QC has already verified:
crates/amun-constitutional-enforcement/src/evidence_providers.rs:16:    ///   - All signatures are valid (otherwise QC wouldn't form)
crates/amun-constitutional-enforcement/src/evidence_providers.rs:1:// N127D — Direct Evidence Providers
crates/amun-constitutional-enforcement/src/evidence_providers.rs:22:    ) -> ExecutionEvidence {
crates/amun-constitutional-enforcement/src/evidence_providers.rs:23:        ExecutionEvidence {
crates/amun-constitutional-enforcement/src/evidence_providers.rs:25:            // QC formation guarantees 2/3+ validators verified signatures
crates/amun-constitutional-enforcement/src/evidence_providers.rs:37:/// and compares state_root before voting. QC formation = replay verified.
crates/amun-constitutional-enforcement/src/evidence_providers.rs:38:pub struct ReplayEvidenceProvider;
crates/amun-constitutional-enforcement/src/evidence_providers.rs:40:impl ReplayEvidenceProvider {
crates/amun-constitutional-enforcement/src/evidence_providers.rs:45:    ) -> ReplayEvidence {
crates/amun-constitutional-enforcement/src/evidence_providers.rs:46:        ReplayEvidence {
crates/amun-constitutional-enforcement/src/evidence_providers.rs:47:            // QC formation = validators re-executed and agreed on state_root
crates/amun-constitutional-enforcement/src/evidence_providers.rs:4:// ConstitutionalEvidence, replacing DELEGATED/PARTIAL placeholders.
crates/amun-constitutional-enforcement/src/evidence_providers.rs:54:pub struct GovernanceEvidenceProvider;
crates/amun-constitutional-enforcement/src/evidence_providers.rs:56:impl GovernanceEvidenceProvider {
crates/amun-constitutional-enforcement/src/evidence_providers.rs:57:    pub fn from_authority_registry(is_constitutional: bool) -> GovernanceEvidence {
crates/amun-constitutional-enforcement/src/evidence_providers.rs:58:        GovernanceEvidence {
crates/amun-constitutional-enforcement/src/evidence_providers.rs:64:/// N127D: Provides QC evidence from QuorumCertificate.
crates/amun-constitutional-enforcement/src/evidence_providers.rs:65:pub struct QcEvidenceProvider;
crates/amun-constitutional-enforcement/src/evidence_providers.rs:67:impl QcEvidenceProvider {
crates/amun-constitutional-enforcement/src/evidence_providers.rs:68:    pub fn from_quorum_certificate(block_hash: &[u8; 32], qc_verify_quorum: bool) -> QcEvidence {
crates/amun-constitutional-enforcement/src/evidence_providers.rs:69:        QcEvidence {
crates/amun-constitutional-enforcement/src/evidence_providers.rs:7:    ConstitutionalEvidence, ExecutionEvidence, GovernanceEvidence, QcEvidence, ReplayEvidence,
crates/amun-constitutional-enforcement/src/evidence_providers.rs:85:) -> ConstitutionalEvidence {
crates/amun-constitutional-enforcement/src/evidence_providers.rs:86:    let execution = ExecutionEvidenceProvider::from_finality_certificate(state_root, history_root);
crates/amun-constitutional-enforcement/src/evidence_providers.rs:87:    let replay = ReplayEvidenceProvider::from_qc_and_state(
crates/amun-constitutional-enforcement/src/evidence_providers.rs:92:    let governance = GovernanceEvidenceProvider::from_authority_registry(governance_constitutional);
crates/amun-constitutional-enforcement/src/evidence_providers.rs:93:    let qc = QcEvidenceProvider::from_quorum_certificate(block_hash, qc_verify_quorum);
crates/amun-constitutional-enforcement/src/evidence_providers.rs:95:    ConstitutionalEvidence::new(
crates/amun-constitutional-enforcement/src/evidence_records.rs:103:    pub signature_evidence: SignatureEvidence,
crates/amun-constitutional-enforcement/src/evidence_records.rs:104:    pub double_spend_evidence: DoubleSpendEvidence,
crates/amun-constitutional-enforcement/src/evidence_records.rs:105:    pub governance_evidence: GovernanceEvidence,
crates/amun-constitutional-enforcement/src/evidence_records.rs:106:    pub replay_evidence: ReplayEvidence,
crates/amun-constitutional-enforcement/src/evidence_records.rs:10:pub struct SignatureEvidence {
crates/amun-constitutional-enforcement/src/evidence_records.rs:121:impl ConstitutionalEvidenceRecord {
crates/amun-constitutional-enforcement/src/evidence_records.rs:126:        signature_evidence: SignatureEvidence,
crates/amun-constitutional-enforcement/src/evidence_records.rs:127:        double_spend_evidence: DoubleSpendEvidence,
crates/amun-constitutional-enforcement/src/evidence_records.rs:128:        governance_evidence: GovernanceEvidence,
crates/amun-constitutional-enforcement/src/evidence_records.rs:129:        replay_evidence: ReplayEvidence,
crates/amun-constitutional-enforcement/src/evidence_records.rs:179:        let ev = SignatureEvidence::new(100, 0);
crates/amun-constitutional-enforcement/src/evidence_records.rs:187:        let ev = SignatureEvidence::new(100, 3);
crates/amun-constitutional-enforcement/src/evidence_records.rs:193:        let ev = DoubleSpendEvidence::new(50, 0);
crates/amun-constitutional-enforcement/src/evidence_records.rs:199:        let ev = DoubleSpendEvidence::new(50, 2);
crates/amun-constitutional-enforcement/src/evidence_records.rs:19:impl SignatureEvidence {
crates/amun-constitutional-enforcement/src/evidence_records.rs:1:// N128 — Evidence Records
crates/amun-constitutional-enforcement/src/evidence_records.rs:206:        let ev = ReplayEvidence::new(root, root);
crates/amun-constitutional-enforcement/src/evidence_records.rs:212:        let ev = ReplayEvidence::new([0x42; 32], [0xFF; 32]);
crates/amun-constitutional-enforcement/src/evidence_records.rs:218:        let record = ConstitutionalEvidenceRecord::new(
crates/amun-constitutional-enforcement/src/evidence_records.rs:221:            SignatureEvidence::new(10, 0),
crates/amun-constitutional-enforcement/src/evidence_records.rs:222:            DoubleSpendEvidence::new(10, 0),
crates/amun-constitutional-enforcement/src/evidence_records.rs:223:            GovernanceEvidence::new([0x42; 32], 1, true),
crates/amun-constitutional-enforcement/src/evidence_records.rs:224:            ReplayEvidence::new([0x42; 32], [0x42; 32]),
crates/amun-constitutional-enforcement/src/evidence_records.rs:238:        let mut record = ConstitutionalEvidenceRecord::new(
crates/amun-constitutional-enforcement/src/evidence_records.rs:241:            SignatureEvidence::new(10, 0),
crates/amun-constitutional-enforcement/src/evidence_records.rs:242:            DoubleSpendEvidence::new(10, 0),
crates/amun-constitutional-enforcement/src/evidence_records.rs:243:            GovernanceEvidence::new([0x42; 32], 1, true),
crates/amun-constitutional-enforcement/src/evidence_records.rs:244:            ReplayEvidence::new([0x42; 32], [0x42; 32]),
crates/amun-constitutional-enforcement/src/evidence_records.rs:31:pub struct DoubleSpendEvidence {
crates/amun-constitutional-enforcement/src/evidence_records.rs:40:impl DoubleSpendEvidence {
crates/amun-constitutional-enforcement/src/evidence_records.rs:52:pub struct GovernanceEvidence {
crates/amun-constitutional-enforcement/src/evidence_records.rs:62:impl GovernanceEvidence {
crates/amun-constitutional-enforcement/src/evidence_records.rs:74:pub struct ReplayEvidence {
crates/amun-constitutional-enforcement/src/evidence_records.rs:85:impl ReplayEvidence {
crates/amun-constitutional-enforcement/src/evidence_records.rs:98:pub struct ConstitutionalEvidenceRecord {
crates/amun-constitutional-enforcement/src/lib.rs:108:                ConstitutionalLaw::SlashingEvidenceBinding,
crates/amun-constitutional-enforcement/src/lib.rs:111:                ConstitutionalLaw::FinalitySupermajority,
crates/amun-constitutional-enforcement/src/lib.rs:113:                ConstitutionalLaw::EvidenceValidity,
crates/amun-constitutional-enforcement/src/lib.rs:159:                &ConstitutionalLaw::SlashingEvidenceBinding,
crates/amun-constitutional-enforcement/src/lib.rs:174:                &ConstitutionalLaw::FinalitySupermajority,
crates/amun-constitutional-enforcement/src/lib.rs:184:                &ConstitutionalLaw::EvidenceValidity,
crates/amun-constitutional-enforcement/src/lib.rs:61:    SlashingEvidenceBinding,
crates/amun-constitutional-enforcement/src/lib.rs:64:    FinalitySupermajority,
crates/amun-constitutional-enforcement/src/lib.rs:66:    EvidenceValidity,
crates/amun-constitutional-enforcement/src/lib.rs:83:        evidence: &crate::constitutional_evidence::ConstitutionalEvidence,
crates/amun-constitutional-enforcement/src/proof_engine.rs:11:impl ConstitutionalProofEngine {
crates/amun-constitutional-enforcement/src/proof_engine.rs:152:        // Slashing Evidence Binding
crates/amun-constitutional-enforcement/src/proof_engine.rs:155:                law: ConstitutionalLaw::SlashingEvidenceBinding,
crates/amun-constitutional-enforcement/src/proof_engine.rs:179:        // Finality Supermajority
crates/amun-constitutional-enforcement/src/proof_engine.rs:182:                law: ConstitutionalLaw::FinalitySupermajority,
crates/amun-constitutional-enforcement/src/proof_engine.rs:184:                    "Finality lacks supermajority: {}/{}",
crates/amun-constitutional-enforcement/src/proof_engine.rs:1:// N124 — Constitutional Proof Engine
crates/amun-constitutional-enforcement/src/proof_engine.rs:200:        // Evidence Validity
crates/amun-constitutional-enforcement/src/proof_engine.rs:203:                law: ConstitutionalLaw::EvidenceValidity,
crates/amun-constitutional-enforcement/src/proof_engine.rs:204:                description: "Evidence hash is invalid".into(),
crates/amun-constitutional-enforcement/src/proof_engine.rs:223:        let verdict = ConstitutionalProofEngine::run_constitutional_review(
crates/amun-constitutional-enforcement/src/proof_engine.rs:256:        let verdict = ConstitutionalProofEngine::run_constitutional_review(
crates/amun-constitutional-enforcement/src/proof_engine.rs:282:        let verdict = ConstitutionalProofEngine::run_constitutional_review(
crates/amun-constitutional-enforcement/src/proof_engine.rs:306:                    .any(|v| v.law == ConstitutionalLaw::FinalitySupermajority));
crates/amun-constitutional-enforcement/src/proof_engine.rs:9:pub struct ConstitutionalProofEngine;
crates/amun-constitutional-evidence/src/lib.rs:103:        // TODO: Add test once QuorumCertificate construction is available
crates/amun-constitutional-evidence/src/lib.rs:108:        // TODO: Add test once QuorumCertificate construction is available
crates/amun-constitutional-evidence/src/lib.rs:16:use amun_quorum_certificate::QuorumCertificate;
crates/amun-constitutional-evidence/src/lib.rs:1://! # Constitutional Evidence Module
crates/amun-constitutional-evidence/src/lib.rs:32:/// In the current implementation, this is the Quorum Certificate (QC).
crates/amun-constitutional-evidence/src/lib.rs:34:pub struct ConstitutionalEvidence {
crates/amun-constitutional-evidence/src/lib.rs:35:    pub qc: QuorumCertificate,
crates/amun-constitutional-evidence/src/lib.rs:42:/// 1. **Epoch Supremacy (Exclusion):** The QC must belong to the current epoch.
crates/amun-constitutional-evidence/src/lib.rs:43:/// 2. **Constitutional Membership (Exclusion):** The QC must be attested by a
crates/amun-constitutional-evidence/src/lib.rs:45:/// 3. **Evidence Strength (Comparability):** The QC must meet the quorum
crates/amun-constitutional-evidence/src/lib.rs:52:    evidence: &ConstitutionalEvidence,
crates/amun-constitutional-evidence/src/lib.rs:62:    // The QC's signers must be validators in the current constitutional set.
crates/amun-constitutional-evidence/src/lib.rs:93:        // TODO: Add test once QuorumCertificate construction is available
crates/amun-constitutional-evidence/src/lib.rs:98:        // TODO: Add test once QuorumCertificate construction is available
crates/amun-constitutional-evidence/src/lib.rs:9://! - Evidence `E` → `QuorumCertificate`
crates/amun-constitutional-governance/src/capability.rs:78:pub type CapabilityCertificate = amun_constitutional_signing::SignedArtifact<Capability>;
crates/amun-constitutional-governance/src/delegation.rs:11:    chain: &[DelegateCertificate],
crates/amun-constitutional-governance/src/delegation.rs:8:pub type DelegateCertificate = SignedArtifact<Capability>;
crates/amun-constitutional-governance/src/lib.rs:24:pub use capability::{Capability, CapabilityCertificate};
crates/amun-constitutional-governance/src/lib.rs:25:pub use delegation::DelegateCertificate;
crates/amun-constitutional-governance/tests/governance_tests.rs:46:    let cert1 = DelegateCertificate::sign(cap1, &root_key);
crates/amun-constitutional-governance/tests/governance_tests.rs:4:use amun_constitutional_governance::delegation::{self, DelegateCertificate};
crates/amun-constitutional-governance/tests/governance_tests.rs:56:    let cert2 = DelegateCertificate::sign(cap2, &delegate1_key);
crates/amun-constitutional-governance/tests/governance_tests.rs:75:    let cert = DelegateCertificate::sign(cap, &fake_key);
crates/amun-constitutional-integration/src/bin/n47_8_production_replay.rs:134:) -> Result<HashMap<String, VerificationCertificate>, Box<dyn std::error::Error>> {
crates/amun-constitutional-integration/src/bin/n47_8_production_replay.rs:151:            let cert: VerificationCertificate = serde_json::from_str(&content)?;
crates/amun-constitutional-integration/src/bin/n47_8_production_replay.rs:3:use amun_verification_kernel::VerificationCertificate;
crates/amun-constitutional-integration/src/lib.rs:100:            "Finality certificates are cryptographically valid",
crates/amun-constitutional-integration/src/lib.rs:101:            "forall fc in FinalityCertificate : verify_signatures(fc) = true",
crates/amun-constitutional-integration/src/lib.rs:107:        reg.register(ProofObligation::new(
crates/amun-constitutional-integration/src/lib.rs:117:        reg.register(ProofObligation::new(
crates/amun-constitutional-integration/src/lib.rs:127:        reg.register(ProofObligation::new(
crates/amun-constitutional-integration/src/lib.rs:137:        reg.register(ProofObligation::new(
crates/amun-constitutional-integration/src/lib.rs:147:        reg.register(ProofObligation::new(
crates/amun-constitutional-integration/src/lib.rs:159:            ProofObligation::new(
crates/amun-constitutional-integration/src/lib.rs:168:            .with_dependency(ObligationId::new(ObligationNamespace::Evidence, 1)),
crates/amun-constitutional-integration/src/lib.rs:173:            ProofObligation::new(
crates/amun-constitutional-integration/src/lib.rs:17:        reg.register(ProofObligation::new(
crates/amun-constitutional-integration/src/lib.rs:186:            ProofObligation::new(
crates/amun-constitutional-integration/src/lib.rs:199:            ProofObligation::new(
crates/amun-constitutional-integration/src/lib.rs:200:                ObligationId::new(ObligationNamespace::Evidence, 3),
crates/amun-constitutional-integration/src/lib.rs:202:                "Evidence chain has no gaps",
crates/amun-constitutional-integration/src/lib.rs:203:                "forall ev1,ev2 in EvidenceChain : linked(ev1, ev2)",
crates/amun-constitutional-integration/src/lib.rs:207:            .with_dependency(ObligationId::new(ObligationNamespace::Evidence, 2)),
crates/amun-constitutional-integration/src/lib.rs:212:            ProofObligation::new(
crates/amun-constitutional-integration/src/lib.rs:213:                ObligationId::new(ObligationNamespace::Evidence, 4),
crates/amun-constitutional-integration/src/lib.rs:215:                "Evidence hash lineage is preserved",
crates/amun-constitutional-integration/src/lib.rs:220:            .with_dependency(ObligationId::new(ObligationNamespace::Evidence, 3)),
crates/amun-constitutional-integration/src/lib.rs:225:            ProofObligation::new(
crates/amun-constitutional-integration/src/lib.rs:226:                ObligationId::new(ObligationNamespace::Finality, 3),
crates/amun-constitutional-integration/src/lib.rs:233:            .with_dependency(ObligationId::new(ObligationNamespace::Finality, 1))
crates/amun-constitutional-integration/src/lib.rs:239:            ProofObligation::new(
crates/amun-constitutional-integration/src/lib.rs:242:                "Finalized = Replay Verified = Evidence Certified",
crates/amun-constitutional-integration/src/lib.rs:243:                "|Finalized| = |ReplayVerified| = |EvidenceCertified|",
crates/amun-constitutional-integration/src/lib.rs:247:            .with_dependency(ObligationId::new(ObligationNamespace::Finality, 1))
crates/amun-constitutional-integration/src/lib.rs:249:            .with_dependency(ObligationId::new(ObligationNamespace::Evidence, 1)),
crates/amun-constitutional-integration/src/lib.rs:254:            ProofObligation::new(
crates/amun-constitutional-integration/src/lib.rs:267:            ProofObligation::new(
crates/amun-constitutional-integration/src/lib.rs:27:        reg.register(ProofObligation::new(
crates/amun-constitutional-integration/src/lib.rs:281:            ProofObligation::new(
crates/amun-constitutional-integration/src/lib.rs:284:                "Conflicting QC rejected by honest nodes",
crates/amun-constitutional-integration/src/lib.rs:289:            .with_dependency(ObligationId::new(ObligationNamespace::Finality, 3)),
crates/amun-constitutional-integration/src/lib.rs:294:            ProofObligation::new(
crates/amun-constitutional-integration/src/lib.rs:298:                "|EvidenceChain(Recovered)| = |EvidenceChain(Original)|",
crates/amun-constitutional-integration/src/lib.rs:2:    ConstitutionalReport, ConstitutionalVerdict, EvidenceArchive, EvidenceRecord, EvidenceStatus,
crates/amun-constitutional-integration/src/lib.rs:30:            "Finality requires quorum certification",
crates/amun-constitutional-integration/src/lib.rs:311:        cert: &VerificationCertificate,
crates/amun-constitutional-integration/src/lib.rs:314:    ) -> EvidenceRecord {
crates/amun-constitutional-integration/src/lib.rs:31:            "forall b in Finalized : exists QC(b) and |signers(QC(b))| >= 2f+1",
crates/amun-constitutional-integration/src/lib.rs:321:        EvidenceRecord::new(
crates/amun-constitutional-integration/src/lib.rs:323:            EvidenceType::CertificateEvidence,
crates/amun-constitutional-integration/src/lib.rs:330:        .with_status(EvidenceStatus::Verified)
crates/amun-constitutional-integration/src/lib.rs:334:        phase_certificates: HashMap<String, VerificationCertificate>,
crates/amun-constitutional-integration/src/lib.rs:339:            EvidenceArchive,
crates/amun-constitutional-integration/src/lib.rs:347:        let mut archive = EvidenceArchive::new();
crates/amun-constitutional-integration/src/lib.rs:351:                    "Certificate {} verification failed",
crates/amun-constitutional-integration/src/lib.rs:355:            let obligations: Vec<ProofObligation> = registry
crates/amun-constitutional-integration/src/lib.rs:370:            let obligations: Vec<ProofObligation> = registry
crates/amun-constitutional-integration/src/lib.rs:37:        reg.register(ProofObligation::new(
crates/amun-constitutional-integration/src/lib.rs:3:    EvidenceType, ObligationId, ObligationKind, ObligationNamespace, ObligationRegistry,
crates/amun-constitutional-integration/src/lib.rs:419:        ClaimStatus, ClaimType, ConstitutionalClaim, Evidence as VKEvidence,
crates/amun-constitutional-integration/src/lib.rs:420:        EvidenceType as VKEvidenceType,
crates/amun-constitutional-integration/src/lib.rs:423:    fn make_cert(phase: &str) -> VerificationCertificate {
crates/amun-constitutional-integration/src/lib.rs:424:        VerificationCertificate::issue(
crates/amun-constitutional-integration/src/lib.rs:434:            vec![VKEvidence {
crates/amun-constitutional-integration/src/lib.rs:437:                evidence_type: VKEvidenceType::TestResult,
crates/amun-constitutional-integration/src/lib.rs:47:        reg.register(ProofObligation::new(
crates/amun-constitutional-integration/src/lib.rs:4:    ObligationResult, ObligationResultStatus, ObligationSeverity, ProofObligation,
crates/amun-constitutional-integration/src/lib.rs:57:        reg.register(ProofObligation::new(
crates/amun-constitutional-integration/src/lib.rs:67:        reg.register(ProofObligation::new(
crates/amun-constitutional-integration/src/lib.rs:68:            ObligationId::new(ObligationNamespace::Evidence, 1),
crates/amun-constitutional-integration/src/lib.rs:71:            "forall rc in ReplayCertificate : exists ev in EvidenceRoot : ev.replay = rc",
crates/amun-constitutional-integration/src/lib.rs:77:        reg.register(ProofObligation::new(
crates/amun-constitutional-integration/src/lib.rs:78:            ObligationId::new(ObligationNamespace::Evidence, 2),
crates/amun-constitutional-integration/src/lib.rs:7:use amun_verification_kernel::VerificationCertificate;
crates/amun-constitutional-integration/src/lib.rs:80:            "Evidence roots are immutable",
crates/amun-constitutional-integration/src/lib.rs:81:            "forall ev : ev in EvidenceRoot implies hash(ev) = constant",
crates/amun-constitutional-integration/src/lib.rs:87:        reg.register(ProofObligation::new(
crates/amun-constitutional-integration/src/lib.rs:88:            ObligationId::new(ObligationNamespace::Finality, 1),
crates/amun-constitutional-integration/src/lib.rs:97:        reg.register(ProofObligation::new(
crates/amun-constitutional-integration/src/lib.rs:98:            ObligationId::new(ObligationNamespace::Finality, 2),
crates/amun-constitutional-kernel/src/context.rs:13:    pub authority_chain: Vec<ConstitutionalCertificate>,
crates/amun-constitutional-kernel/src/context.rs:21:    pub fn new(authority_chain: Vec<ConstitutionalCertificate>, epoch: String) -> Self {
crates/amun-constitutional-kernel/src/context.rs:5:use amun_constitutional_authority::ConstitutionalCertificate;
crates/amun-constitutional-kernel/tests/kernel_tests.rs:15:    Vec<ConstitutionalCertificate>,
crates/amun-constitutional-kernel/tests/kernel_tests.rs:18:    let root_cert = ConstitutionalCertificate::new_root(
crates/amun-constitutional-kernel/tests/kernel_tests.rs:1:use amun_constitutional_authority::ConstitutionalCertificate;
crates/amun-constitutional-proof/src/article_i_certificate.rs:13:pub struct ArticleICertificate {
crates/amun-constitutional-proof/src/article_i_certificate.rs:28:impl ArticleICertificate {
crates/amun-constitutional-proof/src/article_i_certificate.rs:4:/// Certificate confirming that Article I of the N47 constitution is fully
crates/amun-constitutional-proof/src/article_iii_certificate.rs:12:pub struct ArticleIIICertificate {
crates/amun-constitutional-proof/src/article_iii_certificate.rs:1:use crate::EvidenceArchive;
crates/amun-constitutional-proof/src/article_iii_certificate.rs:22:impl ArticleIIICertificate {
crates/amun-constitutional-proof/src/article_iii_certificate.rs:23:    pub fn issue(archive: &EvidenceArchive, issued_at: u64) -> Option<Self> {
crates/amun-constitutional-proof/src/article_iii_certificate.rs:3:/// Certificate confirming that Article III of the N47 constitution is fully
crates/amun-constitutional-proof/src/article_iii_certificate.rs:7:/// - Evidence lifecycle (Collect → Verify → Archive) is enforced
crates/amun-constitutional-proof/src/certification.rs:163:    fn gate_c7_evidence_archive_complete(archive: &EvidenceArchive) -> GateResult {
crates/amun-constitutional-proof/src/certification.rs:167:            description: "Evidence archive contains at least 30 records".into(),
crates/amun-constitutional-proof/src/certification.rs:1:use crate::{ConstitutionalVerdict, EvidenceArchive, ObligationRegistry, VerdictResult};
crates/amun-constitutional-proof/src/certification.rs:21:pub struct ConstitutionalCertificate {
crates/amun-constitutional-proof/src/certification.rs:37:        archive: &EvidenceArchive,
crates/amun-constitutional-proof/src/certification.rs:42:    ) -> ConstitutionalCertificate {
crates/amun-constitutional-proof/src/certification.rs:72:        ConstitutionalCertificate {
crates/amun-constitutional-proof/src/evidence_archive.rs:100:        if record.status == EvidenceStatus::Collected {
crates/amun-constitutional-proof/src/evidence_archive.rs:103:        if record.status == EvidenceStatus::Rejected {
crates/amun-constitutional-proof/src/evidence_archive.rs:106:        record.status = EvidenceStatus::Archived;
crates/amun-constitutional-proof/src/evidence_archive.rs:117:        record.status = EvidenceStatus::Rejected;
crates/amun-constitutional-proof/src/evidence_archive.rs:11:/// - Evidence lineage hashes are verified on insertion.
crates/amun-constitutional-proof/src/evidence_archive.rs:123:    pub fn is_admissible(record: &EvidenceRecord) -> bool {
crates/amun-constitutional-proof/src/evidence_archive.rs:126:            EvidenceStatus::Verified | EvidenceStatus::Archived
crates/amun-constitutional-proof/src/evidence_archive.rs:14:pub struct EvidenceArchive {
crates/amun-constitutional-proof/src/evidence_archive.rs:15:    records: BTreeMap<String, EvidenceRecord>,
crates/amun-constitutional-proof/src/evidence_archive.rs:18:impl EvidenceArchive {
crates/amun-constitutional-proof/src/evidence_archive.rs:27:    pub fn insert(&mut self, record: EvidenceRecord) -> Result<(), String> {
crates/amun-constitutional-proof/src/evidence_archive.rs:3:use crate::{EvidenceRecord, EvidenceStatus, EvidenceType, ObligationId};
crates/amun-constitutional-proof/src/evidence_archive.rs:51:    pub fn get(&self, evidence_id: &str) -> Option<&EvidenceRecord> {
crates/amun-constitutional-proof/src/evidence_archive.rs:61:    pub fn by_phase(&self, phase: &str) -> Vec<&EvidenceRecord> {
crates/amun-constitutional-proof/src/evidence_archive.rs:66:    pub fn by_type(&self, ev_type: EvidenceType) -> Vec<&EvidenceRecord> {
crates/amun-constitutional-proof/src/evidence_archive.rs:74:    pub fn by_obligation(&self, obligation_id: &ObligationId) -> Vec<&EvidenceRecord> {
crates/amun-constitutional-proof/src/evidence_archive.rs:87:        if record.status == EvidenceStatus::Rejected {
crates/amun-constitutional-proof/src/evidence_archive.rs:90:        record.status = EvidenceStatus::Verified;
crates/amun-constitutional-proof/src/evidence_lineage.rs:11:impl EvidenceLineage {
crates/amun-constitutional-proof/src/evidence_lineage.rs:5:pub struct EvidenceLineage {
crates/amun-constitutional-proof/src/evidence_record.rs:10:pub struct EvidenceRecord {
crates/amun-constitutional-proof/src/evidence_record.rs:12:    pub evidence_type: EvidenceType,
crates/amun-constitutional-proof/src/evidence_record.rs:19:    pub status: EvidenceStatus,
crates/amun-constitutional-proof/src/evidence_record.rs:20:    pub lineage: Option<EvidenceLineage>,
crates/amun-constitutional-proof/src/evidence_record.rs:23:impl EvidenceRecord {
crates/amun-constitutional-proof/src/evidence_record.rs:26:        evidence_type: EvidenceType,
crates/amun-constitutional-proof/src/evidence_record.rs:3:use crate::{EvidenceLineage, EvidenceStatus, EvidenceType, ObligationId, Reproducibility};
crates/amun-constitutional-proof/src/evidence_record.rs:42:            status: EvidenceStatus::Collected,
crates/amun-constitutional-proof/src/evidence_record.rs:52:    pub fn with_lineage(mut self, lineage: EvidenceLineage) -> Self {
crates/amun-constitutional-proof/src/evidence_record.rs:57:    pub fn with_status(mut self, status: EvidenceStatus) -> Self {
crates/amun-constitutional-proof/src/evidence_status.rs:5:pub enum EvidenceStatus {
crates/amun-constitutional-proof/src/evidence_type.rs:11:    ConsensusEvidence,
crates/amun-constitutional-proof/src/evidence_type.rs:13:    CertificateEvidence,
crates/amun-constitutional-proof/src/evidence_type.rs:15:    FormalProofEvidence,
crates/amun-constitutional-proof/src/evidence_type.rs:17:    AuditEvidence,
crates/amun-constitutional-proof/src/evidence_type.rs:19:    SimulationEvidence,
crates/amun-constitutional-proof/src/evidence_type.rs:5:pub enum EvidenceType {
crates/amun-constitutional-proof/src/evidence_type.rs:7:    ExperimentalEvidence,
crates/amun-constitutional-proof/src/evidence_type.rs:9:    ReplayEvidence,
crates/amun-constitutional-proof/src/lib.rs:1009:        let ev = EvidenceRecord::new(
crates/amun-constitutional-proof/src/lib.rs:1011:            EvidenceType::SimulationEvidence,
crates/amun-constitutional-proof/src/lib.rs:1025:        let id = ObligationId::new(ObligationNamespace::Finality, 1);
crates/amun-constitutional-proof/src/lib.rs:1026:        let lineage = EvidenceLineage::new(
crates/amun-constitutional-proof/src/lib.rs:1031:        let ev = EvidenceRecord::new(
crates/amun-constitutional-proof/src/lib.rs:1033:            EvidenceType::CertificateEvidence,
crates/amun-constitutional-proof/src/lib.rs:1041:        .with_status(EvidenceStatus::Verified);
crates/amun-constitutional-proof/src/lib.rs:1042:        assert_eq!(ev.status, EvidenceStatus::Verified);
crates/amun-constitutional-proof/src/lib.rs:1049:        let ev = EvidenceRecord::new(
crates/amun-constitutional-proof/src/lib.rs:1051:            EvidenceType::AuditEvidence,
crates/amun-constitutional-proof/src/lib.rs:1058:        .with_status(EvidenceStatus::Archived)
crates/amun-constitutional-proof/src/lib.rs:1064:        .with_lineage(EvidenceLineage::new(
crates/amun-constitutional-proof/src/lib.rs:1070:        let parsed: EvidenceRecord = serde_json::from_str(&json).unwrap();
crates/amun-constitutional-proof/src/lib.rs:1074:    // --- N47.3-S1: EvidenceArchive tests ---
crates/amun-constitutional-proof/src/lib.rs:1079:        ev_type: EvidenceType,
crates/amun-constitutional-proof/src/lib.rs:1081:    ) -> EvidenceRecord {
crates/amun-constitutional-proof/src/lib.rs:1082:        EvidenceRecord::new(
crates/amun-constitutional-proof/src/lib.rs:1095:        let mut archive = EvidenceArchive::new();
crates/amun-constitutional-proof/src/lib.rs:1097:        let ev = make_evidence("EV-ARC-1", "N42", EvidenceType::ReplayEvidence, obl);
crates/amun-constitutional-proof/src/lib.rs:1106:        let mut archive = EvidenceArchive::new();
crates/amun-constitutional-proof/src/lib.rs:1108:        let ev = make_evidence("EV-DUP", "N42", EvidenceType::AuditEvidence, obl);
crates/amun-constitutional-proof/src/lib.rs:1115:        let mut archive = EvidenceArchive::new();
crates/amun-constitutional-proof/src/lib.rs:1116:        let obl = ObligationId::new(ObligationNamespace::Finality, 1);
crates/amun-constitutional-proof/src/lib.rs:1117:        let ev = make_evidence("EV-LIFECYCLE", "N41", EvidenceType::ConsensusEvidence, obl);
crates/amun-constitutional-proof/src/lib.rs:1123:            EvidenceStatus::Verified
crates/amun-constitutional-proof/src/lib.rs:1129:            EvidenceStatus::Archived
crates/amun-constitutional-proof/src/lib.rs:1135:        let mut archive = EvidenceArchive::new();
crates/amun-constitutional-proof/src/lib.rs:1136:        let obl = ObligationId::new(ObligationNamespace::Evidence, 1);
crates/amun-constitutional-proof/src/lib.rs:1141:                EvidenceType::ReplayEvidence,
crates/amun-constitutional-proof/src/lib.rs:1150:        let mut archive = EvidenceArchive::new();
crates/amun-constitutional-proof/src/lib.rs:1156:                EvidenceType::SimulationEvidence,
crates/amun-constitutional-proof/src/lib.rs:1163:            EvidenceStatus::Rejected
crates/amun-constitutional-proof/src/lib.rs:1172:        let mut archive = EvidenceArchive::new();
crates/amun-constitutional-proof/src/lib.rs:1173:        let obl = ObligationId::new(ObligationNamespace::Finality, 1);
crates/amun-constitutional-proof/src/lib.rs:1175:        let parent = EvidenceRecord::new(
crates/amun-constitutional-proof/src/lib.rs:1177:            EvidenceType::ConsensusEvidence,
crates/amun-constitutional-proof/src/lib.rs:1184:        .with_status(EvidenceStatus::Verified);
crates/amun-constitutional-proof/src/lib.rs:1187:        let child = EvidenceRecord::new(
crates/amun-constitutional-proof/src/lib.rs:1189:            EvidenceType::CertificateEvidence,
crates/amun-constitutional-proof/src/lib.rs:1196:        .with_lineage(EvidenceLineage::new(
crates/amun-constitutional-proof/src/lib.rs:1206:        let mut archive = EvidenceArchive::new();
crates/amun-constitutional-proof/src/lib.rs:1207:        let obl = ObligationId::new(ObligationNamespace::Finality, 1);
crates/amun-constitutional-proof/src/lib.rs:1209:        let parent = EvidenceRecord::new(
crates/amun-constitutional-proof/src/lib.rs:1211:            EvidenceType::ConsensusEvidence,
crates/amun-constitutional-proof/src/lib.rs:1218:        .with_status(EvidenceStatus::Verified);
crates/amun-constitutional-proof/src/lib.rs:1221:        let child = EvidenceRecord::new(
crates/amun-constitutional-proof/src/lib.rs:1223:            EvidenceType::CertificateEvidence,
crates/amun-constitutional-proof/src/lib.rs:1230:        .with_lineage(EvidenceLineage::new(
crates/amun-constitutional-proof/src/lib.rs:1240:        let mut archive = EvidenceArchive::new();
crates/amun-constitutional-proof/src/lib.rs:1248:                EvidenceType::AuditEvidence,
crates/amun-constitutional-proof/src/lib.rs:1256:                EvidenceType::ReplayEvidence,
crates/amun-constitutional-proof/src/lib.rs:1264:                EvidenceType::SimulationEvidence,
crates/amun-constitutional-proof/src/lib.rs:1275:        let mut archive = EvidenceArchive::new();
crates/amun-constitutional-proof/src/lib.rs:1276:        let obl = ObligationId::new(ObligationNamespace::Finality, 1);
crates/amun-constitutional-proof/src/lib.rs:1282:                EvidenceType::ConsensusEvidence,
crates/amun-constitutional-proof/src/lib.rs:1290:                EvidenceType::CertificateEvidence,
crates/amun-constitutional-proof/src/lib.rs:1298:                EvidenceType::ReplayEvidence,
crates/amun-constitutional-proof/src/lib.rs:1313:            make_evidence("EV-ADM-1", "N42", EvidenceType::ReplayEvidence, obl.clone());
crates/amun-constitutional-proof/src/lib.rs:1314:        collected.status = EvidenceStatus::Collected;
crates/amun-constitutional-proof/src/lib.rs:1315:        assert!(!EvidenceArchive::is_admissible(&collected));
crates/amun-constitutional-proof/src/lib.rs:1318:            make_evidence("EV-ADM-2", "N42", EvidenceType::ReplayEvidence, obl.clone());
crates/amun-constitutional-proof/src/lib.rs:1319:        verified.status = EvidenceStatus::Verified;
crates/amun-constitutional-proof/src/lib.rs:1320:        assert!(EvidenceArchive::is_admissible(&verified));
crates/amun-constitutional-proof/src/lib.rs:1323:            make_evidence("EV-ADM-3", "N42", EvidenceType::ReplayEvidence, obl.clone());
crates/amun-constitutional-proof/src/lib.rs:1324:        archived.status = EvidenceStatus::Archived;
crates/amun-constitutional-proof/src/lib.rs:1325:        assert!(EvidenceArchive::is_admissible(&archived));
crates/amun-constitutional-proof/src/lib.rs:1327:        let mut rejected = make_evidence("EV-ADM-4", "N42", EvidenceType::ReplayEvidence, obl);
crates/amun-constitutional-proof/src/lib.rs:1328:        rejected.status = EvidenceStatus::Rejected;
crates/amun-constitutional-proof/src/lib.rs:1329:        assert!(!EvidenceArchive::is_admissible(&rejected));
crates/amun-constitutional-proof/src/lib.rs:1332:    // --- Article III Certificate tests ---
crates/amun-constitutional-proof/src/lib.rs:1336:        let mut archive = EvidenceArchive::new();
crates/amun-constitutional-proof/src/lib.rs:1337:        let obl = ObligationId::new(ObligationNamespace::Finality, 1);
crates/amun-constitutional-proof/src/lib.rs:1339:            .insert(EvidenceRecord::new(
crates/amun-constitutional-proof/src/lib.rs:1341:                EvidenceType::ConsensusEvidence,
crates/amun-constitutional-proof/src/lib.rs:1349:        let cert = ArticleIIICertificate::issue(&archive, 1000);
crates/amun-constitutional-proof/src/lib.rs:1356:        let archive = EvidenceArchive::new();
crates/amun-constitutional-proof/src/lib.rs:1357:        assert!(ArticleIIICertificate::issue(&archive, 1000).is_none());
crates/amun-constitutional-proof/src/lib.rs:1365:        reg.register(ProofObligation::new(
crates/amun-constitutional-proof/src/lib.rs:1376:        let mut archive = EvidenceArchive::new();
crates/amun-constitutional-proof/src/lib.rs:1380:                EvidenceRecord::new(
crates/amun-constitutional-proof/src/lib.rs:1382:                    EvidenceType::AuditEvidence,
crates/amun-constitutional-proof/src/lib.rs:1389:                .with_status(EvidenceStatus::Archived),
crates/amun-constitutional-proof/src/lib.rs:1430:        reg.register(ProofObligation::new(
crates/amun-constitutional-proof/src/lib.rs:1441:        let mut archive = EvidenceArchive::new();
crates/amun-constitutional-proof/src/lib.rs:1445:                EvidenceRecord::new(
crates/amun-constitutional-proof/src/lib.rs:1447:                    EvidenceType::AuditEvidence,
crates/amun-constitutional-proof/src/lib.rs:1454:                .with_status(EvidenceStatus::Archived),
crates/amun-constitutional-proof/src/lib.rs:1495:        reg.register(ProofObligation::new(
crates/amun-constitutional-proof/src/lib.rs:1506:        let archive = EvidenceArchive::new();
crates/amun-constitutional-proof/src/lib.rs:152:            ObligationNamespace::Evidence,
crates/amun-constitutional-proof/src/lib.rs:1532:            reg.register(ProofObligation::new(
crates/amun-constitutional-proof/src/lib.rs:153:            ObligationNamespace::Finality,
crates/amun-constitutional-proof/src/lib.rs:1544:        let mut archive = EvidenceArchive::new();
crates/amun-constitutional-proof/src/lib.rs:1548:                    EvidenceRecord::new(
crates/amun-constitutional-proof/src/lib.rs:1550:                        EvidenceType::AuditEvidence,
crates/amun-constitutional-proof/src/lib.rs:1557:                    .with_status(EvidenceStatus::Archived),
crates/amun-constitutional-proof/src/lib.rs:1643:            reg.register(ProofObligation::new(
crates/amun-constitutional-proof/src/lib.rs:1655:        let archive = EvidenceArchive::new();
crates/amun-constitutional-proof/src/lib.rs:167:        let id = ObligationId::new(ObligationNamespace::Finality, 3);
crates/amun-constitutional-proof/src/lib.rs:1737:            reg.register(ProofObligation::new(
crates/amun-constitutional-proof/src/lib.rs:173:    // --- ProofObligation tests (S1) ---
crates/amun-constitutional-proof/src/lib.rs:1749:        let archive = EvidenceArchive::new();
crates/amun-constitutional-proof/src/lib.rs:178:        let obl = ProofObligation::new(
crates/amun-constitutional-proof/src/lib.rs:197:        let dep = ObligationId::new(ObligationNamespace::Finality, 1);
crates/amun-constitutional-proof/src/lib.rs:198:        let obl = ProofObligation::new(
crates/amun-constitutional-proof/src/lib.rs:202:            "|Finalized| = |ReplayVerified| = |EvidenceCertified|",
crates/amun-constitutional-proof/src/lib.rs:216:        let obl = ProofObligation::new(
crates/amun-constitutional-proof/src/lib.rs:231:        let obl = ProofObligation::new(
crates/amun-constitutional-proof/src/lib.rs:242:        let obl2: ProofObligation = serde_json::from_str(&json).unwrap();
crates/amun-constitutional-proof/src/lib.rs:252:            "formal_statement": "forall b in Finalized : exists QC(b) and |signers(QC(b))| >= 2f+1",
crates/amun-constitutional-proof/src/lib.rs:258:        let obl: ProofObligation = serde_json::from_str(json).unwrap();
crates/amun-constitutional-proof/src/lib.rs:352:    fn simple_obl(id: ObligationId) -> ProofObligation {
crates/amun-constitutional-proof/src/lib.rs:353:        ProofObligation::new(
crates/amun-constitutional-proof/src/lib.rs:396:        let obl = ProofObligation::new(
crates/amun-constitutional-proof/src/lib.rs:417:        reg.register(ProofObligation::new(
crates/amun-constitutional-proof/src/lib.rs:426:        reg.register(ProofObligation::new(
crates/amun-constitutional-proof/src/lib.rs:443:        reg.register(ProofObligation::new(
crates/amun-constitutional-proof/src/lib.rs:444:            make_id(ObligationNamespace::Finality, 1),
crates/amun-constitutional-proof/src/lib.rs:452:        reg.register(ProofObligation::new(
crates/amun-constitutional-proof/src/lib.rs:453:            make_id(ObligationNamespace::Finality, 2),
crates/amun-constitutional-proof/src/lib.rs:466:    // --- Article I Certificate tests ---
crates/amun-constitutional-proof/src/lib.rs:473:            reg.register(ProofObligation::new(
crates/amun-constitutional-proof/src/lib.rs:484:        let cert = ArticleICertificate::issue(&reg, 1000);
crates/amun-constitutional-proof/src/lib.rs:500:            reg.register(ProofObligation::new(
crates/amun-constitutional-proof/src/lib.rs:510:        assert!(ArticleICertificate::issue(&reg, 1000).is_none());
crates/amun-constitutional-proof/src/lib.rs:518:            reg.register(ProofObligation::new(
crates/amun-constitutional-proof/src/lib.rs:529:        assert!(ArticleICertificate::issue(&reg, 1000).is_none());
crates/amun-constitutional-proof/src/lib.rs:601:            "N41-Finality".into(),
crates/amun-constitutional-proof/src/lib.rs:708:                ObligationId::new(ObligationNamespace::Finality, 1),
crates/amun-constitutional-proof/src/lib.rs:712:                ObligationId::new(ObligationNamespace::Finality, 2),
crates/amun-constitutional-proof/src/lib.rs:735:    fn make_obl(id: ObligationId, severity: ObligationSeverity) -> ProofObligation {
crates/amun-constitutional-proof/src/lib.rs:736:        ProofObligation::new(
crates/amun-constitutional-proof/src/lib.rs:801:            ObligationId::new(ObligationNamespace::Evidence, 1),
crates/amun-constitutional-proof/src/lib.rs:882:            ObligationId::new(ObligationNamespace::Finality, 1),
crates/amun-constitutional-proof/src/lib.rs:979:    // --- N47.3-S0: Evidence Foundation Types tests ---
crates/amun-constitutional-proof/src/lib.rs:984:        let ev = EvidenceRecord::new(
crates/amun-constitutional-proof/src/lib.rs:986:            EvidenceType::ReplayEvidence,
crates/amun-constitutional-proof/src/lib.rs:994:        assert_eq!(ev.status, EvidenceStatus::Collected);
crates/amun-constitutional-proof/src/obligation_namespace.rs:12:    Evidence,
crates/amun-constitutional-proof/src/obligation_namespace.rs:14:    Finality,
crates/amun-constitutional-proof/src/obligation_namespace.rs:30:            Self::Evidence => "EVIDENCE",
crates/amun-constitutional-proof/src/obligation_namespace.rs:31:            Self::Finality => "FINALITY",
crates/amun-constitutional-proof/src/obligation_namespace.rs:48:            "EVIDENCE" => Ok(Self::Evidence),
crates/amun-constitutional-proof/src/obligation_namespace.rs:49:            "FINALITY" => Ok(Self::Finality),
crates/amun-constitutional-proof/src/obligation_registry.rs:10:    obligations: BTreeMap<ObligationId, ProofObligation>,
crates/amun-constitutional-proof/src/obligation_registry.rs:24:    pub fn register(&mut self, obligation: ProofObligation) -> Result<(), RegistryError> {
crates/amun-constitutional-proof/src/obligation_registry.rs:5:    ProofObligation, RegistryError,
crates/amun-constitutional-proof/src/obligation_registry.rs:72:    pub fn get(&self, id: &ObligationId) -> Option<&ProofObligation> {
crates/amun-constitutional-proof/src/obligation_registry.rs:76:    pub fn all_obligations(&self) -> impl Iterator<Item = &ProofObligation> {
crates/amun-constitutional-proof/src/obligation_registry.rs:80:    pub fn by_namespace(&self, ns: ObligationSeverity) -> Vec<&ProofObligation> {
crates/amun-constitutional-proof/src/obligation_registry.rs:87:    pub fn by_severity(&self, severity: ObligationSeverity) -> Vec<&ProofObligation> {
crates/amun-constitutional-proof/src/obligation_registry.rs:94:    pub fn by_phase(&self, phase: &str) -> Vec<&ProofObligation> {
crates/amun-constitutional-proof/src/proof_obligation.rs:11:pub struct ProofObligation {
crates/amun-constitutional-proof/src/proof_obligation.rs:24:impl ProofObligation {
crates/amun-constitutional-proof/src/report_generator.rs:26:        archive: &EvidenceArchive,
crates/amun-constitutional-proof/src/report_generator.rs:3:use crate::{ConstitutionalVerdict, EvidenceArchive, ObligationRegistry, VerdictResult};
crates/amun-constitutional-proof/src/report_generator.rs:55:            "- **Total Evidence Records**: {}\n",
crates/amun-constitutional-proof/src/verdict_evaluator.rs:27:        obligations: &[ProofObligation],
crates/amun-constitutional-proof/src/verdict_evaluator.rs:48:        obligations: &[ProofObligation],
crates/amun-constitutional-proof/src/verdict_evaluator.rs:4:    ProofObligation, VerdictResult,
crates/amun-constitutional-quarantine/src/rehabilitation.rs:16:    LineageProofVerification,
crates/amun-constitutional-quarantine/src/rehabilitation.rs:33:                RehabilitationStep::LineageProofVerification,
crates/amun-constitutional-quarantine/src/rehabilitation.rs:38:                RehabilitationStep::LineageProofVerification,
crates/amun-constitutional-quarantine/src/rehabilitation.rs:44:                RehabilitationStep::LineageProofVerification,
crates/amun-constitutional-runtime/src/block_validator.rs:34:        let mut hot_store = HotProofStore::new(10000);
crates/amun-constitutional-runtime/src/block_validator.rs:35:        let mut archive = ProofArchive::new();
crates/amun-constitutional-runtime/src/block_validator.rs:3:use amun_proof_archive::hot_store::HotProofStore;
crates/amun-constitutional-runtime/src/block_validator.rs:4:use amun_proof_archive::proof_archive::ProofArchive;
crates/amun-constitutional-runtime/src/certificate_chain.rs:101:    use crate::finality_certificate::ConstitutionalFinalityCertificate;
crates/amun-constitutional-runtime/src/certificate_chain.rs:103:    use amun_transition_proof::transition_proof::TransitionProof;
crates/amun-constitutional-runtime/src/certificate_chain.rs:10:impl CertificateChain {
crates/amun-constitutional-runtime/src/certificate_chain.rs:116:    ) -> ConstitutionalFinalityCertificate {
crates/amun-constitutional-runtime/src/certificate_chain.rs:126:        let transitions = vec![TransitionProof::new(
crates/amun-constitutional-runtime/src/certificate_chain.rs:12:        certificates: Vec<crate::finality_certificate::ConstitutionalFinalityCertificate>,
crates/amun-constitutional-runtime/src/certificate_chain.rs:139:        let mut cert = ConstitutionalFinalityCertificate::issue(
crates/amun-constitutional-runtime/src/certificate_chain.rs:156:        let chain = CertificateChain::new(vec![c1, c2, c3]).unwrap();
crates/amun-constitutional-runtime/src/certificate_chain.rs:15:            return Err("Certificate chain cannot be empty".into());
crates/amun-constitutional-runtime/src/certificate_chain.rs:165:        let r1 = CertificateChain::new(vec![c1.clone(), c2.clone()])
crates/amun-constitutional-runtime/src/certificate_chain.rs:168:        let r2 = CertificateChain::new(vec![c1, c2]).unwrap().chain_root;
crates/amun-constitutional-runtime/src/certificate_chain.rs:177:        assert!(CertificateChain::new(vec![c1, c2]).is_err());
crates/amun-constitutional-runtime/src/certificate_chain.rs:184:        let mut chain = CertificateChain::new(vec![c1, c2]).unwrap();
crates/amun-constitutional-runtime/src/certificate_chain.rs:194:        assert!(CertificateChain::new(vec![c1, c2, c3]).is_err());
crates/amun-constitutional-runtime/src/certificate_chain.rs:202:        let mut chain = CertificateChain::new(vec![c1, c2, c3]).unwrap();
crates/amun-constitutional-runtime/src/certificate_chain.rs:22:                return Err(format!("Certificate at index {} is invalid", i));
crates/amun-constitutional-runtime/src/certificate_chain.rs:4:pub struct CertificateChain {
crates/amun-constitutional-runtime/src/certificate_chain.rs:5:    pub certificates: Vec<crate::finality_certificate::ConstitutionalFinalityCertificate>,
crates/amun-constitutional-runtime/src/certificate_chain.rs:71:    pub fn tip(&self) -> &crate::finality_certificate::ConstitutionalFinalityCertificate {
crates/amun-constitutional-runtime/src/certificate_chain.rs:75:    pub fn genesis(&self) -> &crate::finality_certificate::ConstitutionalFinalityCertificate {
crates/amun-constitutional-runtime/src/certificate_chain.rs:80:        certs: &[crate::finality_certificate::ConstitutionalFinalityCertificate],
crates/amun-constitutional-runtime/src/finality_certificate.rs:109:    pub fn compute_evidence_root(transitions: &[TransitionProof]) -> [u8; 32] {
crates/amun-constitutional-runtime/src/finality_certificate.rs:117:    pub fn compute_pccv_root(transitions: &[TransitionProof]) -> [u8; 32] {
crates/amun-constitutional-runtime/src/finality_certificate.rs:173:        let transitions = vec![TransitionProof::new(
crates/amun-constitutional-runtime/src/finality_certificate.rs:17:    pub transitions: Vec<TransitionProof>,
crates/amun-constitutional-runtime/src/finality_certificate.rs:186:        let cert = ConstitutionalFinalityCertificate::issue(
crates/amun-constitutional-runtime/src/finality_certificate.rs:1:use amun_transition_proof::transition_proof::TransitionProof;
crates/amun-constitutional-runtime/src/finality_certificate.rs:208:        let c1 = ConstitutionalFinalityCertificate::issue(&br, vec![], [0xaa; 32], 1, [0xbb; 32]);
crates/amun-constitutional-runtime/src/finality_certificate.rs:209:        let c2 = ConstitutionalFinalityCertificate::issue(&br, vec![], [0xaa; 32], 1, [0xbb; 32]);
crates/amun-constitutional-runtime/src/finality_certificate.rs:225:            ConstitutionalFinalityCertificate::issue(&br, vec![], [0xaa; 32], 1, [0xbb; 32]);
crates/amun-constitutional-runtime/src/finality_certificate.rs:22:impl ConstitutionalFinalityCertificate {
crates/amun-constitutional-runtime/src/finality_certificate.rs:25:        transitions: Vec<TransitionProof>,
crates/amun-constitutional-runtime/src/finality_certificate.rs:7:pub struct ConstitutionalFinalityCertificate {
crates/amun-constitutional-runtime/src/history_root.rs:108:    ) -> ConstitutionalFinalityCertificate {
crates/amun-constitutional-runtime/src/history_root.rs:118:        let transitions = vec![TransitionProof::new(
crates/amun-constitutional-runtime/src/history_root.rs:131:        let mut cert = ConstitutionalFinalityCertificate::issue(
crates/amun-constitutional-runtime/src/history_root.rs:149:        let chain = CertificateChain::new(vec![c1, c2, c3]).unwrap();
crates/amun-constitutional-runtime/src/history_root.rs:164:        let chain1 = CertificateChain::new(vec![c1.clone(), c2.clone()]).unwrap();
crates/amun-constitutional-runtime/src/history_root.rs:165:        let chain2 = CertificateChain::new(vec![c1, c2]).unwrap();
crates/amun-constitutional-runtime/src/history_root.rs:178:        let chain = CertificateChain::new(vec![c1, c2]).unwrap();
crates/amun-constitutional-runtime/src/history_root.rs:189:        let chain = CertificateChain::new(vec![c1, c2.clone()]).unwrap();
crates/amun-constitutional-runtime/src/history_root.rs:19:    pub fn from_chain(chain: &CertificateChain) -> Self {
crates/amun-constitutional-runtime/src/history_root.rs:1:use crate::certificate_chain::CertificateChain;
crates/amun-constitutional-runtime/src/history_root.rs:52:    pub fn verify_chain(&self, chain: &CertificateChain) -> bool {
crates/amun-constitutional-runtime/src/history_root.rs:68:    fn compute_history_root(chain: &CertificateChain) -> [u8; 32] {
crates/amun-constitutional-runtime/src/history_root.rs:92:    use crate::certificate_chain::CertificateChain;
crates/amun-constitutional-runtime/src/history_root.rs:93:    use crate::finality_certificate::ConstitutionalFinalityCertificate;
crates/amun-constitutional-runtime/src/history_root.rs:95:    use amun_transition_proof::transition_proof::TransitionProof;
crates/amun-constitutional-runtime/src/runtime_pipeline.rs:100:            let evidence: Vec<ConstitutionalEvidence> = vec![];
crates/amun-constitutional-runtime/src/runtime_pipeline.rs:104:            let proof = TransitionProof::new(
crates/amun-constitutional-runtime/src/runtime_pipeline.rs:10:use amun_transition_proof::transition_proof::TransitionProof;
crates/amun-constitutional-runtime/src/runtime_pipeline.rs:149:        // Phase 6: Build TransitionProof via ProofBuilder
crates/amun-constitutional-runtime/src/runtime_pipeline.rs:150:        let proof = ProofBuilder::build(
crates/amun-constitutional-runtime/src/runtime_pipeline.rs:163:        use amun_pccv::transition_proof_engine::TransitionProofEngine as PCCVEngine;
crates/amun-constitutional-runtime/src/runtime_pipeline.rs:187:            let evidence = ConstitutionalEvidence::ExecutionFailure {
crates/amun-constitutional-runtime/src/runtime_pipeline.rs:195:            let proof = TransitionProof::new(
crates/amun-constitutional-runtime/src/runtime_pipeline.rs:20:        transition_proof: TransitionProof,
crates/amun-constitutional-runtime/src/runtime_pipeline.rs:241:        let mut hot_store = HotProofStore::new(100);
crates/amun-constitutional-runtime/src/runtime_pipeline.rs:242:        let mut archive = ProofArchive::new();
crates/amun-constitutional-runtime/src/runtime_pipeline.rs:25:        evidence: Vec<ConstitutionalEvidence>,
crates/amun-constitutional-runtime/src/runtime_pipeline.rs:26:        transition_proof: TransitionProof,
crates/amun-constitutional-runtime/src/runtime_pipeline.rs:283:        let mut hot_store = HotProofStore::new(100);
crates/amun-constitutional-runtime/src/runtime_pipeline.rs:284:        let mut archive = ProofArchive::new();
crates/amun-constitutional-runtime/src/runtime_pipeline.rs:317:        let mut hot_store = HotProofStore::new(100);
crates/amun-constitutional-runtime/src/runtime_pipeline.rs:318:        let mut archive = ProofArchive::new();
crates/amun-constitutional-runtime/src/runtime_pipeline.rs:36:    /// → Invariants → Evidence → TransitionProof → PCCV → Archive
crates/amun-constitutional-runtime/src/runtime_pipeline.rs:3:use amun_evidence_engine::evidence_types::ConstitutionalEvidence;
crates/amun-constitutional-runtime/src/runtime_pipeline.rs:43:        hot_store: &mut HotProofStore,
crates/amun-constitutional-runtime/src/runtime_pipeline.rs:44:        archive: &mut ProofArchive,
crates/amun-constitutional-runtime/src/runtime_pipeline.rs:68:            let evidence = ConstitutionalEvidence::ExecutionFailure {
crates/amun-constitutional-runtime/src/runtime_pipeline.rs:6:use amun_proof_archive::hot_store::HotProofStore;
crates/amun-constitutional-runtime/src/runtime_pipeline.rs:76:            let proof = TransitionProof::new(
crates/amun-constitutional-runtime/src/runtime_pipeline.rs:7:use amun_proof_archive::proof_archive::ProofArchive;
crates/amun-constitutional-runtime/src/runtime_pipeline.rs:9:use amun_transition_proof::proof_builder::ProofBuilder;
crates/amun-constitutional-semantics/src/lib.rs:116:    #[test] fn test_finality_progression() { assert!(EventFinality::Tentative < EventFinality::Finalized); assert!(EventFinality::Finalized < EventFinality::ReplayCertified); }
crates/amun-constitutional-semantics/src/lib.rs:117:    #[test] fn test_finality_replay_safety() { assert!(!EventFinality::Tentative.is_replay_safe()); assert!(EventFinality::Finalized.is_replay_safe()); }
crates/amun-constitutional-semantics/src/lib.rs:118:    #[test] fn test_witness_normalization_deterministic() { let w = vec![(ReplayDomain::Consensus,2,[0x02;32]),(ReplayDomain::Consensus,1,[0x01;32])]; assert_eq!(WitnessNormalization::normalize(&w).normalization_root, WitnessNormalization::normalize(&w).normalization_root); }
crates/amun-constitutional-semantics/src/lib.rs:121:    #[test] fn test_authority_binding() { let b = AuthorityBinding { authority: EventAuthority::Authoritative, authority_set_root: [0xAA;32], authority_epoch: [0xBB;32], authority_proof: AuthorityProof::SingleSignature { validator_id: 1, signature: [0;64] } }; assert!(b.verify_binding(EventAuthority::Authoritative)); assert!(!b.verify_binding(EventAuthority::Derived)); }
crates/amun-constitutional-semantics/src/lib.rs:26:// ─── Event Finality ────────────────────────────────────────
crates/amun-constitutional-semantics/src/lib.rs:27:#[derive(Debug, Clone, Copy, PartialEq, Eq, PartialOrd, Ord)] pub enum EventFinality { Tentative, QuorumAccepted, Finalized, ReplayCertified }
crates/amun-constitutional-semantics/src/lib.rs:28:impl EventFinality {
crates/amun-constitutional-semantics/src/lib.rs:29:    pub fn is_replay_safe(&self) -> bool { matches!(self, EventFinality::Finalized | EventFinality::ReplayCertified) }
crates/amun-constitutional-semantics/src/lib.rs:30:    pub fn is_immutable(&self) -> bool { matches!(self, EventFinality::Finalized | EventFinality::ReplayCertified) }
crates/amun-constitutional-semantics/src/lib.rs:32:#[derive(Debug, Clone, PartialEq, Eq)] pub struct FinalizedEvent { pub event: TranscriptEntry, pub finality: EventFinality, pub finalized_at_sequence: Option<u64>, pub commitment_root: Option<[u8; 32]> }
crates/amun-constitutional-semantics/src/lib.rs:34:    pub fn new(event: TranscriptEntry, finality: EventFinality) -> Self { Self { event, finality, finalized_at_sequence: None, commitment_root: None } }
crates/amun-constitutional-semantics/src/lib.rs:35:    pub fn with_finalization(mut self, at_sequence: u64, commitment: [u8; 32]) -> Self { self.finality = EventFinality::Finalized; self.finalized_at_sequence = Some(at_sequence); self.commitment_root = Some(commitment); self }
crates/amun-constitutional-semantics/src/lib.rs:36:    pub fn with_replay_certification(mut self, at_sequence: u64) -> Self { self.finality = EventFinality::ReplayCertified; self.finalized_at_sequence = Some(at_sequence); self }
crates/amun-constitutional-semantics/src/lib.rs:40:#[derive(Debug, Clone, PartialEq, Eq)] pub enum AuthorityProof { SingleSignature { validator_id: u64, signature: [u8; 64] }, ThresholdSignature { signer_ids: Vec<u64>, aggregate_signature: [u8; 96] }, ConstitutionalGrant { grant_proof: [u8; 32] }, SelfCertifying { derivation_proof: [u8; 32] } }
crates/amun-constitutional-semantics/src/lib.rs:41:#[derive(Debug, Clone, PartialEq, Eq)] pub struct AuthorityBinding { pub authority: EventAuthority, pub authority_set_root: [u8; 32], pub authority_epoch: [u8; 32], pub authority_proof: AuthorityProof }
crates/amun-constitutional-semantics/src/lib.rs:47:// ─── Witness Normalization ─────────────────────────────────
crates/amun-constitutional-semantics/src/lib.rs:48:#[derive(Debug, Clone, PartialEq, Eq)] pub struct NormalizedWitness { pub domain: ReplayDomain, pub sequence: u64, pub witness_hash: [u8; 32] }
crates/amun-constitutional-semantics/src/lib.rs:49:#[derive(Debug, Clone, PartialEq, Eq)] pub struct WitnessNormalization { pub witnesses: Vec<NormalizedWitness>, pub normalization_root: [u8; 32], pub normalization_version: u32 }
crates/amun-constitutional-semantics/src/lib.rs:50:impl WitnessNormalization {
crates/amun-constitutional-semantics/src/lib.rs:53:        let n: Vec<_> = sorted.iter().map(|(d,s,h)| NormalizedWitness { domain:*d, sequence:*s, witness_hash:*h }).collect();
crates/amun-constitutional-state/src/lib.rs:197:pub struct ReplayCertificate {
crates/amun-constitutional-state/src/lib.rs:223:    ) -> ReplayCertificate {
crates/amun-constitutional-state/src/lib.rs:224:        ReplayCertificate {
crates/amun-constitutional-state/src/lib.rs:234:impl ReplayCertificate {
crates/amun-constitutional-state/src/lib.rs:277:impl ReplayCertificate {
crates/amun-constitutional-state/src/lib.rs:357:    /// Build a Merkle root from multiple ReplayCertificates.
crates/amun-constitutional-state/src/lib.rs:359:    pub fn certificate_merkle_root(certificates: &[ReplayCertificate]) -> [u8; 32] {
crates/amun-constitutional-state/src/lib.rs:402:use amun_constitutional_commitments::smt::MerkleProof;
crates/amun-constitutional-state/src/lib.rs:404:/// A Merkle proof that a specific ReplayCertificate is included
crates/amun-constitutional-state/src/lib.rs:407:pub struct CertificateInclusionProof {
crates/amun-constitutional-state/src/lib.rs:410:    pub proof: MerkleProof,
crates/amun-constitutional-state/src/lib.rs:418:        certificates: &[ReplayCertificate],
crates/amun-constitutional-state/src/lib.rs:420:    ) -> Option<CertificateInclusionProof> {
crates/amun-constitutional-state/src/lib.rs:431:        Some(CertificateInclusionProof {
crates/amun-constitutional-state/src/lib.rs:440:impl CertificateInclusionProof {
crates/amun-constitutional-verifier/src/verifier.rs:143:        let qc = QuorumCertificate::new(pos, 0, block, [0x00; 32], votes);
crates/amun-constitutional-verifier/src/verifier.rs:2:use amun_quorum_certificate::QuorumCertificate;
crates/amun-constitutional-verifier/src/verifier.rs:58:/// Verify vote uniqueness in a QC
crates/amun-constitutional-verifier/src/verifier.rs:59:pub fn verify_vote_uniqueness(qc: &QuorumCertificate) -> bool {
crates/amun-constitutional-verifier/src/verifier.rs:5:/// Verify a QuorumCertificate structurally
crates/amun-constitutional-verifier/src/verifier.rs:6:pub fn verify_qc(qc: &QuorumCertificate, validator_set: &ValidatorSet) -> bool {
crates/amun-constitutional-verifier/src/verifier.rs:70:/// Get quorum status for a QC
crates/amun-constitutional-verifier/src/verifier.rs:71:pub fn check_quorum(qc: &QuorumCertificate, validator_set: &ValidatorSet) -> Result<u64, String> {
crates/amun-constitutional/src/architectural_invariants.rs:155:/// INVARIANT 11: Constitutional Proof Sufficiency
crates/amun-constitutional/src/architectural_invariants.rs:22:/// INVARIANT 2: Certificate Non-Authority
crates/amun-constitutional/src/architectural_invariants.rs:24:/// A ReplayCertificate attests replay ADMISSIBILITY, not
crates/amun-constitutional/src/architectural_invariants.rs:25:/// execution finality. Certificate existence does NOT imply
crates/amun-constitutional/src/architectural_invariants.rs:280:/// INVARIANT 22: Proof Routing Non-Influence
crates/amun-constitutional/src/architectural_invariants.rs:282:/// Proof routing must never influence constitutional admissibility.
crates/amun-constitutional/src/architectural_invariants.rs:28:/// CONSEQUENCE: Certificates are replay witnesses, not
crates/amun-constitutional/src/architectural_invariants.rs:291:    "Proof routing must never influence constitutional admissibility.";
crates/amun-constitutional/src/architectural_invariants.rs:29:/// consensus proofs. Finality is a consensus concern layered
crates/amun-constitutional/src/architectural_invariants.rs:32:    "Certificate attests admissibility, not finality. Finality is above the kernel.";
crates/amun-constitutional/src/artifact_graph.rs:163:                ArtifactEdgeType::EvidenceToCommitment,
crates/amun-constitutional/src/artifact_graph.rs:188:            ArtifactEdgeType::EvidenceToCommitment,
crates/amun-constitutional/src/artifact_graph.rs:200:            ArtifactEdgeType::EvidenceToCommitment,
crates/amun-constitutional/src/artifact_graph.rs:206:            g.edges_of_type(ArtifactEdgeType::EvidenceToCommitment)
crates/amun-constitutional/src/artifact_graph.rs:215:            ArtifactEdgeType::EvidenceToCommitment,
crates/amun-constitutional/src/artifact_graph.rs:219:            ArtifactEdgeType::JournalToEvidence,
crates/amun-constitutional/src/artifact_graph.rs:221:            ArtifactEdgeType::CertificateToReceipt,
crates/amun-constitutional/src/artifact_graph.rs:22:    EvidenceToCommitment,
crates/amun-constitutional/src/artifact_graph.rs:232:            ArtifactEdgeType::EvidenceToCommitment,
crates/amun-constitutional/src/artifact_graph.rs:26:    JournalToEvidence,
crates/amun-constitutional/src/artifact_graph.rs:28:    CertificateToReceipt,
crates/amun-constitutional/src/canonical_witness.rs:100:            entry(WitnessType::AuditDependency, [0x04; 32]),
crates/amun-constitutional/src/canonical_witness.rs:104:        assert_eq!(entries[0].witness_type, WitnessType::HardDependency);
crates/amun-constitutional/src/canonical_witness.rs:105:        assert_eq!(entries[3].witness_type, WitnessType::CompressionElidable);
crates/amun-constitutional/src/canonical_witness.rs:10://!   1. WitnessType priority (HardDependency first, then Supporting, Audit, Elidable)
crates/amun-constitutional/src/canonical_witness.rs:111:            entry(WitnessType::HardDependency, [0xCC; 32]),
crates/amun-constitutional/src/canonical_witness.rs:112:            entry(WitnessType::HardDependency, [0xAA; 32]),
crates/amun-constitutional/src/canonical_witness.rs:113:            entry(WitnessType::HardDependency, [0xBB; 32]),
crates/amun-constitutional/src/canonical_witness.rs:11://!   2. Artifact hash (lexicographic) within same WitnessType
crates/amun-constitutional/src/canonical_witness.rs:124:            entry(WitnessType::HardDependency, [0xAA; 32]),
crates/amun-constitutional/src/canonical_witness.rs:125:            entry(WitnessType::HardDependency, [0xBB; 32]),
crates/amun-constitutional/src/canonical_witness.rs:126:            entry(WitnessType::SupportingDependency, [0xCC; 32]),
crates/amun-constitutional/src/canonical_witness.rs:134:            entry(WitnessType::SupportingDependency, [0xAA; 32]),
crates/amun-constitutional/src/canonical_witness.rs:135:            entry(WitnessType::HardDependency, [0xBB; 32]),
crates/amun-constitutional/src/canonical_witness.rs:13:use crate::constitutional_witness::WitnessEntry;
crates/amun-constitutional/src/canonical_witness.rs:142:        use crate::constitutional_witness::ConstitutionalWitness;
crates/amun-constitutional/src/canonical_witness.rs:144:            entry(WitnessType::CompressionElidable, [0x01; 32]),
crates/amun-constitutional/src/canonical_witness.rs:145:            entry(WitnessType::HardDependency, [0x02; 32]),
crates/amun-constitutional/src/canonical_witness.rs:147:        let w = ConstitutionalWitness::new(1, 1, 1, [0xAA; 32], [0xAB; 32], entries);
crates/amun-constitutional/src/canonical_witness.rs:14:use crate::witness_type::WitnessType;
crates/amun-constitutional/src/canonical_witness.rs:155:        use crate::constitutional_witness::ConstitutionalWitness;
crates/amun-constitutional/src/canonical_witness.rs:157:            entry(WitnessType::HardDependency, [0xAA; 32]),
crates/amun-constitutional/src/canonical_witness.rs:158:            entry(WitnessType::SupportingDependency, [0xBB; 32]),
crates/amun-constitutional/src/canonical_witness.rs:160:        let w = ConstitutionalWitness::new(1, 1, 1, [0xAA; 32], [0xAB; 32], entries);
crates/amun-constitutional/src/canonical_witness.rs:1://! Canonical Witness Ordering — deterministic proof surface.
crates/amun-constitutional/src/canonical_witness.rs:23:///   5. Within the same WitnessType, entries are sorted by artifact_hash (lexicographic)
crates/amun-constitutional/src/canonical_witness.rs:27:pub fn canonical_order(entries: &mut [WitnessEntry]) {
crates/amun-constitutional/src/canonical_witness.rs:29:        // Primary sort: WitnessType priority
crates/amun-constitutional/src/canonical_witness.rs:43:fn type_priority(wt: WitnessType) -> u8 {
crates/amun-constitutional/src/canonical_witness.rs:45:        WitnessType::HardDependency => 0,
crates/amun-constitutional/src/canonical_witness.rs:46:        WitnessType::SupportingDependency => 1,
crates/amun-constitutional/src/canonical_witness.rs:47:        WitnessType::AuditDependency => 2,
crates/amun-constitutional/src/canonical_witness.rs:48:        WitnessType::CompressionElidable => 3,
crates/amun-constitutional/src/canonical_witness.rs:55:    witness: &crate::constitutional_witness::ConstitutionalWitness,
crates/amun-constitutional/src/canonical_witness.rs:56:) -> crate::constitutional_witness::ConstitutionalWitness {
crates/amun-constitutional/src/canonical_witness.rs:59:    crate::constitutional_witness::ConstitutionalWitness::new(
crates/amun-constitutional/src/canonical_witness.rs:5://!   - Proof portability across runtimes
crates/amun-constitutional/src/canonical_witness.rs:6://!   - Witness caching and equivalence checking
crates/amun-constitutional/src/canonical_witness.rs:70:pub fn is_canonical(entries: &[WitnessEntry]) -> bool {
crates/amun-constitutional/src/canonical_witness.rs:90:    fn entry(wt: WitnessType, hash: [u8; 32]) -> WitnessEntry {
crates/amun-constitutional/src/canonical_witness.rs:91:        WitnessEntry::new(hash, wt)
crates/amun-constitutional/src/canonical_witness.rs:97:            entry(WitnessType::CompressionElidable, [0x01; 32]),
crates/amun-constitutional/src/canonical_witness.rs:98:            entry(WitnessType::HardDependency, [0x02; 32]),
crates/amun-constitutional/src/canonical_witness.rs:99:            entry(WitnessType::SupportingDependency, [0x03; 32]),
crates/amun-constitutional/src/canonical_witness.rs:9://! RULE: Witness entries are ordered canonically by:
crates/amun-constitutional/src/certificate_scope.rs:104:    pub fn relationship_to(&self, other: &CertificateScope) -> ScopeRelationship {
crates/amun-constitutional/src/certificate_scope.rs:158:        parent: &CertificateScope,
crates/amun-constitutional/src/certificate_scope.rs:174:    fn make_scope(start: u64, end: u64, outcome: ReplayOutcome) -> CertificateScope {
crates/amun-constitutional/src/certificate_scope.rs:175:        CertificateScope {
crates/amun-constitutional/src/certificate_scope.rs:1://! CertificateScope — the admissibility envelope of a replay certificate.
crates/amun-constitutional/src/certificate_scope.rs:46:pub struct CertificateScope {
crates/amun-constitutional/src/certificate_scope.rs:69:impl CertificateScope {
crates/amun-constitutional/src/constitutional_witness.rs:106:impl ConstitutionalObject for ConstitutionalWitness {
crates/amun-constitutional/src/constitutional_witness.rs:141:                "Witness must contain at least one entry",
crates/amun-constitutional/src/constitutional_witness.rs:154:                "Witness hash mismatch",
crates/amun-constitutional/src/constitutional_witness.rs:18:use crate::witness_type::WitnessType;
crates/amun-constitutional/src/constitutional_witness.rs:198:impl ConstitutionalWitness {
crates/amun-constitutional/src/constitutional_witness.rs:1://! ConstitutionalWitness — a formally sufficient constitutional proof surface.
crates/amun-constitutional/src/constitutional_witness.rs:205:        entries: Vec<WitnessEntry>,
crates/amun-constitutional/src/constitutional_witness.rs:22:pub struct WitnessEntry {
crates/amun-constitutional/src/constitutional_witness.rs:237:    pub fn minimal_subset(&self) -> Vec<&WitnessEntry> {
crates/amun-constitutional/src/constitutional_witness.rs:242:    pub fn compressed_subset(&self) -> Vec<&WitnessEntry> {
crates/amun-constitutional/src/constitutional_witness.rs:257:            WitnessEntry::hard([0xAA; 32]),
crates/amun-constitutional/src/constitutional_witness.rs:258:            WitnessEntry::supporting([0xBB; 32]),
crates/amun-constitutional/src/constitutional_witness.rs:259:            WitnessEntry::audit([0xCC; 32]),
crates/amun-constitutional/src/constitutional_witness.rs:261:        let w = ConstitutionalWitness::new(1, 1, 1, [0xDD; 32], [0xAB; 32], entries);
crates/amun-constitutional/src/constitutional_witness.rs:26:    pub witness_type: WitnessType,
crates/amun-constitutional/src/constitutional_witness.rs:270:            WitnessEntry::hard([0xAA; 32]),
crates/amun-constitutional/src/constitutional_witness.rs:271:            WitnessEntry::hard([0xBB; 32]),
crates/amun-constitutional/src/constitutional_witness.rs:272:            WitnessEntry::supporting([0xCC; 32]),
crates/amun-constitutional/src/constitutional_witness.rs:273:            WitnessEntry::elidable([0xDD; 32]),
crates/amun-constitutional/src/constitutional_witness.rs:275:        let w = ConstitutionalWitness::new(1, 1, 1, [0xEE; 32], [0xAB; 32], entries);
crates/amun-constitutional/src/constitutional_witness.rs:284:            WitnessEntry::hard([0xAA; 32]),
crates/amun-constitutional/src/constitutional_witness.rs:285:            WitnessEntry::elidable([0xBB; 32]),
crates/amun-constitutional/src/constitutional_witness.rs:286:            WitnessEntry::elidable([0xCC; 32]),
crates/amun-constitutional/src/constitutional_witness.rs:288:        let w = ConstitutionalWitness::new(1, 1, 1, [0xDD; 32], [0xAB; 32], entries);
crates/amun-constitutional/src/constitutional_witness.rs:296:        let w = ConstitutionalWitness::new(1, 1, 1, [0xDD; 32], [0xAB; 32], vec![]);
crates/amun-constitutional/src/constitutional_witness.rs:302:        let entries = vec![WitnessEntry::hard([0xAA; 32])];
crates/amun-constitutional/src/constitutional_witness.rs:303:        let mut w = ConstitutionalWitness::new(1, 1, 1, [0xDD; 32], [0xAB; 32], entries);
crates/amun-constitutional/src/constitutional_witness.rs:312:            WitnessEntry::hard([0xAA; 32]),
crates/amun-constitutional/src/constitutional_witness.rs:313:            WitnessEntry::supporting([0xBB; 32]),
crates/amun-constitutional/src/constitutional_witness.rs:315:        let w1 = ConstitutionalWitness::new(1, 1, 1, [0xDD; 32], [0xAB; 32], e1);
crates/amun-constitutional/src/constitutional_witness.rs:317:            WitnessEntry::hard([0xAA; 32]),
crates/amun-constitutional/src/constitutional_witness.rs:318:            WitnessEntry::supporting([0xBB; 32]),
crates/amun-constitutional/src/constitutional_witness.rs:31:impl WitnessEntry {
crates/amun-constitutional/src/constitutional_witness.rs:320:        let w2 = ConstitutionalWitness::new(1, 1, 1, [0xDD; 32], [0xAB; 32], e2);
crates/amun-constitutional/src/constitutional_witness.rs:327:            WitnessEntry::hard([0xAA; 32]),
crates/amun-constitutional/src/constitutional_witness.rs:328:            WitnessEntry::supporting([0xBB; 32]),
crates/amun-constitutional/src/constitutional_witness.rs:32:    pub fn new(artifact_hash: ConstitutionalHash, witness_type: WitnessType) -> Self {
crates/amun-constitutional/src/constitutional_witness.rs:331:            WitnessEntry::supporting([0xBB; 32]),
crates/amun-constitutional/src/constitutional_witness.rs:332:            WitnessEntry::hard([0xAA; 32]),
crates/amun-constitutional/src/constitutional_witness.rs:334:        let w1 = ConstitutionalWitness::new(1, 1, 1, [0xDD; 32], [0xAB; 32], e1);
crates/amun-constitutional/src/constitutional_witness.rs:335:        let w2 = ConstitutionalWitness::new(1, 1, 1, [0xDD; 32], [0xAB; 32], e2);
crates/amun-constitutional/src/constitutional_witness.rs:41:        Self::new(artifact_hash, WitnessType::HardDependency)
crates/amun-constitutional/src/constitutional_witness.rs:45:        Self::new(artifact_hash, WitnessType::SupportingDependency)
crates/amun-constitutional/src/constitutional_witness.rs:49:        Self::new(artifact_hash, WitnessType::AuditDependency)
crates/amun-constitutional/src/constitutional_witness.rs:53:        Self::new(artifact_hash, WitnessType::CompressionElidable)
crates/amun-constitutional/src/constitutional_witness.rs:66:pub struct ConstitutionalWitness {
crates/amun-constitutional/src/constitutional_witness.rs:6://! INVARIANT: Every artifact in the witness has a defined WitnessType.
crates/amun-constitutional/src/constitutional_witness.rs:76:    pub entries: Vec<WitnessEntry>,
crates/amun-constitutional/src/constitutional_witness.rs:91:impl ConstitutionalIdentity for ConstitutionalWitness {
crates/amun-constitutional/src/execution_limits.rs:157:                "Proof depth exceeds transition depth",
crates/amun-constitutional/src/execution_limits.rs:20:pub struct ProofLimits {
crates/amun-constitutional/src/execution_limits.rs:46:    pub proof: ProofLimits,
crates/amun-constitutional/src/execution_limits.rs:74:            proof: ProofLimits {
crates/amun-constitutional/src/execution_receipt.rs:15://!   The certificate_hash links to a ReplayCertificate that attests
crates/amun-constitutional/src/execution_receipt.rs:41:/// # Certificate Semantics
crates/amun-constitutional/src/execution_receipt.rs:42:/// `certificate_hash` links to a ReplayCertificate. The certificate model
crates/amun-constitutional/src/execution_receipt.rs:44:/// admissible, not that it achieved finality. Finality is a consensus concern
crates/amun-constitutional/src/execution_receipt.rs:72:    /// Certificate attesting replay admissibility (admissibility-first model).
crates/amun-constitutional/src/hash_domain_registry.rs:48:    /// Witness + proof domains
crates/amun-constitutional/src/hash_domains.rs:33:/// Domain: TransitionEvidence objects
crates/amun-constitutional/src/hash_domains.rs:45:/// Domain: ReplayCertificate objects
crates/amun-constitutional/src/lib.rs:103:pub use certificate_scope::{CertificateScope, ScopeRelationship};
crates/amun-constitutional/src/lib.rs:107:pub use constitutional_witness::{ConstitutionalWitness, WitnessEntry};
crates/amun-constitutional/src/lib.rs:121:pub use replay_certificate::ReplayCertificate;
crates/amun-constitutional/src/lib.rs:124:pub use revision_migration::{MigrationPath, RevisionCompatibility, UpgradeProof};
crates/amun-constitutional/src/lib.rs:131:pub use transition_evidence::TransitionEvidence;
crates/amun-constitutional/src/lib.rs:132:pub use witness_type::WitnessType;
crates/amun-constitutional/src/lib.rs:56:// Receipt + Certificate + State Anchor + Snapshot
crates/amun-constitutional/src/lib.rs:80:// Witness semantics
crates/amun-constitutional/src/lib.rs:84:// Proof graph correctness
crates/amun-constitutional/src/replay_certificate.rs:130:impl ReplayCertificate {
crates/amun-constitutional/src/replay_certificate.rs:144:        let scope = CertificateScope {
crates/amun-constitutional/src/replay_certificate.rs:179:        parent: &ReplayCertificate,
crates/amun-constitutional/src/replay_certificate.rs:18:pub struct ReplayCertificate {
crates/amun-constitutional/src/replay_certificate.rs:1://! ReplayCertificate — cryptographically scoped admissibility envelope.
crates/amun-constitutional/src/replay_certificate.rs:205:    ) -> ReplayCertificate {
crates/amun-constitutional/src/replay_certificate.rs:206:        ReplayCertificate::new(
crates/amun-constitutional/src/replay_certificate.rs:247:        let c = ReplayCertificate::new(
crates/amun-constitutional/src/replay_certificate.rs:25:    pub scope: CertificateScope,
crates/amun-constitutional/src/replay_certificate.rs:32:impl ConstitutionalIdentity for ReplayCertificate {
crates/amun-constitutional/src/replay_certificate.rs:47:impl ConstitutionalObject for ReplayCertificate {
crates/amun-constitutional/src/replay_certificate.rs:4://!   Certificate VALIDITY is determined within the constitutional kernel.
crates/amun-constitutional/src/replay_certificate.rs:5://!   Certificate AUTHORITY (finality) is determined by the consensus layer.
crates/amun-constitutional/src/replay_certificate.rs:7:use crate::certificate_scope::CertificateScope;
crates/amun-constitutional/src/replay_certificate.rs:82:                "Certificate scope end before start",
crates/amun-constitutional/src/replay_certificate.rs:95:                "Certificate hash mismatch",
crates/amun-constitutional/src/revision_migration.rs:131:        let proof = UpgradeProof::new([0x01; 32], [0x02; 32], [0x03; 32]);
crates/amun-constitutional/src/revision_migration.rs:83:/// Proof that an artifact has been upgraded across a revision boundary.
crates/amun-constitutional/src/revision_migration.rs:85:pub struct UpgradeProof {
crates/amun-constitutional/src/revision_migration.rs:96:impl UpgradeProof {
crates/amun-constitutional/src/schema_registry.rs:61:    /// TransitionEvidence
crates/amun-constitutional/src/schema_registry.rs:69:    /// ReplayCertificate
crates/amun-constitutional/src/schema_registry.rs:83:    /// CausalEdge — FIXED: was 0x0014 colliding with ConstitutionalWitness
crates/amun-constitutional/src/schema_registry.rs:85:    /// ConstitutionalWitness — FIXED: now 0x0015 (was 0x0014)
crates/amun-constitutional/src/snapshot.rs:54:    /// Certificate attesting admissibility of the anchor.
crates/amun-constitutional/src/state_anchor.rs:46:    /// Certificate that attests to the admissibility of this state.
crates/amun-constitutional/src/transition_evidence.rs:129:        let e = TransitionEvidence::new(1, [0xAB; 32], [0xBB; 32], [0xCC; 32], 0, None, [0xDD; 32]);
crates/amun-constitutional/src/transition_evidence.rs:26:impl ConstitutionalIdentity for TransitionEvidence {
crates/amun-constitutional/src/transition_evidence.rs:41:impl ConstitutionalObject for TransitionEvidence {
crates/amun-constitutional/src/transition_evidence.rs:93:impl TransitionEvidence {
crates/amun-constitutional/src/transition_evidence.rs:9:pub struct TransitionEvidence {
crates/amun-constitutional/src/witness_type.rs:13:pub enum WitnessType {
crates/amun-constitutional/src/witness_type.rs:1://! WitnessType — classifies artifacts within a constitutional witness.
crates/amun-constitutional/src/witness_type.rs:34:impl WitnessType {
crates/amun-constitutional/src/witness_type.rs:43:        matches!(self, WitnessType::HardDependency)
crates/amun-constitutional/src/witness_type.rs:48:        matches!(self, WitnessType::CompressionElidable)
crates/amun-constitutional/src/witness_type.rs:56:            WitnessType::AuditDependency | WitnessType::CompressionElidable
crates/amun-constitutional/src/witness_type.rs:66:        assert!(WitnessType::HardDependency.is_required());
crates/amun-constitutional/src/witness_type.rs:67:        assert!(!WitnessType::SupportingDependency.is_required());
crates/amun-constitutional/src/witness_type.rs:68:        assert!(!WitnessType::AuditDependency.is_required());
crates/amun-constitutional/src/witness_type.rs:69:        assert!(!WitnessType::CompressionElidable.is_required());
crates/amun-constitutional/src/witness_type.rs:73:        assert!(WitnessType::CompressionElidable.is_elidable());
crates/amun-constitutional/src/witness_type.rs:74:        assert!(!WitnessType::HardDependency.is_elidable());
crates/amun-constitutional/src/witness_type.rs:78:        assert!(WitnessType::AuditDependency.is_non_essential());
crates/amun-constitutional/src/witness_type.rs:79:        assert!(WitnessType::CompressionElidable.is_non_essential());
crates/amun-constitutional/src/witness_type.rs:80:        assert!(!WitnessType::HardDependency.is_non_essential());
crates/amun-contract-fuzzing/tests/n171_fuzzing_tests.rs:12:        "Evidence mismatches: {}",
crates/amun-contract-fuzzing/tests/n171_fuzzing_tests.rs:30:        "Evidence mismatches: {}",
crates/amun-contract-fuzzing/tests/n171_fuzzing_tests.rs:47:        "Evidence mismatches: {}",
crates/amun-contract-security/src/lib.rs:146:        details: "Evidence root consistent".into(),
crates/amun-cross-contract/src/transfer_proof.rs:25:impl CrossContractTransferProof {
crates/amun-cross-contract/src/transfer_proof.rs:8:pub struct CrossContractTransferProof {
crates/amun-cross-contract/src/transfer_registry.rs:114:            ConstitutionalEvidence::ConstitutionalViolation { law, .. } => {
crates/amun-cross-contract/src/transfer_registry.rs:123:        let p1 = CrossContractTransferProof::new(
crates/amun-cross-contract/src/transfer_registry.rs:131:        let p2 = CrossContractTransferProof::new(
crates/amun-cross-contract/src/transfer_registry.rs:13:impl TransferProofRegistry {
crates/amun-cross-contract/src/transfer_registry.rs:24:        proof: &CrossContractTransferProof,
crates/amun-cross-contract/src/transfer_registry.rs:28:    ) -> Result<(), Box<ConstitutionalEvidence>> {
crates/amun-cross-contract/src/transfer_registry.rs:30:            return Err(Box::new(ConstitutionalEvidence::ConstitutionalViolation {
crates/amun-cross-contract/src/transfer_registry.rs:3:use amun_evidence_engine::evidence_types::ConstitutionalEvidence;
crates/amun-cross-contract/src/transfer_registry.rs:64:        let mut registry = TransferProofRegistry::new();
crates/amun-cross-contract/src/transfer_registry.rs:65:        let proof = CrossContractTransferProof::new(
crates/amun-cross-contract/src/transfer_registry.rs:6:use crate::transfer_proof::CrossContractTransferProof;
crates/amun-cross-contract/src/transfer_registry.rs:80:        let mut registry = TransferProofRegistry::new();
crates/amun-cross-contract/src/transfer_registry.rs:81:        let proof = CrossContractTransferProof::new(
crates/amun-cross-contract/src/transfer_registry.rs:98:        let mut registry = TransferProofRegistry::new();
crates/amun-cross-contract/src/transfer_registry.rs:99:        let proof = CrossContractTransferProof::new(
crates/amun-cross-contract/src/transfer_registry.rs:9:pub struct TransferProofRegistry {
crates/amun-crypto-hardening/src/key_rotation.rs:129:        let cert = KeyRotationCertificate::new(1, old_kp.public_key, new_kp.public_key, sig, 1000);
crates/amun-crypto-hardening/src/key_rotation.rs:13:impl KeyRotationCertificate {
crates/amun-crypto-hardening/src/key_rotation.rs:148:            let cert = KeyRotationCertificate::new(
crates/amun-crypto-hardening/src/key_rotation.rs:175:        let cert = KeyRotationCertificate::new(5, kp1.public_key, kp2.public_key, sig, 1000);
crates/amun-crypto-hardening/src/key_rotation.rs:4:pub struct KeyRotationCertificate {
crates/amun-crypto-hardening/src/key_rotation.rs:56:    pub rotations: Vec<KeyRotationCertificate>,
crates/amun-crypto-hardening/src/key_rotation.rs:68:    pub fn add_rotation(&mut self, cert: KeyRotationCertificate) -> Result<(), String> {
crates/amun-defi-evidence/src/lib.rs:3:pub struct DefiEvidence;
crates/amun-defi-evidence/src/lib.rs:5:impl DefiEvidence {
crates/amun-defi-evidence/tests/n153_evidence_tests.rs:12:    let e1 = DefiEvidence::generate_swap_evidence([1u8; 32], [10u8; 32], 100, 90, 42);
crates/amun-defi-evidence/tests/n153_evidence_tests.rs:13:    let e2 = DefiEvidence::generate_swap_evidence([1u8; 32], [10u8; 32], 200, 180, 42);
crates/amun-defi-evidence/tests/n153_evidence_tests.rs:19:    let e1 = DefiEvidence::generate_liquidity_evidence([2u8; 32], [20u8; 32], 500, 500, 1000, 10);
crates/amun-defi-evidence/tests/n153_evidence_tests.rs:1:use amun_defi_evidence::DefiEvidence;
crates/amun-defi-evidence/tests/n153_evidence_tests.rs:20:    let e2 = DefiEvidence::generate_liquidity_evidence([2u8; 32], [20u8; 32], 500, 500, 1000, 10);
crates/amun-defi-evidence/tests/n153_evidence_tests.rs:5:    let e1 = DefiEvidence::generate_swap_evidence([1u8; 32], [10u8; 32], 100, 90, 42);
crates/amun-defi-evidence/tests/n153_evidence_tests.rs:6:    let e2 = DefiEvidence::generate_swap_evidence([1u8; 32], [10u8; 32], 100, 90, 42);
crates/amun-defi-lending-evidence/src/lib.rs:3:pub struct LendingEvidence;
crates/amun-defi-lending-evidence/src/lib.rs:5:impl LendingEvidence {
crates/amun-dual-verification/src/dual_verifier.rs:20:        let mut hot_store = HotProofStore::new(1000);
crates/amun-dual-verification/src/dual_verifier.rs:21:        let mut archive = ProofArchive::new();
crates/amun-dual-verification/src/dual_verifier.rs:5:use amun_pccv::transition_proof_engine::TransitionProofEngine as PCCVEngine;
crates/amun-dual-verification/src/dual_verifier.rs:6:use amun_proof_archive::hot_store::HotProofStore;
crates/amun-dual-verification/src/dual_verifier.rs:7:use amun_proof_archive::proof_archive::ProofArchive;
crates/amun-evidence-engine/src/evidence_archive.rs:12:impl VMEvidenceArchive {
crates/amun-evidence-engine/src/evidence_archive.rs:17:    pub fn insert(&mut self, evidence: ConstitutionalEvidence) -> [u8; 32] {
crates/amun-evidence-engine/src/evidence_archive.rs:23:    pub fn get(&self, id: &[u8; 32]) -> Option<&ConstitutionalEvidence> {
crates/amun-evidence-engine/src/evidence_archive.rs:31:    pub fn by_category(&self, category: &str) -> Vec<&ConstitutionalEvidence> {
crates/amun-evidence-engine/src/evidence_archive.rs:38:    pub fn violations(&self) -> Vec<&ConstitutionalEvidence> {
crates/amun-evidence-engine/src/evidence_archive.rs:3:use crate::evidence_types::ConstitutionalEvidence;
crates/amun-evidence-engine/src/evidence_archive.rs:41:            .filter(|e| matches!(e, ConstitutionalEvidence::ConstitutionalViolation { .. }))
crates/amun-evidence-engine/src/evidence_archive.rs:45:    pub fn failures(&self) -> Vec<&ConstitutionalEvidence> {
crates/amun-evidence-engine/src/evidence_archive.rs:48:            .filter(|e| matches!(e, ConstitutionalEvidence::ExecutionFailure { .. }))
crates/amun-evidence-engine/src/evidence_archive.rs:6:/// In production, this integrates with the full N47 EvidenceArchive.
crates/amun-evidence-engine/src/evidence_archive.rs:8:pub struct VMEvidenceArchive {
crates/amun-evidence-engine/src/evidence_archive.rs:9:    records: BTreeMap<[u8; 32], ConstitutionalEvidence>,
crates/amun-evidence-engine/src/evidence_engine.rs:102:        let mut archive = VMEvidenceArchive::new();
crates/amun-evidence-engine/src/evidence_engine.rs:103:        let evidence = ConstitutionalEvidence::ExecutionFailure {
crates/amun-evidence-engine/src/evidence_engine.rs:119:        let e1 = ConstitutionalEvidence::ExecutionFailure {
crates/amun-evidence-engine/src/evidence_engine.rs:11:        vm_evidence: &VMEvidence,
crates/amun-evidence-engine/src/evidence_engine.rs:126:        let e2 = ConstitutionalEvidence::ExecutionFailure {
crates/amun-evidence-engine/src/evidence_engine.rs:138:        let mut archive = VMEvidenceArchive::new();
crates/amun-evidence-engine/src/evidence_engine.rs:139:        archive.insert(ConstitutionalEvidence::ExecutionFailure {
crates/amun-evidence-engine/src/evidence_engine.rs:146:        archive.insert(ConstitutionalEvidence::ConstitutionalViolation {
crates/amun-evidence-engine/src/evidence_engine.rs:153:        archive.insert(ConstitutionalEvidence::InvariantViolation {
crates/amun-evidence-engine/src/evidence_engine.rs:15:    ) -> ConstitutionalEvidence {
crates/amun-evidence-engine/src/evidence_engine.rs:17:            VMEvidence::ExecutionFailure { reason } => ConstitutionalEvidence::ExecutionFailure {
crates/amun-evidence-engine/src/evidence_engine.rs:24:            VMEvidence::ConstitutionalViolation { law, resource_ids } => {
crates/amun-evidence-engine/src/evidence_engine.rs:25:                ConstitutionalEvidence::ConstitutionalViolation {
crates/amun-evidence-engine/src/evidence_engine.rs:2:use amun_vm_kernel::pending_buffer::VMEvidence;
crates/amun-evidence-engine/src/evidence_engine.rs:33:            VMEvidence::InvariantViolation { obligation_id } => {
crates/amun-evidence-engine/src/evidence_engine.rs:34:                ConstitutionalEvidence::InvariantViolation {
crates/amun-evidence-engine/src/evidence_engine.rs:45:    pub fn archive(evidence: ConstitutionalEvidence, archive: &mut VMEvidenceArchive) -> [u8; 32] {
crates/amun-evidence-engine/src/evidence_engine.rs:4:use crate::evidence_archive::VMEvidenceArchive;
crates/amun-evidence-engine/src/evidence_engine.rs:5:use crate::evidence_types::ConstitutionalEvidence;
crates/amun-evidence-engine/src/evidence_engine.rs:63:        let vm_ev = VMEvidence::ExecutionFailure {
crates/amun-evidence-engine/src/evidence_engine.rs:68:        let evidence = EvidenceEngine::convert(&vm_ev, contract_id, 42, tx_hash);
crates/amun-evidence-engine/src/evidence_engine.rs:70:            ConstitutionalEvidence::ExecutionFailure {
crates/amun-evidence-engine/src/evidence_engine.rs:7:pub struct EvidenceEngine;
crates/amun-evidence-engine/src/evidence_engine.rs:84:        let vm_ev = VMEvidence::ConstitutionalViolation {
crates/amun-evidence-engine/src/evidence_engine.rs:88:        let evidence = EvidenceEngine::convert(&vm_ev, make_id(3), 10, [0xbb; 32]);
crates/amun-evidence-engine/src/evidence_engine.rs:90:            ConstitutionalEvidence::ConstitutionalViolation {
crates/amun-evidence-engine/src/evidence_engine.rs:9:impl EvidenceEngine {
crates/amun-evidence-engine/src/evidence_types.rs:33:impl ConstitutionalEvidence {
crates/amun-evidence-engine/src/evidence_types.rs:6:pub enum ConstitutionalEvidence {
crates/amun-evidence-finality/src/evidence_finality.rs:142:/// Evidence-Backed Consensus Engine.
crates/amun-evidence-finality/src/evidence_finality.rs:143:pub struct EvidenceBackedConsensus;
crates/amun-evidence-finality/src/evidence_finality.rs:145:impl EvidenceBackedConsensus {
crates/amun-evidence-finality/src/evidence_finality.rs:14:pub struct EvidenceVerifiedBlock {
crates/amun-evidence-finality/src/evidence_finality.rs:152:    ) -> Result<EvidenceVerifiedBlock, String> {
crates/amun-evidence-finality/src/evidence_finality.rs:153:        let mut hot = HotProofStore::new(10000);
crates/amun-evidence-finality/src/evidence_finality.rs:154:        let mut archive = ProofArchive::new();
crates/amun-evidence-finality/src/evidence_finality.rs:205:        let evidence_root = EvidenceVerifiedBlock::compute_evidence_root(&all_evidence);
crates/amun-evidence-finality/src/evidence_finality.rs:206:        let block_hash = EvidenceVerifiedBlock::compute_block_hash(
crates/amun-evidence-finality/src/evidence_finality.rs:215:        Ok(EvidenceVerifiedBlock {
crates/amun-evidence-finality/src/evidence_finality.rs:21:    pub evidence: Vec<ConstitutionalEvidence>,
crates/amun-evidence-finality/src/evidence_finality.rs:228:        block: &EvidenceVerifiedBlock,
crates/amun-evidence-finality/src/evidence_finality.rs:231:    ) -> Result<ConstitutionalFinalityCertificate, String> {
crates/amun-evidence-finality/src/evidence_finality.rs:235:        let mut qc = EvidenceBackedQC {
crates/amun-evidence-finality/src/evidence_finality.rs:256:        Ok(ConstitutionalFinalityCertificate::issue(block, qc))
crates/amun-evidence-finality/src/evidence_finality.rs:25:impl EvidenceVerifiedBlock {
crates/amun-evidence-finality/src/evidence_finality.rs:26:    pub fn compute_evidence_root(evidence: &[ConstitutionalEvidence]) -> [u8; 32] {
crates/amun-evidence-finality/src/evidence_finality.rs:297:        let block = EvidenceBackedConsensus::execute_and_verify(
crates/amun-evidence-finality/src/evidence_finality.rs:306:        let cert = EvidenceBackedConsensus::form_consensus(&block, 5, sigs).unwrap();
crates/amun-evidence-finality/src/evidence_finality.rs:324:        let block = EvidenceBackedConsensus::execute_and_verify(
crates/amun-evidence-finality/src/evidence_finality.rs:333:        let cert = EvidenceBackedConsensus::form_consensus(&block, 5, sigs).unwrap();
crates/amun-evidence-finality/src/evidence_finality.rs:355:        let block = EvidenceBackedConsensus::execute_and_verify(
crates/amun-evidence-finality/src/evidence_finality.rs:364:        let c1 = EvidenceBackedConsensus::form_consensus(&block, 5, sigs.clone()).unwrap();
crates/amun-evidence-finality/src/evidence_finality.rs:365:        let c2 = EvidenceBackedConsensus::form_consensus(&block, 5, sigs).unwrap();
crates/amun-evidence-finality/src/evidence_finality.rs:4:use amun_evidence_engine::evidence_types::ConstitutionalEvidence;
crates/amun-evidence-finality/src/evidence_finality.rs:5:use amun_proof_archive::hot_store::HotProofStore;
crates/amun-evidence-finality/src/evidence_finality.rs:61:/// A QC that includes evidence verification.
crates/amun-evidence-finality/src/evidence_finality.rs:63:pub struct EvidenceBackedQC {
crates/amun-evidence-finality/src/evidence_finality.rs:6:use amun_proof_archive::proof_archive::ProofArchive;
crates/amun-evidence-finality/src/evidence_finality.rs:75:impl EvidenceBackedQC {
crates/amun-evidence-finality/src/evidence_finality.rs:83:pub struct ConstitutionalFinalityCertificate {
crates/amun-evidence-finality/src/evidence_finality.rs:90:    pub qc: EvidenceBackedQC,
crates/amun-evidence-finality/src/evidence_finality.rs:94:impl ConstitutionalFinalityCertificate {
crates/amun-evidence-finality/src/evidence_finality.rs:95:    pub fn issue(block: &EvidenceVerifiedBlock, qc: EvidenceBackedQC) -> Self {
crates/amun-evidence-root/src/lib.rs:126:        let genesis = EvidenceRoot::genesis();
crates/amun-evidence-root/src/lib.rs:12:pub struct EvidenceRoot {
crates/amun-evidence-root/src/lib.rs:133:        let r1 = EvidenceRoot::compute([1u8; 32], [2u8; 32], [3u8; 32], [4u8; 32], [0u8; 32], 1);
crates/amun-evidence-root/src/lib.rs:134:        let r2 = EvidenceRoot::compute([1u8; 32], [2u8; 32], [3u8; 32], [4u8; 32], [0u8; 32], 1);
crates/amun-evidence-root/src/lib.rs:140:        let r1 = EvidenceRoot::compute([1u8; 32], [2u8; 32], [3u8; 32], [4u8; 32], [0u8; 32], 1);
crates/amun-evidence-root/src/lib.rs:141:        let r2 = EvidenceRoot::compute([9u8; 32], [2u8; 32], [3u8; 32], [4u8; 32], [0u8; 32], 1);
crates/amun-evidence-root/src/lib.rs:147:        let mut chain = EvidenceChain::new();
crates/amun-evidence-root/src/lib.rs:157:        let mut chain = EvidenceChain::new();
crates/amun-evidence-root/src/lib.rs:22:impl EvidenceRoot {
crates/amun-evidence-root/src/lib.rs:5:/// The EvidenceRoot binds together:
crates/amun-evidence-root/src/lib.rs:71:pub struct EvidenceChain {
crates/amun-evidence-root/src/lib.rs:72:    pub roots: Vec<EvidenceRoot>,
crates/amun-evidence-root/src/lib.rs:75:impl EvidenceChain {
crates/amun-evidence-root/src/lib.rs:87:    ) -> &EvidenceRoot {
crates/amun-evidence-root/src/lib.rs:89:        self.roots.push(EvidenceRoot::compute(
crates/amun-evidence-root/tests/n40_evidence_backed_block.rs:100:    let e1 = EvidenceRoot::compute(before, [0u8; 32], [0u8; 32], [0u8; 32], [0u8; 32], 1);
crates/amun-evidence-root/tests/n40_evidence_backed_block.rs:101:    let e2 = EvidenceRoot::compute(after, [0u8; 32], [0u8; 32], [0u8; 32], [0u8; 32], 1);
crates/amun-evidence-root/tests/n40_evidence_backed_block.rs:2:use amun_evidence_root::{EvidenceChain, EvidenceRoot};
crates/amun-evidence-root/tests/n40_evidence_backed_block.rs:30:    let evidence = EvidenceRoot::compute(
crates/amun-evidence-root/tests/n40_evidence_backed_block.rs:52:    let mut chain = EvidenceChain::new();
crates/amun-evidence/src/bin/evidence_service.rs:21:        "EvidenceService starting on port {} with {} peers",
crates/amun-evidence/src/equivocation.rs:10:impl EquivocationProof {
crates/amun-evidence/src/equivocation.rs:1:pub struct EquivocationProof {
crates/amun-evidence/src/evidence.rs:30:pub struct MerkleProof {
crates/amun-evidence/src/evidence.rs:39:pub enum EvidenceProof {
crates/amun-evidence/src/evidence.rs:47:        invalidity_proof: MerkleProof,
crates/amun-evidence/src/evidence.rs:52:pub struct Evidence {
crates/amun-evidence/src/evidence.rs:53:    pub evidence_type: EvidenceType,
crates/amun-evidence/src/evidence.rs:57:    pub proof: EvidenceProof,
crates/amun-evidence/src/evidence.rs:60:impl Evidence {
crates/amun-evidence/src/evidence.rs:72:            EvidenceProof::Equivocation { first, second, .. } => {
crates/amun-evidence/src/evidence.rs:78:            EvidenceProof::InvalidVote { .. } => Ok(()),
crates/amun-evidence/src/evidence.rs:8:pub enum EvidenceType {
crates/amun-evidence/src/lib.rs:4:pub use equivocation::EquivocationProof;
crates/amun-evidence/src/slashing.rs:18:        proof: &EquivocationProof,
crates/amun-evidence/src/slashing.rs:1:use crate::equivocation::EquivocationProof;
crates/amun-evidence/src/tests.rs:12:            proof: EvidenceProof::Equivocation {
crates/amun-evidence/src/tests.rs:37:        let evidence = Evidence {
crates/amun-evidence/src/tests.rs:38:            evidence_type: EvidenceType::Equivocation,
crates/amun-evidence/src/tests.rs:42:            proof: EvidenceProof::Equivocation {
crates/amun-evidence/src/tests.rs:7:        let evidence = Evidence {
crates/amun-evidence/src/tests.rs:8:            evidence_type: EvidenceType::Equivocation,
crates/amun-evolution/src/certificate.rs:18:impl ConstitutionalPhysicsProof {
crates/amun-evolution/src/certificate.rs:3:    ContinuityClass, GovernanceGuarantee, ProofGuarantee, ReplayGuarantee, SnapshotGuarantee,
crates/amun-evolution/src/certificate.rs:54:pub struct EvolutionActivationCertificate {
crates/amun-evolution/src/certificate.rs:69:    pub proof_guarantee: ProofGuarantee,
crates/amun-evolution/src/certificate.rs:72:    pub physics_proof: ConstitutionalPhysicsProof,
crates/amun-evolution/src/certificate.rs:76:impl EvolutionActivationCertificate {
crates/amun-evolution/src/certificate.rs:93:        proof: ProofGuarantee,
crates/amun-evolution/src/certificate.rs:96:        physics_proof: ConstitutionalPhysicsProof,
crates/amun-evolution/src/certificate.rs:9:pub struct ConstitutionalPhysicsProof {
crates/amun-evolution/src/executor.rs:12:        certificate: &EvolutionActivationCertificate,
crates/amun-evolution/src/executor.rs:15:            return Err(EvolutionError::InvalidCertificate);
crates/amun-evolution/src/executor.rs:1:use super::certificate::EvolutionActivationCertificate;
crates/amun-evolution/src/executor.rs:26:    InvalidCertificate,
crates/amun-evolution/src/executor.rs:30:    ProofBreak,
crates/amun-evolution/src/lib.rs:9:pub use certificate::{ConstitutionalPhysicsProof, EvolutionActivationCertificate};
crates/amun-evolution/src/transition.rs:25:        active_certificate: Option<&EvolutionActivationCertificate>,
crates/amun-evolution/src/transition.rs:65:    RequiresCertificate { reason: String },
crates/amun-evolution/src/transition.rs:6:use super::certificate::EvolutionActivationCertificate;
crates/amun-evolution/src/validator.rs:10:        proof: &EvolutionProof,
crates/amun-evolution/src/validator.rs:11:        certificate: &EvolutionActivationCertificate,
crates/amun-evolution/src/validator.rs:1:use super::certificate::EvolutionActivationCertificate;
crates/amun-evolution/src/validator.rs:21:    pub fn preserves_continuity(proof: &EvolutionProof) -> bool {
crates/amun-evolution/src/validator.rs:3:    EvolutionProof, GovernanceGuarantee, ReplayGuarantee, SnapshotGuarantee,
crates/amun-experimental-framework/src/main.rs:193:        let mut hot = HotProofStore::new(1000);
crates/amun-experimental-framework/src/main.rs:194:        let mut archive = ProofArchive::new();
crates/amun-experimental-framework/src/main.rs:254:        let mut hot = HotProofStore::new(1000);
crates/amun-experimental-framework/src/main.rs:255:        let mut archive = ProofArchive::new();
crates/amun-experimental-framework/src/main.rs:340:            let mut hot = HotProofStore::new(10000);
crates/amun-experimental-framework/src/main.rs:341:            let mut archive = ProofArchive::new();
crates/amun-experimental-framework/src/main.rs:426:// ── Experiment 5: Witness Bundle Size ───────────────────────
crates/amun-experimental-framework/src/main.rs:428:    println!("\n=== Experiment 5: Witness Bundle Size ===");
crates/amun-experimental-framework/src/main.rs:448:            let mut hot = HotProofStore::new(1000);
crates/amun-experimental-framework/src/main.rs:449:            let mut archive = ProofArchive::new();
crates/amun-experimental-framework/src/main.rs:4:use amun_proof_archive::hot_store::HotProofStore;
crates/amun-experimental-framework/src/main.rs:5:use amun_proof_archive::proof_archive::ProofArchive;
crates/amun-explorer-api/src/routes/constitutional.rs:14:async fn list_evidence() -> crate::errors::ApiResult<Vec<crate::types::EvidenceRecordSummary>> {
crates/amun-explorer-api/src/routes/constitutional.rs:19:) -> crate::errors::ApiResult<crate::types::EvidenceRecordSummary> {
crates/amun-explorer-api/src/routes/finality.rs:10:) -> crate::errors::ApiResult<crate::types::FinalityCertificateSummary> {
crates/amun-explorer-api/src/routes/finality.rs:11:    FinalityService::get_certificate(&id)
crates/amun-explorer-api/src/routes/finality.rs:1:use crate::services::finality_service::FinalityService;
crates/amun-explorer-api/src/routes/finality.rs:5:) -> crate::errors::ApiResult<Vec<crate::types::FinalityCertificateSummary>> {
crates/amun-explorer-api/src/routes/finality.rs:6:    FinalityService::list_certificates()
crates/amun-explorer-api/src/services/constitutional_service.rs:2:use crate::types::{ConstitutionalDashboard, ConstitutionalVerdictSummary, EvidenceRecordSummary};
crates/amun-explorer-api/src/services/constitutional_service.rs:57:    pub fn list_evidence() -> ApiResult<Vec<EvidenceRecordSummary>> {
crates/amun-explorer-api/src/services/constitutional_service.rs:59:            EvidenceRecordSummary {
crates/amun-explorer-api/src/services/constitutional_service.rs:61:                evidence_type: "CertificateEvidence".into(),
crates/amun-explorer-api/src/services/constitutional_service.rs:66:            EvidenceRecordSummary {
crates/amun-explorer-api/src/services/constitutional_service.rs:68:                evidence_type: "ReplayEvidence".into(),
crates/amun-explorer-api/src/services/constitutional_service.rs:76:    pub fn get_evidence(id: &str) -> ApiResult<EvidenceRecordSummary> {
crates/amun-explorer-api/src/services/constitutional_service.rs:78:            return Err(ApiError::not_found("Evidence", id));
crates/amun-explorer-api/src/services/constitutional_service.rs:80:        Ok(Json(EvidenceRecordSummary {
crates/amun-explorer-api/src/services/constitutional_service.rs:82:            evidence_type: "CertificateEvidence".into(),
crates/amun-explorer-api/src/services/finality_service.rs:10:            FinalityCertificateSummary {
crates/amun-explorer-api/src/services/finality_service.rs:17:            FinalityCertificateSummary {
crates/amun-explorer-api/src/services/finality_service.rs:27:    pub fn get_certificate(id: &str) -> ApiResult<FinalityCertificateSummary> {
crates/amun-explorer-api/src/services/finality_service.rs:29:            return Err(ApiError::not_found("Finality Certificate", id));
crates/amun-explorer-api/src/services/finality_service.rs:2:use crate::types::FinalityCertificateSummary;
crates/amun-explorer-api/src/services/finality_service.rs:31:        Ok(Json(FinalityCertificateSummary {
crates/amun-explorer-api/src/services/finality_service.rs:5:pub struct FinalityService;
crates/amun-explorer-api/src/services/finality_service.rs:7:impl FinalityService {
crates/amun-explorer-api/src/services/finality_service.rs:8:    pub fn list_certificates() -> ApiResult<Vec<FinalityCertificateSummary>> {
crates/amun-explorer-api/src/types.rs:34:pub struct FinalityCertificateSummary {
crates/amun-explorer-api/src/types.rs:53:pub struct EvidenceRecordSummary {
crates/amun-failure/src/taxonomy.rs:23:    MerkleProofInvalid = 0x4004,
crates/amun-failure/src/taxonomy.rs:85:    Evidence = 0x08,
crates/amun-failure/src/tests.rs:13:    assert!(ConstitutionalFault::MerkleProofInvalid.should_halt());
crates/amun-finality-certificate/src/lib.rs:102:    pub fn latest(&self) -> Option<&ConstitutionalFinalityCertificate> {
crates/amun-finality-certificate/src/lib.rs:10:pub struct ConstitutionalFinalityCertificate {
crates/amun-finality-certificate/src/lib.rs:111:    fn issue_cert(h: u64) -> ConstitutionalFinalityCertificate {
crates/amun-finality-certificate/src/lib.rs:112:        ConstitutionalFinalityCertificate::issue(
crates/amun-finality-certificate/src/lib.rs:154:        let mut chain = FinalityChain::new();
crates/amun-finality-certificate/src/lib.rs:155:        let c1 = ConstitutionalFinalityCertificate::issue(
crates/amun-finality-certificate/src/lib.rs:160:        let c2 = ConstitutionalFinalityCertificate::issue(
crates/amun-finality-certificate/src/lib.rs:22:impl ConstitutionalFinalityCertificate {
crates/amun-finality-certificate/src/lib.rs:72:pub struct FinalityChain {
crates/amun-finality-certificate/src/lib.rs:73:    certificates: HashMap<[u8; 32], ConstitutionalFinalityCertificate>,
crates/amun-finality-certificate/src/lib.rs:77:impl FinalityChain {
crates/amun-finality-certificate/src/lib.rs:82:    pub fn append(&mut self, cert: ConstitutionalFinalityCertificate) -> Result<(), &'static str> {
crates/amun-finality-certificate/src/lib.rs:84:            return Err("Certificate verification failed");
crates/amun-finality-certificate/src/lib.rs:88:                return Err("Finality chain broken");
crates/amun-finality-law/src/finality.rs:1:use amun_quorum_certificate::QuorumCertificate;
crates/amun-finality-law/src/finality.rs:3:pub fn is_finalized_simple(block_qc: &QuorumCertificate, child_qc: &QuorumCertificate) -> bool {
crates/amun-finality-law/src/finality.rs:46:        let qc_a = QuorumCertificate::new(
crates/amun-finality-law/src/finality.rs:55:        let qc_b = QuorumCertificate::new(
crates/amun-finality-law/src/finality.rs:75:        let qc_a = QuorumCertificate::new(
crates/amun-finality-law/src/finality.rs:84:        let qc_b = QuorumCertificate::new(
crates/amun-fork-choice-law/src/fork_choice.rs:17:pub fn qc_extends(qc: &QuorumCertificate, parent: &QuorumCertificate) -> bool {
crates/amun-fork-choice-law/src/fork_choice.rs:1:use amun_quorum_certificate::QuorumCertificate;
crates/amun-fork-choice-law/src/fork_choice.rs:22:    qc: &'a QuorumCertificate,
crates/amun-fork-choice-law/src/fork_choice.rs:23:    all_qcs: &'a [QuorumCertificate],
crates/amun-fork-choice-law/src/fork_choice.rs:24:) -> Vec<&'a QuorumCertificate> {
crates/amun-fork-choice-law/src/fork_choice.rs:4:pub fn select_best_qc(qcs: &[QuorumCertificate]) -> Option<&QuorumCertificate> {
crates/amun-fork-choice-law/src/fork_choice.rs:60:    ) -> QuorumCertificate {
crates/amun-fork-choice-law/src/fork_choice.rs:61:        QuorumCertificate::new(
crates/amun-gas-engine/src/gas_engine.rs:20:    ) -> (GasEngineResult, Option<ConstitutionalEvidence>)
crates/amun-gas-engine/src/gas_engine.rs:28:                    let ev = ConstitutionalEvidence::ExecutionFailure {
crates/amun-gas-engine/src/gas_engine.rs:2:use amun_evidence_engine::evidence_types::ConstitutionalEvidence;
crates/amun-gas-engine/src/gas_engine.rs:52:                let ev = ConstitutionalEvidence::ExecutionFailure {
crates/amun-handle-resolver/src/handle_resolver.rs:183:            ConstitutionalEvidence::ExecutionFailure { reason, .. } => {
crates/amun-handle-resolver/src/handle_resolver.rs:18:    ) -> (bool, Vec<ConstitutionalEvidence>) {
crates/amun-handle-resolver/src/handle_resolver.rs:1:use amun_evidence_engine::evidence_types::ConstitutionalEvidence;
crates/amun-handle-resolver/src/handle_resolver.rs:58:                leaks.push(ConstitutionalEvidence::ExecutionFailure {
crates/amun-handle-resolver/src/handle_resolver.rs:80:    ) -> (bool, Vec<ConstitutionalEvidence>) {
crates/amun-handle-resolver/src/handle_resolver.rs:98:                    violations.push(ConstitutionalEvidence::ExecutionFailure {
crates/amun-header-gossip/src/relay.rs:6:pub struct WitnessRelay;
crates/amun-header-gossip/src/relay.rs:8:impl WitnessRelay {
crates/amun-invariant-engine/src/invariant_engine.rs:135:            ConstitutionalEvidence::InvariantViolation { obligation_id, .. } => {
crates/amun-invariant-engine/src/invariant_engine.rs:194:                ConstitutionalEvidence::InvariantViolation { state_root: sr, .. } => {
crates/amun-invariant-engine/src/invariant_engine.rs:19:    ) -> (Vec<InvariantResult>, Vec<ConstitutionalEvidence>)
crates/amun-invariant-engine/src/invariant_engine.rs:1:use amun_evidence_engine::evidence_types::ConstitutionalEvidence;
crates/amun-invariant-engine/src/invariant_engine.rs:35:                evidence.push(ConstitutionalEvidence::InvariantViolation {
crates/amun-invariants/src/kernel.rs:36:        name: "Single Finality",
crates/amun-kernel-types/src/hash.rs:112:pub type QcHash = Hash<QuorumCertificateDomain>;
crates/amun-kernel-types/src/hash.rs:72:pub struct QuorumCertificateDomain;
crates/amun-kernel-types/src/lib.rs:22:    PublicHash32, QcHash, QuorumCertificateDomain, SecretHash32, StateCommitment,
crates/amun-light-client/src/constitutional_client.rs:105:    use amun_constitutional_runtime::certificate_chain::CertificateChain;
crates/amun-light-client/src/constitutional_client.rs:106:    use amun_constitutional_runtime::finality_certificate::ConstitutionalFinalityCertificate;
crates/amun-light-client/src/constitutional_client.rs:109:    use amun_transition_proof::transition_proof::TransitionProof;
crates/amun-light-client/src/constitutional_client.rs:122:    ) -> ConstitutionalFinalityCertificate {
crates/amun-light-client/src/constitutional_client.rs:132:        let transitions = vec![TransitionProof::new(
crates/amun-light-client/src/constitutional_client.rs:145:        let mut cert = ConstitutionalFinalityCertificate::issue(
crates/amun-light-client/src/constitutional_client.rs:160:        let chain = CertificateChain::new(vec![cert.clone()]).unwrap();
crates/amun-light-client/src/constitutional_client.rs:209:        let chain = CertificateChain::new(vec![cert2, cert3]).unwrap();
crates/amun-light-client/src/constitutional_client.rs:230:        let chain = CertificateChain::new(vec![cert2, cert3]).unwrap();
crates/amun-light-client/src/constitutional_client.rs:37:    pub fn verify_certificate(&self, cert: &ConstitutionalFinalityCertificate) -> bool {
crates/amun-light-client/src/constitutional_client.rs:3:use amun_constitutional_runtime::certificate_chain::CertificateChain;
crates/amun-light-client/src/constitutional_client.rs:41:    pub fn verify_chain_extension(&self, chain: &CertificateChain) -> bool {
crates/amun-light-client/src/constitutional_client.rs:4:use amun_constitutional_runtime::finality_certificate::ConstitutionalFinalityCertificate;
crates/amun-light-client/src/constitutional_client.rs:58:        chain: &CertificateChain,
crates/amun-light-client/src/constitutional_client.rs:63:    pub fn advance(&mut self, chain: &CertificateChain) -> Result<(), String> {
crates/amun-light-client/tests/light_client_tests.rs:105:    let chain = CertificateChain::new(vec![broken_cert]).unwrap();
crates/amun-light-client/tests/light_client_tests.rs:22:) -> ConstitutionalFinalityCertificate {
crates/amun-light-client/tests/light_client_tests.rs:2:use amun_constitutional_runtime::certificate_chain::CertificateChain;
crates/amun-light-client/tests/light_client_tests.rs:32:    let transitions = vec![TransitionProof::new(
crates/amun-light-client/tests/light_client_tests.rs:3:use amun_constitutional_runtime::finality_certificate::ConstitutionalFinalityCertificate;
crates/amun-light-client/tests/light_client_tests.rs:45:    let mut cert = ConstitutionalFinalityCertificate::issue(
crates/amun-light-client/tests/light_client_tests.rs:60:    let chain1 = CertificateChain::new(vec![cert1.clone()]).unwrap();
crates/amun-light-client/tests/light_client_tests.rs:80:    let chain2 = CertificateChain::new(vec![cert2, cert3]).unwrap();
crates/amun-light-client/tests/light_client_tests.rs:9:use amun_transition_proof::transition_proof::TransitionProof;
crates/amun-lineage-law/src/ancestry.rs:10:    pub lineage_proof: Option<LineageProof>,
crates/amun-lineage-law/src/ancestry.rs:1:use super::lineage::LineageProof;
crates/amun-lineage-law/src/ancestry.rs:20:        lineage_proof: Option<LineageProof>,
crates/amun-lineage-law/src/compatibility.rs:10:    pub lineage_proof: Option<LineageProof>,
crates/amun-lineage-law/src/compatibility.rs:11:    pub migration_witness: Option<MigrationWitness>,
crates/amun-lineage-law/src/compatibility.rs:1:use super::lineage::LineageProof;
crates/amun-lineage-law/src/compatibility.rs:22:        lineage_proof: Option<LineageProof>,
crates/amun-lineage-law/src/compatibility.rs:23:        migration_witness: Option<MigrationWitness>,
crates/amun-lineage-law/src/compatibility.rs:2:use super::migration::MigrationWitness;
crates/amun-lineage-law/src/lib.rs:10:pub use lineage::{LineageCertificate, LineageProof, LineageVerification};
crates/amun-lineage-law/src/lib.rs:11:pub use migration::{MigrationCertificate, MigrationRules, MigrationWitness};
crates/amun-lineage-law/src/lineage.rs:120:        chain: &[LineageProof],
crates/amun-lineage-law/src/lineage.rs:22:impl LineageProof {
crates/amun-lineage-law/src/lineage.rs:3:/// A LineageProof proves that a child protocol is a lawful descendant
crates/amun-lineage-law/src/lineage.rs:60:/// A LineageCertificate is issued when a lineage proof is verified.
crates/amun-lineage-law/src/lineage.rs:64:pub struct LineageCertificate {
crates/amun-lineage-law/src/lineage.rs:65:    pub proof: LineageProof,
crates/amun-lineage-law/src/lineage.rs:70:impl LineageCertificate {
crates/amun-lineage-law/src/lineage.rs:71:    pub fn new(proof: LineageProof, epoch: u64) -> Self {
crates/amun-lineage-law/src/lineage.rs:7:pub struct LineageProof {
crates/amun-lineage-law/src/lineage.rs:99:    pub fn verify_chain(chain: &[LineageProof]) -> bool {
crates/amun-lineage-law/src/migration.rs:22:impl MigrationWitness {
crates/amun-lineage-law/src/migration.rs:3:/// A MigrationWitness proves that state was successfully migrated
crates/amun-lineage-law/src/migration.rs:58:/// A MigrationCertificate authorizes state transition from a parent
crates/amun-lineage-law/src/migration.rs:61:pub struct MigrationCertificate {
crates/amun-lineage-law/src/migration.rs:63:    pub witness: MigrationWitness,
crates/amun-lineage-law/src/migration.rs:67:impl MigrationCertificate {
crates/amun-lineage-law/src/migration.rs:68:    pub fn new(lineage_proof_hash: [u8; 32], witness: MigrationWitness) -> Self {
crates/amun-lineage-law/src/migration.rs:7:pub struct MigrationWitness {
crates/amun-lineage/src/lib.rs:12:    ContinuityClass, EvolutionProof, EvolutionRecord, GovernanceGuarantee, ProofGuarantee,
crates/amun-lineage/src/record.rs:166:pub struct EvolutionProof {
crates/amun-lineage/src/record.rs:171:    pub proof_guarantee: ProofGuarantee,
crates/amun-lineage/src/record.rs:177:impl EvolutionProof {
crates/amun-lineage/src/record.rs:183:        proof: ProofGuarantee,
crates/amun-lineage/src/record.rs:51:pub enum ProofGuarantee {
crates/amun-lineage/src/record.rs:58:impl ProofGuarantee {
crates/amun-lineage/src/record.rs:61:            ProofGuarantee::Identical => 0x03,
crates/amun-lineage/src/record.rs:62:            ProofGuarantee::Reconstructible => 0x02,
crates/amun-lineage/src/record.rs:63:            ProofGuarantee::Convertible => 0x01,
crates/amun-lineage/src/record.rs:64:            ProofGuarantee::Unsupported => 0x00,
crates/amun-live-cluster/src/validator.rs:1052:        use amun_networking::validator_certificate::ValidatorCertificate;
crates/amun-live-cluster/src/validator.rs:1073:        let v1_cert = ValidatorCertificate::issue_v2(
crates/amun-live-cluster/src/validator.rs:112:        let self_cert = amun_networking::validator_certificate::ValidatorCertificate::issue_v2(
crates/amun-live-cluster/src/validator.rs:136:            let peer_cert: amun_networking::validator_certificate::ValidatorCertificate =
crates/amun-live-cluster/src/validator.rs:14:        ConstitutionalEvidenceRecord, DoubleSpendEvidence, GovernanceEvidence, ReplayEvidence,
crates/amun-live-cluster/src/validator.rs:159:                amun_consensus_network::CertificateGossip::new(),
crates/amun-live-cluster/src/validator.rs:15:        SignatureEvidence,
crates/amun-live-cluster/src/validator.rs:19:use amun_evidence_root::EvidenceRoot;
crates/amun-live-cluster/src/validator.rs:396:                    let pending_certs: Vec<amun_consensus_network::SlashingCertificate> =
crates/amun-live-cluster/src/validator.rs:554:                // All validators form QC and persist the finalized block.
crates/amun-live-cluster/src/validator.rs:568:                    // N126.3: Evidence-Based Constitutional Verification
crates/amun-live-cluster/src/validator.rs:56:    /// N110.4: Certificate gossip for slashing certificate propagation
crates/amun-live-cluster/src/validator.rs:57:    pub certificate_gossip: Arc<Mutex<amun_consensus_network::CertificateGossip>>,
crates/amun-live-cluster/src/validator.rs:598:                        // N126.3: Finality supermajority from QC voting power
crates/amun-live-cluster/src/validator.rs:604:                        // Evidence validity: all certificates pass .verify()
crates/amun-live-cluster/src/validator.rs:648:                        // N129.2: Build ConstitutionalEvidenceRecord from real evidence data
crates/amun-live-cluster/src/validator.rs:649:                        let sig_ev = SignatureEvidence::new(
crates/amun-live-cluster/src/validator.rs:653:                        let ds_ev = DoubleSpendEvidence::new(
crates/amun-live-cluster/src/validator.rs:657:                        let gov_ev = GovernanceEvidence::new(
crates/amun-live-cluster/src/validator.rs:662:                        let rep_ev = ReplayEvidence::new(cert.state_root, history_root);
crates/amun-live-cluster/src/validator.rs:663:                        let evidence_record = ConstitutionalEvidenceRecord::new(
crates/amun-live-cluster/src/validator.rs:679:                        // N129.3: Compute EvidenceRoot with constitutional continuity
crates/amun-live-cluster/src/validator.rs:681:                        let evidence_root_obj = EvidenceRoot::compute(
crates/amun-live-cluster/src/validator.rs:737:                        let pending: Vec<amun_consensus_network::SlashingCertificate> = {
crates/amun-live-cluster/tests/n110_4c_state_transition.rs:103:    // 1. Certificate hash dedup in CertificateGossip
crates/amun-live-cluster/tests/n110_4c_state_transition.rs:22:fn make_valid_certificate(validator_id: [u8; 32]) -> SlashingCertificate {
crates/amun-live-cluster/tests/n110_4c_state_transition.rs:23:    SlashingCertificate::from_slash_result(
crates/amun-live-cluster/tests/n110_4c_state_transition.rs:27:        vec![EvidenceCount {
crates/amun-live-cluster/tests/n110_4c_state_transition.rs:28:            evidence_type: EvidenceType::DoubleVote,
crates/amun-live-cluster/tests/n110_4c_state_transition.rs:2:    EvidenceCount, EvidenceType, MisbehaviorRegistry, MisbehaviorThresholds, RealStakingExecutor,
crates/amun-live-cluster/tests/n110_4c_state_transition.rs:3:    SlashingCertificate, StakingAdapter, ValidatorStatus,
crates/amun-live-cluster/tests/n110_4c_state_transition.rs:50:    misbehavior.record_misbehavior(&vid, &[0x01; 32], &EvidenceType::DoubleVote, 1);
crates/amun-live-cluster/tests/n110_4c_state_transition.rs:51:    misbehavior.record_misbehavior(&vid, &[0x02; 32], &EvidenceType::DoubleVote, 2);
crates/amun-live-cluster/tests/n110_4c_state_transition.rs:52:    misbehavior.record_misbehavior(&vid, &[0x03; 32], &EvidenceType::DoubleVote, 3);
crates/amun-live-cluster/tests/n110_4c_state_transition.rs:78:    misbehavior.record_misbehavior(&vid, &[0x01; 32], &EvidenceType::DoubleVote, 1);
crates/amun-live-cluster/tests/n110_4c_state_transition.rs:79:    misbehavior.record_misbehavior(&vid, &[0x02; 32], &EvidenceType::DoubleVote, 2);
crates/amun-live-cluster/tests/n110_4c_state_transition.rs:80:    misbehavior.record_misbehavior(&vid, &[0x03; 32], &EvidenceType::DoubleVote, 3);
crates/amun-live-cluster/tests/n118_finality_gated_slashing.rs:1:// N118 — Finality-Gated Slashing Verification
crates/amun-live-cluster/tests/n118_finality_gated_slashing.rs:20:    misbehavior.record_misbehavior(&validator_id, &[0xA1; 32], &EvidenceType::DoubleVote, 1);
crates/amun-live-cluster/tests/n118_finality_gated_slashing.rs:21:    misbehavior.record_misbehavior(&validator_id, &[0xA2; 32], &EvidenceType::DoubleVote, 2);
crates/amun-live-cluster/tests/n118_finality_gated_slashing.rs:22:    misbehavior.record_misbehavior(&validator_id, &[0xA3; 32], &EvidenceType::DoubleVote, 3);
crates/amun-live-cluster/tests/n118_finality_gated_slashing.rs:5:    EvidenceType, MisbehaviorRegistry, MisbehaviorThresholds, RealStakingExecutor, StakingAdapter,
crates/amun-live-cluster/tests/n126_3_unconstitutional_block_rejected.rs:39:                    .any(|v| v.law == ConstitutionalLaw::FinalitySupermajority),
crates/amun-live-cluster/tests/n126_3_unconstitutional_block_rejected.rs:40:                "Must detect FinalitySupermajority violation"
crates/amun-lock-rule/src/lib.rs:5:pub use violation::{LockViolation, LockViolationEvidence, LockViolationType};
crates/amun-lock-rule/src/lock.rs:19:    pub fn try_lock(&mut self, qc: &QuorumCertificate) -> Result<(), &'static str> {
crates/amun-lock-rule/src/lock.rs:1:use amun_quorum_certificate::QuorumCertificate;
crates/amun-lock-rule/src/lock.rs:7:    pub locked_qc: Option<QuorumCertificate>,
crates/amun-lock-rule/src/violation.rs:18:pub struct LockViolationEvidence {
crates/amun-lock-rule/src/violation.rs:6:    pub evidence: LockViolationEvidence,
crates/amun-merkle/src/lib.rs:9:pub use proof::MerkleProof;
crates/amun-merkle/src/proof.rs:157:        let mut proof = MerkleProof::new();
crates/amun-merkle/src/proof.rs:166:        let mut proof = MerkleProof::new();
crates/amun-merkle/src/proof.rs:16:pub struct MerkleProof {
crates/amun-merkle/src/proof.rs:170:        let decoded = MerkleProof::decode_exact(&buf[..len]).unwrap();
crates/amun-merkle/src/proof.rs:177:        let mut proof = MerkleProof::new();
crates/amun-merkle/src/proof.rs:181:        assert!(MerkleProof::decode_exact(&buf[..len + 1]).is_err());
crates/amun-merkle/src/proof.rs:188:        assert!(MerkleProof::decode(&buf).is_err());
crates/amun-merkle/src/proof.rs:199:        assert!(MerkleProof::decode(&buf).is_err());
crates/amun-merkle/src/proof.rs:21:impl MerkleProof {
crates/amun-merkle/src/proof.rs:34:        self.siblings.push(sibling).map_err(|_| "Proof too deep")?;
crates/amun-merkle/src/proof.rs:37:            .map_err(|_| "Proof too deep")?;
crates/amun-merkle/src/proof.rs:54:impl Default for MerkleProof {
crates/amun-merkle/src/proof.rs:60:impl CanonicalEncode for MerkleProof {
crates/amun-merkle/src/proof.rs:77:impl CanonicalDecode for MerkleProof {
crates/amun-merkle/src/tests.rs:83:    let mut proof = MerkleProof::new();
crates/amun-merkle/src/tests.rs:96:    let mut proof = MerkleProof::new();
crates/amun-network-constitution/src/message.rs:10:    QuorumCertificate,
crates/amun-network-constitution/src/message.rs:21:            NetworkMessageType::QuorumCertificate => 2,
crates/amun-network-constitution/src/message.rs:32:            2 => Some(NetworkMessageType::QuorumCertificate),
crates/amun-network-constitution/src/message.rs:46:            NetworkMessageType::QuorumCertificate => 2,
crates/amun-network-scheduler/src/message.rs:28:    QuorumCertificate {
crates/amun-network-scheduler/src/message.rs:42:            NetworkMessage::QuorumCertificate { from, .. } => *from,
crates/amun-network-scheduler/src/message.rs:51:            NetworkMessage::QuorumCertificate { to, .. } => *to,
crates/amun-network-scheduler/src/message.rs:60:            NetworkMessage::QuorumCertificate { round, .. } => *round,
crates/amun-network-transport/src/message.rs:10:    CertificateAnnounce(CertificateAnnounce),
crates/amun-network-transport/src/message.rs:12:    SlashingCertificateAnnounce(SlashingCertificateAnnounce),
crates/amun-network-transport/src/message.rs:13:    /// N111.3: Evidence announcement for network propagation
crates/amun-network-transport/src/message.rs:14:    EvidenceAnnounce(EvidenceAnnouncement),
crates/amun-network-transport/src/message.rs:16:    EvidencePush(EvidencePushMessage),
crates/amun-network-transport/src/message.rs:170:        let msg = NetworkMessage::CertificateAnnounce(CertificateAnnounce {
crates/amun-network-transport/src/message.rs:181:            NetworkMessage::CertificateAnnounce(c) => {
crates/amun-network-transport/src/message.rs:227:        let msg = NetworkMessage::SlashingCertificateAnnounce(SlashingCertificateAnnounce {
crates/amun-network-transport/src/message.rs:238:            NetworkMessage::SlashingCertificateAnnounce(c) => {
crates/amun-network-transport/src/message.rs:250:        let msg = NetworkMessage::EvidenceAnnounce(EvidenceAnnouncement {
crates/amun-network-transport/src/message.rs:260:            NetworkMessage::EvidenceAnnounce(e) => {
crates/amun-network-transport/src/message.rs:38:/// Certificate announcement: finality reached for a block.
crates/amun-network-transport/src/message.rs:40:pub struct CertificateAnnounce {
crates/amun-network-transport/src/message.rs:51:pub struct SlashingCertificateAnnounce {
crates/amun-network-transport/src/message.rs:60:/// N111.3: Evidence announcement for network propagation.
crates/amun-network-transport/src/message.rs:62:pub struct EvidenceAnnouncement {
crates/amun-network-transport/src/message.rs:72:pub struct EvidencePushMessage {
crates/amun-network-transport/src/transport.rs:195:        NetworkMessage::CertificateAnnounce(c) => {
crates/amun-network-transport/src/transport.rs:206:        NetworkMessage::SlashingCertificateAnnounce(s) => NodeId(s.validator_id),
crates/amun-network-transport/src/transport.rs:207:        NetworkMessage::EvidenceAnnounce(e) => NodeId(e.validator_id),
crates/amun-network-transport/src/transport.rs:208:        NetworkMessage::EvidencePush(p) => NodeId(p.sender_id),
crates/amun-network-transport/src/transport.rs:264:    use crate::message::{BlockAnnounce, CertificateAnnounce, Ping, Pong};
crates/amun-network-transport/src/transport.rs:409:                NetworkMessage::CertificateAnnounce(cert) => {
crates/amun-network-transport/src/transport.rs:413:                _ => panic!("Expected CertificateAnnounce"),
crates/amun-network-transport/src/transport.rs:422:        let cert = NetworkMessage::CertificateAnnounce(CertificateAnnounce {
crates/amun-networking/src/node.rs:18:///   Votes collected → QC formed → emit BroadcastPrecommit
crates/amun-networking/src/node.rs:19:///   Precommits collected → QC formed → emit Commit → block finalized
crates/amun-networking/src/sync_protocol.rs:14:    pub checkpoints: Vec<CheckpointCertificate>,
crates/amun-networking/src/sync_protocol.rs:1:use amun_chain_checkpoint::CheckpointCertificate;
crates/amun-networking/src/trust_anchor.rs:7:/// They issue ValidatorCertificates that bind peer identities to public keys.
crates/amun-networking/src/validator_certificate.rs:110:        let cert = ValidatorCertificate::issue(
crates/amun-networking/src/validator_certificate.rs:129:        let cert = ValidatorCertificate::issue(
crates/amun-networking/src/validator_certificate.rs:146:        let mut cert = ValidatorCertificate::issue(
crates/amun-networking/src/validator_certificate.rs:164:        let cert = ValidatorCertificate::issue(
crates/amun-networking/src/validator_certificate.rs:184:        let cert = ValidatorCertificate::issue(
crates/amun-networking/src/validator_certificate.rs:193:        let decoded: ValidatorCertificate = match serde_json::from_str(&json) {
crates/amun-networking/src/validator_certificate.rs:26:impl ValidatorCertificate {
crates/amun-networking/src/validator_certificate.rs:9:pub struct ValidatorCertificate {
crates/amun-networking/src/validator_registry.rs:114:        let forged_cert = ValidatorCertificate::issue(
crates/amun-networking/src/validator_registry.rs:20:        certificate: ValidatorCertificate,
crates/amun-networking/src/validator_registry.rs:29:            return Err("Certificate signature invalid");
crates/amun-networking/src/validator_registry.rs:3:use crate::validator_certificate::ValidatorCertificate;
crates/amun-networking/src/validator_registry.rs:71:        let cert = ValidatorCertificate::issue(
crates/amun-networking/src/validator_registry.rs:92:        let cert = ValidatorCertificate::issue(
crates/amun-networking/src/validator_registry.rs:9:    validators: BTreeMap<PeerId, ValidatorCertificate>,
crates/amun-networking/tests/n17_multi_node_network.rs:15:///   5. When a QC forms, consensus emits Commit → block finalized
crates/amun-networking/tests/n18_checkpoint_sync.rs:13:fn build_checkpoint(start: u64, end: u64) -> CheckpointCertificate {
crates/amun-networking/tests/n18_checkpoint_sync.rs:15:    let mut bundles: Vec<LightClientProofBundle> = Vec::new();
crates/amun-networking/tests/n18_checkpoint_sync.rs:1:use amun_certificate_network::distribution::LightClientProofBundle;
crates/amun-networking/tests/n18_checkpoint_sync.rs:45:        bundles.push(LightClientProofBundle::new(block, cert, proof));
crates/amun-networking/tests/n18_checkpoint_sync.rs:48:    CheckpointCertificate::create(start, end, &bundles).unwrap()
crates/amun-networking/tests/n18_checkpoint_sync.rs:5:    CheckpointCertificate,
crates/amun-networking/tests/n18_full_rejoin.rs:13:fn build_checkpoint(start: u64, end: u64) -> CheckpointCertificate {
crates/amun-networking/tests/n18_full_rejoin.rs:15:    let mut bundles: Vec<LightClientProofBundle> = Vec::new();
crates/amun-networking/tests/n18_full_rejoin.rs:1:use amun_certificate_network::distribution::LightClientProofBundle;
crates/amun-networking/tests/n18_full_rejoin.rs:45:        bundles.push(LightClientProofBundle::new(block, cert, proof));
crates/amun-networking/tests/n18_full_rejoin.rs:48:    CheckpointCertificate::create(start, end, &bundles).unwrap()
crates/amun-networking/tests/n18_full_rejoin.rs:5:    CheckpointCertificate,
crates/amun-networking/tests/n19_adversarial_rejoin.rs:11:fn build_checkpoint(start: u64, end: u64) -> CheckpointCertificate {
crates/amun-networking/tests/n19_adversarial_rejoin.rs:13:    let mut bundles: Vec<LightClientProofBundle> = Vec::new();
crates/amun-networking/tests/n19_adversarial_rejoin.rs:1:use amun_certificate_network::distribution::LightClientProofBundle;
crates/amun-networking/tests/n19_adversarial_rejoin.rs:43:        bundles.push(LightClientProofBundle::new(block, cert, proof));
crates/amun-networking/tests/n19_adversarial_rejoin.rs:46:    CheckpointCertificate::create(start, end, &bundles).unwrap()
crates/amun-networking/tests/n19_adversarial_rejoin.rs:5:    CheckpointCertificate,
crates/amun-networking/tests/n20_10_multi_machine_testnet.rs:117:        bundles.push(LightClientProofBundle::new(block, cert, proof));
crates/amun-networking/tests/n20_10_multi_machine_testnet.rs:120:    CheckpointCertificate::create(start, end, &bundles).unwrap()
crates/amun-networking/tests/n20_10_multi_machine_testnet.rs:5:use amun_certificate_network::distribution::LightClientProofBundle;
crates/amun-networking/tests/n20_10_multi_machine_testnet.rs:85:fn build_checkpoint(start: u64, end: u64) -> CheckpointCertificate {
crates/amun-networking/tests/n20_10_multi_machine_testnet.rs:87:    let mut bundles: Vec<LightClientProofBundle> = Vec::new();
crates/amun-networking/tests/n20_10_multi_machine_testnet.rs:9:    CheckpointCertificate,
crates/amun-networking/tests/n20_8_bootstrap_over_tcp.rs:13:fn build_checkpoint(start: u64, end: u64) -> CheckpointCertificate {
crates/amun-networking/tests/n20_8_bootstrap_over_tcp.rs:15:    let mut bundles: Vec<LightClientProofBundle> = Vec::new();
crates/amun-networking/tests/n20_8_bootstrap_over_tcp.rs:1:use amun_certificate_network::distribution::LightClientProofBundle;
crates/amun-networking/tests/n20_8_bootstrap_over_tcp.rs:45:        bundles.push(LightClientProofBundle::new(block, cert, proof));
crates/amun-networking/tests/n20_8_bootstrap_over_tcp.rs:48:    CheckpointCertificate::create(start, end, &bundles).unwrap()
crates/amun-networking/tests/n20_8_bootstrap_over_tcp.rs:5:    CheckpointCertificate,
crates/amun-networking/tests/n20_9_rejoin_over_tcp.rs:12:fn build_checkpoint(start: u64, end: u64) -> CheckpointCertificate {
crates/amun-networking/tests/n20_9_rejoin_over_tcp.rs:14:    let mut bundles: Vec<LightClientProofBundle> = Vec::new();
crates/amun-networking/tests/n20_9_rejoin_over_tcp.rs:1:use amun_certificate_network::distribution::LightClientProofBundle;
crates/amun-networking/tests/n20_9_rejoin_over_tcp.rs:44:        bundles.push(LightClientProofBundle::new(block, cert, proof));
crates/amun-networking/tests/n20_9_rejoin_over_tcp.rs:47:    CheckpointCertificate::create(start, end, &bundles).unwrap()
crates/amun-networking/tests/n20_9_rejoin_over_tcp.rs:5:    CheckpointCertificate,
crates/amun-nft-adversarial/tests/n149_adversarial_tests.rs:118:    let result = NftEvidenceKernel::verify_ownership(&reg, &token_id, &thief);
crates/amun-nft-adversarial/tests/n149_adversarial_tests.rs:3:use amun_nft_evidence::NftEvidenceKernel;
crates/amun-nft-adversarial/tests/n149_adversarial_tests.rs:97:    let result = NftEvidenceKernel::verify_metadata_hash(&[1u8; 32], &[2u8; 32]);
crates/amun-nft-constitutional-enforcement/src/lib.rs:78:    ) -> ConstitutionalProof {
crates/amun-nft-constitutional-enforcement/src/lib.rs:88:        ConstitutionalProof {
crates/amun-nft-constitutional-enforcement/src/lib.rs:8:pub struct ConstitutionalProof {
crates/amun-nft-core/src/lib.rs:46:/// Evidence record for NFT operations
crates/amun-nft-core/src/lib.rs:48:pub struct NftEvidence {
crates/amun-nft-core/src/lib.rs:55:impl NftEvidence {
crates/amun-nft-evidence/src/lib.rs:153:/// Accumulates NFT evidence hashes for inclusion in BlockEvidenceRoot.
crates/amun-nft-evidence/src/lib.rs:154:pub fn accumulate_nft_evidence_root(evidences: &[NftEvidence]) -> [u8; 32] {
crates/amun-nft-evidence/src/lib.rs:1:use amun_nft_core::{NftEvent, NftEvidence};
crates/amun-nft-evidence/src/lib.rs:25:    Law5EvidenceGenerationFailed,
crates/amun-nft-evidence/src/lib.rs:29:impl NftEvidenceKernel {
crates/amun-nft-evidence/src/lib.rs:4:/// Constitutional Evidence Kernel (CEK) for NFT operations.
crates/amun-nft-evidence/src/lib.rs:5:pub struct NftEvidenceKernel;
crates/amun-nft-evidence/src/lib.rs:78:    /// Law 5: Evidence Generation — produce evidence record
crates/amun-nft-evidence/src/lib.rs:83:    ) -> Result<NftEvidence, CekError> {
crates/amun-nft-evidence/src/lib.rs:84:        Ok(NftEvidence::new(event, timestamp, block_height))
crates/amun-nft-evidence/tests/n131_evidence_tests.rs:103:    let result = NftEvidenceKernel::verify_replay_protection(1000, 500);
crates/amun-nft-evidence/tests/n131_evidence_tests.rs:121:    let ev1 = NftEvidence::new(event1, 1000, 1);
crates/amun-nft-evidence/tests/n131_evidence_tests.rs:122:    let ev2 = NftEvidence::new(event2, 2000, 1);
crates/amun-nft-evidence/tests/n131_evidence_tests.rs:159:    assert!(NftEvidenceKernel::verify_mint(ctx).is_ok());
crates/amun-nft-evidence/tests/n131_evidence_tests.rs:167:    let evidence = NftEvidenceKernel::generate_evidence(event.clone(), timestamp, 42).unwrap();
crates/amun-nft-evidence/tests/n131_evidence_tests.rs:1:use amun_nft_core::{NftEvent, NftEvidence};
crates/amun-nft-evidence/tests/n131_evidence_tests.rs:3:    accumulate_nft_evidence_root, CekError, MintVerificationContext, NftEvidenceKernel,
crates/amun-nft-evidence/tests/n131_evidence_tests.rs:40:    assert!(NftEvidenceKernel::verify_mint(ctx).is_ok());
crates/amun-nft-evidence/tests/n131_evidence_tests.rs:48:    let evidence = NftEvidenceKernel::generate_evidence(event, timestamp, 1).unwrap();
crates/amun-nft-evidence/tests/n131_evidence_tests.rs:72:    let result = NftEvidenceKernel::verify_transfer(&reg, &token_id, &thief, 2000, 1000);
crates/amun-nft-evidence/tests/n131_evidence_tests.rs:91:    let result = NftEvidenceKernel::verify_non_duplicate(&reg, &token_id);
crates/amun-nft-evidence/tests/n131_evidence_tests.rs:97:    let result = NftEvidenceKernel::verify_metadata_hash(&[1u8; 32], &[2u8; 32]);
crates/amun-nft-integration/src/lib.rs:17:    EvidenceRoot {
crates/amun-nft-integration/src/lib.rs:1:use amun_evidence_root::EvidenceRoot;
crates/amun-nft-integration/src/lib.rs:4:/// Extends an existing EvidenceRoot with an NFT evidence root.
crates/amun-nft-integration/src/lib.rs:7:    original: &EvidenceRoot,
crates/amun-nft-integration/src/lib.rs:9:) -> EvidenceRoot {
crates/amun-nft-integration/tests/n132_integration_tests.rs:16:    let original = EvidenceRoot::genesis();
crates/amun-nft-integration/tests/n132_integration_tests.rs:1:use amun_evidence_root::EvidenceRoot;
crates/amun-nft-integration/tests/n132_integration_tests.rs:27:    let original = EvidenceRoot::compute(
crates/amun-nft-integration/tests/n132_integration_tests.rs:6:    let original = EvidenceRoot::genesis();
crates/amun-nft-marketplace/src/lib.rs:327:    /// Evidence log accessor
crates/amun-nft-sdk/src/lib.rs:17:    pub evidence_log: Arc<Mutex<Vec<NftEvidence>>>,
crates/amun-nft-sdk/src/lib.rs:2:use amun_nft_core::{NftEvidence, NftMetadata};
crates/amun-node/src/bin/test_constitutional_determinism.rs:34:            let mut hot = amun_proof_archive::hot_store::HotProofStore::new(1000);
crates/amun-node/src/bin/test_constitutional_determinism.rs:35:            let mut archive = amun_proof_archive::proof_archive::ProofArchive::new();
crates/amun-node/src/bin/test_constitutional_multi_block.rs:73:            let mut hot = amun_proof_archive::hot_store::HotProofStore::new(1000);
crates/amun-node/src/bin/test_constitutional_multi_block.rs:74:            let mut archive = amun_proof_archive::proof_archive::ProofArchive::new();
crates/amun-node/src/bin/test_constitutional_mutation.rs:49:            let mut hot = amun_proof_archive::hot_store::HotProofStore::new(1000);
crates/amun-node/src/bin/test_constitutional_mutation.rs:50:            let mut archive = amun_proof_archive::proof_archive::ProofArchive::new();
crates/amun-node/src/bin/test_constitutional_stress.rs:72:            let mut hot = amun_proof_archive::hot_store::HotProofStore::new(1000);
crates/amun-node/src/bin/test_constitutional_stress.rs:73:            let mut archive = amun_proof_archive::proof_archive::ProofArchive::new();
crates/amun-node/src/bin/test_replay_stress.rs:121:            let mut hot = amun_proof_archive::hot_store::HotProofStore::new(1000);
crates/amun-node/src/bin/test_replay_stress.rs:122:            let mut archive = amun_proof_archive::proof_archive::ProofArchive::new();
crates/amun-node/src/bin/test_replay_stress.rs:63:        let mut hot = amun_proof_archive::hot_store::HotProofStore::new(1000);
crates/amun-node/src/bin/test_replay_stress.rs:64:        let mut archive = amun_proof_archive::proof_archive::ProofArchive::new();
crates/amun-node/src/certificate_loader.rs:126:        let cert = ValidatorCertificate::issue(validator.peer_id(), validator_pk, &authority, 0, 0);
crates/amun-node/src/certificate_loader.rs:12:) -> Result<ValidatorCertificate, String> {
crates/amun-node/src/certificate_loader.rs:143:        let cert = ValidatorCertificate::issue(
crates/amun-node/src/certificate_loader.rs:165:        let mut cert = ValidatorCertificate::issue(
crates/amun-node/src/certificate_loader.rs:189:        let cert = ValidatorCertificate::issue(
crates/amun-node/src/certificate_loader.rs:19:    let cert: ValidatorCertificate =
crates/amun-node/src/certificate_loader.rs:29:    cert: &ValidatorCertificate,
crates/amun-node/src/certificate_loader.rs:39:                "Certificate verified against trust anchor: {}",
crates/amun-node/src/certificate_loader.rs:3:use amun_networking::validator_certificate::ValidatorCertificate;
crates/amun-node/src/certificate_loader.rs:45:    Err("Certificate not signed by any genesis trust anchor".into())
crates/amun-node/src/certificate_loader.rs:56:    cert: &ValidatorCertificate,
crates/amun-node/src/main.rs:102:    println!("Certificate: verified by genesis trust anchor");
crates/amun-node/src/peer_handshake.rs:12:    pub certificate: ValidatorCertificate,
crates/amun-node/src/peer_handshake.rs:22:        certificate: &ValidatorCertificate,
crates/amun-node/src/peer_handshake.rs:4:use amun_networking::validator_certificate::ValidatorCertificate;
crates/amun-node/src/peer_handshake.rs:51:            return Err("Certificate validator_id does not match peer_id".into());
crates/amun-node/src/peer_handshake.rs:55:            return Err("Certificate public_key does not match handshake public_key".into());
crates/amun-node/src/peer_handshake.rs:60:            return Err("Certificate signature verification failed".into());
crates/amun-node/src/peer_handshake.rs:97:        let cert = ValidatorCertificate::issue(
crates/amun-pacemaker/src/pacemaker.rs:69:    /// Signal that progress was made (QC received). Resets timeout.
crates/amun-pccv/src/lib.rs:122:        let proof = EnhancedTransitionProof {
crates/amun-pccv/src/lib.rs:142:            witness: WitnessBundle {
crates/amun-pccv/src/lib.rs:167:            archetype: ResourceArchetype::Evidence,
crates/amun-pccv/src/lib.rs:174:        let proof = EnhancedTransitionProof {
crates/amun-pccv/src/lib.rs:194:            witness: WitnessBundle {
crates/amun-pccv/src/lib.rs:199:                    archetype: ResourceArchetype::Evidence,
crates/amun-pccv/src/lib.rs:228:        let proof = EnhancedTransitionProof {
crates/amun-pccv/src/lib.rs:252:            witness: WitnessBundle {
crates/amun-pccv/src/lib.rs:28:        let proof = EnhancedTransitionProof {
crates/amun-pccv/src/lib.rs:41:            witness: WitnessBundle {
crates/amun-pccv/src/lib.rs:67:        let proof = EnhancedTransitionProof {
crates/amun-pccv/src/lib.rs:97:            witness: WitnessBundle {
crates/amun-pccv/src/pccv_verifier.rs:101:                    reason: "R4: Certificate not Archived".into(),
crates/amun-pccv/src/pccv_verifier.rs:116:                reason: "Proof hash mismatch".into(),
crates/amun-pccv/src/pccv_verifier.rs:148:    pub fn compute_proof_hash(proof: &EnhancedTransitionProof) -> [u8; 32] {
crates/amun-pccv/src/pccv_verifier.rs:1:use crate::enhanced_proof::EnhancedTransitionProof;
crates/amun-pccv/src/pccv_verifier.rs:20:    pub fn verify(proof: &EnhancedTransitionProof, _registry: &ResourceRegistry) -> PCCVResult {
crates/amun-pccv/src/pccv_verifier.rs:97:            if meta.archetype == ResourceArchetype::Certificate
crates/amun-pccv/src/transition_proof_engine.rs:101:    use crate::enhanced_proof::EnhancedTransitionProof;
crates/amun-pccv/src/transition_proof_engine.rs:102:    use crate::enhanced_proof::WitnessBundle;
crates/amun-pccv/src/transition_proof_engine.rs:105:    use crate::TransitionProofEngine;
crates/amun-pccv/src/transition_proof_engine.rs:11:impl TransitionProofEngine {
crates/amun-pccv/src/transition_proof_engine.rs:154:        let proof = TransitionProofEngine::build_proof(
crates/amun-pccv/src/transition_proof_engine.rs:176:            archetype: ResourceArchetype::Evidence,
crates/amun-pccv/src/transition_proof_engine.rs:213:        let witness = WitnessBundle {
crates/amun-pccv/src/transition_proof_engine.rs:218:        let mut proof = EnhancedTransitionProof {
crates/amun-pccv/src/transition_proof_engine.rs:22:    ) -> EnhancedTransitionProof {
crates/amun-pccv/src/transition_proof_engine.rs:253:        let proof1 = TransitionProofEngine::build_proof(
crates/amun-pccv/src/transition_proof_engine.rs:264:        let proof2 = TransitionProofEngine::build_proof(
crates/amun-pccv/src/transition_proof_engine.rs:37:        let evidence: Vec<amun_evidence_engine::evidence_types::ConstitutionalEvidence> = buffer
crates/amun-pccv/src/transition_proof_engine.rs:41:                amun_evidence_engine::evidence_engine::EvidenceEngine::convert(
crates/amun-pccv/src/transition_proof_engine.rs:50:        let witness = WitnessBuilder::build(registry, &consumed_resources, &produced_resources);
crates/amun-pccv/src/transition_proof_engine.rs:52:        let mut proof = EnhancedTransitionProof {
crates/amun-pccv/src/transition_proof_engine.rs:5:use crate::enhanced_proof::EnhancedTransitionProof;
crates/amun-pccv/src/transition_proof_engine.rs:7:use crate::witness_builder::WitnessBuilder;
crates/amun-pccv/src/transition_proof_engine.rs:82:    ) -> (EnhancedTransitionProof, PCCVResult) {
crates/amun-pccv/src/transition_proof_engine.rs:9:pub struct TransitionProofEngine;
crates/amun-pccv/src/witness_builder.rs:105:    fn build_lineage_proof(registry: &ResourceRegistry, resource_id: &ResourceId) -> LineageProof {
crates/amun-pccv/src/witness_builder.rs:11:    ) -> WitnessBundle {
crates/amun-pccv/src/witness_builder.rs:125:        LineageProof {
crates/amun-pccv/src/witness_builder.rs:158:        let bundle = WitnessBuilder::build(&reg, &[id], &[]);
crates/amun-pccv/src/witness_builder.rs:1:use crate::enhanced_proof::{LineageProof, MerkleProof, WitnessBundle};
crates/amun-pccv/src/witness_builder.rs:210:        let bundle = WitnessBuilder::build(&reg, &[grandchild], &[]);
crates/amun-pccv/src/witness_builder.rs:232:        let bundle = WitnessBuilder::build(&reg, &[make_id(0)], &[]);
crates/amun-pccv/src/witness_builder.rs:26:        WitnessBundle {
crates/amun-pccv/src/witness_builder.rs:37:    ) -> MerkleProof {
crates/amun-pccv/src/witness_builder.rs:39:        MerkleProof {
crates/amun-pccv/src/witness_builder.rs:4:pub struct WitnessBuilder;
crates/amun-pccv/src/witness_builder.rs:6:impl WitnessBuilder {
crates/amun-pccv/tests/replay_equivalence.rs:144:            TransitionProofEngine::build_proof(
crates/amun-pccv/tests/replay_equivalence.rs:2:use amun_pccv::transition_proof_engine::TransitionProofEngine;
crates/amun-pccv/tests/replay_equivalence.rs:73:    let proof1 = TransitionProofEngine::build_proof(
crates/amun-pccv/tests/replay_equivalence.rs:84:    let proof2 = TransitionProofEngine::build_proof(
crates/amun-peer-identity/src/certificate.rs:10:impl PeerCertificate {
crates/amun-peer-identity/src/certificate.rs:5:pub struct PeerCertificate {
crates/amun-peer-identity/src/lib.rs:13:pub use certificate::PeerCertificate;
crates/amun-peer-identity/src/registry.rs:17:    pub fn register(&mut self, cert: PeerCertificate) {
crates/amun-peer-identity/src/registry.rs:1:use super::certificate::PeerCertificate;
crates/amun-peer-identity/src/registry.rs:7:    peers: BTreeMap<String, PeerCertificate>,
crates/amun-peer-identity/src/verifier.rs:1:use super::certificate::PeerCertificate;
crates/amun-peer-identity/src/verifier.rs:7:    pub fn verify(cert: &PeerCertificate, trusted_genesis: &str) -> Result<(), String> {
crates/amun-peer-identity/tests/peer_identity_tests.rs:24:    let cert = PeerCertificate::self_sign(peer_id, &keypair);
crates/amun-peer-identity/tests/peer_identity_tests.rs:2:use amun_peer_identity::{ConstitutionalPeerId, IdentityVerifier, PeerCertificate, PeerRegistry};
crates/amun-peer-identity/tests/peer_identity_tests.rs:32:    let cert = PeerCertificate::self_sign(peer_id, &keypair);
crates/amun-peer-identity/tests/peer_identity_tests.rs:40:    let cert = PeerCertificate::self_sign(peer_id, &keypair);
crates/amun-proof-archive/src/hot_store.rs:104:        let mut store = HotProofStore::new(10);
crates/amun-proof-archive/src/hot_store.rs:11:impl HotProofStore {
crates/amun-proof-archive/src/hot_store.rs:1:use amun_transition_proof::transition_proof::TransitionProof;
crates/amun-proof-archive/src/hot_store.rs:20:    pub fn store(&mut self, proof: TransitionProof, block_height: u64) {
crates/amun-proof-archive/src/hot_store.rs:26:    pub fn get(&self, proof_hash: &[u8; 32]) -> Option<&TransitionProof> {
crates/amun-proof-archive/src/hot_store.rs:5:pub struct HotProofStore {
crates/amun-proof-archive/src/hot_store.rs:66:    fn make_proof(tx_hash: [u8; 32]) -> TransitionProof {
crates/amun-proof-archive/src/hot_store.rs:67:        TransitionProof::new(
crates/amun-proof-archive/src/hot_store.rs:6:    proofs: HashMap<[u8; 32], TransitionProof>,
crates/amun-proof-archive/src/hot_store.rs:84:        let mut store = HotProofStore::new(100);
crates/amun-proof-archive/src/hot_store.rs:94:        let mut store = HotProofStore::new(10);
crates/amun-proof-archive/src/proof_archive.rs:103:        let mut hot = HotProofStore::new(100);
crates/amun-proof-archive/src/proof_archive.rs:104:        let mut archive = ProofArchive::new();
crates/amun-proof-archive/src/proof_archive.rs:12:impl ProofArchive {
crates/amun-proof-archive/src/proof_archive.rs:17:    pub fn archive_permanent(&mut self, proof: TransitionProof) {
crates/amun-proof-archive/src/proof_archive.rs:1:use crate::hot_store::HotProofStore;
crates/amun-proof-archive/src/proof_archive.rs:21:    pub fn archive_evidence(&mut self, evidence: ConstitutionalEvidence) {
crates/amun-proof-archive/src/proof_archive.rs:25:    pub fn get_permanent(&self, proof_hash: &[u8; 32]) -> Option<&TransitionProof> {
crates/amun-proof-archive/src/proof_archive.rs:2:use amun_evidence_engine::evidence_types::ConstitutionalEvidence;
crates/amun-proof-archive/src/proof_archive.rs:38:        hot_store: &mut HotProofStore,
crates/amun-proof-archive/src/proof_archive.rs:3:use amun_transition_proof::transition_proof::TransitionProof;
crates/amun-proof-archive/src/proof_archive.rs:61:    fn make_proof(tx_hash: [u8; 32]) -> TransitionProof {
crates/amun-proof-archive/src/proof_archive.rs:62:        TransitionProof::new(
crates/amun-proof-archive/src/proof_archive.rs:79:        let mut archive = ProofArchive::new();
crates/amun-proof-archive/src/proof_archive.rs:7:pub struct ProofArchive {
crates/amun-proof-archive/src/proof_archive.rs:89:        let mut archive = ProofArchive::new();
crates/amun-proof-archive/src/proof_archive.rs:8:    permanent: HashMap<[u8; 32], TransitionProof>,
crates/amun-proof-archive/src/proof_archive.rs:90:        let ev = ConstitutionalEvidence::ExecutionFailure {
crates/amun-proof-archive/src/proof_archive.rs:9:    evidence: Vec<ConstitutionalEvidence>,
crates/amun-proof-carrying/src/lib.rs:14:pub use receipt::ProofCarryingReceipt;
crates/amun-proof-carrying/src/lib.rs:15:pub use verifier::ProofVerifier;
crates/amun-proof-carrying/src/lib.rs:5://! Proof-carrying execution receipts.
crates/amun-proof-carrying/src/receipt.rs:14:pub struct ProofCarryingReceipt {
crates/amun-proof-carrying/src/receipt.rs:17:    pub state_proof: MerkleProof,
crates/amun-proof-carrying/src/receipt.rs:19:    pub governance_proof: Option<MerkleProof>,
crates/amun-proof-carrying/src/receipt.rs:21:    pub execution_proof: Option<MerkleProof>,
crates/amun-proof-carrying/src/receipt.rs:30:impl ProofCarryingReceipt {
crates/amun-proof-carrying/src/receipt.rs:34:        state_proof: MerkleProof,
crates/amun-proof-carrying/src/receipt.rs:35:        governance_proof: Option<MerkleProof>,
crates/amun-proof-carrying/src/receipt.rs:36:        execution_proof: Option<MerkleProof>,
crates/amun-proof-carrying/src/receipt.rs:5:use amun_constitutional_commitments::MerkleProof;
crates/amun-proof-carrying/src/verifier.rs:11:impl ProofVerifier {
crates/amun-proof-carrying/src/verifier.rs:14:    pub fn verify_receipt(receipt: &ProofCarryingReceipt) -> Result<(), String> {
crates/amun-proof-carrying/src/verifier.rs:5:use crate::receipt::ProofCarryingReceipt;
crates/amun-proof-carrying/src/verifier.rs:9:pub struct ProofVerifier;
crates/amun-proof-carrying/tests/proof_tests.rs:31:    let pcr = ProofCarryingReceipt::new(
crates/amun-proof-carrying/tests/proof_tests.rs:4:use amun_proof_carrying::ProofCarryingReceipt;
crates/amun-qc-canonical/src/canonicalize.rs:124:        let qc = QuorumCertificate::new(pos, 0, block, [0x00; 32], votes);
crates/amun-qc-canonical/src/canonicalize.rs:27:    QuorumCertificate::new(
crates/amun-qc-canonical/src/canonicalize.rs:3:use amun_quorum_certificate::QuorumCertificate;
crates/amun-qc-canonical/src/canonicalize.rs:59:/// Check if canonicalized QC reaches quorum
crates/amun-qc-canonical/src/canonicalize.rs:61:    qc: &QuorumCertificate,
crates/amun-qc-canonical/src/canonicalize.rs:6:/// Canonicalize a QC by removing duplicate and invalid votes
crates/amun-qc-canonical/src/canonicalize.rs:7:pub fn canonicalize_qc(qc: &QuorumCertificate, validator_set: &ValidatorSet) -> QuorumCertificate {
crates/amun-qc-canonical/src/validator.rs:13:            return Err("duplicate validator in QC votes");
crates/amun-qc-canonical/src/validator.rs:4:/// Validate that a set of votes for a QC all come from distinct, known validators.
crates/amun-qc-weight/src/derive.rs:16:            return Err("duplicate validator in QC");
crates/amun-qc-weight/src/derive.rs:1:use amun_quorum_certificate::QuorumCertificate;
crates/amun-qc-weight/src/derive.rs:4:/// Derive QC weight from the ValidatorSet.
crates/amun-qc-weight/src/derive.rs:5:/// NEVER trust the weight field in the QC itself.
crates/amun-qc-weight/src/derive.rs:8:    qc: &QuorumCertificate,
crates/amun-quorum-certificate/src/certificate.rs:16:impl QuorumCertificate {
crates/amun-quorum-certificate/src/certificate.rs:27:        h.update(b"AMUN_QC_V1");
crates/amun-quorum-certificate/src/certificate.rs:47:        h.update(b"AMUN_QC_V1");
crates/amun-quorum-certificate/src/certificate.rs:6:pub struct QuorumCertificate {
crates/amun-quorum-certificate/src/lib.rs:14:impl QuorumCertificate {
crates/amun-quorum-certificate/src/lib.rs:5:pub struct QuorumCertificate {
crates/amun-quorum-certificate/src/verifier.rs:10:        return Err("QC hash verification failed");
crates/amun-quorum-certificate/src/verifier.rs:14:        return Err("QC does not meet quorum threshold");
crates/amun-quorum-certificate/src/verifier.rs:1:use crate::certificate::QuorumCertificate;
crates/amun-quorum-certificate/src/verifier.rs:6:    qc: &QuorumCertificate,
crates/amun-replay-cert/src/certificate.rs:19:impl ReplayCertificate {
crates/amun-replay-cert/src/certificate.rs:6:pub struct ReplayCertificate {
crates/amun-replay-cert/src/verifier.rs:1:use crate::certificate::ReplayCertificate;
crates/amun-replay-cert/src/verifier.rs:5:pub fn verify_certificate(cert: &ReplayCertificate) -> Result<(), &'static str> {
crates/amun-replay-consensus/src/replay_backed_consensus.rs:119:    ) -> Result<ReplayBackedFinalityCertificate, String> {
crates/amun-replay-consensus/src/replay_backed_consensus.rs:11:    ReplayBackedFinalityCertificate, ReplayBackedQC, ReplayVerificationRecord, ReplayVerifiedBlock,
crates/amun-replay-consensus/src/replay_backed_consensus.rs:124:        let mut qc = ReplayBackedQC::for_block(block, quorum_size);
crates/amun-replay-consensus/src/replay_backed_consensus.rs:137:        Ok(ReplayBackedFinalityCertificate::issue(block, qc))
crates/amun-replay-consensus/src/replay_backed_consensus.rs:140:    fn compute_proof_root(transitions: &[TransitionProof]) -> [u8; 32] {
crates/amun-replay-consensus/src/replay_backed_consensus.rs:28:        let mut hot = HotProofStore::new(10000);
crates/amun-replay-consensus/src/replay_backed_consensus.rs:29:        let mut archive = ProofArchive::new();
crates/amun-replay-consensus/src/replay_backed_consensus.rs:3:use amun_proof_archive::hot_store::HotProofStore;
crates/amun-replay-consensus/src/replay_backed_consensus.rs:4:use amun_proof_archive::proof_archive::ProofArchive;
crates/amun-replay-consensus/src/replay_backed_consensus.rs:7:use amun_transition_proof::transition_proof::TransitionProof;
crates/amun-replay-consensus/src/replay_backed_types.rs:1:use amun_transition_proof::transition_proof::TransitionProof;
crates/amun-replay-consensus/src/replay_backed_types.rs:29:    pub transitions: Vec<TransitionProof>,
crates/amun-replay-consensus/src/replay_backed_types.rs:50:/// A QC that includes replay verification.
crates/amun-replay-consensus/src/replay_backed_types.rs:52:pub struct ReplayBackedQC {
crates/amun-replay-consensus/src/replay_backed_types.rs:64:impl ReplayBackedQC {
crates/amun-replay-consensus/src/replay_backed_types.rs:86:pub struct ReplayBackedFinalityCertificate {
crates/amun-replay-consensus/src/replay_backed_types.rs:92:    pub qc: ReplayBackedQC,
crates/amun-replay-consensus/src/replay_backed_types.rs:96:impl ReplayBackedFinalityCertificate {
crates/amun-replay-consensus/src/replay_backed_types.rs:97:    pub fn issue(block: &ReplayVerifiedBlock, qc: ReplayBackedQC) -> Self {
crates/amun-replay-engine/src/adaptive_relay.rs:101:        RoutedProofType::EquivalenceFingerprint => CompressionDecision::SendFingerprint,
crates/amun-replay-engine/src/adaptive_relay.rs:102:        RoutedProofType::FrontierDescription => {
crates/amun-replay-engine/src/adaptive_relay.rs:109:        RoutedProofType::ClosureDelta => CompressionDecision::SendDelta,
crates/amun-replay-engine/src/adaptive_relay.rs:110:        RoutedProofType::FullWitness => {
crates/amun-replay-engine/src/adaptive_relay.rs:12:use crate::proof_routing::RoutedProofType;
crates/amun-replay-engine/src/adaptive_relay.rs:1://! Adaptive Proof Relay — topology-aware delivery without semantic preference.
crates/amun-replay-engine/src/adaptive_relay.rs:244:        let f1 = make_frontier(100, vec![([0x01; 32], FrontierDependencyReason::HardWitnessRequired, true)]);
crates/amun-replay-engine/src/adaptive_relay.rs:255:        let decision = adaptive_compression_policy(&pressure, RoutedProofType::FullWitness);
crates/amun-replay-engine/src/adaptive_relay.rs:98:    route_type: RoutedProofType,
crates/amun-replay-engine/src/byzantine_witness_filter.rs:100:            WitnessEntry::new([0x01; 32], WitnessType::HardDependency),
crates/amun-replay-engine/src/byzantine_witness_filter.rs:101:            WitnessEntry::new([0x02; 32], WitnessType::SupportingDependency),
crates/amun-replay-engine/src/byzantine_witness_filter.rs:110:        entries.push(WitnessEntry::new([0x01; 32], WitnessType::HardDependency));
crates/amun-replay-engine/src/byzantine_witness_filter.rs:112:            entries.push(WitnessEntry::new([i as u8; 32], WitnessType::AuditDependency));
crates/amun-replay-engine/src/byzantine_witness_filter.rs:122:            WitnessEntry::new([0xAA; 32], WitnessType::HardDependency), // same as target
crates/amun-replay-engine/src/byzantine_witness_filter.rs:13:use amun_constitutional::ConstitutionalWitness;
crates/amun-replay-engine/src/byzantine_witness_filter.rs:14:use amun_constitutional::WitnessType;
crates/amun-replay-engine/src/byzantine_witness_filter.rs:19:    /// Witness passes all structural checks.
crates/amun-replay-engine/src/byzantine_witness_filter.rs:1://! ByzantineWitnessFilter — prevent malicious witness propagation.
crates/amun-replay-engine/src/byzantine_witness_filter.rs:21:    /// Witness is structurally incomplete (missing hard dependencies).
crates/amun-replay-engine/src/byzantine_witness_filter.rs:25:    /// Witness appears to be part of a dependency inflation attack.
crates/amun-replay-engine/src/byzantine_witness_filter.rs:31:    /// Witness contains self-referential entries.
crates/amun-replay-engine/src/byzantine_witness_filter.rs:33:    /// Witness is empty (no entries).
crates/amun-replay-engine/src/byzantine_witness_filter.rs:34:    EmptyWitness,
crates/amun-replay-engine/src/byzantine_witness_filter.rs:42:pub fn filter_incoming_witness(witness: &ConstitutionalWitness) -> FilterResult {
crates/amun-replay-engine/src/byzantine_witness_filter.rs:45:        return FilterResult::EmptyWitness;
crates/amun-replay-engine/src/byzantine_witness_filter.rs:57:        .filter(|e| matches!(e.witness_type, WitnessType::HardDependency))
crates/amun-replay-engine/src/byzantine_witness_filter.rs:61:        // Witness has entries but no hard dependencies — suspicious
crates/amun-replay-engine/src/byzantine_witness_filter.rs:85:    use amun_constitutional::{WitnessEntry, WitnessType};
crates/amun-replay-engine/src/byzantine_witness_filter.rs:87:    fn make_witness(entries: Vec<WitnessEntry>) -> ConstitutionalWitness {
crates/amun-replay-engine/src/byzantine_witness_filter.rs:88:        ConstitutionalWitness::new(1, 1, 1, [0xAA; 32], [0xAB; 32], entries)
crates/amun-replay-engine/src/byzantine_witness_filter.rs:94:        assert!(matches!(filter_incoming_witness(&w), FilterResult::EmptyWitness));
crates/amun-replay-engine/src/constitutional_economics.rs:114:impl WitnessIncentiveSurface {
crates/amun-replay-engine/src/constitutional_economics.rs:120:    /// Proofs are not "better" because they cost more.
crates/amun-replay-engine/src/constitutional_economics.rs:19:pub struct ProofMarketSurface {
crates/amun-replay-engine/src/constitutional_economics.rs:201:        let market = ProofMarketSurface::new(1, [0xAB; 32]);
crates/amun-replay-engine/src/constitutional_economics.rs:223:        let incentives = WitnessIncentiveSurface::new(1, [0xAB; 32]);
crates/amun-replay-engine/src/constitutional_economics.rs:31:impl ProofMarketSurface {
crates/amun-replay-engine/src/constitutional_economics.rs:99:pub struct WitnessIncentiveSurface {
crates/amun-replay-engine/src/derivational_frontier.rs:16:    HardWitnessRequired,
crates/amun-replay-engine/src/equivalence.rs:17:    pub continuity_proof: ContinuityProof,
crates/amun-replay-engine/src/equivalence.rs:19:    pub equivalence_proof: EquivalenceProof,
crates/amun-replay-engine/src/equivalence.rs:20:    pub authority_proof: AuthorityProof,
crates/amun-replay-engine/src/equivalence.rs:25:pub struct ContinuityProof {
crates/amun-replay-engine/src/equivalence.rs:37:pub struct AuthorityProof {
crates/amun-replay-engine/src/equivalence.rs:57:    ) -> Result<EquivalenceProof, ReplayFailure> {
crates/amun-replay-engine/src/equivalence.rs:59:        Ok(EquivalenceProof {
crates/amun-replay-engine/src/equivalence.rs:71:    ) -> Result<EquivalenceProof, ReplayFailure> {
crates/amun-replay-engine/src/equivalence.rs:7:pub struct EquivalenceProof {
crates/amun-replay-engine/src/execution_dependency.rs:19:    RequiresWitness,
crates/amun-replay-engine/src/execution_dependency.rs:42:                | ExecutionDependencyType::RequiresWitness
crates/amun-replay-engine/src/execution_dependency.rs:64:        assert!(ExecutionDependencyType::RequiresWitness.is_mandatory());
crates/amun-replay-engine/src/execution_task.rs:18:    ProduceWitness = 0x03,
crates/amun-replay-engine/src/execution_task.rs:44:    /// For ProduceWitness: the target artifact.
crates/amun-replay-engine/src/execution_vertex.rs:21:    WitnessExtraction,
crates/amun-replay-engine/src/frontier_reconciliation.rs:105:        let a = make_frontier(100, vec![[0x01; 32]], vec![([0x02; 32], FrontierDependencyReason::HardWitnessRequired, true)]);
crates/amun-replay-engine/src/frontier_reconciliation.rs:117:        let target = make_frontier(200, vec![[0x01; 32]], vec![([0x02; 32], FrontierDependencyReason::HardWitnessRequired, true), ([0x03; 32], FrontierDependencyReason::CausalChainIncomplete, false)]);
crates/amun-replay-engine/src/isolation_boundary.rs:30:    WitnessTampering {
crates/amun-replay-engine/src/isolation_boundary.rs:47:            IsolationViolation::WitnessTampering { .. } => b"Witness tampering attempted".to_vec(),
crates/amun-replay-engine/src/lib.rs:26:    AuthorityProof, CheckpointResult, ConstitutionalReplayResult, ContinuityProof,
crates/amun-replay-engine/src/lib.rs:79:            continuity_proof: ContinuityProof {
crates/amun-replay-engine/src/lib.rs:88:            authority_proof: AuthorityProof {
crates/amun-replay-engine/src/proof_routing.rs:127:    route: &ProofRoute,
crates/amun-replay-engine/src/proof_routing.rs:15:pub struct ProofRoute {
crates/amun-replay-engine/src/proof_routing.rs:1://! Proof Routing Fabric — constitutional proof logistics.
crates/amun-replay-engine/src/proof_routing.rs:216:        let route = ProofRoute::new(1, [0xBB; 32], [0xAB; 32], RoutedProofType::ClosureDelta);
crates/amun-replay-engine/src/proof_routing.rs:217:        let frontier = make_frontier(100, vec![], vec![([0xBB; 32], FrontierDependencyReason::HardWitnessRequired, true)]);
crates/amun-replay-engine/src/proof_routing.rs:229:        let route = ProofRoute::new(1, [0xBB; 32], [0xAB; 32], RoutedProofType::EquivalenceFingerprint);
crates/amun-replay-engine/src/proof_routing.rs:22:    pub proof_type: RoutedProofType,
crates/amun-replay-engine/src/proof_routing.rs:242:        let route = ProofRoute::new(1, [0xBB; 32], [0xAB; 32], RoutedProofType::ClosureDelta);
crates/amun-replay-engine/src/proof_routing.rs:243:        let frontier = make_frontier(300, vec![], vec![([0xBB; 32], FrontierDependencyReason::HardWitnessRequired, true)]);
crates/amun-replay-engine/src/proof_routing.rs:255:        let mut route = ProofRoute::new(1, [0xBB; 32], [0xAB; 32], RoutedProofType::FullWitness);
crates/amun-replay-engine/src/proof_routing.rs:35:pub enum RoutedProofType {
crates/amun-replay-engine/src/proof_routing.rs:37:    FullWitness,
crates/amun-replay-engine/src/proof_routing.rs:58:impl ProofRoute {
crates/amun-replay-engine/src/proof_routing.rs:61:        proof_type: RoutedProofType,
crates/amun-replay-engine/src/runtime_anomaly.rs:134:        let anomaly = RuntimeAnomaly::new(1, 100, AnomalyType::SuspiciousWitness, [0xAB; 32]);
crates/amun-replay-engine/src/runtime_anomaly.rs:16:    SuspiciousWitness,
crates/amun-replay-engine/src/runtime_capability.rs:24:    RequestWitness,
crates/amun-replay-engine/src/runtime_capability.rs:61:            RuntimeCapability::RequestWitness,
crates/amun-replay-engine/src/runtime_capability.rs:71:            RuntimeCapability::RequestWitness,
crates/amun-replay-engine/src/witness_envelope.rs:101:        let env = WitnessEnvelope::new(
crates/amun-replay-engine/src/witness_envelope.rs:111:        let e1 = WitnessEnvelope::new(1, [0xAA; 32], 100, [0xAB; 32], [0xBB; 32], PropagationScope::ContextLocal);
crates/amun-replay-engine/src/witness_envelope.rs:112:        let e2 = WitnessEnvelope::new(1, [0xAA; 32], 100, [0xAB; 32], [0xBB; 32], PropagationScope::ContextLocal);
crates/amun-replay-engine/src/witness_envelope.rs:119:        let e1 = WitnessEnvelope::new(1, [0xAA; 32], 100, [0xAB; 32], [0xBB; 32], PropagationScope::ContextLocal);
crates/amun-replay-engine/src/witness_envelope.rs:120:        let e2 = WitnessEnvelope::new(1, [0xAA; 32], 100, [0xAB; 32], [0xBB; 32], PropagationScope::FullBroadcast);
crates/amun-replay-engine/src/witness_envelope.rs:1://! WitnessEnvelope — transport container for witness propagation.
crates/amun-replay-engine/src/witness_envelope.rs:21:pub struct WitnessEnvelope {
crates/amun-replay-engine/src/witness_envelope.rs:60:impl WitnessEnvelope {
crates/amun-replay-engine/src/zk_adapters.rs:110:pub struct RecursiveProofBoundary {
crates/amun-replay-engine/src/zk_adapters.rs:117:impl RecursiveProofBoundary {
crates/amun-replay-engine/src/zk_adapters.rs:18:pub struct ZKWitnessEnvelope {
crates/amun-replay-engine/src/zk_adapters.rs:1://! ZK Witness Adapters — cryptographic portability for derivability.
crates/amun-replay-engine/src/zk_adapters.rs:209:pub struct ProofInspectabilityGuard {
crates/amun-replay-engine/src/zk_adapters.rs:218:impl ProofInspectabilityGuard {
crates/amun-replay-engine/src/zk_adapters.rs:235:        let env = ZKWitnessEnvelope::new(
crates/amun-replay-engine/src/zk_adapters.rs:250:        let mut boundary = RecursiveProofBoundary::new(2);
crates/amun-replay-engine/src/zk_adapters.rs:277:        let guard = ProofInspectabilityGuard::new([0xDD; 32]);
crates/amun-replay-engine/src/zk_adapters.rs:33:impl ZKWitnessEnvelope {
crates/amun-replay-optimization/src/lib.rs:18:    pub certificates: BTreeMap<[u8; 32], CachedCertificate>,
crates/amun-replay-optimization/src/lib.rs:34:    pub fn store_certificate(&mut self, cert: CachedCertificate) {
crates/amun-replay-optimization/src/lib.rs:4:pub struct CachedCertificate {
crates/amun-replay-optimization/tests/n163_replay_tests.rs:26:        cache.store_certificate(CachedCertificate {
crates/amun-replay-optimization/tests/n163_replay_tests.rs:67:    cache1.store_certificate(CachedCertificate {
crates/amun-replay-optimization/tests/n163_replay_tests.rs:73:    cache2.store_certificate(CachedCertificate {
crates/amun-replay-optimization/tests/n163_replay_tests.rs:7:    cache.store_certificate(CachedCertificate {
crates/amun-replay-semantics/src/lib.rs:23:pub struct ReplayCertificate {
crates/amun-replay-semantics/src/lib.rs:30:impl ReplayCertificate {
crates/amun-replay-semantics/src/lib.rs:48:    pub fn verify(&self, a: &ReplayCertificate, b: &ReplayCertificate) -> bool {
crates/amun-replay-semantics/src/lib.rs:49:        match self { ReplayEquivalence::Strict => a.certificate_hash == b.certificate_hash, ReplayEquivalence::Semantic => ReplayCertificate::prove_equivalence(a, b), ReplayEquivalence::EpochBounded(ep) => a.epoch.epoch_id == ep.epoch_id && b.epoch.epoch_id == ep.epoch_id && ReplayCertificate::prove_equivalence(a, b) }
crates/amun-replay-semantics/src/lib.rs:67:pub struct ReplayWitness { pub start_sequence: u64, pub end_sequence: u64, pub pre_state_root: [u8; 32], pub post_state_root: [u8; 32], pub transcript_fragment_hash: [u8; 32], pub witness_data: Vec<u8> }
crates/amun-replay-semantics/src/lib.rs:70:pub struct ReplayCheckpoint { pub sequence: u64, pub state_root: [u8; 32], pub transcript_chain_hash: [u8; 32], pub certificate: ReplayCertificate }
crates/amun-replay-semantics/src/lib.rs:75:    pub fn replay_determinism(a: &ReplayCertificate, b: &ReplayCertificate) -> Result<(), ReplayFailure> {
crates/amun-replay-semantics/src/lib.rs:87:    #[test] fn test_cert_self_verifying() { assert!(ReplayCertificate::new(ReplayDomain::Consensus, te(), [0x01;32], [0x02;32], [0x03;32], [0x04;32], tb(), 100, 1).verify()); }
crates/amun-replay-semantics/src/lib.rs:88:    #[test] fn test_cert_tamper_detected() { let mut c = ReplayCertificate::new(ReplayDomain::Consensus, te(), [0x01;32], [0x02;32], [0x03;32], [0x04;32], tb(), 100, 1); c.state_root = [0xFF;32]; assert!(!c.verify()); }
crates/amun-replay-semantics/src/lib.rs:89:    #[test] fn test_equivalence_strict() { let c = ReplayCertificate::new(ReplayDomain::Consensus, te(), [0x01;32], [0x02;32], [0x03;32], [0x04;32], tb(), 100, 1); assert!(ReplayEquivalence::Strict.verify(&c, &c)); }
crates/amun-replay-semantics/src/lib.rs:90:    #[test] fn test_law_determinism_divergence() { let a = ReplayCertificate::new(ReplayDomain::Consensus, te(), [0x01;32], [0x02;32], [0x03;32], [0x04;32], tb(), 100, 1); let b = ReplayCertificate::new(ReplayDomain::Consensus, te(), [0x01;32], [0xFF;32], [0x03;32], [0x04;32], tb(), 100, 1); assert!(laws::replay_determinism(&a, &b).is_err()); }
crates/amun-replay-verifier/src/replay_verifier.rs:144:        let mut h = HotProofStore::new(100);
crates/amun-replay-verifier/src/replay_verifier.rs:145:        let mut a = ProofArchive::new();
crates/amun-replay-verifier/src/replay_verifier.rs:173:        let mut h = HotProofStore::new(100);
crates/amun-replay-verifier/src/replay_verifier.rs:174:        let mut a = ProofArchive::new();
crates/amun-replay-verifier/src/replay_verifier.rs:203:        let mut h = HotProofStore::new(100);
crates/amun-replay-verifier/src/replay_verifier.rs:204:        let mut a = ProofArchive::new();
crates/amun-replay-verifier/src/replay_verifier.rs:32:        proof: &TransitionProof,
crates/amun-replay-verifier/src/replay_verifier.rs:4:use amun_proof_archive::hot_store::HotProofStore;
crates/amun-replay-verifier/src/replay_verifier.rs:5:use amun_proof_archive::proof_archive::ProofArchive;
crates/amun-replay-verifier/src/replay_verifier.rs:67:        let mut hot_store = HotProofStore::new(1000);
crates/amun-replay-verifier/src/replay_verifier.rs:68:        let mut archive = ProofArchive::new();
crates/amun-replay-verifier/src/replay_verifier.rs:9:use amun_transition_proof::transition_proof::TransitionProof;
crates/amun-replay/src/certificate.rs:115:    pub fn latest(&self) -> Option<&ReplayCertificate> {
crates/amun-replay/src/certificate.rs:149:        let genesis = ReplayCertificate::genesis([0xAA; 32], 1000);
crates/amun-replay/src/certificate.rs:157:        let mut store = ReplayCertificateStore::new();
crates/amun-replay/src/certificate.rs:158:        let genesis = ReplayCertificate::genesis([0xAA; 32], 1000);
crates/amun-replay/src/certificate.rs:162:        let cert1 = ReplayCertificate::issue(&result, 3, prev_id, [0xAA; 32], 2000).unwrap();
crates/amun-replay/src/certificate.rs:165:        let cert2 = ReplayCertificate::issue(&result, 6, prev_id2, [0xAA; 32], 3000).unwrap();
crates/amun-replay/src/certificate.rs:172:        let mut store = ReplayCertificateStore::new();
crates/amun-replay/src/certificate.rs:173:        let genesis = ReplayCertificate::genesis([0xAA; 32], 1000);
crates/amun-replay/src/certificate.rs:176:        let mut cert = ReplayCertificate::issue(&result, 3, [0xFF; 32], [0xAA; 32], 2000).unwrap();
crates/amun-replay/src/certificate.rs:17:impl ReplayCertificate {
crates/amun-replay/src/certificate.rs:183:        let mut store = ReplayCertificateStore::new();
crates/amun-replay/src/certificate.rs:184:        let genesis = ReplayCertificate::genesis([0xAA; 32], 1000);
crates/amun-replay/src/certificate.rs:188:        let mut cert = ReplayCertificate::issue(&result, 3, prev_id, [0xAA; 32], 2000).unwrap();
crates/amun-replay/src/certificate.rs:195:        let mut store = ReplayCertificateStore::new();
crates/amun-replay/src/certificate.rs:197:            .store(ReplayCertificate::genesis([0xAA; 32], 1000))
crates/amun-replay/src/certificate.rs:202:            .store(ReplayCertificate::issue(&r, 3, id1, [0xAA; 32], 2000).unwrap())
crates/amun-replay/src/certificate.rs:206:            .store(ReplayCertificate::issue(&r, 6, id2, [0xAA; 32], 3000).unwrap())
crates/amun-replay/src/certificate.rs:6:pub struct ReplayCertificate {
crates/amun-replay/src/certificate.rs:81:pub struct ReplayCertificateStore {
crates/amun-replay/src/certificate.rs:82:    certificates: HashMap<[u8; 32], ReplayCertificate>,
crates/amun-replay/src/certificate.rs:86:impl ReplayCertificateStore {
crates/amun-replay/src/certificate.rs:91:    pub fn store(&mut self, cert: ReplayCertificate) -> Result<(), &'static str> {
crates/amun-replay/src/certificate.rs:93:            return Err("Certificate verification failed");
crates/amun-replay/src/certificate.rs:97:                return Err("Certificate chain broken");
crates/amun-replay/src/lib.rs:36:pub use certificate::{ReplayCertificate, ReplayCertificateStore};
crates/amun-replay/src/lib.rs:40:pub use store::{CertificateProvider, ReplayStore};
crates/amun-replay/src/store.rs:18:    pub fn insert(&mut self, cert: ReplayCertificate) {
crates/amun-replay/src/store.rs:1:use amun_constitutional_state::ReplayCertificate;
crates/amun-replay/src/store.rs:24:    pub fn get(&self, hash: &[u8; 32]) -> Option<&ReplayCertificate> {
crates/amun-replay/src/store.rs:4:/// Stores ReplayCertificates keyed by their certificate_hash.
crates/amun-replay/src/store.rs:50:/// A generic interface for retrieving ReplayCertificates by hash.
crates/amun-replay/src/store.rs:51:pub trait CertificateProvider {
crates/amun-replay/src/store.rs:52:    fn get_certificate(&self, hash: &[u8; 32]) -> Option<ReplayCertificate>;
crates/amun-replay/src/store.rs:55:impl CertificateProvider for ReplayStore {
crates/amun-replay/src/store.rs:56:    fn get_certificate(&self, hash: &[u8; 32]) -> Option<ReplayCertificate> {
crates/amun-replay/src/store.rs:7:    certificates: BTreeMap<[u8; 32], ReplayCertificate>,
crates/amun-resource-core/src/resource_registry.rs:102:    /// This is the entry point needed by WitnessBuilder for Merkle proof construction.
crates/amun-resource-core/src/resource_registry.rs:418:        reg.register_genesis(make_meta(parent_id, ResourceArchetype::Evidence))
crates/amun-resource-core/src/transformation_matrix.rs:30:                | (ResourceArchetype::Evidence, ResourceArchetype::Claim)
crates/amun-resource-core/src/transformation_matrix.rs:55:    /// Certificates are terminal — no derivations from a Certificate are legal.
crates/amun-resource-core/src/transformation_matrix.rs:57:        matches!(archetype, ResourceArchetype::Certificate)
crates/amun-resource-core/src/transformation_matrix.rs:63:         Evidence -> Claim\n\
crates/amun-resource-core/src/transformation_matrix.rs:65:         Certificate -> (terminal, no derivations permitted)\n\
crates/amun-resource-core/src/transformation_matrix.rs:7:    Evidence,
crates/amun-resource-core/src/transformation_matrix.rs:9:    Certificate,
crates/amun-safety-laws/src/equivocation.rs:10:impl EquivocationEvidence {
crates/amun-safety-laws/src/equivocation.rs:41:pub fn detect_equivocation(votes: &[ConsensusVote]) -> Vec<EquivocationEvidence> {
crates/amun-safety-laws/src/equivocation.rs:53:                evidence.push(EquivocationEvidence::new(existing.clone(), vote.clone()));
crates/amun-safety-laws/src/equivocation.rs:5:pub struct EquivocationEvidence {
crates/amun-safety-laws/src/lib.rs:4:pub use equivocation::{detect_equivocation, EquivocationEvidence};
crates/amun-safety-laws/src/slash.rs:17:        proof: &EquivocationProof,
crates/amun-safety-laws/src/slash.rs:1:use crate::equivocation::EquivocationProof;
crates/amun-self-preservation/src/legitimacy_guards.rs:19:    ProofSemantics,
crates/amun-smt/src/error.rs:26:    #[error("Proof verification failed: {reason}")]
crates/amun-smt/src/error.rs:27:    ProofVerificationFailed { reason: String },
crates/amun-smt/src/error.rs:29:    #[error("Proof too large: {steps} steps (max {max})")]
crates/amun-smt/src/error.rs:30:    ProofTooLarge { steps: usize, max: usize },
crates/amun-smt/src/error.rs:33:    MissingLeafWitness,
crates/amun-smt/src/lib.rs:33:pub use proof::{AbsenceReason, LeafWitness, MerkleProof, ProofStep};
crates/amun-smt/src/proof.rs:105:            proof_version: ProofVersion::V1,
crates/amun-smt/src/proof.rs:115:    pub fn prepend_step(&mut self, step: ProofStep) {
crates/amun-smt/src/proof.rs:125:            return Err(SmtError::ProofTooLarge {
crates/amun-smt/src/proof.rs:133:            let vh = self.value_hash.ok_or(SmtError::MissingLeafWitness)?;
crates/amun-smt/src/proof.rs:134:            let ver = self.leaf_version.ok_or(SmtError::MissingLeafWitness)?;
crates/amun-smt/src/proof.rs:13:/// Proof format version.
crates/amun-smt/src/proof.rs:15:pub enum ProofVersion {
crates/amun-smt/src/proof.rs:21:pub struct LeafWitness {
crates/amun-smt/src/proof.rs:36:        leaf_witness: LeafWitness,
crates/amun-smt/src/proof.rs:3://! Proofs are self-describing and versioned. They do NOT depend on
crates/amun-smt/src/proof.rs:45:pub struct ProofStep {
crates/amun-smt/src/proof.rs:56:pub struct MerkleProof {
crates/amun-smt/src/proof.rs:57:    pub proof_version: ProofVersion,
crates/amun-smt/src/proof.rs:64:    pub steps: Vec<ProofStep>,
crates/amun-smt/src/proof.rs:67:impl MerkleProof {
crates/amun-smt/src/proof.rs:74:        steps: Vec<ProofStep>,
crates/amun-smt/src/proof.rs:77:            return Err(SmtError::ProofTooLarge {
crates/amun-smt/src/proof.rs:83:            proof_version: ProofVersion::V1,
crates/amun-smt/src/proof.rs:96:        steps: Vec<ProofStep>,
crates/amun-smt/src/proof.rs:99:            return Err(SmtError::ProofTooLarge {
crates/amun-smt/src/tree.rs:25:use crate::proof::{AbsenceReason, LeafWitness, MerkleProof, ProofStep};
crates/amun-smt/src/tree.rs:425:    // Proof generation
crates/amun-smt/src/tree.rs:432:    ) -> Result<Option<MerkleProof>, SmtError> {
crates/amun-smt/src/tree.rs:441:        MerkleProof::new_inclusion(key_hash, vh, ver, steps).map(Some)
crates/amun-smt/src/tree.rs:449:        steps: &mut Vec<ProofStep>,
crates/amun-smt/src/tree.rs:483:                steps.push(ProofStep {
crates/amun-smt/src/tree.rs:499:    ) -> Result<Option<MerkleProof>, SmtError> {
crates/amun-smt/src/tree.rs:509:    ) -> Result<Option<MerkleProof>, SmtError> {
crates/amun-smt/src/tree.rs:514:            return MerkleProof::new_absence(*key_hash, AbsenceReason::EmptyTree, vec![])
crates/amun-smt/src/tree.rs:528:                MerkleProof::new_absence(
crates/amun-smt/src/tree.rs:531:                        leaf_witness: LeafWitness {
crates/amun-smt/src/tree.rs:554:                        .ok_or(SmtError::ProofVerificationFailed {
crates/amun-smt/src/tree.rs:563:                    let step = ProofStep {
crates/amun-smt/src/tree.rs:569:                    return MerkleProof::new_absence(
crates/amun-smt/src/tree.rs:590:                    let step = ProofStep {
crates/amun-smt/src/tree.rs:596:                    return MerkleProof::new_absence(
crates/amun-smt/src/tree.rs:607:                proof.prepend_step(ProofStep {
crates/amun-smt/tests/proofs.rs:23:        .expect("Proof must exist");
crates/amun-smt/tests/proofs.rs:24:    assert!(proof.verify(&root.0).unwrap(), "Proof must verify");
crates/amun-smt/tests/proofs.rs:40:        .expect("Proof must exist");
crates/amun-smt/tests/proofs.rs:53:        .expect("Proof must exist");
crates/amun-snapshot-engine/src/chunk_proof.rs:102:                ProofStep::Left(h) => {
crates/amun-snapshot-engine/src/chunk_proof.rs:106:                ProofStep::Right(h) => {
crates/amun-snapshot-engine/src/chunk_proof.rs:126:                ProofStep::Left(h)
crates/amun-snapshot-engine/src/chunk_proof.rs:128:                ProofStep::Right(h)
crates/amun-snapshot-engine/src/chunk_proof.rs:13:pub enum ProofStep {
crates/amun-snapshot-engine/src/chunk_proof.rs:18:impl ChunkProof {
crates/amun-snapshot-engine/src/chunk_proof.rs:48:                        steps.push(ProofStep::Right(right));
crates/amun-snapshot-engine/src/chunk_proof.rs:51:                    steps.push(ProofStep::Left(left));
crates/amun-snapshot-engine/src/chunk_proof.rs:5:pub struct ChunkProof {
crates/amun-snapshot-engine/src/chunk_proof.rs:80:                ProofStep::Left(sibling) => {
crates/amun-snapshot-engine/src/chunk_proof.rs:84:                ProofStep::Right(sibling) => {
crates/amun-snapshot-engine/src/chunk_proof.rs:9:    pub proof_steps: Vec<ProofStep>,
crates/amun-snapshot-engine/src/compatibility.rs:39:    SameProofVersion,
crates/amun-snapshot-engine/src/compatibility.rs:40:    DifferentProofVersion,
crates/amun-snapshot-engine/src/compatibility.rs:95:            reasons.push(CompatibilityReason::SameProofVersion);
crates/amun-snapshot-engine/src/compatibility.rs:97:            reasons.push(CompatibilityReason::DifferentProofVersion);
crates/amun-snapshot-engine/src/lib.rs:24:pub use chunk_proof::ChunkProof;
crates/amun-state-machine/src/delta_algebra.rs:15:    ProofSystemDelta {
crates/amun-state-machine/src/delta_algebra.rs:44:            Self::ProofSystemDelta { .. } => 0x03,
crates/amun-state-machine/src/delta_algebra.rs:58:            Self::ProofSystemDelta { .. } => 3,
crates/amun-state-machine/src/delta_algebra.rs:84:            Self::ProofSystemDelta {
crates/amun-state-machine/src/derivation.rs:42:pub struct ConsistencyProof {
crates/amun-state-machine/src/engine.rs:117:/// ConstitutionalProofEngine: determines WHY a transition is valid.
crates/amun-state-machine/src/engine.rs:118:pub struct ConstitutionalProofEngine;
crates/amun-state-machine/src/engine.rs:120:impl ConstitutionalProofEngine {
crates/amun-state-machine/src/impossibility.rs:19:impl ImpossibilityProof {
crates/amun-state-machine/src/impossibility.rs:4:/// Proofs that certain transitions are constitutionally impossible.
crates/amun-state-machine/src/impossibility.rs:6:pub enum ImpossibilityProof {
crates/amun-state-machine/src/lib.rs:34:pub use derivation::{ConsistencyProof, Derivation, DerivationStep, InferenceRule, Theorem};
crates/amun-state-machine/src/lib.rs:36:    ConstitutionalExecutionEngine, ConstitutionalPolicyEngine, ConstitutionalProofEngine,
crates/amun-state-machine/src/lib.rs:43:pub use impossibility::ImpossibilityProof;
crates/amun-state-machine/src/lib.rs:55:    Transition, TransitionAlgebra, TransitionId, TransitionProof, TransitionType,
crates/amun-state-machine/src/meta_amendment.rs:21:    ProofSemantics,
crates/amun-state-machine/src/meta_amendment.rs:53:            MetaAmendmentScope::ProofSemantics | MetaAmendmentScope::ReplayGuarantees => {
crates/amun-state-machine/src/meta_amendment.rs:66:                            if matches!(scope, MetaAmendmentScope::ProofSemantics) {
crates/amun-state-machine/src/preconditions.rs:12:    EvolutionProofValid { proof_hash: [u8; 32] },
crates/amun-state-machine/src/transitions.rs:202:pub struct TransitionProof {
crates/amun-state-root/src/lib.rs:13:pub use replay::{ReplayCertificate, ReplayEquivalenceProof, ReplayTranscript};
crates/amun-state-root/src/proofs.rs:4:pub struct MerkleProof {
crates/amun-state-root/src/proofs.rs:9:impl MerkleProof {
crates/amun-state-root/src/replay.rs:10:impl CanonicalEncode for ReplayEquivalenceProof {
crates/amun-state-root/src/replay.rs:42:pub struct ReplayCertificate {
crates/amun-state-root/src/replay.rs:44:    pub proof: ReplayEquivalenceProof,
crates/amun-state-root/src/replay.rs:47:impl CanonicalEncode for ReplayCertificate {
crates/amun-state-root/src/replay.rs:4:pub struct ReplayEquivalenceProof {
crates/amun-state-root/src/snapshot.rs:18:    pub replay_equivalence_proof: ReplayEquivalenceProof,
crates/amun-state-root/src/snapshot.rs:22:/// Proof that live and replayed executions produced the same state root.
crates/amun-state-root/src/snapshot.rs:24:pub struct ReplayEquivalenceProof {
crates/amun-state-root/src/snapshot.rs:32:impl ReplayEquivalenceProof {
crates/amun-state-root/src/snapshot.rs:40:impl CanonicalEncode for ReplayEquivalenceProof {
crates/amun-state-sync/src/lib.rs:152:        let cert = StateSnapshotCertificate::new(
crates/amun-state-sync/src/lib.rs:186:        let cert = StateSnapshotCertificate::new(
crates/amun-state-sync/src/lib.rs:214:        let cert = StateSnapshotCertificate::new(
crates/amun-state-sync/src/lib.rs:253:        let cert = StateSnapshotCertificate::new(
crates/amun-state-sync/src/lib.rs:69:        let cert = StateSnapshotCertificate::new(
crates/amun-state-sync/src/lib.rs:85:        let mut cert = StateSnapshotCertificate::new(
crates/amun-state-sync/src/snapshot_certificate.rs:21:impl StateSnapshotCertificate {
crates/amun-state-sync/src/snapshot_certificate.rs:8:pub struct StateSnapshotCertificate {
crates/amun-state-sync/src/state_chunk.rs:48:pub struct ChunkMerkleProof {
crates/amun-state-sync/src/state_chunk.rs:55:impl ChunkMerkleProof {
crates/amun-state-sync/src/state_chunk.rs:75:pub fn build_chunk_merkle_tree(chunks: &[StateChunk]) -> ([u8; 32], Vec<ChunkMerkleProof>) {
crates/amun-state-sync/src/state_chunk.rs:84:        proofs.push(ChunkMerkleProof {
crates/amun-state-sync/src/stateless_verifier.rs:50:                reason: "Proof count mismatch".into(),
crates/amun-state-sync/src/sync_package.rs:11:    pub chunk_proofs: Vec<ChunkMerkleProof>,
crates/amun-state-sync/src/sync_package.rs:17:        snapshot_certificate: StateSnapshotCertificate,
crates/amun-state-sync/src/sync_package.rs:19:        chunk_proofs: Vec<ChunkMerkleProof>,
crates/amun-state-sync/src/sync_package.rs:3:use crate::snapshot_certificate::StateSnapshotCertificate;
crates/amun-state-sync/src/sync_package.rs:4:use crate::state_chunk::{ChunkMerkleProof, StateChunk};
crates/amun-state-sync/src/sync_package.rs:9:    pub snapshot_certificate: StateSnapshotCertificate,
crates/amun-state-sync/src/sync_protocol.rs:131:        let cert = StateSnapshotCertificate::new(
crates/amun-state-sync/src/sync_protocol.rs:1:use crate::snapshot_certificate::StateSnapshotCertificate;
crates/amun-stateless-sync/src/lib.rs:105:    pub fn import_certificate(&mut self, cert: ReplayCertificate) {
crates/amun-stateless-sync/src/lib.rs:110:    pub fn import_inclusion_proof(&mut self, hash: [u8; 32], proof: CertificateInclusionProof) {
crates/amun-stateless-sync/src/lib.rs:114:    pub fn import_bundle(&mut self, height: u64, bundle: LightClientProofBundle) {
crates/amun-stateless-sync/src/lib.rs:166:    pub fn bootstrap(bundles: Vec<LightClientProofBundle>) -> Result<StatelessNode, String> {
crates/amun-stateless-sync/src/lib.rs:196:    fn create_bundle(height: u64, parent_hash: &str) -> LightClientProofBundle {
crates/amun-stateless-sync/src/lib.rs:216:        LightClientProofBundle::new(block, cert, proof)
crates/amun-stateless-sync/src/lib.rs:234:        let msg = CertificateSyncMessage::CertificateBatch {
crates/amun-stateless-sync/src/lib.rs:238:            CertificateSyncMessage::CertificateBatch { certificates } => {
crates/amun-stateless-sync/src/lib.rs:248:        let msg = ProofBundleSyncMessage::BundleResponse {
crates/amun-stateless-sync/src/lib.rs:252:            ProofBundleSyncMessage::BundleResponse { bundle: b } => assert!(b.verify().is_ok()),
crates/amun-stateless-sync/src/lib.rs:32:use amun_certificate_network::distribution::LightClientProofBundle;
crates/amun-stateless-sync/src/lib.rs:34:use amun_constitutional_state::{CertificateInclusionProof, ReplayCertificate};
crates/amun-stateless-sync/src/lib.rs:50:// N11B: Certificate-First Sync Protocol
crates/amun-stateless-sync/src/lib.rs:54:pub enum CertificateSyncMessage {
crates/amun-stateless-sync/src/lib.rs:55:    RequestCertificatesForHeight {
crates/amun-stateless-sync/src/lib.rs:58:    CertificateBatch {
crates/amun-stateless-sync/src/lib.rs:59:        certificates: Vec<ReplayCertificate>,
crates/amun-stateless-sync/src/lib.rs:64:// N11C: Proof Bundle Sync Protocol
crates/amun-stateless-sync/src/lib.rs:69:pub enum ProofBundleSyncMessage {
crates/amun-stateless-sync/src/lib.rs:71:    BundleResponse { bundle: LightClientProofBundle },
crates/amun-stateless-sync/src/lib.rs:80:    certificates: BTreeMap<[u8; 32], ReplayCertificate>,
crates/amun-stateless-sync/src/lib.rs:81:    inclusion_proofs: BTreeMap<[u8; 32], CertificateInclusionProof>,
crates/amun-stateless-sync/src/lib.rs:82:    bundles: BTreeMap<u64, LightClientProofBundle>,
crates/amun-storage-kernel/CANONICAL_TRAVERSAL_LAW.md:17:- Proof step ordering within Merkle proofs
crates/amun-storage-kernel/CANONICAL_TRAVERSAL_LAW.md:79:**Section 4.3: Proof Step Order**
crates/amun-storage-kernel/CONSTITUTION.md:44:**Section 2.1: Fixed Proof Geometry**
crates/amun-storage-kernel/CONSTITUTION.md:45:All Merkle proofs SHALL contain exactly 256 ProofStep entries.
crates/amun-storage-kernel/CONSTITUTION.md:48:**Section 2.2: Proof Types**
crates/amun-storage-kernel/CONSTITUTION.md:53:**Section 2.3: Witness Selection**
crates/amun-storage-kernel/SNAPSHOT_CONSTITUTION.md:156:**Section 9.1: Proof Geometry**
crates/amun-storage-kernel/SNAPSHOT_CONSTITUTION.md:62:**Section 3.3: Chunk Proofs**
crates/amun-storage-kernel/SNAPSHOT_CONSTITUTION.md:70:**Section 4.1: Inclusion Proof**
crates/amun-storage-kernel/SNAPSHOT_CONSTITUTION.md:74:**Section 4.2: Consistency Proof**
crates/amun-storage-kernel/SNAPSHOT_CONSTITUTION.md:77:**Section 4.3: Lineage Proof**
crates/amun-storage-kernel/VALIDITY_HIERARCHY.md:48:### Level 4: ByzantineEvidence (Malicious Behavior Detected)
crates/amun-storage-kernel/VALIDITY_HIERARCHY.md:69:| Provided Invalid Proof | Downgrade to Unknown |
crates/amun-storage-kernel/VALIDITY_HIERARCHY.md:73:| Equivocation Evidence | Permanent Ban + Slash |
crates/amun-storage-kernel/VALIDITY_HIERARCHY.md:98:| ByzantineEvidence | Permanent | Never released |
crates/amun-storage-kernel/src/lib.rs:13:pub use smt::{MerkleProof, NodeHash, ProofStep, ProofVerifier, SparseMerkleTree};
crates/amun-storage-kernel/src/smt/mod.rs:9:pub use proof::{MerkleProof, ProofStep, ProofType, ProofVerifier};
crates/amun-storage-kernel/src/smt/proof.rs:110:                        ProofStep::SiblingOnLeft(s) => super::node::Node::Branch {
crates/amun-storage-kernel/src/smt/proof.rs:115:                        ProofStep::SiblingOnRight(s) => super::node::Node::Branch {
crates/amun-storage-kernel/src/smt/proof.rs:124:            ProofType::Absence {
crates/amun-storage-kernel/src/smt/proof.rs:12:pub enum ProofStep {
crates/amun-storage-kernel/src/smt/proof.rs:138:                        ProofStep::SiblingOnLeft(s) => super::node::Node::Branch {
crates/amun-storage-kernel/src/smt/proof.rs:143:                        ProofStep::SiblingOnRight(s) => super::node::Node::Branch {
crates/amun-storage-kernel/src/smt/proof.rs:160:            ProofType::EmptyTree => {
crates/amun-storage-kernel/src/smt/proof.rs:168:                        ProofStep::SiblingOnLeft(s) => super::node::Node::Branch {
crates/amun-storage-kernel/src/smt/proof.rs:173:                        ProofStep::SiblingOnRight(s) => super::node::Node::Branch {
crates/amun-storage-kernel/src/smt/proof.rs:18:pub enum ProofType {
crates/amun-storage-kernel/src/smt/proof.rs:190:            ProofType::Inclusion {
crates/amun-storage-kernel/src/smt/proof.rs:198:            ProofType::Absence {
crates/amun-storage-kernel/src/smt/proof.rs:210:            ProofType::EmptyTree => {
crates/amun-storage-kernel/src/smt/proof.rs:217:                ProofStep::SiblingOnLeft(h) => {
crates/amun-storage-kernel/src/smt/proof.rs:221:                ProofStep::SiblingOnRight(h) => {
crates/amun-storage-kernel/src/smt/proof.rs:252:                ProofType::Inclusion {
crates/amun-storage-kernel/src/smt/proof.rs:269:                ProofType::Absence {
crates/amun-storage-kernel/src/smt/proof.rs:276:            0x03 => ProofType::EmptyTree,
crates/amun-storage-kernel/src/smt/proof.rs:293:                ProofStep::SiblingOnLeft(NodeHash(h))
crates/amun-storage-kernel/src/smt/proof.rs:295:                ProofStep::SiblingOnRight(NodeHash(h))
crates/amun-storage-kernel/src/smt/proof.rs:301:        Some(MerkleProof {
crates/amun-storage-kernel/src/smt/proof.rs:310:pub struct ProofVerifier;
crates/amun-storage-kernel/src/smt/proof.rs:311:impl ProofVerifier {
crates/amun-storage-kernel/src/smt/proof.rs:312:    pub fn verify(proof: &MerkleProof, root: [u8; 32]) -> bool {
crates/amun-storage-kernel/src/smt/proof.rs:33:pub struct MerkleProof {
crates/amun-storage-kernel/src/smt/proof.rs:36:    pub proof_type: ProofType,
crates/amun-storage-kernel/src/smt/proof.rs:37:    pub steps: Vec<ProofStep>,
crates/amun-storage-kernel/src/smt/proof.rs:40:impl MerkleProof {
crates/amun-storage-kernel/src/smt/proof.rs:45:        steps: Vec<ProofStep>,
crates/amun-storage-kernel/src/smt/proof.rs:50:            proof_type: ProofType::Inclusion {
crates/amun-storage-kernel/src/smt/proof.rs:63:        steps: Vec<ProofStep>,
crates/amun-storage-kernel/src/smt/proof.rs:68:            proof_type: ProofType::Absence {
crates/amun-storage-kernel/src/smt/proof.rs:77:    pub fn new_empty_tree_absence(key_hash: [u8; 32], steps: Vec<ProofStep>) -> Self {
crates/amun-storage-kernel/src/smt/proof.rs:81:            proof_type: ProofType::EmptyTree,
crates/amun-storage-kernel/src/smt/proof.rs:98:            ProofType::Inclusion {
crates/amun-storage-kernel/src/smt/tree.rs:16:pub struct WitnessLeaf {
crates/amun-storage-kernel/src/smt/tree.rs:315:    // Inclusion Proofs
crates/amun-storage-kernel/src/smt/tree.rs:317:    pub fn generate_inclusion_proof(&self, key: &Key256) -> Option<super::proof::MerkleProof> {
crates/amun-storage-kernel/src/smt/tree.rs:326:        Some(super::proof::MerkleProof::new_inclusion(
crates/amun-storage-kernel/src/smt/tree.rs:336:        steps: &mut Vec<super::proof::ProofStep>,
crates/amun-storage-kernel/src/smt/tree.rs:366:                            steps.push(super::proof::ProofStep::SiblingOnRight(
crates/amun-storage-kernel/src/smt/tree.rs:370:                            steps.push(super::proof::ProofStep::SiblingOnLeft(
crates/amun-storage-kernel/src/smt/tree.rs:380:                        steps.push(super::proof::ProofStep::SiblingOnRight(*right));
crates/amun-storage-kernel/src/smt/tree.rs:383:                        steps.push(super::proof::ProofStep::SiblingOnLeft(*left));
crates/amun-storage-kernel/src/smt/tree.rs:395:    // Absence Proofs
crates/amun-storage-kernel/src/smt/tree.rs:397:    pub fn generate_absence_proof(&self, key: &Key256) -> Option<super::proof::MerkleProof> {
crates/amun-storage-kernel/src/smt/tree.rs:407:                            steps.push(super::proof::ProofStep::SiblingOnRight(
crates/amun-storage-kernel/src/smt/tree.rs:411:                            steps.push(super::proof::ProofStep::SiblingOnLeft(
crates/amun-storage-kernel/src/smt/tree.rs:420:                    Some(super::proof::MerkleProof::new_empty_tree_absence(
crates/amun-storage-kernel/src/smt/tree.rs:444:                        return Some(super::proof::MerkleProof::new_absence(
crates/amun-storage-kernel/src/smt/tree.rs:464:    ) -> Option<WitnessLeaf> {
crates/amun-storage-kernel/src/smt/tree.rs:476:                    return Some(WitnessLeaf {
crates/amun-storage-kernel/src/smt/tree.rs:498:                    Some(WitnessLeaf {
crates/amun-storage-kernel/src/smt/tree.rs:527:    fn find_any_leaf(&self, depth: usize, current: NodeHash) -> Option<WitnessLeaf> {
crates/amun-storage-kernel/src/smt/tree.rs:536:                    return Some(WitnessLeaf {
crates/amun-storage-kernel/src/smt/tree.rs:554:                } => Some(WitnessLeaf {
crates/amun-storage-kernel/tests/specification_compliance.rs:110:    // THEOREM 6: Proof Verification Roundtrip
crates/amun-storage-kernel/tests/specification_compliance.rs:139:    // THEOREM 8: Empty Tree Absence Proof
crates/amun-storage-kernel/tests/specification_compliance.rs:67:    // THEOREM 4: Proof Depth Invariant
crates/amun-testnet-sim/tests/adversarial_tests.rs:114:// ── N60.3 — Tampered Proof ──────────────────────────────────
crates/amun-testnet-sim/tests/adversarial_tests.rs:188:        let mut hot = HotProofStore::new(10000);
crates/amun-testnet-sim/tests/adversarial_tests.rs:189:        let mut archive = ProofArchive::new();
crates/amun-testnet-sim/tests/adversarial_tests.rs:4:use amun_proof_archive::hot_store::HotProofStore;
crates/amun-testnet-sim/tests/adversarial_tests.rs:5:use amun_proof_archive::proof_archive::ProofArchive;
crates/amun-timeout-aggregator/src/aggregator.rs:1:use crate::timeout_cert::TimeoutCertificate;
crates/amun-timeout-aggregator/src/aggregator.rs:28:    ) -> Option<TimeoutCertificate> {
crates/amun-timeout-aggregator/src/aggregator.rs:45:            Some(TimeoutCertificate::new(position, round, signatures))
crates/amun-timeout-aggregator/src/aggregator.rs:6:/// Aggregates timeout votes and forms Timeout Certificates.
crates/amun-timeout-aggregator/src/lib.rs:5:pub use timeout_cert::TimeoutCertificate;
crates/amun-timeout-aggregator/src/timeout_cert.rs:13:impl TimeoutCertificate {
crates/amun-timeout-aggregator/src/timeout_cert.rs:6:pub struct TimeoutCertificate {
crates/amun-timeout-law/src/lib.rs:3:pub use timeout::{TimeoutCertificate, TimeoutLaw};
crates/amun-timeout-law/src/timeout.rs:12:impl TimeoutCertificate {
crates/amun-timeout-law/src/timeout.rs:57:        timeout_cert: &TimeoutCertificate,
crates/amun-timeout-law/src/timeout.rs:5:pub struct TimeoutCertificate {
crates/amun-tls/src/cert.rs:1:use rustls::pki_types::{CertificateDer, PrivateKeyDer, PrivatePkcs8KeyDer};
crates/amun-tls/src/cert.rs:4:pub struct CertificateManager;
crates/amun-tls/src/cert.rs:6:impl CertificateManager {
crates/amun-tls/src/cert.rs:7:    pub fn load_certificates(path: &str) -> std::io::Result<Vec<CertificateDer<'static>>> {
crates/amun-tls/src/config.rs:17:        _pinning: Option<&CertificatePinning>,
crates/amun-tls/src/config.rs:19:        let certs = CertificateManager::load_certificates(cert_path)?;
crates/amun-tls/src/config.rs:1:use crate::cert::CertificateManager;
crates/amun-tls/src/config.rs:20:        let key = CertificateManager::load_private_key(key_path)?;
crates/amun-tls/src/config.rs:2:use crate::pinning::CertificatePinning;
crates/amun-tls/src/lib.rs:6:pub use cert::CertificateManager;
crates/amun-tls/src/lib.rs:8:pub use pinning::CertificatePinning;
crates/amun-tls/src/pinning.rs:32:impl Default for CertificatePinning {
crates/amun-tls/src/pinning.rs:4:pub struct CertificatePinning {
crates/amun-tls/src/pinning.rs:8:impl CertificatePinning {
crates/amun-transcript-semantics/src/lib.rs:104:    #[test] fn test_immutable_cert() { let c = ImmutableReplayCertificate::new(ReplayDomain::Consensus,[0xBB;32],[0x01;32],[0x02;32],[0x03;32],[0x04;32],100,1); assert!(c.verify()); let h1 = c.certificate_hash(); let h2 = c.certificate_hash(); assert_eq!(h1, h2); }
crates/amun-transcript-semantics/src/lib.rs:105:    #[test] fn test_witness_hash() { let w = ReplayWitness::MerkleWitness { leaf_hash: [0x01;32], proof_hashes: vec![[0x02;32]], leaf_index: 0 }; assert_ne!(w.witness_hash(), [0;32]); }
crates/amun-transcript-semantics/src/lib.rs:35:#[derive(Debug, Clone, Copy, PartialEq, Eq)] pub enum ConsensusEventType { Proposal, Prevote, Precommit, QCFormed, RoundTimeout, ViewChange }
crates/amun-transcript-semantics/src/lib.rs:57:// ─── Immutable Certificate ─────────────────────────────────
crates/amun-transcript-semantics/src/lib.rs:59:pub struct ImmutableReplayCertificate { inner: CertifiedEnvelope }
crates/amun-transcript-semantics/src/lib.rs:62:impl ImmutableReplayCertificate {
crates/amun-transcript-semantics/src/lib.rs:76:// ─── Witness Types ─────────────────────────────────────────
crates/amun-transcript-semantics/src/lib.rs:78:pub enum ReplayWitness {
crates/amun-transcript-semantics/src/lib.rs:79:    MerkleWitness { leaf_hash: [u8; 32], proof_hashes: Vec<[u8; 32]>, leaf_index: u64 },
crates/amun-transcript-semantics/src/lib.rs:80:    ExecutionWitness { block_hash: [u8; 32], trace_hash: [u8; 32], step_count: u64 },
crates/amun-transcript-semantics/src/lib.rs:81:    TranscriptWitness { start_sequence: u64, end_sequence: u64, fragment_hash: [u8; 32] },
crates/amun-transcript-semantics/src/lib.rs:82:    ReceiptWitness { receipt_hashes: Vec<[u8; 32]>, chain_root: [u8; 32] },
crates/amun-transcript-semantics/src/lib.rs:83:    CompositeWitness { witnesses: Vec<ReplayWitness>, composite_hash: [u8; 32] },
crates/amun-transcript-semantics/src/lib.rs:85:impl ReplayWitness {
crates/amun-transcript-semantics/src/lib.rs:88:        match self { ReplayWitness::MerkleWitness { leaf_hash, proof_hashes, leaf_index } => { h.update(b"MERKLE"); h.update(leaf_hash); h.update(leaf_index.to_le_bytes()); for ph in proof_hashes { h.update(ph); } } ReplayWitness::ExecutionWitness { block_hash, trace_hash, step_count } => { h.update(b"EXECUTION"); h.update(block_hash); h.update(trace_hash); h.update(step_count.to_le_bytes()); } ReplayWitness::TranscriptWitness { start_sequence, end_sequence, fragment_hash } => { h.update(b"TRANSCRIPT"); h.update(start_sequence.to_le_bytes()); h.update(end_sequence.to_le_bytes()); h.update(fragment_hash); } ReplayWitness::ReceiptWitness { receipt_hashes, chain_root } => { h.update(b"RECEIPT"); for rh in receipt_hashes { h.update(rh); } h.update(chain_root); } ReplayWitness::CompositeWitness { composite_hash, .. } => { h.update(b"COMPOSITE"); h.update(composite_hash); } }
crates/amun-transition-proof/src/enhanced_proof.rs:13:impl MerkleProof {
crates/amun-transition-proof/src/enhanced_proof.rs:1:use amun_evidence_engine::evidence_types::ConstitutionalEvidence;
crates/amun-transition-proof/src/enhanced_proof.rs:35:pub struct LineageProof {
crates/amun-transition-proof/src/enhanced_proof.rs:41:impl LineageProof {
crates/amun-transition-proof/src/enhanced_proof.rs:58:pub struct WitnessBundle {
crates/amun-transition-proof/src/enhanced_proof.rs:59:    pub consumed_proofs: Vec<MerkleProof>,
crates/amun-transition-proof/src/enhanced_proof.rs:60:    pub lineage_proofs: Vec<LineageProof>,
crates/amun-transition-proof/src/enhanced_proof.rs:64:impl WitnessBundle {
crates/amun-transition-proof/src/enhanced_proof.rs:77:pub struct EnhancedTransitionProof {
crates/amun-transition-proof/src/enhanced_proof.rs:7:pub struct MerkleProof {
crates/amun-transition-proof/src/enhanced_proof.rs:87:    pub evidence: Vec<ConstitutionalEvidence>,
crates/amun-transition-proof/src/enhanced_proof.rs:90:    pub witness: WitnessBundle,
crates/amun-transition-proof/src/proof_builder.rs:10:pub struct ProofBuilder;
crates/amun-transition-proof/src/proof_builder.rs:122:    ) -> MerkleProof {
crates/amun-transition-proof/src/proof_builder.rs:124:        MerkleProof {
crates/amun-transition-proof/src/proof_builder.rs:12:impl ProofBuilder {
crates/amun-transition-proof/src/proof_builder.rs:178:    fn build_lineage_proof(registry: &ResourceRegistry, rid: &ResourceId) -> LineageProof {
crates/amun-transition-proof/src/proof_builder.rs:196:        LineageProof {
crates/amun-transition-proof/src/proof_builder.rs:203:    fn compute_enhanced_hash(proof: &EnhancedTransitionProof) -> [u8; 32] {
crates/amun-transition-proof/src/proof_builder.rs:22:    ) -> TransitionProof {
crates/amun-transition-proof/src/proof_builder.rs:2:use amun_evidence_engine::evidence_engine::EvidenceEngine;
crates/amun-transition-proof/src/proof_builder.rs:34:        let evidence: Vec<ConstitutionalEvidence> = buffer
crates/amun-transition-proof/src/proof_builder.rs:37:            .map(|ev| EvidenceEngine::convert(ev, contract_id, block_height, transaction_hash))
crates/amun-transition-proof/src/proof_builder.rs:39:        TransitionProof::new(
crates/amun-transition-proof/src/proof_builder.rs:3:use amun_evidence_engine::evidence_types::ConstitutionalEvidence;
crates/amun-transition-proof/src/proof_builder.rs:64:    ) -> EnhancedTransitionProof {
crates/amun-transition-proof/src/proof_builder.rs:76:        let evidence: Vec<ConstitutionalEvidence> = buffer
crates/amun-transition-proof/src/proof_builder.rs:79:            .map(|ev| EvidenceEngine::convert(ev, contract_id, block_height, transaction_hash))
crates/amun-transition-proof/src/proof_builder.rs:7:use crate::enhanced_proof::{EnhancedTransitionProof, LineageProof, MerkleProof, WitnessBundle};
crates/amun-transition-proof/src/proof_builder.rs:8:use crate::transition_proof::TransitionProof;
crates/amun-transition-proof/src/proof_builder.rs:93:        let witness = WitnessBundle {
crates/amun-transition-proof/src/proof_builder.rs:99:        let mut proof = EnhancedTransitionProof {
crates/amun-transition-proof/src/transition_proof.rs:13:pub struct TransitionProof {
crates/amun-transition-proof/src/transition_proof.rs:23:    pub evidence: Vec<ConstitutionalEvidence>,
crates/amun-transition-proof/src/transition_proof.rs:28:impl TransitionProof {
crates/amun-transition-proof/src/transition_proof.rs:2:use amun_evidence_engine::evidence_types::ConstitutionalEvidence;
crates/amun-transition-proof/src/transition_proof.rs:40:        evidence: Vec<ConstitutionalEvidence>,
crates/amun-unlock-law/src/lib.rs:12:/// Verify unlock condition: QC must have quorum
crates/amun-unlock-law/src/lib.rs:13:pub fn verify_unlock_condition(qc: &QuorumCertificate, validator_set: &ValidatorSet) -> bool {
crates/amun-unlock-law/src/lib.rs:1:use amun_quorum_certificate::QuorumCertificate;
crates/amun-unlock-law/src/lib.rs:4:/// Check if a validator can be unlocked (has contributed to a valid QC)
crates/amun-unlock-law/src/lib.rs:5:pub fn can_unlock(validator_id: u64, qc: &QuorumCertificate, validator_set: &ValidatorSet) -> bool {
crates/amun-unlock-law/src/lib.rs:77:        let qc = QuorumCertificate::new(pos, 0, block, [0x00; 32], votes);
crates/amun-unlock-law/src/unlock.rs:12:impl UnlockProof {
crates/amun-unlock-law/src/unlock.rs:16:        higher_qc: QuorumCertificate,
crates/amun-unlock-law/src/unlock.rs:19:            return Err("unlock requires higher-round QC");
crates/amun-unlock-law/src/unlock.rs:1:use amun_quorum_certificate::QuorumCertificate;
crates/amun-unlock-law/src/unlock.rs:57:        unlock_proof: &UnlockProof,
crates/amun-unlock-law/src/unlock.rs:5:pub struct UnlockProof {
crates/amun-unlock-law/src/unlock.rs:8:    pub higher_qc: QuorumCertificate,
crates/amun-validator-networking/src/sync_transport.rs:28:        let cert = StateSnapshotCertificate::new(
crates/amun-validator-networking/src/sync_transport.rs:2:use amun_state_sync::snapshot_certificate::StateSnapshotCertificate;
crates/amun-validator-runtime/src/validator_node.rs:49:        let mut hot = amun_proof_archive::hot_store::HotProofStore::new(1000);
crates/amun-validator-runtime/src/validator_node.rs:50:        let mut archive = amun_proof_archive::proof_archive::ProofArchive::new();
crates/amun-verification-kernel/src/lib.rs:132:    pub certificates: Vec<VerificationCertificate>,
crates/amun-verification-kernel/src/lib.rs:140:    pub fn register(&mut self, cert: VerificationCertificate) -> Result<(), String> {
crates/amun-verification-kernel/src/lib.rs:142:            return Err("Certificate verification failed".into());
crates/amun-verification-kernel/src/lib.rs:148:    pub fn phase_certificate(&self, phase: &str) -> Option<&VerificationCertificate> {
crates/amun-verification-kernel/src/lib.rs:172:    fn make_evidence(id: &str, claim_id: &str) -> Evidence {
crates/amun-verification-kernel/src/lib.rs:173:        Evidence {
crates/amun-verification-kernel/src/lib.rs:176:            evidence_type: EvidenceType::TestResult,
crates/amun-verification-kernel/src/lib.rs:177:            description: format!("Evidence {id} for {claim_id}"),
crates/amun-verification-kernel/src/lib.rs:191:        let cert = VerificationCertificate::issue("N46", claims, evidence, "verifier-1", 1000);
crates/amun-verification-kernel/src/lib.rs:199:        let mut cert = VerificationCertificate::issue(
crates/amun-verification-kernel/src/lib.rs:19:    Finality,
crates/amun-verification-kernel/src/lib.rs:213:        let cert = VerificationCertificate::issue(
crates/amun-verification-kernel/src/lib.rs:227:        let mut cert = VerificationCertificate::issue(
crates/amun-verification-kernel/src/lib.rs:241:        let cert = VerificationCertificate::issue(
crates/amun-verification-kernel/src/lib.rs:35:/// Evidence that supports or refutes a claim.
crates/amun-verification-kernel/src/lib.rs:37:pub struct Evidence {
crates/amun-verification-kernel/src/lib.rs:40:    pub evidence_type: EvidenceType,
crates/amun-verification-kernel/src/lib.rs:48:pub enum EvidenceType {
crates/amun-verification-kernel/src/lib.rs:50:    FormalProof,
crates/amun-verification-kernel/src/lib.rs:59:pub struct VerificationCertificate {
crates/amun-verification-kernel/src/lib.rs:63:    pub evidence: Vec<Evidence>,
crates/amun-verification-kernel/src/lib.rs:69:impl VerificationCertificate {
crates/amun-verification-kernel/src/lib.rs:74:        evidence: Vec<Evidence>,
crates/amun-verifier-node/src/verifier.rs:10:        receipts: &[ProofCarryingReceipt],
crates/amun-verifier-node/src/verifier.rs:3:use amun_proof_carrying::{ProofCarryingReceipt, ProofVerifier};
crates/amun-verifier-node/src/verifier.rs:51:            if ProofVerifier::verify_receipt(receipt).is_err() {
crates/amun-verifier-node/src/verifier.rs:62:        receipts_per_block: &[Vec<ProofCarryingReceipt>],
crates/amun-vm-kernel/src/pending_buffer.rs:129:    pub fn all_evidence(&self) -> Vec<VMEvidence> {
crates/amun-vm-kernel/src/pending_buffer.rs:22:pub enum VMEvidence {
crates/amun-vm-kernel/src/pending_buffer.rs:40:    evidence: Vec<VMEvidence>,
crates/amun-vm-kernel/src/pending_buffer.rs:88:    pub fn record_evidence(&mut self, evidence: VMEvidence) {
crates/amun-vm-kernel/src/vm_kernel.rs:37:        let mut violations: Vec<VMEvidence> = Vec::new();
crates/amun-vm-kernel/src/vm_kernel.rs:42:                violations.push(VMEvidence::ConstitutionalViolation {
crates/amun-vm-kernel/src/vm_kernel.rs:4:use crate::pending_buffer::{PendingBuffer, VMEvidence};
crates/amun-vm-kernel/src/vm_kernel.rs:54:                        violations.push(VMEvidence::ConstitutionalViolation {
crates/amun-vm-kernel/src/vm_kernel.rs:62:                        violations.push(VMEvidence::ConstitutionalViolation {
crates/amun-vm-kernel/src/vm_kernel.rs:70:                        violations.push(VMEvidence::ConstitutionalViolation {
crates/amun-vm-kernel/src/vm_kernel.rs:81:                        violations.push(VMEvidence::ConstitutionalViolation {
crates/amun-vm-kernel/src/vm_kernel.rs:89:                    violations.push(VMEvidence::ConstitutionalViolation {
crates/amun-wal/src/lib.rs:939:            wal.append("QC", r#"{"b":"1"}"#).unwrap();
crates/amun-wal/src/lib.rs:970:        let e = wal.append_and_return_entry("QC", r#"{"b":"1"}"#).unwrap();
crates/amun-wal/src/lib.rs:972:        assert_eq!(e.entry_type, "QC");
crates/amun_state_machine/src/certification/mod.rs:17:impl ExecutionCertificate {
crates/amun_state_machine/src/certification/mod.rs:61:pub struct ReplayCertificate {
crates/amun_state_machine/src/certification/mod.rs:70:impl ReplayCertificate {
crates/amun_state_machine/src/certification/mod.rs:8:pub struct ExecutionCertificate {
crates/amun_state_machine/src/lib.rs:24:pub use certification::{ExecutionCertificate, ReplayCertificate, compute_execution_fingerprint};
docs/CANONICAL_HASH.md:10:- QC hashes
docs/CANONICAL_HASH.md:18:| QC | `AMUN_QC_V3` | Quorum certificate |
docs/CCS_Core_Specification_v1.0.md:104:`ValidContext(C) iff ValidEpoch(E) ∧ ValidValidatorSet(V) ∧ ValidEvidence(Q) ∧ ConsistentState(H)`
docs/CCS_Core_Specification_v1.0.md:109:- `ValidEvidence(Q)`: `Q` meets the quorum threshold for `V`.
docs/CCS_Core_Specification_v1.0.md:173:1. Provides concrete implementations of `Context`, `Authority`, `Evidence`,
docs/CCS_Core_Specification_v1.0.md:47:- `Q` (Quorum Evidence): A verifiable proof that at least a threshold number
docs/CCS_Core_Specification_v1.0.md:53:### 2.3 Constitutional Evidence
docs/CCS_Core_Specification_v1.0.md:59:Evidence is the mechanism through which consensus contributes to CCS,
docs/CCS_Core_Specification_v1.0.md:74:`∀ Q, C : ValidEvidence(Q) ⇏ Authority(Q, C)`
docs/CCS_Core_Specification_v1.0.md:92:`∃ F : F(Evidence, Context) = Authority`
docs/CCS_Core_Specification_v1.1.md:150:1. Provide concrete implementations of `Context`, `Authority`, `Evidence`,
docs/CCS_Core_Specification_v1.1.md:43:where `E`, `V`, `H` are as defined in the context, and `Q` (Quorum Evidence)
docs/CCS_Core_Specification_v1.1.md:51:### 2.3 Constitutional Evidence
docs/CCS_Core_Specification_v1.1.md:57:Evidence is the mechanism through which consensus contributes to CCS,
docs/CCS_Core_Specification_v1.1.md:72:`∀ Q, C : ValidEvidence(Q) ⇏ Authority(Q, C)`
docs/CCS_Core_Specification_v1.1.md:87:`∃ F : F(Evidence, Context) = Authority`
docs/CCS_RUNTIME_MAPPING.md:15:| Evidence `E` | `QuorumCertificate` | Carries position, votes, signatures |
docs/CCS_RUNTIME_MAPPING.md:16:| Derivability `⊢_C` | Proposal → Prevote → Precommit → QC | Consensus chain |
docs/CCS_RUNTIME_MAPPING.md:18:| Authority | `ConstitutionalCertificate` | Chain of trust from genesis |
docs/CCS_RUNTIME_MAPPING.md:19:| SH1 | Finality rules | One canonical chain survives |
docs/CCS_RUNTIME_MAPPING.md:20:| CC (Comparability) | Evidence ordering | QC weight, epoch priority |
docs/CCS_RUNTIME_MAPPING.md:25:3. No standalone `ConstitutionalEvidence` module – logic scattered across
docs/CCS_RUNTIME_MAPPING.md:26:   `VoteCollector`, `QuorumCertificate`, and test files.
docs/CONSTITUTIONAL_AUDIT.md:12:| CCS Concept | Implementation Status | Evidence |
docs/CONSTITUTIONAL_AUDIT.md:15:| **Exclusion (⇍_C)** | ✅ Fully implemented | Vote collector rejects: stale epochs, foreign validators, conflicting QCs |
docs/CONSTITUTIONAL_AUDIT.md:16:| **Constitutional Evidence** | ✅ Implemented | QC structure with BLS aggregated signatures (V3-005D) |
docs/CONSTITUTIONAL_AUDIT.md:19:| **Epoch Supremacy** | ✅ Implemented | V3-007C: Stale QC rejection after epoch transition |
docs/CONSTITUTIONAL_AUDIT.md:22:| **Constitutional Comparability (CC)** | ✅ Partially implemented | Evidence ordering exists but not formalized as standalone module |
docs/CONSTITUTIONAL_AUDIT.md:36:4. **Constitutional Evidence Module** – QC verification scattered; should be dedicated module
docs/CONSTITUTIONAL_AUDIT.md:37:5. **Comparability Formalization** – Evidence ordering implicit; should be explicit
docs/CONSTITUTIONAL_AUDIT.md:44:**Begin with Constitutional Evidence Module.**
docs/CONSTITUTIONAL_MODEL.md:66:## Freeze Witnesses
docs/DOCS_INDEX.md:153:    Evidence bundle specification for audits.
docs/DOCS_INDEX.md:158:Validation Evidence (NV-01 through NV-08)
docs/DOCS_INDEX.md:368:docs/V3_005D_QC_CRYPTOGRAPHIC_PROOF.md
docs/DOCS_INDEX.md:369:    v3.005D: QC cryptographic proof.
docs/DOCS_INDEX.md:480:Proof & Evidence Templates
docs/DOCS_INDEX.md:57:    Certificate format for federation members.
docs/N105_CRYPTOGRAPHIC_VALIDATOR_IDENTITY.md:41:Four certificate files are stored under crates/amun-live-cluster/testdata/certs. These are validator_1.crt through validator_4.crt. Each is a JSON serialization of a ValidatorCertificate issued by the test authority with seed 0x42. The subject of each certificate is the validator PeerId derived from a deterministic seed, one per index. The public key is derived from that same seed. The certificates are generated once and committed to the repository.
docs/N105_CRYPTOGRAPHIC_VALIDATOR_IDENTITY.md:53:Vote forgery resistance is achieved because without the private key, an attacker cannot produce a valid signature for a given voter_id. The registry ensures that only known validators can attempt to vote. Sybil resistance is enforced because the registry is populated from certificates signed by the authority. An attacker cannot inject fake validators. In a production setting, the authority would be the genesis trust anchor set. Replay protection is provided by the signing payload, which includes the height, block hash, and timestamp, binding each vote to a specific consensus round. The authority key is currently hardcoded to the seed 0x42, which is acceptable for test clusters. In production, this key must be distributed via genesis configuration and protected. Certificate integrity is verified at load time. A tampered certificate will cause a panic in test clusters or an error in production loading code, preventing the node from participating.
docs/N105_CRYPTOGRAPHIC_VALIDATOR_IDENTITY.md:61:Key derivation uses a BLAKE3 hash of 32 bytes, which is negligible. Signature verification performs one Ed25519 verification per vote. Ed25519 verification is fast, on the order of microseconds. For a cluster of four nodes, the overhead is unmeasurable. Certificate loading occurs once at startup. Each file is a few hundred bytes of JSON. There is no impact on steady-state consensus throughput. The ValidatorKeyRegistry stores a small BTreeMap with four entries in test clusters, using negligible memory.
docs/N105_CRYPTOGRAPHIC_VALIDATOR_IDENTITY.md:77:The trust anchor is a single hardcoded test key. There is no support for multiple authorities or key rotation. Certificates are stored as local files. There is no network-based certificate distribution or peer-to-peer authentication in this phase. The ValidatorKeyRegistry is rebuilt from scratch on every restart without persistence. There is no mechanism for dynamically adding or removing validators at runtime.
docs/N105_CRYPTOGRAPHIC_VALIDATOR_IDENTITY.md:85:The amun-validator-identity crate exists with all specified types and functions, and its own three unit tests pass. The ConsensusEngine has a validator_keys field, and process_vote enforces signature verification when the registry is non-empty. The test n105_signature_required_when_registry_populated passes. The LiveValidator generates a real signing key, derives its ValidatorId, signs votes, and loads peer certificates from files. No seed-based derivation or SigningKey from_bytes calls exist in the live cluster runtime source. No runtime fallback path exists for validator identity registration. Certificates are mandatory for all live-cluster peers. All four certificate files exist in the testdata certs directory. The full workspace builds without warnings related to N105. All existing workspace tests pass.
docs/N106_N107_CONSTITUTIONAL_AUTHORITY_AND_GOVERNANCE.md:105:version-aware. Certificate verification looks up the specific authority version that
docs/N106_N107_CONSTITUTIONAL_AUTHORITY_AND_GOVERNANCE.md:131:### ValidatorCertificate Extensions
docs/N106_N107_CONSTITUTIONAL_AUTHORITY_AND_GOVERNANCE.md:204:an unknown authority. Certificate verification always uses the specific
docs/N106_N107_CONSTITUTIONAL_AUTHORITY_AND_GOVERNANCE.md:239:interfaces. The ValidatorCertificate changes are backward compatible: the
docs/N106_N107_CONSTITUTIONAL_AUTHORITY_AND_GOVERNANCE.md:258:rather than automatic rotation. Certificate issuance in test clusters
docs/N106_N107_CONSTITUTIONAL_AUTHORITY_AND_GOVERNANCE.md:278:The ValidatorCertificate carries authority version and ID. The governance
docs/N106_N107_CONSTITUTIONAL_AUTHORITY_AND_GOVERNANCE.md:40:through the registry. Modifications to ValidatorCertificate to carry authority version and
docs/N106_N107_CONSTITUTIONAL_AUTHORITY_AND_GOVERNANCE.md:59:### Certificate Epoch Binding
docs/N110_COMPLETE.md:120:2. Certificate deduplication relies on certificate_hash.
docs/N110_COMPLETE.md:130:4. ValidatorRegistry::slash() is called after every QC.
docs/N110_COMPLETE.md:142:2. Certificate gossip currently adds the SlashingCertificate
docs/N110_COMPLETE.md:146:   separate SlashingCertificateAnnounce struct for on-wire
docs/N110_COMPLETE.md:150:3. The system does not yet have evidence gossip.  Evidence
docs/N110_COMPLETE.md:153:   that references unknown evidence IDs.  Evidence
docs/N110_COMPLETE.md:25:2. SlashingCertificate — a serialisable, hashable, verifiable
docs/N110_COMPLETE.md:29:3. Certificate gossip — certificates are deduplicated, stored locally,
docs/N110_COMPLETE.md:38:5. Finality-triggered execution — the actual stake reduction happens
docs/N110_COMPLETE.md:52:  EvidenceRecord stored in EvidenceStore .................. N109.10
docs/N110_COMPLETE.md:58:  Threshold crossed → SlashingCertificate created ........ N110.2
docs/N110_COMPLETE.md:61:  CertificateGossip stores, deduplicates, and broadcasts . N110.3
docs/N110_COMPLETE.md:64:  Transport layer sends SlashingCertificateAnnounce ...... N110.3b
docs/N110_COMPLETE.md:73:  QC formed → block appended → StakingAdapter.try_slash() N110.4c
docs/N110_COMPLETE.md:87:N109.10            Evidence store ........................ 11
docs/N110_COMPLETE.md:94:N110.3             Certificate gossip ....................  5
docs/N126_FINAL_BASELINE.md:19:    Block → QC → Commit
docs/N126_FINAL_BASELINE.md:1:N126 — Evidence-Based Constitutional Enforcement Baseline
docs/N126_FINAL_BASELINE.md:22:    Block → QC → ConstitutionalEnforcementKernel → ConstitutionalVerdict → Commit/Reject
docs/N126_FINAL_BASELINE.md:30:5.  SlashingEvidenceBinding   = all certs have non-empty evidence_ids  REAL
docs/N126_FINAL_BASELINE.md:33:8.  FinalitySupermajority     = cert.qc.verify_quorum()                REAL
docs/N126_FINAL_BASELINE.md:35:10. EvidenceValidity          = all certs pass .verify()               REAL
docs/PHASE_84_UNIFICATION.md:17:### 2. Constitutional Evidence (`ConstitutionalEvidence`)
docs/PHASE_84_UNIFICATION.md:18:- Wraps `QuorumCertificate` as the primary evidence type.
docs/PHASE_84_UNIFICATION.md:25:  3. **Evidence Strength (Comparability `CC`)**: Ensures quorum, preventing conflicting authorities.
docs/PHASE_84_UNIFICATION.md:30:- **Before:** CCS theory spoke of `Context` and `Evidence`, while the runtime used `Epoch`, `ValidatorSet`, and `QC` independently.
docs/PROTOCOL_HARDENING_ROADMAP.md:32:## Phase 5: Storage Proofs
docs/PROTOCOL_HARDENING_ROADMAP.md:8:- [ ] Locked QC monotonicity proofs
docs/REPLAY_LAW.md:155:        Witness1 ||
docs/REPLAY_LAW.md:156:        Witness2 ||
docs/REPLAY_LAW.md:157:        Witness3
docs/REPLAY_LAW.md:176:Certificate SHOULD contain:
docs/REPLAY_LAW.md:296:Proof:
docs/REPLAY_LAW.md:65:- Replay Certificate
docs/REPLAY_LAW.md:73:Transcript = Vec<VerifiedTransitionWitness>
docs/REPLAY_MODEL.md:60:# Replay Certificates
docs/V0_3_COMPLETION.md:16:| 3. Constitutional Evidence | QC verification, validator set binding | ✅ |
docs/V0_3_COMPLETION.md:17:| 4. Byzantine Immunity | Impersonation, conflicting QC, stale/foreign certificates | ✅ |
docs/V0_3_COMPLETION.md:18:| 5. Cryptographic Authority | BLS signatures, aggregated QC, key registry | ✅ |
docs/V0_3_COMPLETION.md:22:**Authority = Cryptographic Proof + Validator Set Binding + Epoch Context + Constitutional Legitimacy**
docs/V2_016G_PARTITION_SAFETY_RECOVERY.md:17:V2-017: Constitutional Reconciliation Protocol (exchange highest QC, locked block, commit certificate)
docs/V2_023_PARTITION_FINAL.md:14:2. **Missing finalize_commit:** Test harness wasn't calling `finalize_commit()` after QC formation.
docs/V2_026_ADVERSARIAL_RECONCILIATION.md:14:| Fake QC (height=0 with commit_qc) | REJECTED (verify failed) |
docs/V2_026_ADVERSARIAL_RECONCILIATION.md:15:| Old QC (height=0 with commit_qc) | REJECTED (verify failed) |
docs/V2_026_ADVERSARIAL_RECONCILIATION.md:16:| Invalid QC (height=5, no commit_qc) | REJECTED (verify failed) |
docs/V2_026_ADVERSARIAL_RECONCILIATION.md:29:and adversarial states. Certificate-based authority (commit_qc) has been
docs/V2_026_ADVERSARIAL_RECONCILIATION.md:8:states (fake QCs, old QCs, invalid QCs with missing certificates) and only adopts
docs/V2_027_FORMAL_CONSTITUTIONAL_STATE.md:16:| Level | Evidence | Authority |
docs/V2_027_FORMAL_CONSTITUTIONAL_STATE.md:18:| 4 | Commit QC present | Highest |
docs/V2_027_FORMAL_CONSTITUTIONAL_STATE.md:19:| 3 | Lock QC present | High |
docs/V2_027_FORMAL_CONSTITUTIONAL_STATE.md:8:Commit QC + Lock QC + Height + Round + Validator Set Hash.
docs/V3_004_SIGNATURE_VERIFICATION.md:11:3. **QC membership verification** – rejects evidence with mismatched signer bitmaps
docs/V3_004_SIGNATURE_VERIFICATION.md:16:The framework correctly identifies that current QCs lack real aggregated signatures
docs/V3_004_SIGNATURE_VERIFICATION.md:20:When real aggregated signatures are integrated into the QC structure, the
docs/V3_004_SIGNATURE_VERIFICATION.md:9:1. **Height mismatch detection** – rejects QC with wrong height
docs/V3_005D_QC_CRYPTOGRAPHIC_PROOF.md:12:- **27/27 majority committed** with real BLS aggregation in QC.
docs/V3_005D_QC_CRYPTOGRAPHIC_PROOF.md:15:- **QC verification** passes against the aggregated signature.
docs/V3_005D_QC_CRYPTOGRAPHIC_PROOF.md:19:- QC was a data structure with placeholders for signatures.
docs/V3_005D_QC_CRYPTOGRAPHIC_PROOF.md:1:# V3-005D: Real QC Signature with BLS Aggregation
docs/V3_005D_QC_CRYPTOGRAPHIC_PROOF.md:23:- QC carries cryptographic proof of quorum.
docs/V3_005D_QC_CRYPTOGRAPHIC_PROOF.md:28:V3-006: Byzantine Constitutional Attacks – now that QCs carry real crypto,
docs/V3_005D_QC_CRYPTOGRAPHIC_PROOF.md:29:we can test impersonation, conflicting QCs, and stale certificate attacks.
docs/V3_005D_QC_CRYPTOGRAPHIC_PROOF.md:4:**Status:** Closed – Cryptographic QC Achieved
docs/V3_005D_QC_CRYPTOGRAPHIC_PROOF.md:7:The QC (Quorum Certificate) now carries a real aggregated BLS signature from
docs/V3_005D_QC_CRYPTOGRAPHIC_PROOF.md:8:27+ validators. This transforms the QC from a structural data container into
docs/V3_006D_FOREIGN_AUTHORITY.md:21:| V3-006B Conflicting QC Attack | ✅ 40 conflicts | ✅ 27/27 | Closed |
docs/V3_006D_FOREIGN_AUTHORITY.md:22:| V3-006C Stale Certificate Attack | ✅ 13 rejections | ✅ 27/27 | Closed |
docs/V3_006D_FOREIGN_AUTHORITY.md:8:QC from a foreign (non-constitutional) validator set is rejected. This proves
docs/V3_006_BYZANTINE_CONSTITUTIONAL_ATTACKS.md:10:| V3-006B Conflicting QC Attack | 40 conflicts | 27/27 committed | ✅ |
docs/V3_006_BYZANTINE_CONSTITUTIONAL_ATTACKS.md:11:| V3-006C Stale Certificate Attack | 13 rejections | 27/27 committed | ✅ |
docs/V4_002_003_CCS_THEORY_NUCLEUS.md:19:> **(Context, State) × Evidence → AuthorizedTransitions**
docs/V4_002_003_CCS_THEORY_NUCLEUS.md:34:  - `Q`: A valid Quorum Certificate for the current finalized state
docs/V4_002_003_CCS_THEORY_NUCLEUS.md:58:`∃ F : F(Evidence, Context) = Authority`
docs/V4_002_003_CCS_THEORY_NUCLEUS.md:71:*Empirical support:* V3-006B (Conflicting QC).
docs/V4_002_003_CCS_THEORY_NUCLEUS.md:76:Constitutional authority is partially ordered by epoch. Evidence from an
docs/V4_002_003_CCS_THEORY_NUCLEUS.md:94:2. **Liveness:** `◇(Evidence(Q, V) → Authorized(commit, C))`
docs/V4_002_003_CCS_THEORY_NUCLEUS.md:98:3. **Recovery:** `□(Evidence(Q, C) → ◇Authorized(recover, C))`
docs/V5_CCS_COMPLETE_RESEARCH_PROGRAM.md:17:- **Constitutional Evidence** `E`
docs/V5_CCS_COMPLETE_RESEARCH_PROGRAM.md:25:- **Recoverability:** `∃ F : F(Evidence, Context) = Authority`
docs/V5_CCS_COMPLETE_RESEARCH_PROGRAM.md:30:- **Context Validity:** `ValidContext(C) iff ValidEpoch(C) ∧ ValidValidatorSet(C) ∧ ValidEvidence(C) ∧ ConsistentState(C)`
docs/V5_CCS_COMPLETE_RESEARCH_PROGRAM.md:35:### V5-001: Independence Proof
docs/V5_CCS_COMPLETE_RESEARCH_PROGRAM.md:37:- Abstract CCS from QC, BLS, and AmunChain-specific types
docs/V5_CCS_COMPLETE_RESEARCH_PROGRAM.md:58:`ValidContext(C) iff ValidEpoch(C) ∧ ValidValidatorSet(C) ∧ ValidEvidence(C) ∧ ConsistentState(C)`
docs/V5_CCS_RESEARCH_PROGRAM.md:14:### V5-001: Independence Proof
docs/V5_CCS_RESEARCH_PROGRAM.md:18:- Abstract away from specific consensus algorithm (QC, BLS)
docs/V5_CCS_RESEARCH_PROGRAM.md:72:`ValidContext(C) iff ValidEpoch(C) ∧ ValidValidatorSet(C) ∧ ValidEvidence(C) ∧ ConsistentState(C)`
docs/V6_003_CANONICALIZATION.md:108:- V3-006B: Conflicting QCs are in `G` but not in `Λ`.
docs/V6_003_CANONICALIZATION.md:109:- V3-006D: Foreign QCs are not even in `G` (invalid evidence).
docs/V6_004_CONSTITUTIONAL_SELECTION_PRINCIPLE.md:76:- All QC evidence in `π` is valid and constitutionally bound.
docs/V6_004_CONSTITUTIONAL_SELECTION_PRINCIPLE.md:92:- V3-006B: Conflicting QCs → one survives, the other dies in `G`.
docs/V6_005_CONTINUITY_ORDERING.md:58:### Axiom C3: Evidence Consistency
docs/V6_006_CONSTITUTIONAL_CONVERGENCE.md:85:- V3-006B: Conflicting QCs → one branch dominates; the other dies.
docs/V6_007_CONSTITUTIONAL_PREFERENCE.md:74:### Axiom P3: Evidence Priority
docs/V6_007_CONSTITUTIONAL_PREFERENCE.md:86:- V3-006B (Conflicting QC): Preference selects one QC; the other dies.
docs/V6_008_CONSTITUTIONAL_RESOLUTION.md:101:- V3-006B (Conflicting QCs): `◃` selects one QC; the other dies.
docs/V6_008_CONSTITUTIONAL_RESOLUTION.md:34:### Layer 2: Finality Space
docs/V6_008_CONSTITUTIONAL_RESOLUTION.md:38:Finality is **exclusive**: only one path can be final.
docs/V6_008_CONSTITUTIONAL_RESOLUTION.md:52:2. **Evidence Rule:** If epochs are equal, `π₁` dominates `π₂` if
docs/V6_008_CONSTITUTIONAL_RESOLUTION.md:53:   `Evidence(π₁)` is stronger (larger quorum, more valid signatures).
docs/V6_009_CONSTITUTIONAL_META_RESOLUTION.md:107:3. **Finality Guarantee:** `∀ R ∈ ℜ, ∃! Λ : Final_R(Λ)`
docs/V6_009_CONSTITUTIONAL_META_RESOLUTION.md:45:Finality is irreversible. Once a path is final, it remains final.
docs/V6_009_CONSTITUTIONAL_META_RESOLUTION.md:93:- Evidence strength
docs/V6_010_CONSTITUTIONAL_CONSTRAINT_PRINCIPLE.md:106:4. **Finality Guarantee:** `∀ R ∈ ℜ_C, ∃! Λ : Final_R(Λ) ∧ Continuity(Λ) is maximal`
docs/V6_010_CONSTITUTIONAL_CONSTRAINT_PRINCIPLE.md:70:**Constitutional Finality Theorem:**
docs/V7_001_CONSTITUTIONAL_DERIVABILITY.md:102:### Finality
docs/V7_001_CONSTITUTIONAL_DERIVABILITY.md:68:### Axiom D4: Evidence-Backed
docs/V7_002_DERIVABILITY_GEOMETRY.md:87:- **Locally Confluent:** Conflicting QCs and amendments resolve to
docs/V7_003_CONSTITUTIONAL_REDUCTION.md:65:### Finality
docs/V7_003_CONSTITUTIONAL_REDUCTION.md:89:- **V3-006B (Conflicting QCs):** One QC reduces; the other does not.
docs/V7_004_CONSTITUTIONAL_CONFLUENCE.md:122:- **V3-006B (Conflicting QCs):** Two paths exist; confluence
docs/V7_004_CONSTITUTIONAL_CONFLUENCE.md:17:AmunChain (multiple proposals, conflicting QCs, amendment forks).
docs/V7_004_CONSTITUTIONAL_CONFLUENCE.md:91:### Finality
docs/V7_005_CONSTITUTIONAL_PRUNING.md:114:- **Evidence Pruning:** `C₁, C₂ ∈ L_t`, `Evidence(C₂) > Evidence(C₁) ⇒ C₁ ∉ L_{t+1}`
docs/V7_005_CONSTITUTIONAL_PRUNING.md:66:### Axiom P5: Pruning by Evidence
docs/V7_005_CONSTITUTIONAL_PRUNING.md:96:- **V3-006B (Conflicting QCs):** One branch survives; the other is
docs/V7_006_CONSTITUTIONAL_EXCLUSION.md:93:- **Evidence Exclusion:** `Evidence(C₂) > Evidence(C₁) ⇒ C₂ ⇍_C C₁`
docs/V7_007_DERIVABILITY_AND_EXCLUSION.md:103:### Finality
docs/V7_007_DERIVABILITY_AND_EXCLUSION.md:149:- Finality
docs/V7_008_CONSTITUTIONAL_CLOSURE.md:113:- **Exclusion:** Stale evidence, foreign evidence, conflicting QCs,
docs/V7_008_CONSTITUTIONAL_CLOSURE.md:96:## 4. Proof Sketch
docs/V7_009_WHY_CLOSURE.md:40:### Property S3: Evidence Monotonicity
docs/V7_009_WHY_CLOSURE.md:41:If `C₁ ⊢_C C₂`, then `Evidence(C₂) ≥ Evidence(C₁)`.
docs/V7_009_WHY_CLOSURE.md:42:Evidence only grows along derivability chains.
docs/V7_009_WHY_CLOSURE.md:61:- **Evidence Monotonicity** ensures that competing paths cannot
docs/V7_009_WHY_CLOSURE.md:90:## 4. Experimental Evidence
docs/V7_010_SINGLE_HISTORY_PRINCIPLE.md:116:| Derived | Finality | Definition |
docs/V7_010_SINGLE_HISTORY_PRINCIPLE.md:64:## 4. Proof Sketch
docs/V7_010_SINGLE_HISTORY_PRINCIPLE.md:74:   - But then `C` is derivable from both, contradicting their Finality
docs/V8_001_INDEPENDENCE_OF_SH1.md:146:- Candidates: Comparability, Evidence Monotonicity, Epoch
docs/V8_001_INDEPENDENCE_OF_SH1.md:63:### Finality:
docs/V8_002_CONSTITUTIONAL_COMPARABILITY.md:142:- **Evidence strength:** If A and B conflict, the one with stronger
docs/V8_002_CONSTITUTIONAL_COMPARABILITY.md:143:  QC evidence dominates.
docs/V8_RESEARCH_PROPOSAL.md:61:   - Investigate: Well-foundedness, Finite Branching, Evidence
docs/architecture/PHASE_49_COMPLETE.md:110:5. **Byzantine Evidence System** — canonical proof generation
docs/architecture/PHASE_49_COMPLETE.md:23:| 1 | Consensus Core | amun-consensus, pacemaker, fork-choice, QC | ✅ Clean |
docs/architecture/SECRETS_AUDIT.md:11:- amun-tls: Certificate loading (legitimate, file-based)
docs/audit/AUDIT_EVIDENCE_BUNDLE.md:10:| R4 | Certificates are terminal | n49_detect_t1_illegal_transformation | amun-pccv | ✅ |
docs/audit/AUDIT_EVIDENCE_BUNDLE.md:1:# AmunChain Audit Evidence Bundle
docs/audit/AUDIT_EVIDENCE_BUNDLE.md:32:| Forged TransitionProof | byz_001 | ✅ Rejected |
docs/audit/AUDIT_EVIDENCE_BUNDLE.md:40:| Proof tampering | byz_009 | ✅ Rejected |
docs/audit/AUDIT_EVIDENCE_BUNDLE.md:41:| Proof replay attack | byz_010 | ✅ Rejected |
docs/audit/AUDIT_EVIDENCE_BUNDLE.md:43:| Malicious validator | n60_malicious_validator | ✅ Invalid QC rejected |
docs/audit/AUDIT_EVIDENCE_BUNDLE.md:76:| Evidence | amun-evidence-engine | 5 | ✅ |
docs/audit/AUDIT_EVIDENCE_BUNDLE.md:77:| Transition Proof | amun-transition-proof | 5 | ✅ |
docs/audit/AUDIT_EVIDENCE_BUNDLE.md:83:| Proof Archive | amun-proof-archive | 6 | ✅ |
docs/audit/AUDIT_EVIDENCE_BUNDLE.md:87:| Finality | amun-evidence-finality | 3 | ✅ |
docs/audit/SECURITY_INVARIANTS.md:10:| R4 | Certificates are terminal | TransformationMatrix::is_terminal | PCCVVerifier |
docs/audit/SECURITY_INVARIANTS.md:11:| R5 | Cross-contract uniqueness | TransferProofRegistry::consume | StatelessVerifier |
docs/audit/SECURITY_INVARIANTS.md:12:| R6 | Version monotonicity | ResourceRegistry::consume_and_derive | WitnessBuilder |
docs/audit/SECURITY_INVARIANTS.md:13:| X1 | Transfer proof single-use | TransferProofRegistry | N47 Verdict Engine |
docs/audit/SECURITY_INVARIANTS.md:30:| C2 | Quorum threshold | QC::is_valid |
docs/audit/SECURITY_INVARIANTS.md:31:| C3 | Five-root binding | ConstitutionalFinalityCertificate::verify |
docs/audit/SECURITY_INVARIANTS.md:9:| R3 | Child requires consumed parent | ResourceRegistry::consume_and_derive | WitnessBuilder |
docs/audit/THREAT_MODEL.md:14:| Execution | Forged TransitionProof | Proof hash verification (Theorem 1) |
docs/audit/THREAT_MODEL.md:20:| Consensus | Double voting | Replay-backed QC (C1) |
docs/audit/THREAT_MODEL.md:21:| Consensus | Insufficient quorum | QC threshold (C2) |
docs/audit/TRACEABILITY_MATRIX.md:13:| N48.5-W19 Finality | amun-evidence-finality | 3 tests | ✅ |
docs/audit/TRACEABILITY_MATRIX.md:8:| N48.5-W4 Evidence | amun-evidence-engine | 5 tests | ✅ |
docs/audit/TRACEABILITY_MATRIX.md:9:| N48.5-W5 Transition Proof | amun-transition-proof | 5 tests | ✅ |
docs/constitutional-mathematics/PHASE_111_FOUNDATIONS_V1.md:49:f1 = Witness Validity
docs/constitutional/phase84_freeze.md:10:- Proof geometry: Exactly 256 ProofStep entries per proof
docs/constitutional/phase84_freeze.md:30:- Proof generation uses positional pair tracking (pair_idx * 2)
docs/constitutional/phase84_freeze.md:31:- Proof verification rebuilds Merkle root from chunk hash + siblings
docs/constitutional/phase85_seal.md:16:8. Graded guarantees: Replay/Snapshot/Proof/Governance/Continuity
docs/constitutional/phase85_seal.md:17:9. ConstitutionalPhysicsProof embedded in certificates
docs/constitutional/phase85_seal.md:18:10. Certificate lineage binding (parent_lineage_id, parent_certificate_hash, head_set_hash)
docs/constitutional_layers.md:18:## Layer 3: Consensus & Finality
docs/constitutional_layers.md:19:**Responsibility**: Consensus engine, pacemaker, QC, validator registry, finality laws.
docs/constitutional_layers.md:7:## Layer 1: Truth & Evidence
docs/federation/FEDERATION_ARCHITECTURE.md:30:| Federation Certificates | Mutual recognition |
docs/protocol/CCA_v1.0_Constitutional_Consensus_Architecture.md:223:### Test B: Evidence State Change
docs/protocol/CCA_v1.0_Constitutional_Consensus_Architecture.md:225:- Add a new evidence record to the Evidence Module.
docs/protocol/CCA_v1.0_Constitutional_Consensus_Architecture.md:296:- Cross-Node Proof Reports (evidence that multiple nodes converge on identical state)
docs/protocol/CCA_v1.0_Constitutional_Consensus_Architecture.md:46:| `governance_root` | Governance Subsystem (Constitutional Proof) |
docs/protocol/CCA_v1.0_Constitutional_Consensus_Architecture.md:69:| Evidence Leaf | `AMUN_EV_LEAF_V1` |
docs/protocol/CCA_v1.0_Constitutional_Consensus_Architecture.md:70:| Evidence Internal Node | `AMUN_EV_NODE_V1` |
docs/protocol/lineage_law_v1.md:16:### 2.1 Migration Witness
docs/protocol/lineage_law_v1.md:17:State migration from parent to child protocol must produce a MigrationWitness
docs/protocol/lineage_law_v1.md:20:### 2.2 Migration Certificate
docs/protocol/lineage_law_v1.md:21:A MigrationCertificate authorizes state transition between protocols.
docs/protocol/lineage_law_v1.md:5:### 1.1 Lineage Proof
docs/protocol/lineage_law_v1.md:6:A LineageProof cryptographically binds a child protocol to its parent.
docs/protocol/replay_physics_v1.md:24:execute_and_self_verify() SHALL: 1. Execute trace via DeterministicExecutor, 2. Apply same entries via ReplayState, 3. Compare final roots, 4. Return EquivalenceProof.
docs/reports/CCA_IMPL_4_FINAL_REPORT.md:29:- VI-C — End-to-End Equivalence Proof
docs/reports/CCA_IMPL_5B_FINAL_REPORT.md:163:- QuorumCertificate
docs/reports/CCA_IMPL_5B_FINAL_REPORT.md:164:- FinalityCertificate
