crates/amun-audit/src/lib.rs:2:// Invariant ownership map:
crates/amun-audit/tests/audit_layer06_replay.rs:135:        let result = ReplayVerifier::verify_full_replay(path.to_str().unwrap());
crates/amun-audit/tests/audit_layer06_replay.rs:25:    // CONST-REPLAY-001: Replay produces identical state
crates/amun-audit/tests/audit_layer06_replay.rs:3:    use amun_storage_kernel::persistence::wal::{ReplayVerifier, WalEntry};
crates/amun-audit/tests/audit_layer06_replay.rs:50:        let result = ReplayVerifier::verify_full_replay(path.to_str().unwrap());
crates/amun-audit/tests/audit_layer06_replay.rs:60:                    "CONST-REPLAY-001 VIOLATION: Replayed root diverges"
crates/amun-audit/tests/audit_layer06_replay.rs:63:            Err(e) => panic!("CONST-REPLAY-001: Replay failed: {}", e),
crates/amun-audit/tests/audit_layer06_replay.rs:67:    // CONST-REPLAY-002: Replay detects state root divergence
crates/amun-audit/tests/audit_layer06_replay.rs:91:        let result = ReplayVerifier::verify_full_replay(path.to_str().unwrap());
crates/amun-audit/tests/audit_layer06_replay.rs:98:    // CONST-REPLAY-003: Replay detects epoch regression
crates/amun-audit/tests/audit_layer11_crash.rs:124:        let result = ReplayVerifier::verify_full_replay(path.to_str().unwrap());
crates/amun-audit/tests/audit_layer11_crash.rs:3:    use amun_storage_kernel::persistence::wal::{ReplayVerifier, WalEntry, WalIterator};
crates/amun-audit/tests/audit_layer15_temporal.rs:25:    // CONST-TEMP-001: Replaying same WAL twice produces identical root
crates/amun-audit/tests/audit_layer15_temporal.rs:3:    use amun_storage_kernel::persistence::wal::{ReplayVerifier, WalEntry};
crates/amun-audit/tests/audit_layer15_temporal.rs:50:        let result1 = ReplayVerifier::verify_full_replay(path.to_str().unwrap());
crates/amun-audit/tests/audit_layer15_temporal.rs:51:        let result2 = ReplayVerifier::verify_full_replay(path.to_str().unwrap());
crates/amun-audit/tests/audit_layer15_temporal.rs:58:                    "CONST-TEMP-001 VIOLATION: Replay twice produces different roots"
crates/amun-audit/tests/audit_layer15_temporal.rs:62:            (Err(e), _) | (_, Err(e)) => panic!("CONST-TEMP-001: Replay failed: {}", e),
crates/amun-authority-registry/src/recovery.rs:22:        // 2. Replay only WAL entries after the snapshot height
crates/amun-authority-registry/src/wal.rs:31:    /// Replay all entries in order against a fresh GovernanceState.
crates/amun-authority-registry/src/wal.rs:40:    /// Replay and then finalize all approved proposals.
crates/amun-bench/tests/n161_state_root_bench.rs:10:    let mut reg = ResourceRegistry::new(20000);
crates/amun-bench/tests/n161_state_root_bench.rs:16:        lineage: ResourceLineage::genesis(col_id),
crates/amun-bench/tests/n161_state_root_bench.rs:32:                lineage: ResourceLineage::single_ancestor(token_id, col_id, parent_hash, version),
crates/amun-bench/tests/n161_state_root_bench.rs:3:    ResourceArchetype, ResourceId, ResourceLineage, ResourceMetadata, ResourceRegistry,
crates/amun-bench/tests/n162_snapshot_bench.rs:10:    let mut reg = ResourceRegistry::new(20000);
crates/amun-bench/tests/n162_snapshot_bench.rs:16:        lineage: ResourceLineage::genesis(col_id),
crates/amun-bench/tests/n162_snapshot_bench.rs:32:                lineage: ResourceLineage::single_ancestor(token_id, col_id, parent_hash, version),
crates/amun-bench/tests/n162_snapshot_bench.rs:3:    ResourceArchetype, ResourceId, ResourceLineage, ResourceMetadata, ResourceRegistry,
crates/amun-benchmarks/benches/sync_bench.rs:1:use amun_resource_core::ResourceRegistry;
crates/amun-benchmarks/benches/sync_bench.rs:21:            lineage: ResourceLineage::genesis(id),
crates/amun-benchmarks/benches/sync_bench.rs:5:fn create_test_registry(size: u64) -> ResourceRegistry {
crates/amun-benchmarks/benches/sync_bench.rs:6:    let mut reg = ResourceRegistry::new(size as usize * 2);
crates/amun-benchmarks/benches/sync_bench.rs:7:    use amun_resource_core::resource_lineage::ResourceLineage;
crates/amun-block-builder/tests/n110_4b_slashing_certificate_verification.rs:14:        vec![EvidenceCount {
crates/amun-block-builder/tests/n110_4b_slashing_certificate_verification.rs:15:            evidence_type: EvidenceType::DoubleVote,
crates/amun-block-builder/tests/n110_4b_slashing_certificate_verification.rs:5:use amun_consensus_network::{EvidenceCount, EvidenceType, SlashingCertificate, ValidatorStatus};
crates/amun-block-builder/tests/n110_4b_slashing_certificate_verification.rs:93:        vec![EvidenceCount {
crates/amun-block-builder/tests/n110_4b_slashing_certificate_verification.rs:94:            evidence_type: EvidenceType::DoubleVote,
crates/amun-bytecode/src/interpreter.rs:116:                        lineage: ResourceLineage::genesis(id),
crates/amun-bytecode/src/interpreter.rs:129:                        lineage: ResourceLineage::genesis(child_id),
crates/amun-bytecode/src/interpreter.rs:150:                        lineage: ResourceLineage::genesis(child_id),
crates/amun-bytecode/src/interpreter.rs:218:                OpCode::CheckInvariant { .. } => {
crates/amun-bytecode/src/interpreter.rs:2:    ResourceArchetype, ResourceId, ResourceLineage, ResourceMetadata, ResourceState,
crates/amun-bytecode/src/interpreter.rs:95:                                lineage: ResourceLineage::genesis(id),
crates/amun-bytecode/src/opcodes.rs:14:    CheckInvariant { invariant_idx: u32 },
crates/amun-bytecode/src/opcodes.rs:40:            OpCode::CheckInvariant { .. } => "OP_CHECK_INVARIANT",
crates/amun-bytecode/src/opcodes.rs:63:            OpCode::CheckInvariant { .. } => 50,
crates/amun-bytecode/src/opcodes.rs:94:            OpCode::CheckInvariant { .. } | OpCode::EmitClaim { .. }
crates/amun-byzantine-harness/src/harness.rs:15:    pub fn detect_equivocation(votes: &[ConsensusVote]) -> Vec<EquivocationEvidence> {
crates/amun-byzantine-harness/src/harness.rs:3:use amun_safety_laws::{check_vote_uniqueness, detect_equivocation, EquivocationEvidence};
crates/amun-byzantine-tests/tests/attack_suite.rs:101:            lineage: ResourceLineage::single_ancestor(b, a, hash_a, 2),
crates/amun-byzantine-tests/tests/attack_suite.rs:107:    let hash_b = ResourceRegistry::hash_resource(reg.get(&b).unwrap());
crates/amun-byzantine-tests/tests/attack_suite.rs:116:                lineage: ResourceLineage::single_ancestor(c, b, hash_b, 3),
crates/amun-byzantine-tests/tests/attack_suite.rs:11:    ResourceArchetype, ResourceId, ResourceLineage, ResourceMetadata, ResourceRegistry,
crates/amun-byzantine-tests/tests/attack_suite.rs:126:    let mut reg = ResourceRegistry::new(1000);
crates/amun-byzantine-tests/tests/attack_suite.rs:132:        lineage: ResourceLineage::genesis(parent_id),
crates/amun-byzantine-tests/tests/attack_suite.rs:137:    let parent_hash = ResourceRegistry::hash_resource(reg.get(&parent_id).unwrap());
crates/amun-byzantine-tests/tests/attack_suite.rs:144:            lineage: ResourceLineage::single_ancestor(make_id(2), parent_id, parent_hash, 1),
crates/amun-byzantine-tests/tests/attack_suite.rs:14:use amun_transition_proof::transition_proof::TransitionProof;
crates/amun-byzantine-tests/tests/attack_suite.rs:154:    let mut reg = ResourceRegistry::new(1000);
crates/amun-byzantine-tests/tests/attack_suite.rs:160:        lineage: ResourceLineage::genesis(parent_id),
crates/amun-byzantine-tests/tests/attack_suite.rs:172:            lineage: ResourceLineage::single_ancestor(make_id(2), parent_id, forged_hash, 2),
crates/amun-byzantine-tests/tests/attack_suite.rs:182:    let mut reg = ResourceRegistry::new(1000);
crates/amun-byzantine-tests/tests/attack_suite.rs:186:        archetype: ResourceArchetype::Evidence,
crates/amun-byzantine-tests/tests/attack_suite.rs:188:        lineage: ResourceLineage::genesis(ev),
crates/amun-byzantine-tests/tests/attack_suite.rs:193:    let parent_hash = ResourceRegistry::hash_resource(reg.get(&ev).unwrap());
crates/amun-byzantine-tests/tests/attack_suite.rs:200:            lineage: ResourceLineage::single_ancestor(make_id(2), ev, parent_hash, 2),
crates/amun-byzantine-tests/tests/attack_suite.rs:210:    let mut reg = ResourceRegistry::new(100_000);
crates/amun-byzantine-tests/tests/attack_suite.rs:216:        lineage: ResourceLineage::genesis(root),
crates/amun-byzantine-tests/tests/attack_suite.rs:224:        let hash = ResourceRegistry::hash_resource(reg.get(&parent).unwrap());
crates/amun-byzantine-tests/tests/attack_suite.rs:232:                lineage: ResourceLineage::single_ancestor(child, parent, hash, version),
crates/amun-byzantine-tests/tests/attack_suite.rs:245:    let mut reg = ResourceRegistry::new(200_000);
crates/amun-byzantine-tests/tests/attack_suite.rs:252:            lineage: ResourceLineage::genesis(id),
crates/amun-byzantine-tests/tests/attack_suite.rs:263:    let proof = TransitionProof::new(
crates/amun-byzantine-tests/tests/attack_suite.rs:299:        ConstitutionalEvidence::ConstitutionalViolation { law, .. } => {
crates/amun-byzantine-tests/tests/attack_suite.rs:37:    let mut reg = ResourceRegistry::new(1000);
crates/amun-byzantine-tests/tests/attack_suite.rs:55:    let mut fresh_reg = ResourceRegistry::new(1000);
crates/amun-byzantine-tests/tests/attack_suite.rs:56:    let replay = ReplayVerifier::replay(&proof, &program, &mut fresh_reg, &[]);
crates/amun-byzantine-tests/tests/attack_suite.rs:59:        amun_replay_verifier::replay_verifier::ReplayResult::Match { .. }
crates/amun-byzantine-tests/tests/attack_suite.rs:6:use amun_evidence_engine::evidence_types::ConstitutionalEvidence;
crates/amun-byzantine-tests/tests/attack_suite.rs:82:    let mut reg = ResourceRegistry::new(1000);
crates/amun-byzantine-tests/tests/attack_suite.rs:89:        lineage: ResourceLineage::genesis(a),
crates/amun-byzantine-tests/tests/attack_suite.rs:94:    let hash_a = ResourceRegistry::hash_resource(reg.get(&a).unwrap());
crates/amun-byzantine-tests/tests/attack_suite.rs:9:use amun_replay_verifier::replay_verifier::ReplayVerifier;
crates/amun-canonical-collections/src/lib.rs:120:impl<K: Ord + CanonicalEncode, V: CanonicalEncode> ReplaySafe for CanonicalMap<K, V> {
crates/amun-canonical-collections/src/lib.rs:160:impl<T: CanonicalEncode> ReplaySafe for CanonicalDeque<T> {
crates/amun-canonical-collections/src/lib.rs:18:pub trait ReplaySafe: DeterministicCollection + CanonicalEncode {
crates/amun-canonical-collections/src/lib.rs:72:impl<T: Ord + CanonicalEncode> ReplaySafe for CanonicalSet<T> {
crates/amun-certificate-network/src/distribution.rs:18:    CertificateResponse { certificate: ReplayCertificate },
crates/amun-certificate-network/src/distribution.rs:49:    pub certificate: ReplayCertificate,
crates/amun-certificate-network/src/distribution.rs:56:        certificate: ReplayCertificate,
crates/amun-certificate-network/src/distribution.rs:7:    CertificateInclusionProof, ConstitutionalStateRuntime, ReplayCertificate,
crates/amun-certificate-network/src/gossip.rs:117:    pub fn get_certificate(&self, hash: &[u8; 32]) -> Option<&ReplayCertificate> {
crates/amun-certificate-network/src/gossip.rs:163:        ReplayCertificate,
crates/amun-certificate-network/src/gossip.rs:2:use amun_constitutional_state::{CertificateInclusionProof, ReplayCertificate};
crates/amun-certificate-network/src/gossip.rs:38:        certificates: Vec<ReplayCertificate>,
crates/amun-certificate-network/src/gossip.rs:77:    certificates: BTreeMap<[u8; 32], ReplayCertificate>,
crates/amun-certificate-network/src/gossip.rs:88:    pub fn store_certificate(&mut self, cert: ReplayCertificate) {
crates/amun-chain-checkpoint/src/lib.rs:136:    /// AmunChain proof layers (ReplayCertificate uses `AMUN_REPLAY_CERTIFICATE_V1`,
crates/amun-chain-checkpoint/src/lib.rs:47:/// of the AmunChain proof layers (ReplayCertificate, CertificateMerkleRoot, etc.).
crates/amun-chain-checkpoint/src/lib.rs:58:    /// Evidence root at end_height.
crates/amun-chain-checkpoint/src/lib.rs:60:    /// Replay certificate merkle root at end_height.
crates/amun-chain-store/src/record.rs:15:    /// N129.3: Evidence root chaining all constitutional proofs
crates/amun-codec/src/versioned.rs:79:                ConstitutionalFault::ReplayViolation,
crates/amun-compatibility/src/matrix.rs:23:            CompatibilityClass::ReplayCompatible
crates/amun-consensus-execution/src/block_dag.rs:215:        // Invariant assertions
crates/amun-consensus-integration/src/consensus_integrator.rs:114:        let mut registry = ResourceRegistry::new(10000);
crates/amun-consensus-integration/src/consensus_integrator.rs:140:        let mut registry = ResourceRegistry::new(10000);
crates/amun-consensus-integration/src/consensus_integrator.rs:167:        let mut registry = ResourceRegistry::new(10000);
crates/amun-consensus-integration/src/consensus_integrator.rs:17:        registry: &mut ResourceRegistry,
crates/amun-consensus-integration/src/consensus_integrator.rs:192:        let mut registry = ResourceRegistry::new(10000);
crates/amun-consensus-integration/src/consensus_integrator.rs:219:        let mut registry = ResourceRegistry::new(10000);
crates/amun-consensus-integration/src/consensus_integrator.rs:5:use amun_resource_core::{ResourceId, ResourceRegistry};
crates/amun-consensus-integration/src/consensus_integrator.rs:82:    ) -> Result<ConstitutionalFinalityCertificate, String> {
crates/amun-consensus-integration/src/consensus_integrator.rs:96:        Ok(ConstitutionalFinalityCertificate::issue(block, qc))
crates/amun-consensus-integration/src/consensus_integrator.rs:9:    ConstitutionalBlock, ConstitutionalFinalityCertificate, ConstitutionalQC,
crates/amun-consensus-integration/src/consensus_types.rs:12:    pub transitions: Vec<TransitionProof>,
crates/amun-consensus-integration/src/consensus_types.rs:2:use amun_transition_proof::transition_proof::TransitionProof;
crates/amun-consensus-integration/src/consensus_types.rs:78:pub struct ConstitutionalFinalityCertificate {
crates/amun-consensus-integration/src/consensus_types.rs:87:impl ConstitutionalFinalityCertificate {
crates/amun-consensus-law/src/finality.rs:3:pub struct FinalityLaw;
crates/amun-consensus-law/src/finality.rs:5:impl FinalityLaw {
crates/amun-consensus-law/src/invariants.rs:1:use amun_invariants::kernel::IrreducibleInvariants;
crates/amun-consensus-law/src/invariants.rs:35:        IrreducibleInvariants::kernel_hash()
crates/amun-consensus-law/src/invariants.rs:3:pub struct ConsensusInvariants;
crates/amun-consensus-law/src/invariants.rs:5:impl ConsensusInvariants {
crates/amun-consensus-law/src/lib.rs:7:pub use finality::FinalityLaw;
crates/amun-consensus-law/src/lib.rs:8:pub use invariants::ConsensusInvariants;
crates/amun-consensus-network/src/certificate_evidence_validation.rs:110:        let store = EvidenceStore::new();
crates/amun-consensus-network/src/certificate_evidence_validation.rs:115:            EvidenceValidationResult::MissingEvidence { missing_ids } => {
crates/amun-consensus-network/src/certificate_evidence_validation.rs:120:            _ => panic!("Expected MissingEvidence, got {:?}", result),
crates/amun-consensus-network/src/certificate_evidence_validation.rs:127:        let mut store = EvidenceStore::new();
crates/amun-consensus-network/src/certificate_evidence_validation.rs:12://   - Missing evidence → MissingEvidenceRequest sent to peers
crates/amun-consensus-network/src/certificate_evidence_validation.rs:130:        let e1 = EvidenceRecord::new([0x42; 32], 1, EvidenceType::DoubleVote, 1000, vec![1]);
crates/amun-consensus-network/src/certificate_evidence_validation.rs:131:        let e2 = EvidenceRecord::new([0x42; 32], 2, EvidenceType::DoubleVote, 2000, vec![2]);
crates/amun-consensus-network/src/certificate_evidence_validation.rs:13://   - Evidence received → certificate retried → accepted
crates/amun-consensus-network/src/certificate_evidence_validation.rs:140:        assert_eq!(result, EvidenceValidationResult::AllPresent);
crates/amun-consensus-network/src/certificate_evidence_validation.rs:146:        let mut store = EvidenceStore::new();
crates/amun-consensus-network/src/certificate_evidence_validation.rs:147:        let e1 = EvidenceRecord::new([0x42; 32], 1, EvidenceType::DoubleVote, 1000, vec![1]);
crates/amun-consensus-network/src/certificate_evidence_validation.rs:155:            EvidenceValidationResult::MissingEvidence { missing_ids } => {
crates/amun-consensus-network/src/certificate_evidence_validation.rs:159:            _ => panic!("Expected MissingEvidence"),
crates/amun-consensus-network/src/certificate_evidence_validation.rs:16:use crate::evidence_store::EvidenceStore;
crates/amun-consensus-network/src/certificate_evidence_validation.rs:174:        let mut store = EvidenceStore::new();
crates/amun-consensus-network/src/certificate_evidence_validation.rs:175:        let evidence = EvidenceRecord::new(
crates/amun-consensus-network/src/certificate_evidence_validation.rs:178:            EvidenceType::StateRootMismatch,
crates/amun-consensus-network/src/certificate_evidence_validation.rs:17:use crate::messages::{MissingEvidenceRequest, MissingEvidenceResponse};
crates/amun-consensus-network/src/certificate_evidence_validation.rs:184:        let response = MissingEvidenceResponse {
crates/amun-consensus-network/src/certificate_evidence_validation.rs:22:pub enum EvidenceValidationResult {
crates/amun-consensus-network/src/certificate_evidence_validation.rs:26:    MissingEvidence { missing_ids: Vec<[u8; 32]> },
crates/amun-consensus-network/src/certificate_evidence_validation.rs:2:// N111.6 — Certificate Evidence Validation
crates/amun-consensus-network/src/certificate_evidence_validation.rs:30:/// exists in the local EvidenceStore.
crates/amun-consensus-network/src/certificate_evidence_validation.rs:33:    evidence_store: &EvidenceStore,
crates/amun-consensus-network/src/certificate_evidence_validation.rs:34:) -> EvidenceValidationResult {
crates/amun-consensus-network/src/certificate_evidence_validation.rs:44:        EvidenceValidationResult::AllPresent
crates/amun-consensus-network/src/certificate_evidence_validation.rs:46:        EvidenceValidationResult::MissingEvidence {
crates/amun-consensus-network/src/certificate_evidence_validation.rs:52:/// N111.6: Build a MissingEvidenceRequest for the given evidence IDs.
crates/amun-consensus-network/src/certificate_evidence_validation.rs:56:) -> MissingEvidenceRequest {
crates/amun-consensus-network/src/certificate_evidence_validation.rs:57:    MissingEvidenceRequest {
crates/amun-consensus-network/src/certificate_evidence_validation.rs:5:// IDs it references are present in the local EvidenceStore.
crates/amun-consensus-network/src/certificate_evidence_validation.rs:63:/// N111.6: Process a MissingEvidenceResponse by extracting the evidence
crates/amun-consensus-network/src/certificate_evidence_validation.rs:67:    response: &MissingEvidenceResponse,
crates/amun-consensus-network/src/certificate_evidence_validation.rs:68:    evidence_store: &mut EvidenceStore,
crates/amun-consensus-network/src/certificate_evidence_validation.rs:72:        let record: crate::evidence_store::EvidenceRecord = postcard::from_bytes(data)
crates/amun-consensus-network/src/certificate_evidence_validation.rs:84:    use crate::evidence_store::{EvidenceRecord, EvidenceStore, EvidenceType};
crates/amun-consensus-network/src/certificate_evidence_validation.rs:86:    use crate::slashing_certificate::{EvidenceCount, SlashingCertificate};
crates/amun-consensus-network/src/certificate_evidence_validation.rs:8:// "Evidence propagation is not yet network-wide."
crates/amun-consensus-network/src/certificate_evidence_validation.rs:93:            vec![EvidenceCount {
crates/amun-consensus-network/src/certificate_evidence_validation.rs:94:                evidence_type: EvidenceType::DoubleVote,
crates/amun-consensus-network/src/certificate_gossip.rs:72:    use crate::evidence_store::EvidenceType;
crates/amun-consensus-network/src/certificate_gossip.rs:74:    use crate::slashing_certificate::{EvidenceCount, SlashingCertificate};
crates/amun-consensus-network/src/certificate_gossip.rs:81:            vec![EvidenceCount {
crates/amun-consensus-network/src/certificate_gossip.rs:82:                evidence_type: EvidenceType::DoubleVote,
crates/amun-consensus-network/src/engine.rs:173:    pub fn finalize(&mut self, history_root: [u8; 32]) -> Option<FinalityCertificate> {
crates/amun-consensus-network/src/engine.rs:175:        let cert = FinalityCertificate {
crates/amun-consensus-network/src/engine.rs:19:    pub finality: Option<FinalityCertificate>,
crates/amun-consensus-network/src/engine.rs:21:    pub double_vote_evidence: Vec<DoubleVoteEvidence>,
crates/amun-consensus-network/src/engine.rs:228:/// Evidence of equivocation — same validator voted for two different blocks at the same height.
crates/amun-consensus-network/src/engine.rs:230:pub struct DoubleVoteEvidence {
crates/amun-consensus-network/src/engine.rs:252:    finality_chain: Vec<FinalityCertificate>,
crates/amun-consensus-network/src/engine.rs:2:    ConsensusVote, EquivocationProof, FinalityCertificate, QuorumCertificate, SignedVote,
crates/amun-consensus-network/src/engine.rs:425:                let evidence_id = crate::evidence_store::EvidenceRecord::compute_evidence_id(
crates/amun-consensus-network/src/engine.rs:428:                    &crate::evidence_store::EvidenceType::DoubleVote,
crates/amun-consensus-network/src/engine.rs:434:                    &crate::evidence_store::EvidenceType::DoubleVote,
crates/amun-consensus-network/src/engine.rs:488:    ) -> Option<FinalityCertificate> {
crates/amun-consensus-network/src/evidence_gossip.rs:106:impl Default for EvidenceGossip {
crates/amun-consensus-network/src/evidence_gossip.rs:118:        let mut gossip = EvidenceGossip::new();
crates/amun-consensus-network/src/evidence_gossip.rs:119:        let ann = EvidenceAnnouncement {
crates/amun-consensus-network/src/evidence_gossip.rs:122:            evidence_type: EvidenceType::DoubleVote,
crates/amun-consensus-network/src/evidence_gossip.rs:12://   1. Receives an EvidenceAnnouncement from the network
crates/amun-consensus-network/src/evidence_gossip.rs:132:        let mut gossip = EvidenceGossip::new();
crates/amun-consensus-network/src/evidence_gossip.rs:133:        let ann = EvidenceAnnouncement {
crates/amun-consensus-network/src/evidence_gossip.rs:136:            evidence_type: EvidenceType::DoubleVote,
crates/amun-consensus-network/src/evidence_gossip.rs:147:        let mut gossip = EvidenceGossip::new();
crates/amun-consensus-network/src/evidence_gossip.rs:156:        let mut gossip = EvidenceGossip::new();
crates/amun-consensus-network/src/evidence_gossip.rs:159:        gossip.receive_announcement(EvidenceAnnouncement {
crates/amun-consensus-network/src/evidence_gossip.rs:162:            evidence_type: EvidenceType::StateRootMismatch,
crates/amun-consensus-network/src/evidence_gossip.rs:171:        let ann = EvidenceAnnouncement {
crates/amun-consensus-network/src/evidence_gossip.rs:174:            evidence_type: EvidenceType::DoubleVote,
crates/amun-consensus-network/src/evidence_gossip.rs:178:        assert!(EvidenceGossip::verify_announcement(&ann, 50).is_ok());
crates/amun-consensus-network/src/evidence_gossip.rs:17:use crate::evidence_store::EvidenceType;
crates/amun-consensus-network/src/evidence_gossip.rs:183:        let ann = EvidenceAnnouncement {
crates/amun-consensus-network/src/evidence_gossip.rs:186:            evidence_type: EvidenceType::DoubleVote,
crates/amun-consensus-network/src/evidence_gossip.rs:190:        let err = EvidenceGossip::verify_announcement(&ann, 50).unwrap_err();
crates/amun-consensus-network/src/evidence_gossip.rs:196:        let ann = EvidenceAnnouncement {
crates/amun-consensus-network/src/evidence_gossip.rs:199:            evidence_type: EvidenceType::DoubleVote,
crates/amun-consensus-network/src/evidence_gossip.rs:203:        assert!(EvidenceGossip::verify_announcement(&ann, 50).is_err());
crates/amun-consensus-network/src/evidence_gossip.rs:208:        let ann = EvidenceAnnouncement {
crates/amun-consensus-network/src/evidence_gossip.rs:211:            evidence_type: EvidenceType::DoubleVote,
crates/amun-consensus-network/src/evidence_gossip.rs:215:        assert!(EvidenceGossip::verify_announcement(&ann, 50).is_err());
crates/amun-consensus-network/src/evidence_gossip.rs:22:/// the full EvidenceRecord if they need it.
crates/amun-consensus-network/src/evidence_gossip.rs:24:pub struct EvidenceAnnouncement {
crates/amun-consensus-network/src/evidence_gossip.rs:27:    pub evidence_type: EvidenceType,
crates/amun-consensus-network/src/evidence_gossip.rs:2:// N111.2 — Evidence Gossip
crates/amun-consensus-network/src/evidence_gossip.rs:33:pub struct EvidenceGossip {
crates/amun-consensus-network/src/evidence_gossip.rs:35:    pub announcements: HashMap<[u8; 32], EvidenceAnnouncement>,
crates/amun-consensus-network/src/evidence_gossip.rs:40:impl EvidenceGossip {
crates/amun-consensus-network/src/evidence_gossip.rs:50:    pub fn receive_announcement(&mut self, announcement: EvidenceAnnouncement) -> bool {
crates/amun-consensus-network/src/evidence_gossip.rs:80:        announcement: &EvidenceAnnouncement,
crates/amun-consensus-network/src/evidence_push.rs:102:impl Default for EvidencePush {
crates/amun-consensus-network/src/evidence_push.rs:104:        Self::new(EvidencePushConfig::default())
crates/amun-consensus-network/src/evidence_push.rs:111:    use crate::evidence_store::EvidenceType;
crates/amun-consensus-network/src/evidence_push.rs:113:    fn make_store_with_evidence(count: u8) -> (EvidenceStore, Vec<[u8; 32]>) {
crates/amun-consensus-network/src/evidence_push.rs:114:        let mut store = EvidenceStore::new();
crates/amun-consensus-network/src/evidence_push.rs:117:            let record = EvidenceRecord::new(
crates/amun-consensus-network/src/evidence_push.rs:120:                EvidenceType::DoubleVote,
crates/amun-consensus-network/src/evidence_push.rs:134:        let gossip = EvidenceGossip::new();
crates/amun-consensus-network/src/evidence_push.rs:135:        let mut push = EvidencePush::default();
crates/amun-consensus-network/src/evidence_push.rs:13:pub struct EvidencePushConfig {
crates/amun-consensus-network/src/evidence_push.rs:148:        let gossip = EvidenceGossip::new();
crates/amun-consensus-network/src/evidence_push.rs:149:        let mut push = EvidencePush::default();
crates/amun-consensus-network/src/evidence_push.rs:161:        let gossip = EvidenceGossip::new();
crates/amun-consensus-network/src/evidence_push.rs:162:        let config = EvidencePushConfig {
crates/amun-consensus-network/src/evidence_push.rs:166:        let mut push = EvidencePush::new(config);
crates/amun-consensus-network/src/evidence_push.rs:175:        let gossip = EvidenceGossip::new();
crates/amun-consensus-network/src/evidence_push.rs:176:        let mut push = EvidencePush::default();
crates/amun-consensus-network/src/evidence_push.rs:18:    /// Whether to push full EvidenceRecords or just announcements.
crates/amun-consensus-network/src/evidence_push.rs:194:        let gossip = EvidenceGossip::new();
crates/amun-consensus-network/src/evidence_push.rs:195:        let mut push = EvidencePush::default();
crates/amun-consensus-network/src/evidence_push.rs:1:// N112.1 — Push-Based Evidence Propagation
crates/amun-consensus-network/src/evidence_push.rs:22:impl Default for EvidencePushConfig {
crates/amun-consensus-network/src/evidence_push.rs:32:/// N112.1: Push engine that works alongside EvidenceGossip.
crates/amun-consensus-network/src/evidence_push.rs:33:pub struct EvidencePush {
crates/amun-consensus-network/src/evidence_push.rs:34:    config: EvidencePushConfig,
crates/amun-consensus-network/src/evidence_push.rs:35:    /// Evidence IDs that have already been pushed.
crates/amun-consensus-network/src/evidence_push.rs:39:impl EvidencePush {
crates/amun-consensus-network/src/evidence_push.rs:3:// Extends EvidenceGossip with proactive push of evidence announcements
crates/amun-consensus-network/src/evidence_push.rs:40:    pub fn new(config: EvidencePushConfig) -> Self {
crates/amun-consensus-network/src/evidence_push.rs:48:    /// Returns a list of (EvidenceRecord, EvidenceAnnouncement) pairs
crates/amun-consensus-network/src/evidence_push.rs:4:// and full EvidenceRecords to known peers.  This reduces latency in
crates/amun-consensus-network/src/evidence_push.rs:52:        store: &EvidenceStore,
crates/amun-consensus-network/src/evidence_push.rs:53:        _gossip: &EvidenceGossip,
crates/amun-consensus-network/src/evidence_push.rs:54:    ) -> Vec<(EvidenceRecord, EvidenceAnnouncement)> {
crates/amun-consensus-network/src/evidence_push.rs:66:            let announcement = EvidenceAnnouncement {
crates/amun-consensus-network/src/evidence_push.rs:8:use crate::evidence_gossip::{EvidenceAnnouncement, EvidenceGossip};
crates/amun-consensus-network/src/evidence_push.rs:9:use crate::evidence_store::{EvidenceRecord, EvidenceStore};
crates/amun-consensus-network/src/evidence_push_processor.rs:104:        let mut store = EvidenceStore::new();
crates/amun-consensus-network/src/evidence_push_processor.rs:105:        let mut gossip = EvidenceGossip::new();
crates/amun-consensus-network/src/evidence_push_processor.rs:106:        let mut push = EvidencePush::default();
crates/amun-consensus-network/src/evidence_push_processor.rs:10:use crate::evidence_store::{EvidenceRecord, EvidenceStore};
crates/amun-consensus-network/src/evidence_push_processor.rs:133:        let mut store = EvidenceStore::new();
crates/amun-consensus-network/src/evidence_push_processor.rs:134:        let mut gossip = EvidenceGossip::new();
crates/amun-consensus-network/src/evidence_push_processor.rs:135:        let mut push = EvidencePush::default();
crates/amun-consensus-network/src/evidence_push_processor.rs:1:// N112.3 — Automatic Peer Evidence Propagation
crates/amun-consensus-network/src/evidence_push_processor.rs:20:/// N112.3: Process an incoming EvidencePushMessage.
crates/amun-consensus-network/src/evidence_push_processor.rs:21:/// Decodes each serialized EvidenceRecord and stores it locally.
crates/amun-consensus-network/src/evidence_push_processor.rs:26:    evidence_store: &mut EvidenceStore,
crates/amun-consensus-network/src/evidence_push_processor.rs:27:    gossip: &mut EvidenceGossip,
crates/amun-consensus-network/src/evidence_push_processor.rs:28:    push: &mut EvidencePush,
crates/amun-consensus-network/src/evidence_push_processor.rs:37:        let record: EvidenceRecord = postcard::from_bytes(data)
crates/amun-consensus-network/src/evidence_push_processor.rs:3:// When a node receives an EvidencePushMessage, it automatically
crates/amun-consensus-network/src/evidence_push_processor.rs:40:        // Store in EvidenceStore
crates/amun-consensus-network/src/evidence_push_processor.rs:45:            gossip.receive_announcement(crate::evidence_gossip::EvidenceAnnouncement {
crates/amun-consensus-network/src/evidence_push_processor.rs:4:// imports the evidence records into its EvidenceStore without
crates/amun-consensus-network/src/evidence_push_processor.rs:5:// requiring a MissingEvidenceRequest.  This eliminates the pull
crates/amun-consensus-network/src/evidence_push_processor.rs:66:    use crate::evidence_gossip::EvidenceGossip;
crates/amun-consensus-network/src/evidence_push_processor.rs:67:    use crate::evidence_push::EvidencePush;
crates/amun-consensus-network/src/evidence_push_processor.rs:68:    use crate::evidence_store::{EvidenceRecord, EvidenceStore, EvidenceType};
crates/amun-consensus-network/src/evidence_push_processor.rs:70:    fn make_evidence_record(id: u8) -> EvidenceRecord {
crates/amun-consensus-network/src/evidence_push_processor.rs:71:        EvidenceRecord::new(
crates/amun-consensus-network/src/evidence_push_processor.rs:74:            EvidenceType::DoubleVote,
crates/amun-consensus-network/src/evidence_push_processor.rs:82:        let mut store = EvidenceStore::new();
crates/amun-consensus-network/src/evidence_push_processor.rs:83:        let mut gossip = EvidenceGossip::new();
crates/amun-consensus-network/src/evidence_push_processor.rs:84:        let mut push = EvidencePush::default();
crates/amun-consensus-network/src/evidence_push_processor.rs:8:use crate::evidence_gossip::EvidenceGossip;
crates/amun-consensus-network/src/evidence_push_processor.rs:9:use crate::evidence_push::EvidencePush;
crates/amun-consensus-network/src/evidence_store.rs:103:        Self::new(v, h, EvidenceType::StateRootMismatch, t, payload)
crates/amun-consensus-network/src/evidence_store.rs:110:            EvidenceType::InvalidExecutionCommitment,
crates/amun-consensus-network/src/evidence_store.rs:117:        Self::new(v, h, EvidenceType::InvalidSignature, t, key.to_vec())
crates/amun-consensus-network/src/evidence_store.rs:124:            EvidenceType::VoteBindingViolation,
crates/amun-consensus-network/src/evidence_store.rs:133:pub struct EvidenceStore {
crates/amun-consensus-network/src/evidence_store.rs:134:    pub records: HashMap<[u8; 32], EvidenceRecord>,
crates/amun-consensus-network/src/evidence_store.rs:138:impl EvidenceStore {
crates/amun-consensus-network/src/evidence_store.rs:14:pub enum EvidenceType {
crates/amun-consensus-network/src/evidence_store.rs:154:    pub fn store_evidence(&mut self, record: EvidenceRecord) -> bool {
crates/amun-consensus-network/src/evidence_store.rs:163:    pub fn get_by_id(&self, evidence_id: &[u8; 32]) -> Option<&EvidenceRecord> {
crates/amun-consensus-network/src/evidence_store.rs:168:    pub fn get_evidence_for(&self, validator_id: &[u8; 32], height: u64) -> Vec<&EvidenceRecord> {
crates/amun-consensus-network/src/evidence_store.rs:176:    pub fn get_all_for_validator(&self, validator_id: &[u8; 32]) -> Vec<&EvidenceRecord> {
crates/amun-consensus-network/src/evidence_store.rs:183:    pub fn update_status(&mut self, evidence_id: &[u8; 32], status: EvidenceStatus) -> bool {
crates/amun-consensus-network/src/evidence_store.rs:192:    pub fn get_pending(&self) -> Vec<&EvidenceRecord> {
crates/amun-consensus-network/src/evidence_store.rs:195:            .filter(|r| r.status == EvidenceStatus::Pending)
crates/amun-consensus-network/src/evidence_store.rs:236:            let record: EvidenceRecord =
crates/amun-consensus-network/src/evidence_store.rs:247:impl Default for EvidenceStore {
crates/amun-consensus-network/src/evidence_store.rs:260:        let mut store = EvidenceStore::new();
crates/amun-consensus-network/src/evidence_store.rs:261:        let e = EvidenceRecord::new(
crates/amun-consensus-network/src/evidence_store.rs:264:            EvidenceType::StateRootMismatch,
crates/amun-consensus-network/src/evidence_store.rs:26:pub enum EvidenceStatus {
crates/amun-consensus-network/src/evidence_store.rs:274:        let mut store = EvidenceStore::new();
crates/amun-consensus-network/src/evidence_store.rs:275:        let e = EvidenceRecord::new(
crates/amun-consensus-network/src/evidence_store.rs:278:            EvidenceType::InvalidSignature,
crates/amun-consensus-network/src/evidence_store.rs:292:            let mut s = EvidenceStore::with_persistence(path.clone());
crates/amun-consensus-network/src/evidence_store.rs:293:            let e = EvidenceRecord::new(
crates/amun-consensus-network/src/evidence_store.rs:296:                EvidenceType::VoteBindingViolation,
crates/amun-consensus-network/src/evidence_store.rs:2:// N109.10/N109.11 — Evidence Store (HashMap-based)
crates/amun-consensus-network/src/evidence_store.rs:305:        let s = EvidenceStore::load(path).unwrap();
crates/amun-consensus-network/src/evidence_store.rs:312:        let mut s = EvidenceStore::new();
crates/amun-consensus-network/src/evidence_store.rs:313:        let e = EvidenceRecord::new([0xAA; 32], 10, EvidenceType::DoubleVote, 5000, vec![5, 6]);
crates/amun-consensus-network/src/evidence_store.rs:316:        assert_eq!(s.get_by_id(&id).unwrap().status, EvidenceStatus::Pending);
crates/amun-consensus-network/src/evidence_store.rs:317:        s.update_status(&id, EvidenceStatus::Confirmed);
crates/amun-consensus-network/src/evidence_store.rs:318:        assert_eq!(s.get_by_id(&id).unwrap().status, EvidenceStatus::Confirmed);
crates/amun-consensus-network/src/evidence_store.rs:319:        s.update_status(&id, EvidenceStatus::Slashed);
crates/amun-consensus-network/src/evidence_store.rs:320:        assert_eq!(s.get_by_id(&id).unwrap().status, EvidenceStatus::Slashed);
crates/amun-consensus-network/src/evidence_store.rs:325:        let mut s = EvidenceStore::new();
crates/amun-consensus-network/src/evidence_store.rs:326:        s.store_evidence(EvidenceRecord::new(
crates/amun-consensus-network/src/evidence_store.rs:329:            EvidenceType::InvalidSignature,
crates/amun-consensus-network/src/evidence_store.rs:333:        s.store_evidence(EvidenceRecord::new(
crates/amun-consensus-network/src/evidence_store.rs:336:            EvidenceType::StateRootMismatch,
crates/amun-consensus-network/src/evidence_store.rs:340:        s.store_evidence(EvidenceRecord::new(
crates/amun-consensus-network/src/evidence_store.rs:343:            EvidenceType::DoubleVote,
crates/amun-consensus-network/src/evidence_store.rs:35:pub struct EvidenceRecord {
crates/amun-consensus-network/src/evidence_store.rs:41:    pub evidence_type: EvidenceType,
crates/amun-consensus-network/src/evidence_store.rs:45:    pub status: EvidenceStatus,
crates/amun-consensus-network/src/evidence_store.rs:48:impl EvidenceRecord {
crates/amun-consensus-network/src/evidence_store.rs:4:// N109.11: Upgraded from Vec to HashMap<evidence_id, EvidenceRecord> for O(1) lookup.
crates/amun-consensus-network/src/evidence_store.rs:52:        evidence_type: &EvidenceType,
crates/amun-consensus-network/src/evidence_store.rs:60:            EvidenceType::StateRootMismatch => 0x01u8,
crates/amun-consensus-network/src/evidence_store.rs:61:            EvidenceType::InvalidExecutionCommitment => 0x02,
crates/amun-consensus-network/src/evidence_store.rs:62:            EvidenceType::InvalidSignature => 0x03,
crates/amun-consensus-network/src/evidence_store.rs:63:            EvidenceType::VoteBindingViolation => 0x04,
crates/amun-consensus-network/src/evidence_store.rs:64:            EvidenceType::DoubleVote => 0x05,
crates/amun-consensus-network/src/evidence_store.rs:65:            EvidenceType::FutureVote => 0x06,
crates/amun-consensus-network/src/evidence_store.rs:66:            EvidenceType::ExecutionFailure => 0x07,
crates/amun-consensus-network/src/evidence_store.rs:76:        evidence_type: EvidenceType,
crates/amun-consensus-network/src/evidence_store.rs:89:            status: EvidenceStatus::Pending,
crates/amun-consensus-network/src/execution_commitment.rs:13://   - Replay of commitments across heights
crates/amun-consensus-network/src/execution_commitment.rs:18:// This is the foundation for N110 Slashing and N111 Evidence.
crates/amun-consensus-network/src/finality_gate.rs:1:// N118.1 — Finality Gate for Slashing Certificates
crates/amun-consensus-network/src/finality_gate.rs:39:    use crate::evidence_store::EvidenceType;
crates/amun-consensus-network/src/finality_gate.rs:40:    use crate::slashing_certificate::{EvidenceCount, SlashingCertificate};
crates/amun-consensus-network/src/finality_gate.rs:48:            vec![EvidenceCount {
crates/amun-consensus-network/src/finality_gate.rs:49:                evidence_type: EvidenceType::DoubleVote,
crates/amun-consensus-network/src/integrated_slashing.rs:12://   EvidenceStore::store_evidence()
crates/amun-consensus-network/src/integrated_slashing.rs:152:            .update_status(evidence_id, EvidenceStatus::Slashed)
crates/amun-consensus-network/src/integrated_slashing.rs:165:    use crate::evidence_store::EvidenceType;
crates/amun-consensus-network/src/integrated_slashing.rs:168:    /// N109.12 GATEKEEPER: Evidence triggers the full slashing pipeline
crates/amun-consensus-network/src/integrated_slashing.rs:180:                EvidenceType::StateRootMismatch,
crates/amun-consensus-network/src/integrated_slashing.rs:216:            EvidenceType::DoubleVote,
crates/amun-consensus-network/src/integrated_slashing.rs:230:            EvidenceType::DoubleVote,
crates/amun-consensus-network/src/integrated_slashing.rs:23:use crate::evidence_store::{EvidenceRecord, EvidenceStatus, EvidenceStore, EvidenceType};
crates/amun-consensus-network/src/integrated_slashing.rs:262:            EvidenceType::InvalidSignature,
crates/amun-consensus-network/src/integrated_slashing.rs:271:            EvidenceType::InvalidSignature,
crates/amun-consensus-network/src/integrated_slashing.rs:280:    /// N109.12: EvidenceStore records are accessible after pipeline processing
crates/amun-consensus-network/src/integrated_slashing.rs:288:            EvidenceType::VoteBindingViolation,
crates/amun-consensus-network/src/integrated_slashing.rs:296:            EvidenceType::VoteBindingViolation
crates/amun-consensus-network/src/integrated_slashing.rs:29:    /// Evidence was new and stored
crates/amun-consensus-network/src/integrated_slashing.rs:306:        pipeline.process_violation(&[1u8; 32], 1, EvidenceType::DoubleVote, "dv"); // +10
crates/amun-consensus-network/src/integrated_slashing.rs:30:    EvidenceStored,
crates/amun-consensus-network/src/integrated_slashing.rs:31:    /// Evidence was a duplicate, not counted
crates/amun-consensus-network/src/integrated_slashing.rs:334:        let r1 = pipeline.process_violation(&[1u8; 32], 1, EvidenceType::DoubleVote, "dv");
crates/amun-consensus-network/src/integrated_slashing.rs:338:        let r2 = pipeline.process_violation(&[1u8; 32], 2, EvidenceType::DoubleVote, "dv2");
crates/amun-consensus-network/src/integrated_slashing.rs:347:        pipeline.process_violation(&[0x42; 32], 1, EvidenceType::DoubleVote, "dv");
crates/amun-consensus-network/src/integrated_slashing.rs:355:        assert_eq!(updated.status, EvidenceStatus::Slashed);
crates/amun-consensus-network/src/integrated_slashing.rs:45:    pub evidence_store: EvidenceStore,
crates/amun-consensus-network/src/integrated_slashing.rs:4:// Connects EvidenceStore → MisbehaviorRegistry(N109.11) → SlashingEngine → Stake Penalty
crates/amun-consensus-network/src/integrated_slashing.rs:56:            evidence_store: EvidenceStore::new(),
crates/amun-consensus-network/src/integrated_slashing.rs:6:// This is the bridge between N109 (Evidence + Misbehavior) and
crates/amun-consensus-network/src/integrated_slashing.rs:73:        evidence_type: EvidenceType,
crates/amun-consensus-network/src/integrated_slashing.rs:82:        let evidence = EvidenceRecord::new(
crates/amun-consensus-network/src/integrated_slashing.rs:90:        // Step 2: Store in EvidenceStore (dedup)
crates/amun-consensus-network/src/lib.rs:16:pub use evidence_push::{EvidencePush, EvidencePushConfig};
crates/amun-consensus-network/src/lib.rs:42:    EvidenceValidationResult,
crates/amun-consensus-network/src/lib.rs:45:pub use evidence_gossip::{EvidenceAnnouncement, EvidenceGossip};
crates/amun-consensus-network/src/lib.rs:46:pub use evidence_store::{EvidenceRecord, EvidenceStatus, EvidenceStore, EvidenceType};
crates/amun-consensus-network/src/lib.rs:54:pub use messages::{MissingEvidenceRequest, MissingEvidenceResponse};
crates/amun-consensus-network/src/lib.rs:62:pub use slashing_certificate::{CertificateResultingStatus, EvidenceCount, SlashingCertificate};
crates/amun-consensus-network/src/messages.rs:158:pub struct FinalityCertificate {
crates/amun-consensus-network/src/messages.rs:477:pub struct MissingEvidenceRequest {
crates/amun-consensus-network/src/messages.rs:484:pub struct MissingEvidenceResponse {
crates/amun-consensus-network/src/messages.rs:486:    /// Serialized EvidenceRecords (postcard-encoded)
crates/amun-consensus-network/src/misbehavior_registry.rs:120:        evidence_type: &EvidenceType,
crates/amun-consensus-network/src/misbehavior_registry.rs:14://   - Registry survives reload by rebuilding from EvidenceStore
crates/amun-consensus-network/src/misbehavior_registry.rs:162:    fn get_weight(&self, evidence_type: &EvidenceType) -> u64 {
crates/amun-consensus-network/src/misbehavior_registry.rs:164:            EvidenceType::StateRootMismatch => self.thresholds.state_root_mismatch_weight,
crates/amun-consensus-network/src/misbehavior_registry.rs:165:            EvidenceType::InvalidExecutionCommitment => self.thresholds.execution_failure_weight,
crates/amun-consensus-network/src/misbehavior_registry.rs:166:            EvidenceType::InvalidSignature => self.thresholds.invalid_signature_weight,
crates/amun-consensus-network/src/misbehavior_registry.rs:167:            EvidenceType::VoteBindingViolation => self.thresholds.vote_binding_weight,
crates/amun-consensus-network/src/misbehavior_registry.rs:168:            EvidenceType::DoubleVote => self.thresholds.double_vote_weight,
crates/amun-consensus-network/src/misbehavior_registry.rs:169:            EvidenceType::FutureVote => self.thresholds.future_vote_weight,
crates/amun-consensus-network/src/misbehavior_registry.rs:170:            EvidenceType::ExecutionFailure => self.thresholds.execution_failure_weight,
crates/amun-consensus-network/src/misbehavior_registry.rs:17:use crate::evidence_store::{EvidenceStatus, EvidenceStore, EvidenceType};
crates/amun-consensus-network/src/misbehavior_registry.rs:221:    /// N109.11: Rebuild registry from EvidenceStore (e.g., after restart)
crates/amun-consensus-network/src/misbehavior_registry.rs:224:        evidence_store: &EvidenceStore,
crates/amun-consensus-network/src/misbehavior_registry.rs:228:            if record.status == EvidenceStatus::Rejected {
crates/amun-consensus-network/src/misbehavior_registry.rs:258:    use crate::evidence_store::{EvidenceRecord, EvidenceStore, EvidenceType};
crates/amun-consensus-network/src/misbehavior_registry.rs:265:            reg.record_misbehavior(&[1u8; 32], &[0xAA; 32], &EvidenceType::InvalidSignature, 5);
crates/amun-consensus-network/src/misbehavior_registry.rs:273:        reg.record_misbehavior(&[1u8; 32], &[0xA1; 32], &EvidenceType::InvalidSignature, 1); // +2
crates/amun-consensus-network/src/misbehavior_registry.rs:274:        reg.record_misbehavior(&[1u8; 32], &[0xA2; 32], &EvidenceType::StateRootMismatch, 2); // +3
crates/amun-consensus-network/src/misbehavior_registry.rs:281:        reg.record_misbehavior(&[1u8; 32], &[0xB1; 32], &EvidenceType::FutureVote, 1); // +1
crates/amun-consensus-network/src/misbehavior_registry.rs:282:        reg.record_misbehavior(&[1u8; 32], &[0xB2; 32], &EvidenceType::DoubleVote, 2); // +10
crates/amun-consensus-network/src/misbehavior_registry.rs:286:            &EvidenceType::VoteBindingViolation,
crates/amun-consensus-network/src/misbehavior_registry.rs:296:        reg.record_misbehavior(&[1u8; 32], &[0xC1; 32], &EvidenceType::DoubleVote, 1); // +10
crates/amun-consensus-network/src/misbehavior_registry.rs:308:        reg.record_misbehavior(&[1u8; 32], &[0xD1; 32], &EvidenceType::DoubleVote, 1); // +10
crates/amun-consensus-network/src/misbehavior_registry.rs:309:        reg.record_misbehavior(&[1u8; 32], &[0xD2; 32], &EvidenceType::StateRootMismatch, 2); // +3
crates/amun-consensus-network/src/misbehavior_registry.rs:310:        reg.record_misbehavior(&[1u8; 32], &[0xD3; 32], &EvidenceType::StateRootMismatch, 3); // +3
crates/amun-consensus-network/src/misbehavior_registry.rs:323:        reg.record_misbehavior(&[1u8; 32], &[0xE1; 32], &EvidenceType::DoubleVote, 1); // +10
crates/amun-consensus-network/src/misbehavior_registry.rs:324:        reg.record_misbehavior(&[1u8; 32], &[0xE2; 32], &EvidenceType::DoubleVote, 2); // +10
crates/amun-consensus-network/src/misbehavior_registry.rs:325:        reg.record_misbehavior(&[1u8; 32], &[0xE3; 32], &EvidenceType::DoubleVote, 3); // +10
crates/amun-consensus-network/src/misbehavior_registry.rs:326:        reg.record_misbehavior(&[1u8; 32], &[0xE4; 32], &EvidenceType::FutureVote, 4); // +1
crates/amun-consensus-network/src/misbehavior_registry.rs:340:        assert!(reg.record_misbehavior(&[1u8; 32], &ev_id, &EvidenceType::DoubleVote, 1));
crates/amun-consensus-network/src/misbehavior_registry.rs:343:        assert!(!reg.record_misbehavior(&[1u8; 32], &ev_id, &EvidenceType::DoubleVote, 2));
crates/amun-consensus-network/src/misbehavior_registry.rs:354:        reg.record_misbehavior(&[1u8; 32], &[0xA1; 32], &EvidenceType::DoubleVote, 1); // +10
crates/amun-consensus-network/src/misbehavior_registry.rs:355:        reg.record_misbehavior(&[2u8; 32], &[0xA2; 32], &EvidenceType::InvalidSignature, 2); // +2
crates/amun-consensus-network/src/misbehavior_registry.rs:363:        let mut store = EvidenceStore::new();
crates/amun-consensus-network/src/misbehavior_registry.rs:364:        store.store_evidence(EvidenceRecord::new(
crates/amun-consensus-network/src/misbehavior_registry.rs:367:            EvidenceType::DoubleVote,
crates/amun-consensus-network/src/misbehavior_registry.rs:371:        store.store_evidence(EvidenceRecord::new(
crates/amun-consensus-network/src/misbehavior_registry.rs:374:            EvidenceType::StateRootMismatch,
crates/amun-consensus-network/src/misbehavior_registry.rs:394:        reg.record_misbehavior(&[1u8; 32], &[0x01; 32], &EvidenceType::InvalidSignature, 1); // +2 → warning
crates/amun-consensus-network/src/misbehavior_registry.rs:396:        reg.record_misbehavior(&[1u8; 32], &[0x02; 32], &EvidenceType::StateRootMismatch, 2); // +3 → 5 → suspension
crates/amun-consensus-network/src/misbehavior_registry.rs:398:        reg.record_misbehavior(&[1u8; 32], &[0x03; 32], &EvidenceType::StateRootMismatch, 3); // +3 → 8 → slashing
crates/amun-consensus-network/src/misbehavior_registry.rs:4:// Aggregates evidence from EvidenceStore into a per-validator "crime record".
crates/amun-consensus-network/src/misbehavior_registry.rs:74:    pub counts: HashMap<EvidenceType, u64>,
crates/amun-consensus-network/src/multi_signer_certificate.rs:100:            vec![EvidenceCount {
crates/amun-consensus-network/src/multi_signer_certificate.rs:101:                evidence_type: EvidenceType::DoubleVote,
crates/amun-consensus-network/src/multi_signer_certificate.rs:90:    use crate::evidence_store::EvidenceType;
crates/amun-consensus-network/src/multi_signer_certificate.rs:91:    use crate::slashing_certificate::{EvidenceCount, SlashingCertificate};
crates/amun-consensus-network/src/network_consensus.rs:2:use crate::messages::{ConsensusVote, FinalityCertificate};
crates/amun-consensus-network/src/network_consensus.rs:42:    ) -> Result<FinalityCertificate, String> {
crates/amun-consensus-network/src/real_staking_adapter.rs:121:            &EvidenceType::DoubleVote,
crates/amun-consensus-network/src/real_staking_adapter.rs:127:            &EvidenceType::DoubleVote,
crates/amun-consensus-network/src/real_staking_adapter.rs:133:            &EvidenceType::DoubleVote,
crates/amun-consensus-network/src/real_staking_adapter.rs:78:    use crate::evidence_store::EvidenceType;
crates/amun-consensus-network/src/slashing.rs:111:        registry.record_misbehavior(&[1u8; 32], &[0xD1; 32], &EvidenceType::InvalidSignature, 1); // +2
crates/amun-consensus-network/src/slashing.rs:112:        registry.record_misbehavior(&[1u8; 32], &[0xD2; 32], &EvidenceType::StateRootMismatch, 2); // +3
crates/amun-consensus-network/src/slashing.rs:116:            &EvidenceType::VoteBindingViolation,
crates/amun-consensus-network/src/slashing.rs:119:        registry.record_misbehavior(&[1u8; 32], &[0xD4; 32], &EvidenceType::FutureVote, 4); // +1
crates/amun-consensus-network/src/slashing.rs:131:            (EvidenceType::DoubleVote, 10),
crates/amun-consensus-network/src/slashing.rs:132:            (EvidenceType::StateRootMismatch, 13),
crates/amun-consensus-network/src/slashing.rs:133:            (EvidenceType::InvalidSignature, 2),
crates/amun-consensus-network/src/slashing.rs:134:            (EvidenceType::VoteBindingViolation, 2),
crates/amun-consensus-network/src/slashing.rs:135:            (EvidenceType::ExecutionFailure, 3),
crates/amun-consensus-network/src/slashing.rs:136:            (EvidenceType::FutureVote, 1),
crates/amun-consensus-network/src/slashing.rs:157:        registry.record_misbehavior(&[0x42; 32], &[0xFF; 32], &EvidenceType::DoubleVote, 200);
crates/amun-consensus-network/src/slashing.rs:48:    use crate::evidence_store::EvidenceType;
crates/amun-consensus-network/src/slashing.rs:70:            &EvidenceType::StateRootMismatch,
crates/amun-consensus-network/src/slashing.rs:85:        registry.record_misbehavior(&[1u8; 32], &[0xB1; 32], &EvidenceType::DoubleVote, 10);
crates/amun-consensus-network/src/slashing.rs:86:        registry.record_misbehavior(&[1u8; 32], &[0xB2; 32], &EvidenceType::DoubleVote, 20);
crates/amun-consensus-network/src/slashing.rs:96:        registry.record_misbehavior(&[1u8; 32], &[0xC1; 32], &EvidenceType::DoubleVote, 10);
crates/amun-consensus-network/src/slashing.rs:97:        registry.record_misbehavior(&[1u8; 32], &[0xC2; 32], &EvidenceType::DoubleVote, 20);
crates/amun-consensus-network/src/slashing.rs:98:        registry.record_misbehavior(&[1u8; 32], &[0xC3; 32], &EvidenceType::DoubleVote, 30);
crates/amun-consensus-network/src/slashing_certificate.rs:158:        evidence_summary: Vec<EvidenceCount>,
crates/amun-consensus-network/src/slashing_certificate.rs:16:use crate::evidence_store::EvidenceType;
crates/amun-consensus-network/src/slashing_certificate.rs:233:            vec![EvidenceCount {
crates/amun-consensus-network/src/slashing_certificate.rs:234:                evidence_type: EvidenceType::DoubleVote,
crates/amun-consensus-network/src/slashing_certificate.rs:26:///   - PROOF: evidence_ids that can be looked up in EvidenceStore
crates/amun-consensus-network/src/slashing_certificate.rs:38:    pub evidence_summary: Vec<EvidenceCount>,
crates/amun-consensus-network/src/slashing_certificate.rs:40:    /// Evidence IDs that can be independently verified
crates/amun-consensus-network/src/slashing_certificate.rs:79:pub struct EvidenceCount {
crates/amun-consensus-network/src/slashing_certificate.rs:7:// Unlike FinalityCertificate (produced by Quorum), SlashingCertificate is
crates/amun-consensus-network/src/slashing_certificate.rs:80:    pub evidence_type: EvidenceType,
crates/amun-consensus-network/src/slashing_certificate_builder.rs:2:use crate::slashing_certificate::{EvidenceCount, SlashingCertificate};
crates/amun-consensus-network/src/slashing_certificate_builder.rs:45:    pub fn evidence_summary(mut self, v: Vec<EvidenceCount>) -> Self {
crates/amun-consensus-network/src/slashing_certificate_builder.rs:8:    evidence_summary: Option<Vec<EvidenceCount>>,
crates/amun-consensus-network/src/slashing_ledger.rs:118:    use crate::evidence_store::EvidenceType;
crates/amun-consensus-network/src/slashing_ledger.rs:119:    use crate::slashing_certificate::{EvidenceCount, SlashingCertificate};
crates/amun-consensus-network/src/slashing_ledger.rs:127:            vec![EvidenceCount {
crates/amun-consensus-network/src/slashing_ledger.rs:128:                evidence_type: EvidenceType::DoubleVote,
crates/amun-consensus-network/src/slashing_ledger.rs:1:// N119 — Deterministic Slashing Ledger & Replay Protection
crates/amun-consensus-network/src/slashing_ledger.rs:224:            vec![EvidenceCount {
crates/amun-consensus-network/src/slashing_ledger.rs:225:                evidence_type: EvidenceType::InvalidSignature,
crates/amun-consensus-network/src/slashing_ledger.rs:69:        // N119.2: Replay protection
crates/amun-consensus-network/src/slashing_state.rs:70:    use crate::evidence_store::EvidenceType;
crates/amun-consensus-network/src/slashing_state.rs:71:    use crate::slashing_certificate::{EvidenceCount, SlashingCertificate};
crates/amun-consensus-network/src/slashing_state.rs:79:            vec![EvidenceCount {
crates/amun-consensus-network/src/slashing_state.rs:80:                evidence_type: EvidenceType::DoubleVote,
crates/amun-consensus-network/src/staking_adapter.rs:154:    use crate::evidence_store::EvidenceType;
crates/amun-consensus-network/src/staking_adapter.rs:212:            &EvidenceType::DoubleVote,
crates/amun-consensus-network/src/staking_adapter.rs:218:            &EvidenceType::DoubleVote,
crates/amun-consensus-network/src/staking_adapter.rs:224:            &EvidenceType::DoubleVote,
crates/amun-consensus-network/src/staking_adapter.rs:281:            &EvidenceType::DoubleVote,
crates/amun-consensus-network/src/staking_adapter.rs:312:            &EvidenceType::DoubleVote,
crates/amun-consensus-network/src/staking_adapter.rs:318:            &EvidenceType::DoubleVote,
crates/amun-consensus-network/src/staking_adapter.rs:324:            &EvidenceType::DoubleVote,
crates/amun-consensus-network/src/staking_adapter.rs:335:            &EvidenceType::DoubleVote,
crates/amun-consensus-network/src/staking_adapter.rs:341:            &EvidenceType::DoubleVote,
crates/amun-consensus-network/src/staking_adapter.rs:347:            &EvidenceType::DoubleVote,
crates/amun-consensus-network/src/staking_adapter.rs:377:            .record_misbehavior(&[1u8; 32], &[0xE1; 32], &EvidenceType::DoubleVote, 1);
crates/amun-consensus-network/src/staking_adapter.rs:380:            .record_misbehavior(&[1u8; 32], &[0xE2; 32], &EvidenceType::DoubleVote, 2);
crates/amun-consensus-network/src/staking_adapter.rs:383:            .record_misbehavior(&[1u8; 32], &[0xE3; 32], &EvidenceType::DoubleVote, 3);
crates/amun-consensus-network/src/staking_adapter.rs:405:        registry.record_misbehavior(&validator_id, &[0xA1; 32], &EvidenceType::DoubleVote, 1);
crates/amun-consensus-network/src/staking_adapter.rs:406:        registry.record_misbehavior(&validator_id, &[0xA2; 32], &EvidenceType::DoubleVote, 2);
crates/amun-consensus-network/src/staking_adapter.rs:407:        registry.record_misbehavior(&validator_id, &[0xA3; 32], &EvidenceType::DoubleVote, 3);
crates/amun-consensus-network/src/staking_adapter.rs:441:        registry.record_misbehavior(&validator_id, &[0xA1; 32], &EvidenceType::DoubleVote, 1);
crates/amun-consensus-network/src/staking_adapter.rs:442:        registry.record_misbehavior(&validator_id, &[0xA2; 32], &EvidenceType::DoubleVote, 2);
crates/amun-consensus-network/src/staking_adapter.rs:443:        registry.record_misbehavior(&validator_id, &[0xA3; 32], &EvidenceType::DoubleVote, 3);
crates/amun-consensus-network/src/staking_adapter.rs:484:        registry.record_misbehavior(&validator_id, &[0xA1; 32], &EvidenceType::DoubleVote, 1);
crates/amun-consensus-network/src/staking_adapter.rs:485:        registry.record_misbehavior(&validator_id, &[0xA2; 32], &EvidenceType::DoubleVote, 2);
crates/amun-consensus-network/src/staking_adapter.rs:486:        registry.record_misbehavior(&validator_id, &[0xA3; 32], &EvidenceType::DoubleVote, 3);
crates/amun-consensus-network/src/staking_adapter.rs:522:        reg.record_misbehavior(&vid, &[0xA1; 32], &EvidenceType::DoubleVote, 1);
crates/amun-consensus-network/src/staking_adapter.rs:523:        reg.record_misbehavior(&vid, &[0xA2; 32], &EvidenceType::DoubleVote, 2);
crates/amun-consensus-network/src/staking_adapter.rs:524:        reg.record_misbehavior(&vid, &[0xA3; 32], &EvidenceType::DoubleVote, 3);
crates/amun-consensus-network/src/staking_adapter.rs:558:        reg.record_misbehavior(&vid, &[0xA1; 32], &EvidenceType::DoubleVote, 1);
crates/amun-consensus-network/src/staking_adapter.rs:559:        reg.record_misbehavior(&vid, &[0xA2; 32], &EvidenceType::DoubleVote, 2);
crates/amun-consensus-network/src/staking_adapter.rs:560:        reg.record_misbehavior(&vid, &[0xA3; 32], &EvidenceType::DoubleVote, 3);
crates/amun-consensus-network/tests/n111_7_end_to_end_evidence_sync.rs:103:    let mut store_b = EvidenceStore::new();
crates/amun-consensus-network/tests/n111_7_end_to_end_evidence_sync.rs:104:    let _gossip_b = EvidenceGossip::new();
crates/amun-consensus-network/tests/n111_7_end_to_end_evidence_sync.rs:109:        EvidenceValidationResult::MissingEvidence { missing_ids } => missing_ids,
crates/amun-consensus-network/tests/n111_7_end_to_end_evidence_sync.rs:131:    let response = amun_consensus_network::MissingEvidenceResponse {
crates/amun-consensus-network/tests/n111_7_end_to_end_evidence_sync.rs:13:    CertificateGossip, EvidenceAnnouncement, EvidenceCount, EvidenceGossip, EvidenceRecord,
crates/amun-consensus-network/tests/n111_7_end_to_end_evidence_sync.rs:14:    EvidenceStore, EvidenceType, EvidenceValidationResult, SlashingCertificate, ValidatorStatus,
crates/amun-consensus-network/tests/n111_7_end_to_end_evidence_sync.rs:156:        EvidenceValidationResult::AllPresent,
crates/amun-consensus-network/tests/n111_7_end_to_end_evidence_sync.rs:171:    let mut store_a = EvidenceStore::new();
crates/amun-consensus-network/tests/n111_7_end_to_end_evidence_sync.rs:172:    let ev = make_evidence_record(validator_id, 1, EvidenceType::DoubleVote, 1);
crates/amun-consensus-network/tests/n111_7_end_to_end_evidence_sync.rs:184:    let mut store_b = EvidenceStore::new();
crates/amun-consensus-network/tests/n111_7_end_to_end_evidence_sync.rs:193:    assert_ne!(result, EvidenceValidationResult::AllPresent);
crates/amun-consensus-network/tests/n111_7_end_to_end_evidence_sync.rs:197:    let response = amun_consensus_network::MissingEvidenceResponse {
crates/amun-consensus-network/tests/n111_7_end_to_end_evidence_sync.rs:204:    assert_eq!(result_after, EvidenceValidationResult::AllPresent);
crates/amun-consensus-network/tests/n111_7_end_to_end_evidence_sync.rs:23:        vec![EvidenceCount {
crates/amun-consensus-network/tests/n111_7_end_to_end_evidence_sync.rs:24:            evidence_type: EvidenceType::DoubleVote,
crates/amun-consensus-network/tests/n111_7_end_to_end_evidence_sync.rs:2:// N111.7 — End-to-End Evidence Sync Across Two Simulated Nodes
crates/amun-consensus-network/tests/n111_7_end_to_end_evidence_sync.rs:37:/// Helper: create a realistic EvidenceRecord.
crates/amun-consensus-network/tests/n111_7_end_to_end_evidence_sync.rs:41:    evidence_type: EvidenceType,
crates/amun-consensus-network/tests/n111_7_end_to_end_evidence_sync.rs:43:) -> EvidenceRecord {
crates/amun-consensus-network/tests/n111_7_end_to_end_evidence_sync.rs:44:    EvidenceRecord::new(
crates/amun-consensus-network/tests/n111_7_end_to_end_evidence_sync.rs:63:    let mut store_a = EvidenceStore::new();
crates/amun-consensus-network/tests/n111_7_end_to_end_evidence_sync.rs:64:    let mut gossip_a = EvidenceGossip::new();
crates/amun-consensus-network/tests/n111_7_end_to_end_evidence_sync.rs:67:    let ev1 = make_evidence_record(validator_id, 1, EvidenceType::DoubleVote, 1);
crates/amun-consensus-network/tests/n111_7_end_to_end_evidence_sync.rs:68:    let ev2 = make_evidence_record(validator_id, 2, EvidenceType::DoubleVote, 2);
crates/amun-consensus-network/tests/n111_7_end_to_end_evidence_sync.rs:69:    let ev3 = make_evidence_record(validator_id, 3, EvidenceType::DoubleVote, 3);
crates/amun-consensus-network/tests/n111_7_end_to_end_evidence_sync.rs:80:        gossip_a.receive_announcement(EvidenceAnnouncement {
crates/amun-consensus-network/tests/n111_7_end_to_end_evidence_sync.rs:96:        EvidenceValidationResult::AllPresent,
crates/amun-consensus-network/tests/n112_4_push_sync_end_to_end.rs:100:    let mut push_b = EvidencePush::default();
crates/amun-consensus-network/tests/n112_4_push_sync_end_to_end.rs:105:        EvidenceValidationResult::MissingEvidence { missing_ids } => {
crates/amun-consensus-network/tests/n112_4_push_sync_end_to_end.rs:112:        _ => panic!("Expected MissingEvidence before push"),
crates/amun-consensus-network/tests/n112_4_push_sync_end_to_end.rs:11:    process_incoming_evidence_push, validate_certificate_evidence, EvidenceCount, EvidenceGossip,
crates/amun-consensus-network/tests/n112_4_push_sync_end_to_end.rs:12:    EvidencePush, EvidenceRecord, EvidenceStore, EvidenceType, EvidenceValidationResult,
crates/amun-consensus-network/tests/n112_4_push_sync_end_to_end.rs:133:        EvidenceValidationResult::AllPresent,
crates/amun-consensus-network/tests/n112_4_push_sync_end_to_end.rs:134:        "N112.4 FAIL: After push, certificate must be accepted without MissingEvidenceRequest"
crates/amun-consensus-network/tests/n112_4_push_sync_end_to_end.rs:147:    eprintln!("N112.4 GATEKEEPER PASSED: push sync eliminated MissingEvidenceRequest cycle");
crates/amun-consensus-network/tests/n112_4_push_sync_end_to_end.rs:155:    let mut store = EvidenceStore::new();
crates/amun-consensus-network/tests/n112_4_push_sync_end_to_end.rs:156:    let mut gossip = EvidenceGossip::new();
crates/amun-consensus-network/tests/n112_4_push_sync_end_to_end.rs:157:    let mut push = EvidencePush::default();
crates/amun-consensus-network/tests/n112_4_push_sync_end_to_end.rs:16:fn make_evidence(validator_id: [u8; 32], height: u64, seed: u8) -> EvidenceRecord {
crates/amun-consensus-network/tests/n112_4_push_sync_end_to_end.rs:17:    EvidenceRecord::new(
crates/amun-consensus-network/tests/n112_4_push_sync_end_to_end.rs:184:    let mut store_a = EvidenceStore::new();
crates/amun-consensus-network/tests/n112_4_push_sync_end_to_end.rs:185:    let gossip_a = EvidenceGossip::new();
crates/amun-consensus-network/tests/n112_4_push_sync_end_to_end.rs:186:    let mut push_a = EvidencePush::default();
crates/amun-consensus-network/tests/n112_4_push_sync_end_to_end.rs:197:    let mut store_b = EvidenceStore::new();
crates/amun-consensus-network/tests/n112_4_push_sync_end_to_end.rs:198:    let mut gossip_b = EvidenceGossip::new();
crates/amun-consensus-network/tests/n112_4_push_sync_end_to_end.rs:199:    let mut push_b = EvidencePush::default();
crates/amun-consensus-network/tests/n112_4_push_sync_end_to_end.rs:204:    // Certificate accepted — NO MissingEvidenceRequest needed
crates/amun-consensus-network/tests/n112_4_push_sync_end_to_end.rs:206:    assert_eq!(result, EvidenceValidationResult::AllPresent);
crates/amun-consensus-network/tests/n112_4_push_sync_end_to_end.rs:20:        EvidenceType::DoubleVote,
crates/amun-consensus-network/tests/n112_4_push_sync_end_to_end.rs:2:// N112.4 — End-to-End Push Evidence Sync
crates/amun-consensus-network/tests/n112_4_push_sync_end_to_end.rs:31:        vec![EvidenceCount {
crates/amun-consensus-network/tests/n112_4_push_sync_end_to_end.rs:32:            evidence_type: EvidenceType::DoubleVote,
crates/amun-consensus-network/tests/n112_4_push_sync_end_to_end.rs:46:// N112.4 GATEKEEPER — Push sync eliminates the need for MissingEvidenceRequest
crates/amun-consensus-network/tests/n112_4_push_sync_end_to_end.rs:55:    let mut store_a = EvidenceStore::new();
crates/amun-consensus-network/tests/n112_4_push_sync_end_to_end.rs:56:    let gossip_a = EvidenceGossip::new();
crates/amun-consensus-network/tests/n112_4_push_sync_end_to_end.rs:57:    let mut push_a = EvidencePush::default();
crates/amun-consensus-network/tests/n112_4_push_sync_end_to_end.rs:6:// MissingEvidenceRequest/Response cycle.  The certificate is accepted
crates/amun-consensus-network/tests/n112_4_push_sync_end_to_end.rs:98:    let mut store_b = EvidenceStore::new();
crates/amun-consensus-network/tests/n112_4_push_sync_end_to_end.rs:99:    let mut gossip_b = EvidenceGossip::new();
crates/amun-consensus-network/tests/n114_3_certificate_signatures.rs:12:        vec![EvidenceCount {
crates/amun-consensus-network/tests/n114_3_certificate_signatures.rs:13:            evidence_type: EvidenceType::DoubleVote,
crates/amun-consensus-network/tests/n114_3_certificate_signatures.rs:4:use amun_consensus_network::{EvidenceCount, EvidenceType, SlashingCertificate, ValidatorStatus};
crates/amun-consensus-network/tests/n121_2_deterministic_replay.rs:15:        vec![EvidenceCount {
crates/amun-consensus-network/tests/n121_2_deterministic_replay.rs:16:            evidence_type: EvidenceType::DoubleVote,
crates/amun-consensus-network/tests/n121_2_deterministic_replay.rs:1:// N121.2 — Deterministic Replay of Slashing State
crates/amun-consensus-network/tests/n121_2_deterministic_replay.rs:7:    EvidenceCount, EvidenceType, SlashingCertificate, SlashingState, ValidatorStatus,
crates/amun-consensus-network/tests/n121_2_deterministic_replay.rs:92:/// N121.2: Replay from empty always produces zero root
crates/amun-consensus-network/tests/n121_5_snapshot_and_audit.rs:16:        vec![EvidenceCount {
crates/amun-consensus-network/tests/n121_5_snapshot_and_audit.rs:17:            evidence_type: EvidenceType::DoubleVote,
crates/amun-consensus-network/tests/n121_5_snapshot_and_audit.rs:8:    EvidenceCount, EvidenceType, SlashingCertificate, SlashingState, ValidatorStatus,
crates/amun-consensus/src/action.rs:108:    pub fn prove(&self, index: usize) -> Option<EvidenceProof> {
crates/amun-consensus/src/action.rs:121:        Some(EvidenceProof {
crates/amun-consensus/src/action.rs:130:pub struct EvidenceProof {
crates/amun-consensus/src/action.rs:136:impl EvidenceProof {
crates/amun-consensus/src/round_state_machine.rs:132:        //   - ReplayDeterminism (replay root == original root)
crates/amun-constitution-builder/src/federation.rs:51:            "Replay isolation preserved".into(),
crates/amun-constitution-builder/src/federation.rs:89:        lines.push(format!("Replay Boundary: {}", self.replay_boundary));
crates/amun-constitution-builder/src/treaty.rs:64:        lines.push("Replay Boundaries:".to_string());
crates/amun-constitution/src/freeze_validator.rs:49:            return Err(FreezeViolation::ReplayPreservationViolation {
crates/amun-constitution/src/freeze_validator.rs:8:    ReplayPreservationViolation { field: String },
crates/amun-constitution/src/replay.rs:16:impl ReplayContext {
crates/amun-constitution/src/replay.rs:53:impl CanonicalEncode for ReplayContext {
crates/amun-constitution/src/replay.rs:61:impl CanonicalDecode for ReplayContext {
crates/amun-constitution/src/replay.rs:6:pub struct ReplayContext {
crates/amun-constitutional-authority-semantics/src/capability.rs:66:pub type CapabilityWitness = amun_constitutional_signing::SignedArtifact<AuthorityCapability>;
crates/amun-constitutional-authority-semantics/src/delegation.rs:10:    pub fn new(root: CapabilityWitness) -> Self {
crates/amun-constitutional-authority-semantics/src/delegation.rs:16:    pub fn append(&mut self, witness: CapabilityWitness) -> Result<(), String> {
crates/amun-constitutional-authority-semantics/src/delegation.rs:1:use crate::capability::CapabilityWitness;
crates/amun-constitutional-authority-semantics/src/delegation.rs:6:    pub witnesses: Vec<CapabilityWitness>,
crates/amun-constitutional-authority-semantics/src/institution.rs:17:pub struct InstitutionalWitness {
crates/amun-constitutional-authority-semantics/src/lib.rs:13:pub use capability::{AuthorityCapability, CapabilityWitness};
crates/amun-constitutional-authority-semantics/src/lib.rs:15:pub use institution::{InstitutionalActor, InstitutionalWitness};
crates/amun-constitutional-authority-semantics/src/lib.rs:16:pub use revocation::{RevocationRegistry, RevocationWitness};
crates/amun-constitutional-authority-semantics/src/revocation.rs:24:    pub fn revoke(&mut self, witness: &RevocationWitness) {
crates/amun-constitutional-authority-semantics/src/revocation.rs:6:pub struct RevocationWitness {
crates/amun-constitutional-authority-semantics/tests/authority_tests.rs:1:use amun_constitutional_authority_semantics::capability::{AuthorityCapability, CapabilityWitness};
crates/amun-constitutional-authority-semantics/tests/authority_tests.rs:3:use amun_constitutional_authority_semantics::revocation::{RevocationRegistry, RevocationWitness};
crates/amun-constitutional-authority-semantics/tests/authority_tests.rs:41:    let w1 = CapabilityWitness::sign(cap1, &root_key);
crates/amun-constitutional-authority-semantics/tests/authority_tests.rs:51:    let w2 = CapabilityWitness::sign(cap2, &delegate1);
crates/amun-constitutional-authority-semantics/tests/authority_tests.rs:72:    let w1 = CapabilityWitness::sign(cap1, &root_key);
crates/amun-constitutional-authority-semantics/tests/authority_tests.rs:82:    let w2 = CapabilityWitness::sign(cap2, &wrong_key);
crates/amun-constitutional-authority-semantics/tests/authority_tests.rs:91:    let w = RevocationWitness {
crates/amun-constitutional-block/src/chain.rs:73:                "Evidence root mismatch at height {}: block has {} but log produces {}",
crates/amun-constitutional-block/src/lib.rs:107:/// the block header, a ReplayCertificate, and an inclusion proof.
crates/amun-constitutional-block/src/lib.rs:118:    cert: &ReplayCertificate,
crates/amun-constitutional-block/src/lib.rs:39:use amun_constitutional_state::{ConstitutionalStateRuntime, ReplayCertificate};
crates/amun-constitutional-block/src/lib.rs:50:    cert: &ReplayCertificate,
crates/amun-constitutional-block/src/lib.rs:81:///   Block → Certificate → Journal → Replay → StateRoot → Accept/Reject
crates/amun-constitutional-block/src/lib.rs:85:///   - ReplayCertificate::verify() for journal↔state proof
crates/amun-constitutional-block/src/lib.rs:88:    cert: &ReplayCertificate,
crates/amun-constitutional-enforcement/src/constitutional_evidence.rs:101:// N127A.2 — Execution Evidence Adapter
crates/amun-constitutional-enforcement/src/constitutional_evidence.rs:103:/// Evidence sourced from the ExecutionEngine (N109.7, N109.8).
crates/amun-constitutional-enforcement/src/constitutional_evidence.rs:105:pub struct ExecutionEvidence {
crates/amun-constitutional-enforcement/src/constitutional_evidence.rs:113:// N127A.3 — Replay Evidence Adapter
crates/amun-constitutional-enforcement/src/constitutional_evidence.rs:115:/// Evidence sourced from ReplayVerifier or N109.7 architectural guarantee.
crates/amun-constitutional-enforcement/src/constitutional_evidence.rs:117:pub struct ReplayEvidence {
crates/amun-constitutional-enforcement/src/constitutional_evidence.rs:122:// N127A.4 — Governance Evidence Adapter
crates/amun-constitutional-enforcement/src/constitutional_evidence.rs:124:/// Evidence sourced from AuthorityRegistry.
crates/amun-constitutional-enforcement/src/constitutional_evidence.rs:126:pub struct GovernanceEvidence {
crates/amun-constitutional-enforcement/src/constitutional_evidence.rs:12:pub struct ConstitutionalEvidence {
crates/amun-constitutional-enforcement/src/constitutional_evidence.rs:131:// N127A.5 — QC Evidence Adapter
crates/amun-constitutional-enforcement/src/constitutional_evidence.rs:133:/// Evidence sourced from QuorumCertificate.
crates/amun-constitutional-enforcement/src/constitutional_evidence.rs:135:pub struct QcEvidence {
crates/amun-constitutional-enforcement/src/constitutional_evidence.rs:141:// N127A.1 — Constitutional Evidence Builder
crates/amun-constitutional-enforcement/src/constitutional_evidence.rs:143:/// Assembles evidence from all adapters into a single ConstitutionalEvidence.
crates/amun-constitutional-enforcement/src/constitutional_evidence.rs:144:pub struct ConstitutionalEvidenceBuilder;
crates/amun-constitutional-enforcement/src/constitutional_evidence.rs:146:impl ConstitutionalEvidenceBuilder {
crates/amun-constitutional-enforcement/src/constitutional_evidence.rs:148:        execution: ExecutionEvidence,
crates/amun-constitutional-enforcement/src/constitutional_evidence.rs:149:        replay: ReplayEvidence,
crates/amun-constitutional-enforcement/src/constitutional_evidence.rs:150:        governance: GovernanceEvidence,
crates/amun-constitutional-enforcement/src/constitutional_evidence.rs:151:        qc: QcEvidence,
crates/amun-constitutional-enforcement/src/constitutional_evidence.rs:154:    ) -> ConstitutionalEvidence {
crates/amun-constitutional-enforcement/src/constitutional_evidence.rs:155:        ConstitutionalEvidence {
crates/amun-constitutional-enforcement/src/constitutional_evidence.rs:177:            ConstitutionalEvidence::new(true, true, true, true, true, true, true, true, true, true);
crates/amun-constitutional-enforcement/src/constitutional_evidence.rs:184:        let exec = ExecutionEvidence {
crates/amun-constitutional-enforcement/src/constitutional_evidence.rs:190:        let replay = ReplayEvidence {
crates/amun-constitutional-enforcement/src/constitutional_evidence.rs:193:        let gov = GovernanceEvidence {
crates/amun-constitutional-enforcement/src/constitutional_evidence.rs:196:        let qc = QcEvidence {
crates/amun-constitutional-enforcement/src/constitutional_evidence.rs:19:    // N127A.3: From ReplayVerifier (N109.7 architectural guarantee)
crates/amun-constitutional-enforcement/src/constitutional_evidence.rs:201:        let evidence = ConstitutionalEvidenceBuilder::build(exec, replay, gov, qc, true, true);
crates/amun-constitutional-enforcement/src/constitutional_evidence.rs:214:        let evidence = ConstitutionalEvidence::new(
crates/amun-constitutional-enforcement/src/constitutional_evidence.rs:29:    // From EvidenceStore (slashing certificates)
crates/amun-constitutional-enforcement/src/constitutional_evidence.rs:2:// N127A — Constitutional Evidence Interface
crates/amun-constitutional-enforcement/src/constitutional_evidence.rs:34:impl ConstitutionalEvidence {
crates/amun-constitutional-enforcement/src/constitutional_evidence.rs:70:    ) -> ExecutionEvidence {
crates/amun-constitutional-enforcement/src/constitutional_evidence.rs:71:        ExecutionEvidence {
crates/amun-constitutional-enforcement/src/constitutional_evidence.rs:80:    pub fn from_replay(replay_deterministic: bool) -> ReplayEvidence {
crates/amun-constitutional-enforcement/src/constitutional_evidence.rs:81:        ReplayEvidence {
crates/amun-constitutional-enforcement/src/constitutional_evidence.rs:87:    pub fn from_governance(governance_valid: bool) -> GovernanceEvidence {
crates/amun-constitutional-enforcement/src/constitutional_evidence.rs:88:        GovernanceEvidence { governance_valid }
crates/amun-constitutional-enforcement/src/constitutional_evidence.rs:92:    pub fn from_qc(chain_continuous: bool, finality_supermajority: bool) -> QcEvidence {
crates/amun-constitutional-enforcement/src/constitutional_evidence.rs:93:        QcEvidence {
crates/amun-constitutional-enforcement/src/evidence_providers.rs:117:        let evidence = ExecutionEvidenceProvider::from_finality_certificate(&state, &history);
crates/amun-constitutional-enforcement/src/evidence_providers.rs:11:pub struct ExecutionEvidenceProvider;
crates/amun-constitutional-enforcement/src/evidence_providers.rs:126:        let evidence = ReplayEvidenceProvider::from_qc_and_state(true, true, true);
crates/amun-constitutional-enforcement/src/evidence_providers.rs:132:        let evidence = ReplayEvidenceProvider::from_qc_and_state(false, true, true);
crates/amun-constitutional-enforcement/src/evidence_providers.rs:13:impl ExecutionEvidenceProvider {
crates/amun-constitutional-enforcement/src/evidence_providers.rs:14:    /// Build execution evidence from FinalityCertificate data.
crates/amun-constitutional-enforcement/src/evidence_providers.rs:1:// N127D — Direct Evidence Providers
crates/amun-constitutional-enforcement/src/evidence_providers.rs:22:    ) -> ExecutionEvidence {
crates/amun-constitutional-enforcement/src/evidence_providers.rs:23:        ExecutionEvidence {
crates/amun-constitutional-enforcement/src/evidence_providers.rs:38:pub struct ReplayEvidenceProvider;
crates/amun-constitutional-enforcement/src/evidence_providers.rs:40:impl ReplayEvidenceProvider {
crates/amun-constitutional-enforcement/src/evidence_providers.rs:45:    ) -> ReplayEvidence {
crates/amun-constitutional-enforcement/src/evidence_providers.rs:46:        ReplayEvidence {
crates/amun-constitutional-enforcement/src/evidence_providers.rs:4:// ConstitutionalEvidence, replacing DELEGATED/PARTIAL placeholders.
crates/amun-constitutional-enforcement/src/evidence_providers.rs:54:pub struct GovernanceEvidenceProvider;
crates/amun-constitutional-enforcement/src/evidence_providers.rs:56:impl GovernanceEvidenceProvider {
crates/amun-constitutional-enforcement/src/evidence_providers.rs:57:    pub fn from_authority_registry(is_constitutional: bool) -> GovernanceEvidence {
crates/amun-constitutional-enforcement/src/evidence_providers.rs:58:        GovernanceEvidence {
crates/amun-constitutional-enforcement/src/evidence_providers.rs:65:pub struct QcEvidenceProvider;
crates/amun-constitutional-enforcement/src/evidence_providers.rs:67:impl QcEvidenceProvider {
crates/amun-constitutional-enforcement/src/evidence_providers.rs:68:    pub fn from_quorum_certificate(block_hash: &[u8; 32], qc_verify_quorum: bool) -> QcEvidence {
crates/amun-constitutional-enforcement/src/evidence_providers.rs:69:        QcEvidence {
crates/amun-constitutional-enforcement/src/evidence_providers.rs:7:    ConstitutionalEvidence, ExecutionEvidence, GovernanceEvidence, QcEvidence, ReplayEvidence,
crates/amun-constitutional-enforcement/src/evidence_providers.rs:85:) -> ConstitutionalEvidence {
crates/amun-constitutional-enforcement/src/evidence_providers.rs:86:    let execution = ExecutionEvidenceProvider::from_finality_certificate(state_root, history_root);
crates/amun-constitutional-enforcement/src/evidence_providers.rs:87:    let replay = ReplayEvidenceProvider::from_qc_and_state(
crates/amun-constitutional-enforcement/src/evidence_providers.rs:92:    let governance = GovernanceEvidenceProvider::from_authority_registry(governance_constitutional);
crates/amun-constitutional-enforcement/src/evidence_providers.rs:93:    let qc = QcEvidenceProvider::from_quorum_certificate(block_hash, qc_verify_quorum);
crates/amun-constitutional-enforcement/src/evidence_providers.rs:95:    ConstitutionalEvidence::new(
crates/amun-constitutional-enforcement/src/evidence_records.rs:103:    pub signature_evidence: SignatureEvidence,
crates/amun-constitutional-enforcement/src/evidence_records.rs:104:    pub double_spend_evidence: DoubleSpendEvidence,
crates/amun-constitutional-enforcement/src/evidence_records.rs:105:    pub governance_evidence: GovernanceEvidence,
crates/amun-constitutional-enforcement/src/evidence_records.rs:106:    pub replay_evidence: ReplayEvidence,
crates/amun-constitutional-enforcement/src/evidence_records.rs:10:pub struct SignatureEvidence {
crates/amun-constitutional-enforcement/src/evidence_records.rs:121:impl ConstitutionalEvidenceRecord {
crates/amun-constitutional-enforcement/src/evidence_records.rs:126:        signature_evidence: SignatureEvidence,
crates/amun-constitutional-enforcement/src/evidence_records.rs:127:        double_spend_evidence: DoubleSpendEvidence,
crates/amun-constitutional-enforcement/src/evidence_records.rs:128:        governance_evidence: GovernanceEvidence,
crates/amun-constitutional-enforcement/src/evidence_records.rs:129:        replay_evidence: ReplayEvidence,
crates/amun-constitutional-enforcement/src/evidence_records.rs:179:        let ev = SignatureEvidence::new(100, 0);
crates/amun-constitutional-enforcement/src/evidence_records.rs:187:        let ev = SignatureEvidence::new(100, 3);
crates/amun-constitutional-enforcement/src/evidence_records.rs:193:        let ev = DoubleSpendEvidence::new(50, 0);
crates/amun-constitutional-enforcement/src/evidence_records.rs:199:        let ev = DoubleSpendEvidence::new(50, 2);
crates/amun-constitutional-enforcement/src/evidence_records.rs:19:impl SignatureEvidence {
crates/amun-constitutional-enforcement/src/evidence_records.rs:1:// N128 — Evidence Records
crates/amun-constitutional-enforcement/src/evidence_records.rs:206:        let ev = ReplayEvidence::new(root, root);
crates/amun-constitutional-enforcement/src/evidence_records.rs:212:        let ev = ReplayEvidence::new([0x42; 32], [0xFF; 32]);
crates/amun-constitutional-enforcement/src/evidence_records.rs:218:        let record = ConstitutionalEvidenceRecord::new(
crates/amun-constitutional-enforcement/src/evidence_records.rs:221:            SignatureEvidence::new(10, 0),
crates/amun-constitutional-enforcement/src/evidence_records.rs:222:            DoubleSpendEvidence::new(10, 0),
crates/amun-constitutional-enforcement/src/evidence_records.rs:223:            GovernanceEvidence::new([0x42; 32], 1, true),
crates/amun-constitutional-enforcement/src/evidence_records.rs:224:            ReplayEvidence::new([0x42; 32], [0x42; 32]),
crates/amun-constitutional-enforcement/src/evidence_records.rs:238:        let mut record = ConstitutionalEvidenceRecord::new(
crates/amun-constitutional-enforcement/src/evidence_records.rs:241:            SignatureEvidence::new(10, 0),
crates/amun-constitutional-enforcement/src/evidence_records.rs:242:            DoubleSpendEvidence::new(10, 0),
crates/amun-constitutional-enforcement/src/evidence_records.rs:243:            GovernanceEvidence::new([0x42; 32], 1, true),
crates/amun-constitutional-enforcement/src/evidence_records.rs:244:            ReplayEvidence::new([0x42; 32], [0x42; 32]),
crates/amun-constitutional-enforcement/src/evidence_records.rs:31:pub struct DoubleSpendEvidence {
crates/amun-constitutional-enforcement/src/evidence_records.rs:40:impl DoubleSpendEvidence {
crates/amun-constitutional-enforcement/src/evidence_records.rs:52:pub struct GovernanceEvidence {
crates/amun-constitutional-enforcement/src/evidence_records.rs:62:impl GovernanceEvidence {
crates/amun-constitutional-enforcement/src/evidence_records.rs:74:pub struct ReplayEvidence {
crates/amun-constitutional-enforcement/src/evidence_records.rs:85:impl ReplayEvidence {
crates/amun-constitutional-enforcement/src/evidence_records.rs:98:pub struct ConstitutionalEvidenceRecord {
crates/amun-constitutional-enforcement/src/lib.rs:108:                ConstitutionalLaw::SlashingEvidenceBinding,
crates/amun-constitutional-enforcement/src/lib.rs:110:                ConstitutionalLaw::ReplayDeterminism,
crates/amun-constitutional-enforcement/src/lib.rs:111:                ConstitutionalLaw::FinalitySupermajority,
crates/amun-constitutional-enforcement/src/lib.rs:113:                ConstitutionalLaw::EvidenceValidity,
crates/amun-constitutional-enforcement/src/lib.rs:159:                &ConstitutionalLaw::SlashingEvidenceBinding,
crates/amun-constitutional-enforcement/src/lib.rs:169:                &ConstitutionalLaw::ReplayDeterminism,
crates/amun-constitutional-enforcement/src/lib.rs:171:                "Replay divergence",
crates/amun-constitutional-enforcement/src/lib.rs:174:                &ConstitutionalLaw::FinalitySupermajority,
crates/amun-constitutional-enforcement/src/lib.rs:184:                &ConstitutionalLaw::EvidenceValidity,
crates/amun-constitutional-enforcement/src/lib.rs:61:    SlashingEvidenceBinding,
crates/amun-constitutional-enforcement/src/lib.rs:63:    ReplayDeterminism,
crates/amun-constitutional-enforcement/src/lib.rs:64:    FinalitySupermajority,
crates/amun-constitutional-enforcement/src/lib.rs:66:    EvidenceValidity,
crates/amun-constitutional-enforcement/src/lib.rs:83:        evidence: &crate::constitutional_evidence::ConstitutionalEvidence,
crates/amun-constitutional-enforcement/src/proof_engine.rs:152:        // Slashing Evidence Binding
crates/amun-constitutional-enforcement/src/proof_engine.rs:155:                law: ConstitutionalLaw::SlashingEvidenceBinding,
crates/amun-constitutional-enforcement/src/proof_engine.rs:170:        // Replay Determinism
crates/amun-constitutional-enforcement/src/proof_engine.rs:173:                law: ConstitutionalLaw::ReplayDeterminism,
crates/amun-constitutional-enforcement/src/proof_engine.rs:174:                description: "Replay produced different state root".into(),
crates/amun-constitutional-enforcement/src/proof_engine.rs:179:        // Finality Supermajority
crates/amun-constitutional-enforcement/src/proof_engine.rs:182:                law: ConstitutionalLaw::FinalitySupermajority,
crates/amun-constitutional-enforcement/src/proof_engine.rs:184:                    "Finality lacks supermajority: {}/{}",
crates/amun-constitutional-enforcement/src/proof_engine.rs:200:        // Evidence Validity
crates/amun-constitutional-enforcement/src/proof_engine.rs:203:                law: ConstitutionalLaw::EvidenceValidity,
crates/amun-constitutional-enforcement/src/proof_engine.rs:204:                description: "Evidence hash is invalid".into(),
crates/amun-constitutional-enforcement/src/proof_engine.rs:306:                    .any(|v| v.law == ConstitutionalLaw::FinalitySupermajority));
crates/amun-constitutional-enforcement/src/state_transition.rs:158:                    .any(|v| v.law == ConstitutionalLaw::ReplayDeterminism));
crates/amun-constitutional-enforcement/src/state_transition.rs:54:        // N126.2: Replay must produce identical state root
crates/amun-constitutional-enforcement/src/state_transition.rs:57:                law: ConstitutionalLaw::ReplayDeterminism,
crates/amun-constitutional-enforcement/src/state_transition.rs:59:                    "Replay divergence: execution={:02x?} replay={:02x?}",
crates/amun-constitutional-evidence/src/lib.rs:1://! # Constitutional Evidence Module
crates/amun-constitutional-evidence/src/lib.rs:34:pub struct ConstitutionalEvidence {
crates/amun-constitutional-evidence/src/lib.rs:45:/// 3. **Evidence Strength (Comparability):** The QC must meet the quorum
crates/amun-constitutional-evidence/src/lib.rs:52:    evidence: &ConstitutionalEvidence,
crates/amun-constitutional-evidence/src/lib.rs:9://! - Evidence `E` → `QuorumCertificate`
crates/amun-constitutional-geometry/src/curvature.rs:22:/// Replay curvature measures deformation in the causal geometry
crates/amun-constitutional-geometry/src/curvature.rs:25:pub struct ReplayCurvature {
crates/amun-constitutional-geometry/src/curvature.rs:31:impl ReplayCurvature {
crates/amun-constitutional-geometry/src/emergent_horizons.rs:25:    /// Invariant mass creates an inescapable region
crates/amun-constitutional-geometry/src/emergent_horizons.rs:26:    InvariantSingularity,
crates/amun-constitutional-geometry/src/emergent_horizons.rs:31:    /// Replay curvature becomes infinite
crates/amun-constitutional-geometry/src/emergent_horizons.rs:32:    ReplaySingularity,
crates/amun-constitutional-geometry/src/flow_dynamics.rs:24:    InvariantForce {
crates/amun-constitutional-geometry/src/flow_dynamics.rs:29:    ReplayForce { strength: f64 },
crates/amun-constitutional-geometry/src/flow_dynamics.rs:61:                ConstitutionalForce::InvariantForce { strength, .. } => {
crates/amun-constitutional-geometry/src/flow_dynamics.rs:64:                ConstitutionalForce::ReplayForce { strength } => {
crates/amun-constitutional-geometry/src/flow_dynamics.rs:65:                    total[1] += strength; // Replay dimension
crates/amun-constitutional-geometry/src/horizons.rs:15:    /// Replay horizon: replay divergence has made reconciliation impossible
crates/amun-constitutional-geometry/src/horizons.rs:16:    ReplayHorizon,
crates/amun-constitutional-geometry/src/lib.rs:17:pub use curvature::{CausalCurvature, LegitimacyCurvature, ReplayCurvature};
crates/amun-constitutional-geometry/src/metrics.rs:90:        // Replay distance: can replay be preserved?
crates/amun-constitutional-geometry/src/stability.rs:48:    InvariantAttractor,
crates/amun-constitutional-geometry/src/stability.rs:49:    /// Replay determinism creates a stable attractor
crates/amun-constitutional-geometry/src/stability.rs:50:    ReplayAttractor,
crates/amun-constitutional-geometry/src/trajectories.rs:44:                        | super::horizons::HorizonType::ReplayHorizon
crates/amun-constitutional-integration/src/bin/n47_8_production_replay.rs:134:) -> Result<HashMap<String, VerificationCertificate>, Box<dyn std::error::Error>> {
crates/amun-constitutional-integration/src/bin/n47_8_production_replay.rs:151:            let cert: VerificationCertificate = serde_json::from_str(&content)?;
crates/amun-constitutional-integration/src/bin/n47_8_production_replay.rs:3:use amun_verification_kernel::VerificationCertificate;
crates/amun-constitutional-integration/src/lib.rs:100:            "Finality certificates are cryptographically valid",
crates/amun-constitutional-integration/src/lib.rs:101:            "forall fc in FinalityCertificate : verify_signatures(fc) = true",
crates/amun-constitutional-integration/src/lib.rs:107:        reg.register(ProofObligation::new(
crates/amun-constitutional-integration/src/lib.rs:117:        reg.register(ProofObligation::new(
crates/amun-constitutional-integration/src/lib.rs:127:        reg.register(ProofObligation::new(
crates/amun-constitutional-integration/src/lib.rs:137:        reg.register(ProofObligation::new(
crates/amun-constitutional-integration/src/lib.rs:147:        reg.register(ProofObligation::new(
crates/amun-constitutional-integration/src/lib.rs:159:            ProofObligation::new(
crates/amun-constitutional-integration/src/lib.rs:162:                "Replay results must match finalized state",
crates/amun-constitutional-integration/src/lib.rs:163:                "forall b in Finalized : state_root(Replay(b)) = state_root(b)",
crates/amun-constitutional-integration/src/lib.rs:167:            .with_dependency(ObligationId::new(ObligationNamespace::Replay, 2))
crates/amun-constitutional-integration/src/lib.rs:168:            .with_dependency(ObligationId::new(ObligationNamespace::Evidence, 1)),
crates/amun-constitutional-integration/src/lib.rs:173:            ProofObligation::new(
crates/amun-constitutional-integration/src/lib.rs:174:                ObligationId::new(ObligationNamespace::Replay, 3),
crates/amun-constitutional-integration/src/lib.rs:176:                "Replay certificates are unique",
crates/amun-constitutional-integration/src/lib.rs:17:        reg.register(ProofObligation::new(
crates/amun-constitutional-integration/src/lib.rs:181:            .with_dependency(ObligationId::new(ObligationNamespace::Replay, 2)),
crates/amun-constitutional-integration/src/lib.rs:186:            ProofObligation::new(
crates/amun-constitutional-integration/src/lib.rs:187:                ObligationId::new(ObligationNamespace::Replay, 4),
crates/amun-constitutional-integration/src/lib.rs:189:                "Replay chain is continuous",
crates/amun-constitutional-integration/src/lib.rs:190:                "forall b1,b2 in ReplayChain : b1.height+1=b2.height implies linked(b1,b2)",
crates/amun-constitutional-integration/src/lib.rs:194:            .with_dependency(ObligationId::new(ObligationNamespace::Replay, 1)),
crates/amun-constitutional-integration/src/lib.rs:199:            ProofObligation::new(
crates/amun-constitutional-integration/src/lib.rs:200:                ObligationId::new(ObligationNamespace::Evidence, 3),
crates/amun-constitutional-integration/src/lib.rs:202:                "Evidence chain has no gaps",
crates/amun-constitutional-integration/src/lib.rs:203:                "forall ev1,ev2 in EvidenceChain : linked(ev1, ev2)",
crates/amun-constitutional-integration/src/lib.rs:207:            .with_dependency(ObligationId::new(ObligationNamespace::Evidence, 2)),
crates/amun-constitutional-integration/src/lib.rs:212:            ProofObligation::new(
crates/amun-constitutional-integration/src/lib.rs:213:                ObligationId::new(ObligationNamespace::Evidence, 4),
crates/amun-constitutional-integration/src/lib.rs:215:                "Evidence hash lineage is preserved",
crates/amun-constitutional-integration/src/lib.rs:220:            .with_dependency(ObligationId::new(ObligationNamespace::Evidence, 3)),
crates/amun-constitutional-integration/src/lib.rs:225:            ProofObligation::new(
crates/amun-constitutional-integration/src/lib.rs:226:                ObligationId::new(ObligationNamespace::Finality, 3),
crates/amun-constitutional-integration/src/lib.rs:233:            .with_dependency(ObligationId::new(ObligationNamespace::Finality, 1))
crates/amun-constitutional-integration/src/lib.rs:239:            ProofObligation::new(
crates/amun-constitutional-integration/src/lib.rs:242:                "Finalized = Replay Verified = Evidence Certified",
crates/amun-constitutional-integration/src/lib.rs:243:                "|Finalized| = |ReplayVerified| = |EvidenceCertified|",
crates/amun-constitutional-integration/src/lib.rs:247:            .with_dependency(ObligationId::new(ObligationNamespace::Finality, 1))
crates/amun-constitutional-integration/src/lib.rs:248:            .with_dependency(ObligationId::new(ObligationNamespace::Replay, 1))
crates/amun-constitutional-integration/src/lib.rs:249:            .with_dependency(ObligationId::new(ObligationNamespace::Evidence, 1)),
crates/amun-constitutional-integration/src/lib.rs:254:            ProofObligation::new(
crates/amun-constitutional-integration/src/lib.rs:267:            ProofObligation::new(
crates/amun-constitutional-integration/src/lib.rs:27:        reg.register(ProofObligation::new(
crates/amun-constitutional-integration/src/lib.rs:281:            ProofObligation::new(
crates/amun-constitutional-integration/src/lib.rs:289:            .with_dependency(ObligationId::new(ObligationNamespace::Finality, 3)),
crates/amun-constitutional-integration/src/lib.rs:294:            ProofObligation::new(
crates/amun-constitutional-integration/src/lib.rs:298:                "|EvidenceChain(Recovered)| = |EvidenceChain(Original)|",
crates/amun-constitutional-integration/src/lib.rs:2:    ConstitutionalReport, ConstitutionalVerdict, EvidenceArchive, EvidenceRecord, EvidenceStatus,
crates/amun-constitutional-integration/src/lib.rs:30:            "Finality requires quorum certification",
crates/amun-constitutional-integration/src/lib.rs:311:        cert: &VerificationCertificate,
crates/amun-constitutional-integration/src/lib.rs:314:    ) -> EvidenceRecord {
crates/amun-constitutional-integration/src/lib.rs:321:        EvidenceRecord::new(
crates/amun-constitutional-integration/src/lib.rs:323:            EvidenceType::CertificateEvidence,
crates/amun-constitutional-integration/src/lib.rs:330:        .with_status(EvidenceStatus::Verified)
crates/amun-constitutional-integration/src/lib.rs:334:        phase_certificates: HashMap<String, VerificationCertificate>,
crates/amun-constitutional-integration/src/lib.rs:339:            EvidenceArchive,
crates/amun-constitutional-integration/src/lib.rs:347:        let mut archive = EvidenceArchive::new();
crates/amun-constitutional-integration/src/lib.rs:355:            let obligations: Vec<ProofObligation> = registry
crates/amun-constitutional-integration/src/lib.rs:370:            let obligations: Vec<ProofObligation> = registry
crates/amun-constitutional-integration/src/lib.rs:37:        reg.register(ProofObligation::new(
crates/amun-constitutional-integration/src/lib.rs:3:    EvidenceType, ObligationId, ObligationKind, ObligationNamespace, ObligationRegistry,
crates/amun-constitutional-integration/src/lib.rs:419:        ClaimStatus, ClaimType, ConstitutionalClaim, Evidence as VKEvidence,
crates/amun-constitutional-integration/src/lib.rs:420:        EvidenceType as VKEvidenceType,
crates/amun-constitutional-integration/src/lib.rs:423:    fn make_cert(phase: &str) -> VerificationCertificate {
crates/amun-constitutional-integration/src/lib.rs:424:        VerificationCertificate::issue(
crates/amun-constitutional-integration/src/lib.rs:434:            vec![VKEvidence {
crates/amun-constitutional-integration/src/lib.rs:437:                evidence_type: VKEvidenceType::TestResult,
crates/amun-constitutional-integration/src/lib.rs:47:        reg.register(ProofObligation::new(
crates/amun-constitutional-integration/src/lib.rs:48:            ObligationId::new(ObligationNamespace::Replay, 1),
crates/amun-constitutional-integration/src/lib.rs:4:    ObligationResult, ObligationResultStatus, ObligationSeverity, ProofObligation,
crates/amun-constitutional-integration/src/lib.rs:57:        reg.register(ProofObligation::new(
crates/amun-constitutional-integration/src/lib.rs:58:            ObligationId::new(ObligationNamespace::Replay, 2),
crates/amun-constitutional-integration/src/lib.rs:60:            "Replay execution is deterministic",
crates/amun-constitutional-integration/src/lib.rs:61:            "forall b : Replay(b, t1) = Replay(b, t2)",
crates/amun-constitutional-integration/src/lib.rs:67:        reg.register(ProofObligation::new(
crates/amun-constitutional-integration/src/lib.rs:68:            ObligationId::new(ObligationNamespace::Evidence, 1),
crates/amun-constitutional-integration/src/lib.rs:71:            "forall rc in ReplayCertificate : exists ev in EvidenceRoot : ev.replay = rc",
crates/amun-constitutional-integration/src/lib.rs:77:        reg.register(ProofObligation::new(
crates/amun-constitutional-integration/src/lib.rs:78:            ObligationId::new(ObligationNamespace::Evidence, 2),
crates/amun-constitutional-integration/src/lib.rs:7:use amun_verification_kernel::VerificationCertificate;
crates/amun-constitutional-integration/src/lib.rs:80:            "Evidence roots are immutable",
crates/amun-constitutional-integration/src/lib.rs:81:            "forall ev : ev in EvidenceRoot implies hash(ev) = constant",
crates/amun-constitutional-integration/src/lib.rs:87:        reg.register(ProofObligation::new(
crates/amun-constitutional-integration/src/lib.rs:88:            ObligationId::new(ObligationNamespace::Finality, 1),
crates/amun-constitutional-integration/src/lib.rs:97:        reg.register(ProofObligation::new(
crates/amun-constitutional-integration/src/lib.rs:98:            ObligationId::new(ObligationNamespace::Finality, 2),
crates/amun-constitutional-kernel/src/lib.rs:14://! - Replay-safe receipts: every transition leaves a verifiable proof.
crates/amun-constitutional-kernel/tests/kernel_tests.rs:67:    // Replay must produce identical result
crates/amun-constitutional-proof/src/article_iii_certificate.rs:1:use crate::EvidenceArchive;
crates/amun-constitutional-proof/src/article_iii_certificate.rs:23:    pub fn issue(archive: &EvidenceArchive, issued_at: u64) -> Option<Self> {
crates/amun-constitutional-proof/src/article_iii_certificate.rs:7:/// - Evidence lifecycle (Collect → Verify → Archive) is enforced
crates/amun-constitutional-proof/src/certification.rs:163:    fn gate_c7_evidence_archive_complete(archive: &EvidenceArchive) -> GateResult {
crates/amun-constitutional-proof/src/certification.rs:167:            description: "Evidence archive contains at least 30 records".into(),
crates/amun-constitutional-proof/src/certification.rs:1:use crate::{ConstitutionalVerdict, EvidenceArchive, ObligationRegistry, VerdictResult};
crates/amun-constitutional-proof/src/certification.rs:37:        archive: &EvidenceArchive,
crates/amun-constitutional-proof/src/evidence_archive.rs:100:        if record.status == EvidenceStatus::Collected {
crates/amun-constitutional-proof/src/evidence_archive.rs:103:        if record.status == EvidenceStatus::Rejected {
crates/amun-constitutional-proof/src/evidence_archive.rs:106:        record.status = EvidenceStatus::Archived;
crates/amun-constitutional-proof/src/evidence_archive.rs:117:        record.status = EvidenceStatus::Rejected;
crates/amun-constitutional-proof/src/evidence_archive.rs:11:/// - Evidence lineage hashes are verified on insertion.
crates/amun-constitutional-proof/src/evidence_archive.rs:123:    pub fn is_admissible(record: &EvidenceRecord) -> bool {
crates/amun-constitutional-proof/src/evidence_archive.rs:126:            EvidenceStatus::Verified | EvidenceStatus::Archived
crates/amun-constitutional-proof/src/evidence_archive.rs:14:pub struct EvidenceArchive {
crates/amun-constitutional-proof/src/evidence_archive.rs:15:    records: BTreeMap<String, EvidenceRecord>,
crates/amun-constitutional-proof/src/evidence_archive.rs:18:impl EvidenceArchive {
crates/amun-constitutional-proof/src/evidence_archive.rs:27:    pub fn insert(&mut self, record: EvidenceRecord) -> Result<(), String> {
crates/amun-constitutional-proof/src/evidence_archive.rs:3:use crate::{EvidenceRecord, EvidenceStatus, EvidenceType, ObligationId};
crates/amun-constitutional-proof/src/evidence_archive.rs:51:    pub fn get(&self, evidence_id: &str) -> Option<&EvidenceRecord> {
crates/amun-constitutional-proof/src/evidence_archive.rs:61:    pub fn by_phase(&self, phase: &str) -> Vec<&EvidenceRecord> {
crates/amun-constitutional-proof/src/evidence_archive.rs:66:    pub fn by_type(&self, ev_type: EvidenceType) -> Vec<&EvidenceRecord> {
crates/amun-constitutional-proof/src/evidence_archive.rs:74:    pub fn by_obligation(&self, obligation_id: &ObligationId) -> Vec<&EvidenceRecord> {
crates/amun-constitutional-proof/src/evidence_archive.rs:87:        if record.status == EvidenceStatus::Rejected {
crates/amun-constitutional-proof/src/evidence_archive.rs:90:        record.status = EvidenceStatus::Verified;
crates/amun-constitutional-proof/src/evidence_lineage.rs:11:impl EvidenceLineage {
crates/amun-constitutional-proof/src/evidence_lineage.rs:5:pub struct EvidenceLineage {
crates/amun-constitutional-proof/src/evidence_record.rs:10:pub struct EvidenceRecord {
crates/amun-constitutional-proof/src/evidence_record.rs:12:    pub evidence_type: EvidenceType,
crates/amun-constitutional-proof/src/evidence_record.rs:19:    pub status: EvidenceStatus,
crates/amun-constitutional-proof/src/evidence_record.rs:20:    pub lineage: Option<EvidenceLineage>,
crates/amun-constitutional-proof/src/evidence_record.rs:23:impl EvidenceRecord {
crates/amun-constitutional-proof/src/evidence_record.rs:26:        evidence_type: EvidenceType,
crates/amun-constitutional-proof/src/evidence_record.rs:3:use crate::{EvidenceLineage, EvidenceStatus, EvidenceType, ObligationId, Reproducibility};
crates/amun-constitutional-proof/src/evidence_record.rs:42:            status: EvidenceStatus::Collected,
crates/amun-constitutional-proof/src/evidence_record.rs:52:    pub fn with_lineage(mut self, lineage: EvidenceLineage) -> Self {
crates/amun-constitutional-proof/src/evidence_record.rs:57:    pub fn with_status(mut self, status: EvidenceStatus) -> Self {
crates/amun-constitutional-proof/src/evidence_status.rs:5:pub enum EvidenceStatus {
crates/amun-constitutional-proof/src/evidence_type.rs:11:    ConsensusEvidence,
crates/amun-constitutional-proof/src/evidence_type.rs:13:    CertificateEvidence,
crates/amun-constitutional-proof/src/evidence_type.rs:15:    FormalProofEvidence,
crates/amun-constitutional-proof/src/evidence_type.rs:17:    AuditEvidence,
crates/amun-constitutional-proof/src/evidence_type.rs:19:    SimulationEvidence,
crates/amun-constitutional-proof/src/evidence_type.rs:5:pub enum EvidenceType {
crates/amun-constitutional-proof/src/evidence_type.rs:7:    ExperimentalEvidence,
crates/amun-constitutional-proof/src/evidence_type.rs:9:    ReplayEvidence,
crates/amun-constitutional-proof/src/lib.rs:1009:        let ev = EvidenceRecord::new(
crates/amun-constitutional-proof/src/lib.rs:1011:            EvidenceType::SimulationEvidence,
crates/amun-constitutional-proof/src/lib.rs:1025:        let id = ObligationId::new(ObligationNamespace::Finality, 1);
crates/amun-constitutional-proof/src/lib.rs:1026:        let lineage = EvidenceLineage::new(
crates/amun-constitutional-proof/src/lib.rs:1031:        let ev = EvidenceRecord::new(
crates/amun-constitutional-proof/src/lib.rs:1033:            EvidenceType::CertificateEvidence,
crates/amun-constitutional-proof/src/lib.rs:1041:        .with_status(EvidenceStatus::Verified);
crates/amun-constitutional-proof/src/lib.rs:1042:        assert_eq!(ev.status, EvidenceStatus::Verified);
crates/amun-constitutional-proof/src/lib.rs:1049:        let ev = EvidenceRecord::new(
crates/amun-constitutional-proof/src/lib.rs:1051:            EvidenceType::AuditEvidence,
crates/amun-constitutional-proof/src/lib.rs:1058:        .with_status(EvidenceStatus::Archived)
crates/amun-constitutional-proof/src/lib.rs:1064:        .with_lineage(EvidenceLineage::new(
crates/amun-constitutional-proof/src/lib.rs:1070:        let parsed: EvidenceRecord = serde_json::from_str(&json).unwrap();
crates/amun-constitutional-proof/src/lib.rs:1074:    // --- N47.3-S1: EvidenceArchive tests ---
crates/amun-constitutional-proof/src/lib.rs:1079:        ev_type: EvidenceType,
crates/amun-constitutional-proof/src/lib.rs:1081:    ) -> EvidenceRecord {
crates/amun-constitutional-proof/src/lib.rs:1082:        EvidenceRecord::new(
crates/amun-constitutional-proof/src/lib.rs:1095:        let mut archive = EvidenceArchive::new();
crates/amun-constitutional-proof/src/lib.rs:1096:        let obl = ObligationId::new(ObligationNamespace::Replay, 1);
crates/amun-constitutional-proof/src/lib.rs:1097:        let ev = make_evidence("EV-ARC-1", "N42", EvidenceType::ReplayEvidence, obl);
crates/amun-constitutional-proof/src/lib.rs:1106:        let mut archive = EvidenceArchive::new();
crates/amun-constitutional-proof/src/lib.rs:1108:        let ev = make_evidence("EV-DUP", "N42", EvidenceType::AuditEvidence, obl);
crates/amun-constitutional-proof/src/lib.rs:1115:        let mut archive = EvidenceArchive::new();
crates/amun-constitutional-proof/src/lib.rs:1116:        let obl = ObligationId::new(ObligationNamespace::Finality, 1);
crates/amun-constitutional-proof/src/lib.rs:1117:        let ev = make_evidence("EV-LIFECYCLE", "N41", EvidenceType::ConsensusEvidence, obl);
crates/amun-constitutional-proof/src/lib.rs:1123:            EvidenceStatus::Verified
crates/amun-constitutional-proof/src/lib.rs:1129:            EvidenceStatus::Archived
crates/amun-constitutional-proof/src/lib.rs:1135:        let mut archive = EvidenceArchive::new();
crates/amun-constitutional-proof/src/lib.rs:1136:        let obl = ObligationId::new(ObligationNamespace::Evidence, 1);
crates/amun-constitutional-proof/src/lib.rs:1141:                EvidenceType::ReplayEvidence,
crates/amun-constitutional-proof/src/lib.rs:1150:        let mut archive = EvidenceArchive::new();
crates/amun-constitutional-proof/src/lib.rs:1156:                EvidenceType::SimulationEvidence,
crates/amun-constitutional-proof/src/lib.rs:1163:            EvidenceStatus::Rejected
crates/amun-constitutional-proof/src/lib.rs:1172:        let mut archive = EvidenceArchive::new();
crates/amun-constitutional-proof/src/lib.rs:1173:        let obl = ObligationId::new(ObligationNamespace::Finality, 1);
crates/amun-constitutional-proof/src/lib.rs:1175:        let parent = EvidenceRecord::new(
crates/amun-constitutional-proof/src/lib.rs:1177:            EvidenceType::ConsensusEvidence,
crates/amun-constitutional-proof/src/lib.rs:1184:        .with_status(EvidenceStatus::Verified);
crates/amun-constitutional-proof/src/lib.rs:1187:        let child = EvidenceRecord::new(
crates/amun-constitutional-proof/src/lib.rs:1189:            EvidenceType::CertificateEvidence,
crates/amun-constitutional-proof/src/lib.rs:1196:        .with_lineage(EvidenceLineage::new(
crates/amun-constitutional-proof/src/lib.rs:1206:        let mut archive = EvidenceArchive::new();
crates/amun-constitutional-proof/src/lib.rs:1207:        let obl = ObligationId::new(ObligationNamespace::Finality, 1);
crates/amun-constitutional-proof/src/lib.rs:1209:        let parent = EvidenceRecord::new(
crates/amun-constitutional-proof/src/lib.rs:1211:            EvidenceType::ConsensusEvidence,
crates/amun-constitutional-proof/src/lib.rs:1218:        .with_status(EvidenceStatus::Verified);
crates/amun-constitutional-proof/src/lib.rs:1221:        let child = EvidenceRecord::new(
crates/amun-constitutional-proof/src/lib.rs:1223:            EvidenceType::CertificateEvidence,
crates/amun-constitutional-proof/src/lib.rs:122:        let id = ObligationId::new(ObligationNamespace::Replay, 4);
crates/amun-constitutional-proof/src/lib.rs:1230:        .with_lineage(EvidenceLineage::new(
crates/amun-constitutional-proof/src/lib.rs:123:        assert_eq!(id.namespace(), ObligationNamespace::Replay);
crates/amun-constitutional-proof/src/lib.rs:1240:        let mut archive = EvidenceArchive::new();
crates/amun-constitutional-proof/src/lib.rs:1248:                EvidenceType::AuditEvidence,
crates/amun-constitutional-proof/src/lib.rs:1256:                EvidenceType::ReplayEvidence,
crates/amun-constitutional-proof/src/lib.rs:1264:                EvidenceType::SimulationEvidence,
crates/amun-constitutional-proof/src/lib.rs:1275:        let mut archive = EvidenceArchive::new();
crates/amun-constitutional-proof/src/lib.rs:1276:        let obl = ObligationId::new(ObligationNamespace::Finality, 1);
crates/amun-constitutional-proof/src/lib.rs:1282:                EvidenceType::ConsensusEvidence,
crates/amun-constitutional-proof/src/lib.rs:1290:                EvidenceType::CertificateEvidence,
crates/amun-constitutional-proof/src/lib.rs:1298:                EvidenceType::ReplayEvidence,
crates/amun-constitutional-proof/src/lib.rs:1310:        let obl = ObligationId::new(ObligationNamespace::Replay, 1);
crates/amun-constitutional-proof/src/lib.rs:1313:            make_evidence("EV-ADM-1", "N42", EvidenceType::ReplayEvidence, obl.clone());
crates/amun-constitutional-proof/src/lib.rs:1314:        collected.status = EvidenceStatus::Collected;
crates/amun-constitutional-proof/src/lib.rs:1315:        assert!(!EvidenceArchive::is_admissible(&collected));
crates/amun-constitutional-proof/src/lib.rs:1318:            make_evidence("EV-ADM-2", "N42", EvidenceType::ReplayEvidence, obl.clone());
crates/amun-constitutional-proof/src/lib.rs:1319:        verified.status = EvidenceStatus::Verified;
crates/amun-constitutional-proof/src/lib.rs:1320:        assert!(EvidenceArchive::is_admissible(&verified));
crates/amun-constitutional-proof/src/lib.rs:1323:            make_evidence("EV-ADM-3", "N42", EvidenceType::ReplayEvidence, obl.clone());
crates/amun-constitutional-proof/src/lib.rs:1324:        archived.status = EvidenceStatus::Archived;
crates/amun-constitutional-proof/src/lib.rs:1325:        assert!(EvidenceArchive::is_admissible(&archived));
crates/amun-constitutional-proof/src/lib.rs:1327:        let mut rejected = make_evidence("EV-ADM-4", "N42", EvidenceType::ReplayEvidence, obl);
crates/amun-constitutional-proof/src/lib.rs:1328:        rejected.status = EvidenceStatus::Rejected;
crates/amun-constitutional-proof/src/lib.rs:1329:        assert!(!EvidenceArchive::is_admissible(&rejected));
crates/amun-constitutional-proof/src/lib.rs:1336:        let mut archive = EvidenceArchive::new();
crates/amun-constitutional-proof/src/lib.rs:1337:        let obl = ObligationId::new(ObligationNamespace::Finality, 1);
crates/amun-constitutional-proof/src/lib.rs:1339:            .insert(EvidenceRecord::new(
crates/amun-constitutional-proof/src/lib.rs:1341:                EvidenceType::ConsensusEvidence,
crates/amun-constitutional-proof/src/lib.rs:1356:        let archive = EvidenceArchive::new();
crates/amun-constitutional-proof/src/lib.rs:1365:        reg.register(ProofObligation::new(
crates/amun-constitutional-proof/src/lib.rs:1376:        let mut archive = EvidenceArchive::new();
crates/amun-constitutional-proof/src/lib.rs:1380:                EvidenceRecord::new(
crates/amun-constitutional-proof/src/lib.rs:1382:                    EvidenceType::AuditEvidence,
crates/amun-constitutional-proof/src/lib.rs:1389:                .with_status(EvidenceStatus::Archived),
crates/amun-constitutional-proof/src/lib.rs:1430:        reg.register(ProofObligation::new(
crates/amun-constitutional-proof/src/lib.rs:1441:        let mut archive = EvidenceArchive::new();
crates/amun-constitutional-proof/src/lib.rs:1445:                EvidenceRecord::new(
crates/amun-constitutional-proof/src/lib.rs:1447:                    EvidenceType::AuditEvidence,
crates/amun-constitutional-proof/src/lib.rs:1454:                .with_status(EvidenceStatus::Archived),
crates/amun-constitutional-proof/src/lib.rs:1495:        reg.register(ProofObligation::new(
crates/amun-constitutional-proof/src/lib.rs:1496:            ObligationId::new(ObligationNamespace::Replay, 1),
crates/amun-constitutional-proof/src/lib.rs:1506:        let archive = EvidenceArchive::new();
crates/amun-constitutional-proof/src/lib.rs:151:            ObligationNamespace::Replay,
crates/amun-constitutional-proof/src/lib.rs:152:            ObligationNamespace::Evidence,
crates/amun-constitutional-proof/src/lib.rs:1532:            reg.register(ProofObligation::new(
crates/amun-constitutional-proof/src/lib.rs:153:            ObligationNamespace::Finality,
crates/amun-constitutional-proof/src/lib.rs:1544:        let mut archive = EvidenceArchive::new();
crates/amun-constitutional-proof/src/lib.rs:1548:                    EvidenceRecord::new(
crates/amun-constitutional-proof/src/lib.rs:1550:                        EvidenceType::AuditEvidence,
crates/amun-constitutional-proof/src/lib.rs:1557:                    .with_status(EvidenceStatus::Archived),
crates/amun-constitutional-proof/src/lib.rs:1643:            reg.register(ProofObligation::new(
crates/amun-constitutional-proof/src/lib.rs:1655:        let archive = EvidenceArchive::new();
crates/amun-constitutional-proof/src/lib.rs:167:        let id = ObligationId::new(ObligationNamespace::Finality, 3);
crates/amun-constitutional-proof/src/lib.rs:1737:            reg.register(ProofObligation::new(
crates/amun-constitutional-proof/src/lib.rs:173:    // --- ProofObligation tests (S1) ---
crates/amun-constitutional-proof/src/lib.rs:1749:        let archive = EvidenceArchive::new();
crates/amun-constitutional-proof/src/lib.rs:178:        let obl = ProofObligation::new(
crates/amun-constitutional-proof/src/lib.rs:197:        let dep = ObligationId::new(ObligationNamespace::Finality, 1);
crates/amun-constitutional-proof/src/lib.rs:198:        let obl = ProofObligation::new(
crates/amun-constitutional-proof/src/lib.rs:202:            "|Finalized| = |ReplayVerified| = |EvidenceCertified|",
crates/amun-constitutional-proof/src/lib.rs:216:        let obl = ProofObligation::new(
crates/amun-constitutional-proof/src/lib.rs:231:        let obl = ProofObligation::new(
crates/amun-constitutional-proof/src/lib.rs:232:            ObligationId::new(ObligationNamespace::Replay, 2),
crates/amun-constitutional-proof/src/lib.rs:234:            "Replay determinism",
crates/amun-constitutional-proof/src/lib.rs:235:            "forall b : Replay(b, t1) = Replay(b, t2)",
crates/amun-constitutional-proof/src/lib.rs:239:        .with_dependency(ObligationId::new(ObligationNamespace::Replay, 1));
crates/amun-constitutional-proof/src/lib.rs:242:        let obl2: ProofObligation = serde_json::from_str(&json).unwrap();
crates/amun-constitutional-proof/src/lib.rs:258:        let obl: ProofObligation = serde_json::from_str(json).unwrap();
crates/amun-constitutional-proof/src/lib.rs:352:    fn simple_obl(id: ObligationId) -> ProofObligation {
crates/amun-constitutional-proof/src/lib.rs:353:        ProofObligation::new(
crates/amun-constitutional-proof/src/lib.rs:395:        let missing_dep = make_id(ObligationNamespace::Replay, 99);
crates/amun-constitutional-proof/src/lib.rs:396:        let obl = ProofObligation::new(
crates/amun-constitutional-proof/src/lib.rs:417:        reg.register(ProofObligation::new(
crates/amun-constitutional-proof/src/lib.rs:426:        reg.register(ProofObligation::new(
crates/amun-constitutional-proof/src/lib.rs:443:        reg.register(ProofObligation::new(
crates/amun-constitutional-proof/src/lib.rs:444:            make_id(ObligationNamespace::Finality, 1),
crates/amun-constitutional-proof/src/lib.rs:452:        reg.register(ProofObligation::new(
crates/amun-constitutional-proof/src/lib.rs:453:            make_id(ObligationNamespace::Finality, 2),
crates/amun-constitutional-proof/src/lib.rs:473:            reg.register(ProofObligation::new(
crates/amun-constitutional-proof/src/lib.rs:500:            reg.register(ProofObligation::new(
crates/amun-constitutional-proof/src/lib.rs:518:            reg.register(ProofObligation::new(
crates/amun-constitutional-proof/src/lib.rs:546:        let id = ObligationId::new(ObligationNamespace::Replay, 1);
crates/amun-constitutional-proof/src/lib.rs:601:            "N41-Finality".into(),
crates/amun-constitutional-proof/src/lib.rs:620:                ObligationId::new(ObligationNamespace::Replay, 1),
crates/amun-constitutional-proof/src/lib.rs:624:                ObligationId::new(ObligationNamespace::Replay, 2),
crates/amun-constitutional-proof/src/lib.rs:629:                ObligationId::new(ObligationNamespace::Replay, 3),
crates/amun-constitutional-proof/src/lib.rs:639:            VerdictResult::ConditionalPass(vec!["Replay-2 failed".into()]),
crates/amun-constitutional-proof/src/lib.rs:708:                ObligationId::new(ObligationNamespace::Finality, 1),
crates/amun-constitutional-proof/src/lib.rs:712:                ObligationId::new(ObligationNamespace::Finality, 2),
crates/amun-constitutional-proof/src/lib.rs:735:    fn make_obl(id: ObligationId, severity: ObligationSeverity) -> ProofObligation {
crates/amun-constitutional-proof/src/lib.rs:736:        ProofObligation::new(
crates/amun-constitutional-proof/src/lib.rs:773:            ObligationId::new(ObligationNamespace::Replay, 1),
crates/amun-constitutional-proof/src/lib.rs:777:            ObligationId::new(ObligationNamespace::Replay, 2),
crates/amun-constitutional-proof/src/lib.rs:801:            ObligationId::new(ObligationNamespace::Evidence, 1),
crates/amun-constitutional-proof/src/lib.rs:882:            ObligationId::new(ObligationNamespace::Finality, 1),
crates/amun-constitutional-proof/src/lib.rs:979:    // --- N47.3-S0: Evidence Foundation Types tests ---
crates/amun-constitutional-proof/src/lib.rs:983:        let id = ObligationId::new(ObligationNamespace::Replay, 1);
crates/amun-constitutional-proof/src/lib.rs:984:        let ev = EvidenceRecord::new(
crates/amun-constitutional-proof/src/lib.rs:986:            EvidenceType::ReplayEvidence,
crates/amun-constitutional-proof/src/lib.rs:994:        assert_eq!(ev.status, EvidenceStatus::Collected);
crates/amun-constitutional-proof/src/obligation_namespace.rs:10:    Replay,
crates/amun-constitutional-proof/src/obligation_namespace.rs:12:    Evidence,
crates/amun-constitutional-proof/src/obligation_namespace.rs:14:    Finality,
crates/amun-constitutional-proof/src/obligation_namespace.rs:29:            Self::Replay => "REPLAY",
crates/amun-constitutional-proof/src/obligation_namespace.rs:30:            Self::Evidence => "EVIDENCE",
crates/amun-constitutional-proof/src/obligation_namespace.rs:31:            Self::Finality => "FINALITY",
crates/amun-constitutional-proof/src/obligation_namespace.rs:47:            "REPLAY" => Ok(Self::Replay),
crates/amun-constitutional-proof/src/obligation_namespace.rs:48:            "EVIDENCE" => Ok(Self::Evidence),
crates/amun-constitutional-proof/src/obligation_namespace.rs:49:            "FINALITY" => Ok(Self::Finality),
crates/amun-constitutional-proof/src/obligation_registry.rs:10:    obligations: BTreeMap<ObligationId, ProofObligation>,
crates/amun-constitutional-proof/src/obligation_registry.rs:24:    pub fn register(&mut self, obligation: ProofObligation) -> Result<(), RegistryError> {
crates/amun-constitutional-proof/src/obligation_registry.rs:5:    ProofObligation, RegistryError,
crates/amun-constitutional-proof/src/obligation_registry.rs:72:    pub fn get(&self, id: &ObligationId) -> Option<&ProofObligation> {
crates/amun-constitutional-proof/src/obligation_registry.rs:76:    pub fn all_obligations(&self) -> impl Iterator<Item = &ProofObligation> {
crates/amun-constitutional-proof/src/obligation_registry.rs:80:    pub fn by_namespace(&self, ns: ObligationSeverity) -> Vec<&ProofObligation> {
crates/amun-constitutional-proof/src/obligation_registry.rs:87:    pub fn by_severity(&self, severity: ObligationSeverity) -> Vec<&ProofObligation> {
crates/amun-constitutional-proof/src/obligation_registry.rs:94:    pub fn by_phase(&self, phase: &str) -> Vec<&ProofObligation> {
crates/amun-constitutional-proof/src/proof_obligation.rs:11:pub struct ProofObligation {
crates/amun-constitutional-proof/src/proof_obligation.rs:24:impl ProofObligation {
crates/amun-constitutional-proof/src/report_generator.rs:26:        archive: &EvidenceArchive,
crates/amun-constitutional-proof/src/report_generator.rs:3:use crate::{ConstitutionalVerdict, EvidenceArchive, ObligationRegistry, VerdictResult};
crates/amun-constitutional-proof/src/report_generator.rs:55:            "- **Total Evidence Records**: {}\n",
crates/amun-constitutional-proof/src/verdict_evaluator.rs:27:        obligations: &[ProofObligation],
crates/amun-constitutional-proof/src/verdict_evaluator.rs:48:        obligations: &[ProofObligation],
crates/amun-constitutional-proof/src/verdict_evaluator.rs:4:    ProofObligation, VerdictResult,
crates/amun-constitutional-quarantine/src/rehabilitation.rs:15:    ReplayContinuityVerification,
crates/amun-constitutional-quarantine/src/rehabilitation.rs:28:                RehabilitationStep::ReplayContinuityVerification,
crates/amun-constitutional-quarantine/src/rehabilitation.rs:32:                RehabilitationStep::ReplayContinuityVerification,
crates/amun-constitutional-quarantine/src/rehabilitation.rs:37:                RehabilitationStep::ReplayContinuityVerification,
crates/amun-constitutional-quarantine/src/rehabilitation.rs:43:                RehabilitationStep::ReplayContinuityVerification,
crates/amun-constitutional-runtime/src/block_validator.rs:102:        let mut registry = ResourceRegistry::new(1000);
crates/amun-constitutional-runtime/src/block_validator.rs:138:        let mut registry = ResourceRegistry::new(1000);
crates/amun-constitutional-runtime/src/block_validator.rs:148:                lineage: ResourceLineage::genesis(id),
crates/amun-constitutional-runtime/src/block_validator.rs:183:        let mut registry = ResourceRegistry::new(1000);
crates/amun-constitutional-runtime/src/block_validator.rs:22:/// Validates that every transaction in a block passes PCCV.
crates/amun-constitutional-runtime/src/block_validator.rs:23:/// If any transaction fails PCCV, the entire block is invalid.
crates/amun-constitutional-runtime/src/block_validator.rs:28:    /// The block is valid iff ALL transactions pass PCCV.
crates/amun-constitutional-runtime/src/block_validator.rs:2:use amun_invariant_engine::invariant_types::InvariantDeclaration;
crates/amun-constitutional-runtime/src/block_validator.rs:31:        registry: &mut ResourceRegistry,
crates/amun-constitutional-runtime/src/block_validator.rs:32:        invariants: &[InvariantDeclaration],
crates/amun-constitutional-runtime/src/block_validator.rs:5:use amun_resource_core::ResourceRegistry;
crates/amun-constitutional-runtime/src/block_validator.rs:91:        ResourceArchetype, ResourceId, ResourceLineage, ResourceMetadata, ResourceState,
crates/amun-constitutional-runtime/src/certificate_chain.rs:101:    use crate::finality_certificate::ConstitutionalFinalityCertificate;
crates/amun-constitutional-runtime/src/certificate_chain.rs:103:    use amun_transition_proof::transition_proof::TransitionProof;
crates/amun-constitutional-runtime/src/certificate_chain.rs:116:    ) -> ConstitutionalFinalityCertificate {
crates/amun-constitutional-runtime/src/certificate_chain.rs:126:        let transitions = vec![TransitionProof::new(
crates/amun-constitutional-runtime/src/certificate_chain.rs:12:        certificates: Vec<crate::finality_certificate::ConstitutionalFinalityCertificate>,
crates/amun-constitutional-runtime/src/certificate_chain.rs:139:        let mut cert = ConstitutionalFinalityCertificate::issue(
crates/amun-constitutional-runtime/src/certificate_chain.rs:5:    pub certificates: Vec<crate::finality_certificate::ConstitutionalFinalityCertificate>,
crates/amun-constitutional-runtime/src/certificate_chain.rs:71:    pub fn tip(&self) -> &crate::finality_certificate::ConstitutionalFinalityCertificate {
crates/amun-constitutional-runtime/src/certificate_chain.rs:75:    pub fn genesis(&self) -> &crate::finality_certificate::ConstitutionalFinalityCertificate {
crates/amun-constitutional-runtime/src/certificate_chain.rs:80:        certs: &[crate::finality_certificate::ConstitutionalFinalityCertificate],
crates/amun-constitutional-runtime/src/finality_certificate.rs:109:    pub fn compute_evidence_root(transitions: &[TransitionProof]) -> [u8; 32] {
crates/amun-constitutional-runtime/src/finality_certificate.rs:117:    pub fn compute_pccv_root(transitions: &[TransitionProof]) -> [u8; 32] {
crates/amun-constitutional-runtime/src/finality_certificate.rs:122:                hasher.update(b"AMUN_PCCV_ROOT_V1");
crates/amun-constitutional-runtime/src/finality_certificate.rs:140:    use amun_resource_core::{ResourceId, ResourceRegistry};
crates/amun-constitutional-runtime/src/finality_certificate.rs:151:        let mut registry = ResourceRegistry::new(1000);
crates/amun-constitutional-runtime/src/finality_certificate.rs:173:        let transitions = vec![TransitionProof::new(
crates/amun-constitutional-runtime/src/finality_certificate.rs:17:    pub transitions: Vec<TransitionProof>,
crates/amun-constitutional-runtime/src/finality_certificate.rs:186:        let cert = ConstitutionalFinalityCertificate::issue(
crates/amun-constitutional-runtime/src/finality_certificate.rs:1:use amun_transition_proof::transition_proof::TransitionProof;
crates/amun-constitutional-runtime/src/finality_certificate.rs:208:        let c1 = ConstitutionalFinalityCertificate::issue(&br, vec![], [0xaa; 32], 1, [0xbb; 32]);
crates/amun-constitutional-runtime/src/finality_certificate.rs:209:        let c2 = ConstitutionalFinalityCertificate::issue(&br, vec![], [0xaa; 32], 1, [0xbb; 32]);
crates/amun-constitutional-runtime/src/finality_certificate.rs:225:            ConstitutionalFinalityCertificate::issue(&br, vec![], [0xaa; 32], 1, [0xbb; 32]);
crates/amun-constitutional-runtime/src/finality_certificate.rs:22:impl ConstitutionalFinalityCertificate {
crates/amun-constitutional-runtime/src/finality_certificate.rs:25:        transitions: Vec<TransitionProof>,
crates/amun-constitutional-runtime/src/finality_certificate.rs:7:pub struct ConstitutionalFinalityCertificate {
crates/amun-constitutional-runtime/src/history_root.rs:108:    ) -> ConstitutionalFinalityCertificate {
crates/amun-constitutional-runtime/src/history_root.rs:118:        let transitions = vec![TransitionProof::new(
crates/amun-constitutional-runtime/src/history_root.rs:131:        let mut cert = ConstitutionalFinalityCertificate::issue(
crates/amun-constitutional-runtime/src/history_root.rs:93:    use crate::finality_certificate::ConstitutionalFinalityCertificate;
crates/amun-constitutional-runtime/src/history_root.rs:95:    use amun_transition_proof::transition_proof::TransitionProof;
crates/amun-constitutional-runtime/src/runtime_pipeline.rs:100:            let evidence: Vec<ConstitutionalEvidence> = vec![];
crates/amun-constitutional-runtime/src/runtime_pipeline.rs:104:            let proof = TransitionProof::new(
crates/amun-constitutional-runtime/src/runtime_pipeline.rs:10:use amun_transition_proof::transition_proof::TransitionProof;
crates/amun-constitutional-runtime/src/runtime_pipeline.rs:135:        // Phase 5: Invariant Evaluation
crates/amun-constitutional-runtime/src/runtime_pipeline.rs:136:        let (_invariant_results, invariant_evidence) = InvariantEngine::evaluate(
crates/amun-constitutional-runtime/src/runtime_pipeline.rs:149:        // Phase 6: Build TransitionProof via ProofBuilder
crates/amun-constitutional-runtime/src/runtime_pipeline.rs:161:        // ── N50: Integrated PCCV verification ─────────────────
crates/amun-constitutional-runtime/src/runtime_pipeline.rs:163:        use amun_pccv::transition_proof_engine::TransitionProofEngine as PCCVEngine;
crates/amun-constitutional-runtime/src/runtime_pipeline.rs:164:        let enhanced_proof = PCCVEngine::build_proof(
crates/amun-constitutional-runtime/src/runtime_pipeline.rs:175:        let pccv_result = amun_pccv::pccv_verifier::PCCVVerifier::verify(&enhanced_proof, registry);
crates/amun-constitutional-runtime/src/runtime_pipeline.rs:178:            amun_pccv::pccv_verifier::PCCVResult::Verified { .. }
crates/amun-constitutional-runtime/src/runtime_pipeline.rs:17:    /// Transaction committed successfully with PCCV verification.
crates/amun-constitutional-runtime/src/runtime_pipeline.rs:182:            // PCCV failed — this is a constitutional violation
crates/amun-constitutional-runtime/src/runtime_pipeline.rs:184:                amun_pccv::pccv_verifier::PCCVResult::Failed { reason } => reason.clone(),
crates/amun-constitutional-runtime/src/runtime_pipeline.rs:185:                _ => "Unknown PCCV failure".into(),
crates/amun-constitutional-runtime/src/runtime_pipeline.rs:187:            let evidence = ConstitutionalEvidence::ExecutionFailure {
crates/amun-constitutional-runtime/src/runtime_pipeline.rs:188:                reason: format!("PCCV verification failed: {}", reason),
crates/amun-constitutional-runtime/src/runtime_pipeline.rs:195:            let proof = TransitionProof::new(
crates/amun-constitutional-runtime/src/runtime_pipeline.rs:20:        transition_proof: TransitionProof,
crates/amun-constitutional-runtime/src/runtime_pipeline.rs:230:    use amun_resource_core::{ResourceArchetype, ResourceLineage, ResourceMetadata, ResourceState};
crates/amun-constitutional-runtime/src/runtime_pipeline.rs:240:        let mut registry = ResourceRegistry::new(1000);
crates/amun-constitutional-runtime/src/runtime_pipeline.rs:25:        evidence: Vec<ConstitutionalEvidence>,
crates/amun-constitutional-runtime/src/runtime_pipeline.rs:269:                assert!(pccv_verified, "PCCV must pass for valid execution");
crates/amun-constitutional-runtime/src/runtime_pipeline.rs:26:        transition_proof: TransitionProof,
crates/amun-constitutional-runtime/src/runtime_pipeline.rs:271:            _ => panic!("Expected Committed with PCCV"),
crates/amun-constitutional-runtime/src/runtime_pipeline.rs:278:        // constitutional violations via PCCV integration.
crates/amun-constitutional-runtime/src/runtime_pipeline.rs:280:        // so PCCV passes trivially. Full illegal execution testing
crates/amun-constitutional-runtime/src/runtime_pipeline.rs:282:        let mut registry = ResourceRegistry::new(1000);
crates/amun-constitutional-runtime/src/runtime_pipeline.rs:30:/// The Constitutional Runtime Pipeline with integrated PCCV.
crates/amun-constitutional-runtime/src/runtime_pipeline.rs:316:        let mut registry = ResourceRegistry::new(1000);
crates/amun-constitutional-runtime/src/runtime_pipeline.rs:326:                lineage: ResourceLineage::genesis(id),
crates/amun-constitutional-runtime/src/runtime_pipeline.rs:36:    /// → Invariants → Evidence → TransitionProof → PCCV → Archive
crates/amun-constitutional-runtime/src/runtime_pipeline.rs:3:use amun_evidence_engine::evidence_types::ConstitutionalEvidence;
crates/amun-constitutional-runtime/src/runtime_pipeline.rs:40:        registry: &mut ResourceRegistry,
crates/amun-constitutional-runtime/src/runtime_pipeline.rs:41:        invariants: &[InvariantDeclaration],
crates/amun-constitutional-runtime/src/runtime_pipeline.rs:4:use amun_invariant_engine::invariant_engine::InvariantEngine;
crates/amun-constitutional-runtime/src/runtime_pipeline.rs:5:use amun_invariant_engine::invariant_types::InvariantDeclaration;
crates/amun-constitutional-runtime/src/runtime_pipeline.rs:68:            let evidence = ConstitutionalEvidence::ExecutionFailure {
crates/amun-constitutional-runtime/src/runtime_pipeline.rs:76:            let proof = TransitionProof::new(
crates/amun-constitutional-runtime/src/runtime_pipeline.rs:8:use amun_resource_core::{ResourceMetadata, ResourceRegistry};
crates/amun-constitutional-semantics/src/lib.rs:113:    fn mk(seq: u64, hash: [u8; 32], parent: [u8; 32]) -> TranscriptEntry { TranscriptEntry::Consensus(ConsensusEvent { identity: EventIdentity::new(hash, parent, [0xAA; 32], seq, ReplayDomain::Consensus, [0xBB; 32]), round: seq, event_type: ConsensusEventType::Proposal, authority: EventAuthority::Authoritative }) }
crates/amun-constitutional-semantics/src/lib.rs:116:    #[test] fn test_finality_progression() { assert!(EventFinality::Tentative < EventFinality::Finalized); assert!(EventFinality::Finalized < EventFinality::ReplayCertified); }
crates/amun-constitutional-semantics/src/lib.rs:117:    #[test] fn test_finality_replay_safety() { assert!(!EventFinality::Tentative.is_replay_safe()); assert!(EventFinality::Finalized.is_replay_safe()); }
crates/amun-constitutional-semantics/src/lib.rs:118:    #[test] fn test_witness_normalization_deterministic() { let w = vec![(ReplayDomain::Consensus,2,[0x02;32]),(ReplayDomain::Consensus,1,[0x01;32])]; assert_eq!(WitnessNormalization::normalize(&w).normalization_root, WitnessNormalization::normalize(&w).normalization_root); }
crates/amun-constitutional-semantics/src/lib.rs:120:    #[test] fn test_replay_policy() { assert!(ReplayPolicy::CONSENSUS_AUTHORITATIVE.replay_required); assert!(!ReplayPolicy::EPHEMERAL.replay_required); }
crates/amun-constitutional-semantics/src/lib.rs:23:    pub fn verify_boundary(&self, boundary: &ReplayBoundary) -> bool { self.start_sequence >= boundary.finalized_sequence }
crates/amun-constitutional-semantics/src/lib.rs:26:// ─── Event Finality ────────────────────────────────────────
crates/amun-constitutional-semantics/src/lib.rs:27:#[derive(Debug, Clone, Copy, PartialEq, Eq, PartialOrd, Ord)] pub enum EventFinality { Tentative, QuorumAccepted, Finalized, ReplayCertified }
crates/amun-constitutional-semantics/src/lib.rs:28:impl EventFinality {
crates/amun-constitutional-semantics/src/lib.rs:29:    pub fn is_replay_safe(&self) -> bool { matches!(self, EventFinality::Finalized | EventFinality::ReplayCertified) }
crates/amun-constitutional-semantics/src/lib.rs:30:    pub fn is_immutable(&self) -> bool { matches!(self, EventFinality::Finalized | EventFinality::ReplayCertified) }
crates/amun-constitutional-semantics/src/lib.rs:32:#[derive(Debug, Clone, PartialEq, Eq)] pub struct FinalizedEvent { pub event: TranscriptEntry, pub finality: EventFinality, pub finalized_at_sequence: Option<u64>, pub commitment_root: Option<[u8; 32]> }
crates/amun-constitutional-semantics/src/lib.rs:34:    pub fn new(event: TranscriptEntry, finality: EventFinality) -> Self { Self { event, finality, finalized_at_sequence: None, commitment_root: None } }
crates/amun-constitutional-semantics/src/lib.rs:35:    pub fn with_finalization(mut self, at_sequence: u64, commitment: [u8; 32]) -> Self { self.finality = EventFinality::Finalized; self.finalized_at_sequence = Some(at_sequence); self.commitment_root = Some(commitment); self }
crates/amun-constitutional-semantics/src/lib.rs:36:    pub fn with_replay_certification(mut self, at_sequence: u64) -> Self { self.finality = EventFinality::ReplayCertified; self.finalized_at_sequence = Some(at_sequence); self }
crates/amun-constitutional-semantics/src/lib.rs:47:// ─── Witness Normalization ─────────────────────────────────
crates/amun-constitutional-semantics/src/lib.rs:48:#[derive(Debug, Clone, PartialEq, Eq)] pub struct NormalizedWitness { pub domain: ReplayDomain, pub sequence: u64, pub witness_hash: [u8; 32] }
crates/amun-constitutional-semantics/src/lib.rs:49:#[derive(Debug, Clone, PartialEq, Eq)] pub struct WitnessNormalization { pub witnesses: Vec<NormalizedWitness>, pub normalization_root: [u8; 32], pub normalization_version: u32 }
crates/amun-constitutional-semantics/src/lib.rs:50:impl WitnessNormalization {
crates/amun-constitutional-semantics/src/lib.rs:51:    pub fn normalize(witnesses: &[(ReplayDomain, u64, [u8; 32])]) -> Self {
crates/amun-constitutional-semantics/src/lib.rs:53:        let n: Vec<_> = sorted.iter().map(|(d,s,h)| NormalizedWitness { domain:*d, sequence:*s, witness_hash:*h }).collect();
crates/amun-constitutional-semantics/src/lib.rs:58:    pub fn verify_normalization(&self, witnesses: &[(ReplayDomain, u64, [u8; 32])]) -> bool { Self::normalize(witnesses).normalization_root == self.normalization_root }
crates/amun-constitutional-semantics/src/lib.rs:61:// ─── Replay Policy ─────────────────────────────────────────
crates/amun-constitutional-semantics/src/lib.rs:62:#[derive(Debug, Clone, PartialEq, Eq)] pub struct ReplayPolicy { pub authority: EventAuthority, pub replay_required: bool, pub divergence_is_violation: bool, pub contributes_to_causality: bool, pub can_be_checkpoint: bool, pub requires_certification: bool }
crates/amun-constitutional-semantics/src/lib.rs:63:impl ReplayPolicy {
crates/amun-constitutional-semantics/src/lib.rs:6:use amun_replay_semantics::{ReplayDomain, ReplayBoundary, ReplayFailure};
crates/amun-constitutional-semantics/src/lib.rs:99:    pub fn transcript_continuity(events: &[TranscriptEntry]) -> Result<ContinuityResult, ReplayFailure> {
crates/amun-constitutional-state/src/lib.rs:197:pub struct ReplayCertificate {
crates/amun-constitutional-state/src/lib.rs:223:    ) -> ReplayCertificate {
crates/amun-constitutional-state/src/lib.rs:224:        ReplayCertificate {
crates/amun-constitutional-state/src/lib.rs:234:impl ReplayCertificate {
crates/amun-constitutional-state/src/lib.rs:277:impl ReplayCertificate {
crates/amun-constitutional-state/src/lib.rs:357:    /// Build a Merkle root from multiple ReplayCertificates.
crates/amun-constitutional-state/src/lib.rs:359:    pub fn certificate_merkle_root(certificates: &[ReplayCertificate]) -> [u8; 32] {
crates/amun-constitutional-state/src/lib.rs:404:/// A Merkle proof that a specific ReplayCertificate is included
crates/amun-constitutional-state/src/lib.rs:418:        certificates: &[ReplayCertificate],
crates/amun-constitutional-state/src/lib.rs:82:    /// Replay a journal to reconstruct the state.
crates/amun-constitutional/src/architectural_invariants.rs:103:/// INVARIANT 7: Replay-Derived State Identity
crates/amun-constitutional/src/architectural_invariants.rs:1://! Architectural Invariants — constitutional laws of the kernel.
crates/amun-constitutional/src/architectural_invariants.rs:24:/// A ReplayCertificate attests replay ADMISSIBILITY, not
crates/amun-constitutional/src/architectural_invariants.rs:29:/// consensus proofs. Finality is a consensus concern layered
crates/amun-constitutional/src/architectural_invariants.rs:32:    "Certificate attests admissibility, not finality. Finality is above the kernel.";
crates/amun-constitutional/src/architectural_invariants.rs:424:            assert!(!invariant.is_empty(), "Invariant must be documented");
crates/amun-constitutional/src/artifact_graph.rs:163:                ArtifactEdgeType::EvidenceToCommitment,
crates/amun-constitutional/src/artifact_graph.rs:188:            ArtifactEdgeType::EvidenceToCommitment,
crates/amun-constitutional/src/artifact_graph.rs:200:            ArtifactEdgeType::EvidenceToCommitment,
crates/amun-constitutional/src/artifact_graph.rs:206:            g.edges_of_type(ArtifactEdgeType::EvidenceToCommitment)
crates/amun-constitutional/src/artifact_graph.rs:215:            ArtifactEdgeType::EvidenceToCommitment,
crates/amun-constitutional/src/artifact_graph.rs:219:            ArtifactEdgeType::JournalToEvidence,
crates/amun-constitutional/src/artifact_graph.rs:22:    EvidenceToCommitment,
crates/amun-constitutional/src/artifact_graph.rs:232:            ArtifactEdgeType::EvidenceToCommitment,
crates/amun-constitutional/src/artifact_graph.rs:26:    JournalToEvidence,
crates/amun-constitutional/src/canonical_witness.rs:100:            entry(WitnessType::AuditDependency, [0x04; 32]),
crates/amun-constitutional/src/canonical_witness.rs:104:        assert_eq!(entries[0].witness_type, WitnessType::HardDependency);
crates/amun-constitutional/src/canonical_witness.rs:105:        assert_eq!(entries[3].witness_type, WitnessType::CompressionElidable);
crates/amun-constitutional/src/canonical_witness.rs:10://!   1. WitnessType priority (HardDependency first, then Supporting, Audit, Elidable)
crates/amun-constitutional/src/canonical_witness.rs:111:            entry(WitnessType::HardDependency, [0xCC; 32]),
crates/amun-constitutional/src/canonical_witness.rs:112:            entry(WitnessType::HardDependency, [0xAA; 32]),
crates/amun-constitutional/src/canonical_witness.rs:113:            entry(WitnessType::HardDependency, [0xBB; 32]),
crates/amun-constitutional/src/canonical_witness.rs:11://!   2. Artifact hash (lexicographic) within same WitnessType
crates/amun-constitutional/src/canonical_witness.rs:124:            entry(WitnessType::HardDependency, [0xAA; 32]),
crates/amun-constitutional/src/canonical_witness.rs:125:            entry(WitnessType::HardDependency, [0xBB; 32]),
crates/amun-constitutional/src/canonical_witness.rs:126:            entry(WitnessType::SupportingDependency, [0xCC; 32]),
crates/amun-constitutional/src/canonical_witness.rs:134:            entry(WitnessType::SupportingDependency, [0xAA; 32]),
crates/amun-constitutional/src/canonical_witness.rs:135:            entry(WitnessType::HardDependency, [0xBB; 32]),
crates/amun-constitutional/src/canonical_witness.rs:13:use crate::constitutional_witness::WitnessEntry;
crates/amun-constitutional/src/canonical_witness.rs:142:        use crate::constitutional_witness::ConstitutionalWitness;
crates/amun-constitutional/src/canonical_witness.rs:144:            entry(WitnessType::CompressionElidable, [0x01; 32]),
crates/amun-constitutional/src/canonical_witness.rs:145:            entry(WitnessType::HardDependency, [0x02; 32]),
crates/amun-constitutional/src/canonical_witness.rs:147:        let w = ConstitutionalWitness::new(1, 1, 1, [0xAA; 32], [0xAB; 32], entries);
crates/amun-constitutional/src/canonical_witness.rs:14:use crate::witness_type::WitnessType;
crates/amun-constitutional/src/canonical_witness.rs:155:        use crate::constitutional_witness::ConstitutionalWitness;
crates/amun-constitutional/src/canonical_witness.rs:157:            entry(WitnessType::HardDependency, [0xAA; 32]),
crates/amun-constitutional/src/canonical_witness.rs:158:            entry(WitnessType::SupportingDependency, [0xBB; 32]),
crates/amun-constitutional/src/canonical_witness.rs:160:        let w = ConstitutionalWitness::new(1, 1, 1, [0xAA; 32], [0xAB; 32], entries);
crates/amun-constitutional/src/canonical_witness.rs:1://! Canonical Witness Ordering — deterministic proof surface.
crates/amun-constitutional/src/canonical_witness.rs:23:///   5. Within the same WitnessType, entries are sorted by artifact_hash (lexicographic)
crates/amun-constitutional/src/canonical_witness.rs:27:pub fn canonical_order(entries: &mut [WitnessEntry]) {
crates/amun-constitutional/src/canonical_witness.rs:29:        // Primary sort: WitnessType priority
crates/amun-constitutional/src/canonical_witness.rs:43:fn type_priority(wt: WitnessType) -> u8 {
crates/amun-constitutional/src/canonical_witness.rs:45:        WitnessType::HardDependency => 0,
crates/amun-constitutional/src/canonical_witness.rs:46:        WitnessType::SupportingDependency => 1,
crates/amun-constitutional/src/canonical_witness.rs:47:        WitnessType::AuditDependency => 2,
crates/amun-constitutional/src/canonical_witness.rs:48:        WitnessType::CompressionElidable => 3,
crates/amun-constitutional/src/canonical_witness.rs:55:    witness: &crate::constitutional_witness::ConstitutionalWitness,
crates/amun-constitutional/src/canonical_witness.rs:56:) -> crate::constitutional_witness::ConstitutionalWitness {
crates/amun-constitutional/src/canonical_witness.rs:59:    crate::constitutional_witness::ConstitutionalWitness::new(
crates/amun-constitutional/src/canonical_witness.rs:6://!   - Witness caching and equivalence checking
crates/amun-constitutional/src/canonical_witness.rs:70:pub fn is_canonical(entries: &[WitnessEntry]) -> bool {
crates/amun-constitutional/src/canonical_witness.rs:90:    fn entry(wt: WitnessType, hash: [u8; 32]) -> WitnessEntry {
crates/amun-constitutional/src/canonical_witness.rs:91:        WitnessEntry::new(hash, wt)
crates/amun-constitutional/src/canonical_witness.rs:97:            entry(WitnessType::CompressionElidable, [0x01; 32]),
crates/amun-constitutional/src/canonical_witness.rs:98:            entry(WitnessType::HardDependency, [0x02; 32]),
crates/amun-constitutional/src/canonical_witness.rs:99:            entry(WitnessType::SupportingDependency, [0x03; 32]),
crates/amun-constitutional/src/canonical_witness.rs:9://! RULE: Witness entries are ordered canonically by:
crates/amun-constitutional/src/certificate_scope.rs:174:    fn make_scope(start: u64, end: u64, outcome: ReplayOutcome) -> CertificateScope {
crates/amun-constitutional/src/certificate_scope.rs:188:        let s1 = make_scope(0, 99, ReplayOutcome::Admitted);
crates/amun-constitutional/src/certificate_scope.rs:189:        let s2 = make_scope(0, 99, ReplayOutcome::Admitted);
crates/amun-constitutional/src/certificate_scope.rs:196:        let narrow = make_scope(0, 49, ReplayOutcome::Admitted);
crates/amun-constitutional/src/certificate_scope.rs:197:        let broad = make_scope(0, 99, ReplayOutcome::Admitted);
crates/amun-constitutional/src/certificate_scope.rs:19:use crate::replay_outcome::ReplayOutcome;
crates/amun-constitutional/src/certificate_scope.rs:203:        let narrow = make_scope(0, 49, ReplayOutcome::Admitted);
crates/amun-constitutional/src/certificate_scope.rs:204:        let broad = make_scope(0, 99, ReplayOutcome::Divergent);
crates/amun-constitutional/src/certificate_scope.rs:213:        let s1 = make_scope(0, 99, ReplayOutcome::Admitted);
crates/amun-constitutional/src/certificate_scope.rs:214:        let mut s2 = make_scope(0, 99, ReplayOutcome::Admitted);
crates/amun-constitutional/src/certificate_scope.rs:222:        let s1 = make_scope(0, 50, ReplayOutcome::Admitted);
crates/amun-constitutional/src/certificate_scope.rs:223:        let s2 = make_scope(25, 75, ReplayOutcome::Divergent);
crates/amun-constitutional/src/certificate_scope.rs:229:        let scope = make_scope(10, 20, ReplayOutcome::Admitted);
crates/amun-constitutional/src/certificate_scope.rs:240:            make_scope(0, 99, ReplayOutcome::Admitted).span_length(),
crates/amun-constitutional/src/certificate_scope.rs:244:            make_scope(10, 20, ReplayOutcome::Admitted).span_length(),
crates/amun-constitutional/src/certificate_scope.rs:251:        let parent = make_scope(0, 99, ReplayOutcome::Admitted);
crates/amun-constitutional/src/certificate_scope.rs:252:        let child = make_scope(0, 49, ReplayOutcome::Admitted);
crates/amun-constitutional/src/certificate_scope.rs:258:        let parent = make_scope(0, 99, ReplayOutcome::Admitted);
crates/amun-constitutional/src/certificate_scope.rs:259:        let mut child = make_scope(0, 49, ReplayOutcome::Admitted);
crates/amun-constitutional/src/certificate_scope.rs:266:        let s1 = make_scope(0, 99, ReplayOutcome::Admitted);
crates/amun-constitutional/src/certificate_scope.rs:267:        let s2 = make_scope(0, 99, ReplayOutcome::Admitted);
crates/amun-constitutional/src/certificate_scope.rs:273:        let s1 = make_scope(0, 99, ReplayOutcome::Admitted);
crates/amun-constitutional/src/certificate_scope.rs:274:        let s2 = make_scope(0, 49, ReplayOutcome::Admitted);
crates/amun-constitutional/src/certificate_scope.rs:59:    /// Replay revision this certificate was issued under.
crates/amun-constitutional/src/certificate_scope.rs:66:    pub outcome: ReplayOutcome,
crates/amun-constitutional/src/constitutional_witness.rs:106:impl ConstitutionalObject for ConstitutionalWitness {
crates/amun-constitutional/src/constitutional_witness.rs:141:                "Witness must contain at least one entry",
crates/amun-constitutional/src/constitutional_witness.rs:154:                "Witness hash mismatch",
crates/amun-constitutional/src/constitutional_witness.rs:18:use crate::witness_type::WitnessType;
crates/amun-constitutional/src/constitutional_witness.rs:198:impl ConstitutionalWitness {
crates/amun-constitutional/src/constitutional_witness.rs:1://! ConstitutionalWitness — a formally sufficient constitutional proof surface.
crates/amun-constitutional/src/constitutional_witness.rs:205:        entries: Vec<WitnessEntry>,
crates/amun-constitutional/src/constitutional_witness.rs:22:pub struct WitnessEntry {
crates/amun-constitutional/src/constitutional_witness.rs:237:    pub fn minimal_subset(&self) -> Vec<&WitnessEntry> {
crates/amun-constitutional/src/constitutional_witness.rs:242:    pub fn compressed_subset(&self) -> Vec<&WitnessEntry> {
crates/amun-constitutional/src/constitutional_witness.rs:257:            WitnessEntry::hard([0xAA; 32]),
crates/amun-constitutional/src/constitutional_witness.rs:258:            WitnessEntry::supporting([0xBB; 32]),
crates/amun-constitutional/src/constitutional_witness.rs:259:            WitnessEntry::audit([0xCC; 32]),
crates/amun-constitutional/src/constitutional_witness.rs:261:        let w = ConstitutionalWitness::new(1, 1, 1, [0xDD; 32], [0xAB; 32], entries);
crates/amun-constitutional/src/constitutional_witness.rs:26:    pub witness_type: WitnessType,
crates/amun-constitutional/src/constitutional_witness.rs:270:            WitnessEntry::hard([0xAA; 32]),
crates/amun-constitutional/src/constitutional_witness.rs:271:            WitnessEntry::hard([0xBB; 32]),
crates/amun-constitutional/src/constitutional_witness.rs:272:            WitnessEntry::supporting([0xCC; 32]),
crates/amun-constitutional/src/constitutional_witness.rs:273:            WitnessEntry::elidable([0xDD; 32]),
crates/amun-constitutional/src/constitutional_witness.rs:275:        let w = ConstitutionalWitness::new(1, 1, 1, [0xEE; 32], [0xAB; 32], entries);
crates/amun-constitutional/src/constitutional_witness.rs:284:            WitnessEntry::hard([0xAA; 32]),
crates/amun-constitutional/src/constitutional_witness.rs:285:            WitnessEntry::elidable([0xBB; 32]),
crates/amun-constitutional/src/constitutional_witness.rs:286:            WitnessEntry::elidable([0xCC; 32]),
crates/amun-constitutional/src/constitutional_witness.rs:288:        let w = ConstitutionalWitness::new(1, 1, 1, [0xDD; 32], [0xAB; 32], entries);
crates/amun-constitutional/src/constitutional_witness.rs:296:        let w = ConstitutionalWitness::new(1, 1, 1, [0xDD; 32], [0xAB; 32], vec![]);
crates/amun-constitutional/src/constitutional_witness.rs:302:        let entries = vec![WitnessEntry::hard([0xAA; 32])];
crates/amun-constitutional/src/constitutional_witness.rs:303:        let mut w = ConstitutionalWitness::new(1, 1, 1, [0xDD; 32], [0xAB; 32], entries);
crates/amun-constitutional/src/constitutional_witness.rs:312:            WitnessEntry::hard([0xAA; 32]),
crates/amun-constitutional/src/constitutional_witness.rs:313:            WitnessEntry::supporting([0xBB; 32]),
crates/amun-constitutional/src/constitutional_witness.rs:315:        let w1 = ConstitutionalWitness::new(1, 1, 1, [0xDD; 32], [0xAB; 32], e1);
crates/amun-constitutional/src/constitutional_witness.rs:317:            WitnessEntry::hard([0xAA; 32]),
crates/amun-constitutional/src/constitutional_witness.rs:318:            WitnessEntry::supporting([0xBB; 32]),
crates/amun-constitutional/src/constitutional_witness.rs:31:impl WitnessEntry {
crates/amun-constitutional/src/constitutional_witness.rs:320:        let w2 = ConstitutionalWitness::new(1, 1, 1, [0xDD; 32], [0xAB; 32], e2);
crates/amun-constitutional/src/constitutional_witness.rs:327:            WitnessEntry::hard([0xAA; 32]),
crates/amun-constitutional/src/constitutional_witness.rs:328:            WitnessEntry::supporting([0xBB; 32]),
crates/amun-constitutional/src/constitutional_witness.rs:32:    pub fn new(artifact_hash: ConstitutionalHash, witness_type: WitnessType) -> Self {
crates/amun-constitutional/src/constitutional_witness.rs:331:            WitnessEntry::supporting([0xBB; 32]),
crates/amun-constitutional/src/constitutional_witness.rs:332:            WitnessEntry::hard([0xAA; 32]),
crates/amun-constitutional/src/constitutional_witness.rs:334:        let w1 = ConstitutionalWitness::new(1, 1, 1, [0xDD; 32], [0xAB; 32], e1);
crates/amun-constitutional/src/constitutional_witness.rs:335:        let w2 = ConstitutionalWitness::new(1, 1, 1, [0xDD; 32], [0xAB; 32], e2);
crates/amun-constitutional/src/constitutional_witness.rs:41:        Self::new(artifact_hash, WitnessType::HardDependency)
crates/amun-constitutional/src/constitutional_witness.rs:45:        Self::new(artifact_hash, WitnessType::SupportingDependency)
crates/amun-constitutional/src/constitutional_witness.rs:49:        Self::new(artifact_hash, WitnessType::AuditDependency)
crates/amun-constitutional/src/constitutional_witness.rs:53:        Self::new(artifact_hash, WitnessType::CompressionElidable)
crates/amun-constitutional/src/constitutional_witness.rs:66:pub struct ConstitutionalWitness {
crates/amun-constitutional/src/constitutional_witness.rs:6://! INVARIANT: Every artifact in the witness has a defined WitnessType.
crates/amun-constitutional/src/constitutional_witness.rs:76:    pub entries: Vec<WitnessEntry>,
crates/amun-constitutional/src/constitutional_witness.rs:91:impl ConstitutionalIdentity for ConstitutionalWitness {
crates/amun-constitutional/src/divergence_point.rs:222:            DivergenceType::ReplayError,
crates/amun-constitutional/src/divergence_type.rs:20:    ReplayError = 0x02,
crates/amun-constitutional/src/divergence_type.rs:60:            DivergenceType::ReplayError | DivergenceType::BoundaryViolation
crates/amun-constitutional/src/divergence_type.rs:81:        assert!(DivergenceType::ReplayError.is_error());
crates/amun-constitutional/src/divergence_type.rs:88:        assert!(!DivergenceType::ReplayError.is_ambiguous());
crates/amun-constitutional/src/execution_journal.rs:247:                "Replay revision mismatch",
crates/amun-constitutional/src/execution_limits.rs:25:pub struct InvariantLimits {
crates/amun-constitutional/src/execution_limits.rs:44:    pub replay: ReplayLimits,
crates/amun-constitutional/src/execution_limits.rs:47:    pub invariant: InvariantLimits,
crates/amun-constitutional/src/execution_limits.rs:63:            replay: ReplayLimits {
crates/amun-constitutional/src/execution_limits.rs:78:            invariant: InvariantLimits {
crates/amun-constitutional/src/execution_limits.rs:7:pub struct ReplayLimits {
crates/amun-constitutional/src/execution_receipt.rs:15://!   The certificate_hash links to a ReplayCertificate that attests
crates/amun-constitutional/src/execution_receipt.rs:180:        replay_outcome: ReplayOutcome,
crates/amun-constitutional/src/execution_receipt.rs:236:            ReplayOutcome::Admitted,
crates/amun-constitutional/src/execution_receipt.rs:26:use crate::replay_outcome::ReplayOutcome;
crates/amun-constitutional/src/execution_receipt.rs:278:            ReplayOutcome::ConstitutionalFailure,
crates/amun-constitutional/src/execution_receipt.rs:292:            ReplayOutcome::ConstitutionalFailure,
crates/amun-constitutional/src/execution_receipt.rs:42:/// `certificate_hash` links to a ReplayCertificate. The certificate model
crates/amun-constitutional/src/execution_receipt.rs:44:/// admissible, not that it achieved finality. Finality is a consensus concern
crates/amun-constitutional/src/execution_receipt.rs:80:    pub replay_outcome: ReplayOutcome,
crates/amun-constitutional/src/hash_domain_registry.rs:48:    /// Witness + proof domains
crates/amun-constitutional/src/hash_domains.rs:33:/// Domain: TransitionEvidence objects
crates/amun-constitutional/src/hash_domains.rs:39:/// Domain: ReplayOutcome objects
crates/amun-constitutional/src/hash_domains.rs:45:/// Domain: ReplayCertificate objects
crates/amun-constitutional/src/kernel_types.rs:14:pub struct ReplayFailure {
crates/amun-constitutional/src/kernel_types.rs:16:    pub domain: ReplayDomain,
crates/amun-constitutional/src/kernel_types.rs:21:pub struct ReplayPolicy {
crates/amun-constitutional/src/kernel_types.rs:27:impl Default for ReplayPolicy {
crates/amun-constitutional/src/kernel_types.rs:41:    pub domain: ReplayDomain,
crates/amun-constitutional/src/kernel_types.rs:6:pub enum ReplayDomain {
crates/amun-constitutional/src/lib.rs:107:pub use constitutional_witness::{ConstitutionalWitness, WitnessEntry};
crates/amun-constitutional/src/lib.rs:121:pub use replay_certificate::ReplayCertificate;
crates/amun-constitutional/src/lib.rs:122:pub use replay_outcome::ReplayOutcome;
crates/amun-constitutional/src/lib.rs:131:pub use transition_evidence::TransitionEvidence;
crates/amun-constitutional/src/lib.rs:132:pub use witness_type::WitnessType;
crates/amun-constitutional/src/lib.rs:80:// Witness semantics
crates/amun-constitutional/src/replay_certificate.rs:130:impl ReplayCertificate {
crates/amun-constitutional/src/replay_certificate.rs:139:        outcome: crate::replay_outcome::ReplayOutcome,
crates/amun-constitutional/src/replay_certificate.rs:170:    pub fn outcome(&self) -> crate::replay_outcome::ReplayOutcome {
crates/amun-constitutional/src/replay_certificate.rs:179:        parent: &ReplayCertificate,
crates/amun-constitutional/src/replay_certificate.rs:18:pub struct ReplayCertificate {
crates/amun-constitutional/src/replay_certificate.rs:197:    use crate::replay_outcome::ReplayOutcome;
crates/amun-constitutional/src/replay_certificate.rs:1://! ReplayCertificate — cryptographically scoped admissibility envelope.
crates/amun-constitutional/src/replay_certificate.rs:203:        outcome: ReplayOutcome,
crates/amun-constitutional/src/replay_certificate.rs:205:    ) -> ReplayCertificate {
crates/amun-constitutional/src/replay_certificate.rs:206:        ReplayCertificate::new(
crates/amun-constitutional/src/replay_certificate.rs:213:        assert!(mc(1, 0, 99, ReplayOutcome::Admitted, None).verify().is_ok());
crates/amun-constitutional/src/replay_certificate.rs:218:            mc(1, 0, 99, ReplayOutcome::Admitted, None).certificate_hash,
crates/amun-constitutional/src/replay_certificate.rs:219:            mc(1, 0, 99, ReplayOutcome::Admitted, None).certificate_hash
crates/amun-constitutional/src/replay_certificate.rs:225:            mc(1, 0, 49, ReplayOutcome::Admitted, None).certificate_hash,
crates/amun-constitutional/src/replay_certificate.rs:226:            mc(1, 0, 99, ReplayOutcome::Admitted, None).certificate_hash
crates/amun-constitutional/src/replay_certificate.rs:232:            mc(1, 0, 99, ReplayOutcome::Admitted, None).certificate_hash,
crates/amun-constitutional/src/replay_certificate.rs:233:            mc(1, 0, 99, ReplayOutcome::Divergent, None).certificate_hash
crates/amun-constitutional/src/replay_certificate.rs:238:        let p = mc(1, 0, 99, ReplayOutcome::Admitted, None);
crates/amun-constitutional/src/replay_certificate.rs:239:        let c = mc(2, 0, 49, ReplayOutcome::Admitted, Some(p.certificate_hash));
crates/amun-constitutional/src/replay_certificate.rs:246:        let p = mc(1, 0, 99, ReplayOutcome::Admitted, None);
crates/amun-constitutional/src/replay_certificate.rs:247:        let c = ReplayCertificate::new(
crates/amun-constitutional/src/replay_certificate.rs:255:            ReplayOutcome::Admitted,
crates/amun-constitutional/src/replay_certificate.rs:265:        let mut c = mc(1, 100, 50, ReplayOutcome::Admitted, None);
crates/amun-constitutional/src/replay_certificate.rs:271:        let mut c = mc(1, 0, 99, ReplayOutcome::Admitted, None);
crates/amun-constitutional/src/replay_certificate.rs:32:impl ConstitutionalIdentity for ReplayCertificate {
crates/amun-constitutional/src/replay_certificate.rs:47:impl ConstitutionalObject for ReplayCertificate {
crates/amun-constitutional/src/replay_outcome.rs:15:pub enum ReplayOutcome {
crates/amun-constitutional/src/replay_outcome.rs:1://! ReplayOutcome — constitutional admissibility result.
crates/amun-constitutional/src/replay_outcome.rs:29:impl ReplayOutcome {
crates/amun-constitutional/src/replay_outcome.rs:40:        matches!(self, ReplayOutcome::Admitted)
crates/amun-constitutional/src/replay_outcome.rs:56:            ReplayOutcome::Admitted.outcome_hash(),
crates/amun-constitutional/src/replay_outcome.rs:57:            ReplayOutcome::Admitted.outcome_hash()
crates/amun-constitutional/src/replay_outcome.rs:64:            ReplayOutcome::Admitted.outcome_hash(),
crates/amun-constitutional/src/replay_outcome.rs:65:            ReplayOutcome::Divergent.outcome_hash()
crates/amun-constitutional/src/replay_outcome.rs:71:        assert!(ReplayOutcome::Admitted.is_admitted());
crates/amun-constitutional/src/replay_outcome.rs:72:        assert!(!ReplayOutcome::Divergent.is_admitted());
crates/amun-constitutional/src/replay_outcome.rs:73:        assert!(!ReplayOutcome::BoundaryViolation.is_admitted());
crates/amun-constitutional/src/replay_outcome.rs:74:        assert!(!ReplayOutcome::ConstitutionalFailure.is_admitted());
crates/amun-constitutional/src/replay_outcome.rs:79:        assert!(!ReplayOutcome::Admitted.is_failure());
crates/amun-constitutional/src/replay_outcome.rs:80:        assert!(ReplayOutcome::Divergent.is_failure());
crates/amun-constitutional/src/replay_outcome.rs:81:        assert!(ReplayOutcome::BoundaryViolation.is_failure());
crates/amun-constitutional/src/replay_outcome.rs:82:        assert!(ReplayOutcome::ConstitutionalFailure.is_failure());
crates/amun-constitutional/src/schema_registry.rs:61:    /// TransitionEvidence
crates/amun-constitutional/src/schema_registry.rs:69:    /// ReplayCertificate
crates/amun-constitutional/src/schema_registry.rs:83:    /// CausalEdge — FIXED: was 0x0014 colliding with ConstitutionalWitness
crates/amun-constitutional/src/schema_registry.rs:85:    /// ConstitutionalWitness — FIXED: now 0x0015 (was 0x0014)
crates/amun-constitutional/src/snapshot.rs:11://!   Replay → StateAnchor → Snapshot
crates/amun-constitutional/src/snapshot_scope.rs:79:    /// Replay revision active for this scope.
crates/amun-constitutional/src/state_anchor.rs:13://! INVARIANT (Replay-Derived State Identity):
crates/amun-constitutional/src/state_anchor_scope.rs:50:    /// Replay revision active for this scope.
crates/amun-constitutional/src/transition_evidence.rs:129:        let e = TransitionEvidence::new(1, [0xAB; 32], [0xBB; 32], [0xCC; 32], 0, None, [0xDD; 32]);
crates/amun-constitutional/src/transition_evidence.rs:26:impl ConstitutionalIdentity for TransitionEvidence {
crates/amun-constitutional/src/transition_evidence.rs:41:impl ConstitutionalObject for TransitionEvidence {
crates/amun-constitutional/src/transition_evidence.rs:93:impl TransitionEvidence {
crates/amun-constitutional/src/transition_evidence.rs:9:pub struct TransitionEvidence {
crates/amun-constitutional/src/witness_type.rs:13:pub enum WitnessType {
crates/amun-constitutional/src/witness_type.rs:1://! WitnessType — classifies artifacts within a constitutional witness.
crates/amun-constitutional/src/witness_type.rs:34:impl WitnessType {
crates/amun-constitutional/src/witness_type.rs:43:        matches!(self, WitnessType::HardDependency)
crates/amun-constitutional/src/witness_type.rs:48:        matches!(self, WitnessType::CompressionElidable)
crates/amun-constitutional/src/witness_type.rs:56:            WitnessType::AuditDependency | WitnessType::CompressionElidable
crates/amun-constitutional/src/witness_type.rs:66:        assert!(WitnessType::HardDependency.is_required());
crates/amun-constitutional/src/witness_type.rs:67:        assert!(!WitnessType::SupportingDependency.is_required());
crates/amun-constitutional/src/witness_type.rs:68:        assert!(!WitnessType::AuditDependency.is_required());
crates/amun-constitutional/src/witness_type.rs:69:        assert!(!WitnessType::CompressionElidable.is_required());
crates/amun-constitutional/src/witness_type.rs:73:        assert!(WitnessType::CompressionElidable.is_elidable());
crates/amun-constitutional/src/witness_type.rs:74:        assert!(!WitnessType::HardDependency.is_elidable());
crates/amun-constitutional/src/witness_type.rs:78:        assert!(WitnessType::AuditDependency.is_non_essential());
crates/amun-constitutional/src/witness_type.rs:79:        assert!(WitnessType::CompressionElidable.is_non_essential());
crates/amun-constitutional/src/witness_type.rs:80:        assert!(!WitnessType::HardDependency.is_non_essential());
crates/amun-contract-fuzzing/src/lib.rs:133:        let mut reg = ResourceRegistry::new(100);
crates/amun-contract-fuzzing/src/lib.rs:4:use amun_resource_core::{ResourceId, ResourceRegistry};
crates/amun-contract-fuzzing/src/lib.rs:61:        let mut reg = ResourceRegistry::new(100);
crates/amun-contract-fuzzing/src/lib.rs:89:        let mut reg = ResourceRegistry::new(100);
crates/amun-contract-fuzzing/tests/n171_fuzzing_tests.rs:12:        "Evidence mismatches: {}",
crates/amun-contract-fuzzing/tests/n171_fuzzing_tests.rs:30:        "Evidence mismatches: {}",
crates/amun-contract-fuzzing/tests/n171_fuzzing_tests.rs:47:        "Evidence mismatches: {}",
crates/amun-contract-integration/src/lib.rs:14:        registry: &mut ResourceRegistry,
crates/amun-contract-integration/src/lib.rs:31:            lineage: ResourceLineage::genesis(contract_id),
crates/amun-contract-integration/src/lib.rs:45:        registry: &mut ResourceRegistry,
crates/amun-contract-integration/src/lib.rs:5:    RegistryError, ResourceArchetype, ResourceId, ResourceLineage, ResourceMetadata,
crates/amun-contract-integration/src/lib.rs:6:    ResourceRegistry, ResourceState,
crates/amun-contract-integration/src/lib.rs:93:    pub fn compute_contract_evidence_root(registry: &ResourceRegistry) -> [u8; 32] {
crates/amun-contract-integration/tests/n167_contract_integration_tests.rs:39:    let mut reg1 = ResourceRegistry::new(100);
crates/amun-contract-integration/tests/n167_contract_integration_tests.rs:3:use amun_resource_core::{ResourceId, ResourceRegistry};
crates/amun-contract-integration/tests/n167_contract_integration_tests.rs:40:    let mut reg2 = ResourceRegistry::new(100);
crates/amun-contract-integration/tests/n167_contract_integration_tests.rs:53:    let mut reg = ResourceRegistry::new(100);
crates/amun-contract-integration/tests/n167_contract_integration_tests.rs:61:    let mut reg = ResourceRegistry::new(100);
crates/amun-contract-integration/tests/n167_contract_integration_tests.rs:7:    let mut reg = ResourceRegistry::new(100);
crates/amun-contract-integration/tests/n169_contract_nft_defi_tests.rs:10:    let mut reg = ResourceRegistry::new(100);
crates/amun-contract-integration/tests/n169_contract_nft_defi_tests.rs:25:        lineage: ResourceLineage::genesis(col_id),
crates/amun-contract-integration/tests/n169_contract_nft_defi_tests.rs:40:            lineage: ResourceLineage::single_ancestor(token_id, col_id, parent_hash, version),
crates/amun-contract-integration/tests/n169_contract_nft_defi_tests.rs:4:    ResourceArchetype, ResourceId, ResourceLineage, ResourceMetadata, ResourceRegistry,
crates/amun-contract-integration/tests/n169_contract_nft_defi_tests.rs:54:    let mut reg = ResourceRegistry::new(100);
crates/amun-contract-integration/tests/n169_contract_nft_defi_tests.rs:74:    let mut reg1 = ResourceRegistry::new(100);
crates/amun-contract-integration/tests/n169_contract_nft_defi_tests.rs:75:    let mut reg2 = ResourceRegistry::new(100);
crates/amun-contract-integration/tests/n172_cross_contract_tests.rs:33:    let mut reg = ResourceRegistry::new(100);
crates/amun-contract-integration/tests/n172_cross_contract_tests.rs:3:use amun_resource_core::{ResourceId, ResourceRegistry};
crates/amun-contract-integration/tests/n172_cross_contract_tests.rs:7:    let mut reg = ResourceRegistry::new(100);
crates/amun-contract-registry/src/lib.rs:40:        registry: &mut ResourceRegistry,
crates/amun-contract-registry/src/lib.rs:50:            lineage: ResourceLineage::genesis(contract_id),
crates/amun-contract-registry/src/lib.rs:6:    ResourceArchetype, ResourceId, ResourceLineage, ResourceMetadata, ResourceRegistry,
crates/amun-contract-sdk/src/lib.rs:14:            registry: ResourceRegistry::new(1000),
crates/amun-contract-sdk/src/lib.rs:4:use amun_resource_core::{RegistryError, ResourceArchetype, ResourceId, ResourceRegistry};
crates/amun-contract-sdk/src/lib.rs:7:    pub registry: ResourceRegistry,
crates/amun-contract-security/src/lib.rs:104:    let mut reg1 = ResourceRegistry::new(100);
crates/amun-contract-security/src/lib.rs:105:    let mut reg2 = ResourceRegistry::new(100);
crates/amun-contract-security/src/lib.rs:123:    let mut reg = ResourceRegistry::new(100);
crates/amun-contract-security/src/lib.rs:135:    let mut reg = ResourceRegistry::new(100);
crates/amun-contract-security/src/lib.rs:13:    let mut reg = ResourceRegistry::new(100);
crates/amun-contract-security/src/lib.rs:146:        details: "Evidence root consistent".into(),
crates/amun-contract-security/src/lib.rs:49:    let mut reg = ResourceRegistry::new(100);
crates/amun-contract-security/src/lib.rs:4:use amun_resource_core::{ResourceId, ResourceRegistry};
crates/amun-contract-security/src/lib.rs:82:    let mut reg = ResourceRegistry::new(100);
crates/amun-contract-upgrade/src/lib.rs:16:        _registry: &mut ResourceRegistry,
crates/amun-contract-upgrade/src/lib.rs:3:use amun_resource_core::{RegistryError, ResourceArchetype, ResourceId, ResourceRegistry};
crates/amun-contract-upgrade/tests/n174_upgrade_tests.rs:5:use amun_resource_core::ResourceRegistry;
crates/amun-contract-upgrade/tests/n174_upgrade_tests.rs:9:    let mut reg = ResourceRegistry::new(100);
crates/amun-core-optimization/src/lib.rs:10:    pub registry: ResourceRegistry,
crates/amun-core-optimization/src/lib.rs:18:            registry: ResourceRegistry::new(max_lineage_depth),
crates/amun-core-optimization/src/lib.rs:1:use amun_resource_core::ResourceRegistry;
crates/amun-core-optimization/tests/n161_optimization_tests.rs:11:    let mut reg = ResourceRegistry::new(20000);
crates/amun-core-optimization/tests/n161_optimization_tests.rs:21:                lineage: ResourceLineage::genesis(col_id),
crates/amun-core-optimization/tests/n161_optimization_tests.rs:36:            lineage: ResourceLineage::single_ancestor(token_id, col_id, parent_hash, version),
crates/amun-core-optimization/tests/n161_optimization_tests.rs:3:    ResourceArchetype, ResourceId, ResourceLineage, ResourceMetadata, ResourceRegistry,
crates/amun-cross-contract/src/transfer_registry.rs:114:            ConstitutionalEvidence::ConstitutionalViolation { law, .. } => {
crates/amun-cross-contract/src/transfer_registry.rs:28:    ) -> Result<(), Box<ConstitutionalEvidence>> {
crates/amun-cross-contract/src/transfer_registry.rs:30:            return Err(Box::new(ConstitutionalEvidence::ConstitutionalViolation {
crates/amun-cross-contract/src/transfer_registry.rs:3:use amun_evidence_engine::evidence_types::ConstitutionalEvidence;
crates/amun-crypto-hardening/src/anti_replay.rs:11:impl AntiReplayGuard {
crates/amun-crypto-hardening/src/anti_replay.rs:54:        let mut guard = AntiReplayGuard::new(100);
crates/amun-crypto-hardening/src/anti_replay.rs:60:        let mut guard = AntiReplayGuard::new(100);
crates/amun-crypto-hardening/src/anti_replay.rs:68:        let mut guard = AntiReplayGuard::new(10);
crates/amun-crypto-hardening/src/anti_replay.rs:6:pub struct AntiReplayGuard {
crates/amun-defi-amm/src/lib.rs:27:        registry: &mut ResourceRegistry,
crates/amun-defi-amm/src/lib.rs:38:            lineage: ResourceLineage::genesis(pool_id),
crates/amun-defi-amm/src/lib.rs:3:    RegistryError, ResourceArchetype, ResourceId, ResourceLineage, ResourceMetadata,
crates/amun-defi-amm/src/lib.rs:4:    ResourceRegistry, ResourceState,
crates/amun-defi-amm/tests/n153_amm_tests.rs:20:    let mut reg1 = ResourceRegistry::new(100);
crates/amun-defi-amm/tests/n153_amm_tests.rs:21:    let mut reg2 = ResourceRegistry::new(100);
crates/amun-defi-amm/tests/n153_amm_tests.rs:2:use amun_resource_core::ResourceRegistry;
crates/amun-defi-amm/tests/n153_amm_tests.rs:37:    let mut reg = ResourceRegistry::new(100);
crates/amun-defi-amm/tests/n153_amm_tests.rs:6:    let mut reg = ResourceRegistry::new(100);
crates/amun-defi-evidence/src/lib.rs:3:pub struct DefiEvidence;
crates/amun-defi-evidence/src/lib.rs:5:impl DefiEvidence {
crates/amun-defi-evidence/tests/n153_evidence_tests.rs:12:    let e1 = DefiEvidence::generate_swap_evidence([1u8; 32], [10u8; 32], 100, 90, 42);
crates/amun-defi-evidence/tests/n153_evidence_tests.rs:13:    let e2 = DefiEvidence::generate_swap_evidence([1u8; 32], [10u8; 32], 200, 180, 42);
crates/amun-defi-evidence/tests/n153_evidence_tests.rs:19:    let e1 = DefiEvidence::generate_liquidity_evidence([2u8; 32], [20u8; 32], 500, 500, 1000, 10);
crates/amun-defi-evidence/tests/n153_evidence_tests.rs:1:use amun_defi_evidence::DefiEvidence;
crates/amun-defi-evidence/tests/n153_evidence_tests.rs:20:    let e2 = DefiEvidence::generate_liquidity_evidence([2u8; 32], [20u8; 32], 500, 500, 1000, 10);
crates/amun-defi-evidence/tests/n153_evidence_tests.rs:5:    let e1 = DefiEvidence::generate_swap_evidence([1u8; 32], [10u8; 32], 100, 90, 42);
crates/amun-defi-evidence/tests/n153_evidence_tests.rs:6:    let e2 = DefiEvidence::generate_swap_evidence([1u8; 32], [10u8; 32], 100, 90, 42);
crates/amun-defi-lending-engine/src/lib.rs:2:use amun_resource_core::{RegistryError, ResourceId, ResourceRegistry};
crates/amun-defi-lending-engine/src/lib.rs:38:        _registry: &mut ResourceRegistry,
crates/amun-defi-lending-engine/tests/n154_lending_tests.rs:10:            &mut amun_resource_core::ResourceRegistry::new(100),
crates/amun-defi-lending-engine/tests/n154_lending_tests.rs:30:            &mut amun_resource_core::ResourceRegistry::new(100),
crates/amun-defi-lending-engine/tests/n154_lending_tests.rs:49:            &mut amun_resource_core::ResourceRegistry::new(100),
crates/amun-defi-lending-engine/tests/n154_lending_tests.rs:68:            &mut amun_resource_core::ResourceRegistry::new(100),
crates/amun-defi-lending-engine/tests/n154_lending_tests.rs:88:            &mut amun_resource_core::ResourceRegistry::new(100),
crates/amun-defi-lending-engine/tests/n154_lending_tests.rs:99:            &mut amun_resource_core::ResourceRegistry::new(100),
crates/amun-defi-lending-evidence/src/lib.rs:3:pub struct LendingEvidence;
crates/amun-defi-lending-evidence/src/lib.rs:5:impl LendingEvidence {
crates/amun-defi-stablecoin/src/lib.rs:1:use amun_resource_core::{RegistryError, ResourceId, ResourceRegistry};
crates/amun-defi-stablecoin/src/lib.rs:34:        _registry: &mut ResourceRegistry,
crates/amun-defi-stablecoin/tests/n155_stablecoin_tests.rs:17:    let mut reg = ResourceRegistry::new(10);
crates/amun-defi-stablecoin/tests/n155_stablecoin_tests.rs:25:    let mut reg1 = ResourceRegistry::new(10);
crates/amun-defi-stablecoin/tests/n155_stablecoin_tests.rs:26:    let mut reg2 = ResourceRegistry::new(10);
crates/amun-defi-stablecoin/tests/n155_stablecoin_tests.rs:2:use amun_resource_core::ResourceRegistry;
crates/amun-defi-stablecoin/tests/n155_stablecoin_tests.rs:6:    let mut reg = ResourceRegistry::new(10);
crates/amun-defi-stress/src/lib.rs:106:        let mut reg = ResourceRegistry::new(100);
crates/amun-defi-stress/src/lib.rs:130:        let mut reg = ResourceRegistry::new(100);
crates/amun-defi-stress/src/lib.rs:137:            lineage: ResourceLineage::genesis(token_id),
crates/amun-defi-stress/src/lib.rs:43:        let mut reg = ResourceRegistry::new(1000);
crates/amun-defi-stress/src/lib.rs:6:    ResourceArchetype, ResourceId, ResourceLineage, ResourceMetadata, ResourceRegistry,
crates/amun-defi-stress/src/lib.rs:73:        let mut reg = ResourceRegistry::new(1000);
crates/amun-dual-verification/src/dual_verifier.rs:17:        registry: &mut ResourceRegistry,
crates/amun-dual-verification/src/dual_verifier.rs:18:        invariants: &[InvariantDeclaration],
crates/amun-dual-verification/src/dual_verifier.rs:3:use amun_invariant_engine::invariant_types::InvariantDeclaration;
crates/amun-dual-verification/src/dual_verifier.rs:41:                // Build enhanced proof for PCCV
crates/amun-dual-verification/src/dual_verifier.rs:42:                let enhanced_proof = PCCVEngine::build_proof(
crates/amun-dual-verification/src/dual_verifier.rs:4:use amun_pccv::pccv_verifier::{PCCVResult, PCCVVerifier};
crates/amun-dual-verification/src/dual_verifier.rs:53:                let pccv_result = PCCVVerifier::verify(&enhanced_proof, registry);
crates/amun-dual-verification/src/dual_verifier.rs:54:                Ok(pccv_verified && matches!(pccv_result, PCCVResult::Verified { .. }))
crates/amun-dual-verification/src/dual_verifier.rs:5:use amun_pccv::transition_proof_engine::TransitionProofEngine as PCCVEngine;
crates/amun-dual-verification/src/dual_verifier.rs:8:use amun_resource_core::ResourceRegistry;
crates/amun-entropy-transcript/src/source.rs:10:    Replay,
crates/amun-evidence-engine/src/evidence_archive.rs:12:impl VMEvidenceArchive {
crates/amun-evidence-engine/src/evidence_archive.rs:17:    pub fn insert(&mut self, evidence: ConstitutionalEvidence) -> [u8; 32] {
crates/amun-evidence-engine/src/evidence_archive.rs:23:    pub fn get(&self, id: &[u8; 32]) -> Option<&ConstitutionalEvidence> {
crates/amun-evidence-engine/src/evidence_archive.rs:31:    pub fn by_category(&self, category: &str) -> Vec<&ConstitutionalEvidence> {
crates/amun-evidence-engine/src/evidence_archive.rs:38:    pub fn violations(&self) -> Vec<&ConstitutionalEvidence> {
crates/amun-evidence-engine/src/evidence_archive.rs:3:use crate::evidence_types::ConstitutionalEvidence;
crates/amun-evidence-engine/src/evidence_archive.rs:41:            .filter(|e| matches!(e, ConstitutionalEvidence::ConstitutionalViolation { .. }))
crates/amun-evidence-engine/src/evidence_archive.rs:45:    pub fn failures(&self) -> Vec<&ConstitutionalEvidence> {
crates/amun-evidence-engine/src/evidence_archive.rs:48:            .filter(|e| matches!(e, ConstitutionalEvidence::ExecutionFailure { .. }))
crates/amun-evidence-engine/src/evidence_archive.rs:6:/// In production, this integrates with the full N47 EvidenceArchive.
crates/amun-evidence-engine/src/evidence_archive.rs:8:pub struct VMEvidenceArchive {
crates/amun-evidence-engine/src/evidence_archive.rs:9:    records: BTreeMap<[u8; 32], ConstitutionalEvidence>,
crates/amun-evidence-engine/src/evidence_engine.rs:102:        let mut archive = VMEvidenceArchive::new();
crates/amun-evidence-engine/src/evidence_engine.rs:103:        let evidence = ConstitutionalEvidence::ExecutionFailure {
crates/amun-evidence-engine/src/evidence_engine.rs:119:        let e1 = ConstitutionalEvidence::ExecutionFailure {
crates/amun-evidence-engine/src/evidence_engine.rs:11:        vm_evidence: &VMEvidence,
crates/amun-evidence-engine/src/evidence_engine.rs:126:        let e2 = ConstitutionalEvidence::ExecutionFailure {
crates/amun-evidence-engine/src/evidence_engine.rs:138:        let mut archive = VMEvidenceArchive::new();
crates/amun-evidence-engine/src/evidence_engine.rs:139:        archive.insert(ConstitutionalEvidence::ExecutionFailure {
crates/amun-evidence-engine/src/evidence_engine.rs:146:        archive.insert(ConstitutionalEvidence::ConstitutionalViolation {
crates/amun-evidence-engine/src/evidence_engine.rs:153:        archive.insert(ConstitutionalEvidence::InvariantViolation {
crates/amun-evidence-engine/src/evidence_engine.rs:15:    ) -> ConstitutionalEvidence {
crates/amun-evidence-engine/src/evidence_engine.rs:17:            VMEvidence::ExecutionFailure { reason } => ConstitutionalEvidence::ExecutionFailure {
crates/amun-evidence-engine/src/evidence_engine.rs:24:            VMEvidence::ConstitutionalViolation { law, resource_ids } => {
crates/amun-evidence-engine/src/evidence_engine.rs:25:                ConstitutionalEvidence::ConstitutionalViolation {
crates/amun-evidence-engine/src/evidence_engine.rs:2:use amun_vm_kernel::pending_buffer::VMEvidence;
crates/amun-evidence-engine/src/evidence_engine.rs:33:            VMEvidence::InvariantViolation { obligation_id } => {
crates/amun-evidence-engine/src/evidence_engine.rs:34:                ConstitutionalEvidence::InvariantViolation {
crates/amun-evidence-engine/src/evidence_engine.rs:45:    pub fn archive(evidence: ConstitutionalEvidence, archive: &mut VMEvidenceArchive) -> [u8; 32] {
crates/amun-evidence-engine/src/evidence_engine.rs:4:use crate::evidence_archive::VMEvidenceArchive;
crates/amun-evidence-engine/src/evidence_engine.rs:5:use crate::evidence_types::ConstitutionalEvidence;
crates/amun-evidence-engine/src/evidence_engine.rs:63:        let vm_ev = VMEvidence::ExecutionFailure {
crates/amun-evidence-engine/src/evidence_engine.rs:68:        let evidence = EvidenceEngine::convert(&vm_ev, contract_id, 42, tx_hash);
crates/amun-evidence-engine/src/evidence_engine.rs:70:            ConstitutionalEvidence::ExecutionFailure {
crates/amun-evidence-engine/src/evidence_engine.rs:7:pub struct EvidenceEngine;
crates/amun-evidence-engine/src/evidence_engine.rs:84:        let vm_ev = VMEvidence::ConstitutionalViolation {
crates/amun-evidence-engine/src/evidence_engine.rs:88:        let evidence = EvidenceEngine::convert(&vm_ev, make_id(3), 10, [0xbb; 32]);
crates/amun-evidence-engine/src/evidence_engine.rs:90:            ConstitutionalEvidence::ConstitutionalViolation {
crates/amun-evidence-engine/src/evidence_engine.rs:9:impl EvidenceEngine {
crates/amun-evidence-engine/src/evidence_types.rs:24:    InvariantViolation {
crates/amun-evidence-engine/src/evidence_types.rs:33:impl ConstitutionalEvidence {
crates/amun-evidence-engine/src/evidence_types.rs:57:            Self::InvariantViolation {
crates/amun-evidence-engine/src/evidence_types.rs:6:pub enum ConstitutionalEvidence {
crates/amun-evidence-engine/src/evidence_types.rs:77:            Self::InvariantViolation { .. } => "invariant_violation",
crates/amun-evidence-finality/src/evidence_finality.rs:142:/// Evidence-Backed Consensus Engine.
crates/amun-evidence-finality/src/evidence_finality.rs:143:pub struct EvidenceBackedConsensus;
crates/amun-evidence-finality/src/evidence_finality.rs:145:impl EvidenceBackedConsensus {
crates/amun-evidence-finality/src/evidence_finality.rs:148:        registry: &mut ResourceRegistry,
crates/amun-evidence-finality/src/evidence_finality.rs:14:pub struct EvidenceVerifiedBlock {
crates/amun-evidence-finality/src/evidence_finality.rs:152:    ) -> Result<EvidenceVerifiedBlock, String> {
crates/amun-evidence-finality/src/evidence_finality.rs:183:            let mut fresh_reg = ResourceRegistry::new(10000);
crates/amun-evidence-finality/src/evidence_finality.rs:184:            let replay = ReplayVerifier::replay(&proof, program, &mut fresh_reg, &[]);
crates/amun-evidence-finality/src/evidence_finality.rs:186:            let verified = matches!(replay, ReplayResult::Match { .. });
crates/amun-evidence-finality/src/evidence_finality.rs:205:        let evidence_root = EvidenceVerifiedBlock::compute_evidence_root(&all_evidence);
crates/amun-evidence-finality/src/evidence_finality.rs:206:        let block_hash = EvidenceVerifiedBlock::compute_block_hash(
crates/amun-evidence-finality/src/evidence_finality.rs:215:        Ok(EvidenceVerifiedBlock {
crates/amun-evidence-finality/src/evidence_finality.rs:21:    pub evidence: Vec<ConstitutionalEvidence>,
crates/amun-evidence-finality/src/evidence_finality.rs:228:        block: &EvidenceVerifiedBlock,
crates/amun-evidence-finality/src/evidence_finality.rs:231:    ) -> Result<ConstitutionalFinalityCertificate, String> {
crates/amun-evidence-finality/src/evidence_finality.rs:235:        let mut qc = EvidenceBackedQC {
crates/amun-evidence-finality/src/evidence_finality.rs:256:        Ok(ConstitutionalFinalityCertificate::issue(block, qc))
crates/amun-evidence-finality/src/evidence_finality.rs:25:impl EvidenceVerifiedBlock {
crates/amun-evidence-finality/src/evidence_finality.rs:26:    pub fn compute_evidence_root(evidence: &[ConstitutionalEvidence]) -> [u8; 32] {
crates/amun-evidence-finality/src/evidence_finality.rs:286:        let mut registry = ResourceRegistry::new(10000);
crates/amun-evidence-finality/src/evidence_finality.rs:297:        let block = EvidenceBackedConsensus::execute_and_verify(
crates/amun-evidence-finality/src/evidence_finality.rs:306:        let cert = EvidenceBackedConsensus::form_consensus(&block, 5, sigs).unwrap();
crates/amun-evidence-finality/src/evidence_finality.rs:313:        let mut registry = ResourceRegistry::new(10000);
crates/amun-evidence-finality/src/evidence_finality.rs:324:        let block = EvidenceBackedConsensus::execute_and_verify(
crates/amun-evidence-finality/src/evidence_finality.rs:333:        let cert = EvidenceBackedConsensus::form_consensus(&block, 5, sigs).unwrap();
crates/amun-evidence-finality/src/evidence_finality.rs:344:        let mut registry = ResourceRegistry::new(10000);
crates/amun-evidence-finality/src/evidence_finality.rs:355:        let block = EvidenceBackedConsensus::execute_and_verify(
crates/amun-evidence-finality/src/evidence_finality.rs:364:        let c1 = EvidenceBackedConsensus::form_consensus(&block, 5, sigs.clone()).unwrap();
crates/amun-evidence-finality/src/evidence_finality.rs:365:        let c2 = EvidenceBackedConsensus::form_consensus(&block, 5, sigs).unwrap();
crates/amun-evidence-finality/src/evidence_finality.rs:4:use amun_evidence_engine::evidence_types::ConstitutionalEvidence;
crates/amun-evidence-finality/src/evidence_finality.rs:63:pub struct EvidenceBackedQC {
crates/amun-evidence-finality/src/evidence_finality.rs:75:impl EvidenceBackedQC {
crates/amun-evidence-finality/src/evidence_finality.rs:7:use amun_replay_verifier::replay_verifier::{ReplayResult, ReplayVerifier};
crates/amun-evidence-finality/src/evidence_finality.rs:83:pub struct ConstitutionalFinalityCertificate {
crates/amun-evidence-finality/src/evidence_finality.rs:8:use amun_resource_core::{ResourceId, ResourceRegistry};
crates/amun-evidence-finality/src/evidence_finality.rs:90:    pub qc: EvidenceBackedQC,
crates/amun-evidence-finality/src/evidence_finality.rs:94:impl ConstitutionalFinalityCertificate {
crates/amun-evidence-finality/src/evidence_finality.rs:95:    pub fn issue(block: &EvidenceVerifiedBlock, qc: EvidenceBackedQC) -> Self {
crates/amun-evidence-root/src/lib.rs:126:        let genesis = EvidenceRoot::genesis();
crates/amun-evidence-root/src/lib.rs:12:pub struct EvidenceRoot {
crates/amun-evidence-root/src/lib.rs:133:        let r1 = EvidenceRoot::compute([1u8; 32], [2u8; 32], [3u8; 32], [4u8; 32], [0u8; 32], 1);
crates/amun-evidence-root/src/lib.rs:134:        let r2 = EvidenceRoot::compute([1u8; 32], [2u8; 32], [3u8; 32], [4u8; 32], [0u8; 32], 1);
crates/amun-evidence-root/src/lib.rs:140:        let r1 = EvidenceRoot::compute([1u8; 32], [2u8; 32], [3u8; 32], [4u8; 32], [0u8; 32], 1);
crates/amun-evidence-root/src/lib.rs:141:        let r2 = EvidenceRoot::compute([9u8; 32], [2u8; 32], [3u8; 32], [4u8; 32], [0u8; 32], 1);
crates/amun-evidence-root/src/lib.rs:147:        let mut chain = EvidenceChain::new();
crates/amun-evidence-root/src/lib.rs:157:        let mut chain = EvidenceChain::new();
crates/amun-evidence-root/src/lib.rs:22:impl EvidenceRoot {
crates/amun-evidence-root/src/lib.rs:5:/// The EvidenceRoot binds together:
crates/amun-evidence-root/src/lib.rs:71:pub struct EvidenceChain {
crates/amun-evidence-root/src/lib.rs:72:    pub roots: Vec<EvidenceRoot>,
crates/amun-evidence-root/src/lib.rs:75:impl EvidenceChain {
crates/amun-evidence-root/src/lib.rs:87:    ) -> &EvidenceRoot {
crates/amun-evidence-root/src/lib.rs:89:        self.roots.push(EvidenceRoot::compute(
crates/amun-evidence-root/src/lib.rs:8:/// - Replay certificate (replay verification proof)
crates/amun-evidence-root/tests/n40_evidence_backed_block.rs:100:    let e1 = EvidenceRoot::compute(before, [0u8; 32], [0u8; 32], [0u8; 32], [0u8; 32], 1);
crates/amun-evidence-root/tests/n40_evidence_backed_block.rs:101:    let e2 = EvidenceRoot::compute(after, [0u8; 32], [0u8; 32], [0u8; 32], [0u8; 32], 1);
crates/amun-evidence-root/tests/n40_evidence_backed_block.rs:2:use amun_evidence_root::{EvidenceChain, EvidenceRoot};
crates/amun-evidence-root/tests/n40_evidence_backed_block.rs:30:    let evidence = EvidenceRoot::compute(
crates/amun-evidence-root/tests/n40_evidence_backed_block.rs:52:    let mut chain = EvidenceChain::new();
crates/amun-evidence/src/bin/evidence_service.rs:21:        "EvidenceService starting on port {} with {} peers",
crates/amun-evidence/src/evidence.rs:39:pub enum EvidenceProof {
crates/amun-evidence/src/evidence.rs:52:pub struct Evidence {
crates/amun-evidence/src/evidence.rs:53:    pub evidence_type: EvidenceType,
crates/amun-evidence/src/evidence.rs:57:    pub proof: EvidenceProof,
crates/amun-evidence/src/evidence.rs:60:impl Evidence {
crates/amun-evidence/src/evidence.rs:72:            EvidenceProof::Equivocation { first, second, .. } => {
crates/amun-evidence/src/evidence.rs:78:            EvidenceProof::InvalidVote { .. } => Ok(()),
crates/amun-evidence/src/evidence.rs:8:pub enum EvidenceType {
crates/amun-evidence/src/tests.rs:12:            proof: EvidenceProof::Equivocation {
crates/amun-evidence/src/tests.rs:37:        let evidence = Evidence {
crates/amun-evidence/src/tests.rs:38:            evidence_type: EvidenceType::Equivocation,
crates/amun-evidence/src/tests.rs:42:            proof: EvidenceProof::Equivocation {
crates/amun-evidence/src/tests.rs:7:        let evidence = Evidence {
crates/amun-evidence/src/tests.rs:8:            evidence_type: EvidenceType::Equivocation,
crates/amun-evolution/src/certificate.rs:3:    ContinuityClass, GovernanceGuarantee, ProofGuarantee, ReplayGuarantee, SnapshotGuarantee,
crates/amun-evolution/src/certificate.rs:67:    pub replay_guarantee: ReplayGuarantee,
crates/amun-evolution/src/certificate.rs:91:        replay: ReplayGuarantee,
crates/amun-evolution/src/executor.rs:28:    ReplayBreak,
crates/amun-evolution/src/validator.rs:22:        proof.replay_guarantee.rank() >= ReplayGuarantee::Deterministic.rank()
crates/amun-evolution/src/validator.rs:3:    EvolutionProof, GovernanceGuarantee, ReplayGuarantee, SnapshotGuarantee,
crates/amun-execution-receipt/src/lib.rs:6://! ## Constitutional Invariants
crates/amun-experimental-framework/src/main.rs:104:                lineage: ResourceLineage::single_ancestor(child, parent, hash, version),
crates/amun-experimental-framework/src/main.rs:213:            let mut fresh = ResourceRegistry::new((size * 2) as usize);
crates/amun-experimental-framework/src/main.rs:214:            ReplayVerifier::replay(&proof, &program, &mut fresh, &[]);
crates/amun-experimental-framework/src/main.rs:229:// ── Experiment 2: Replay vs Execution (all workloads) ───────
crates/amun-experimental-framework/src/main.rs:231:    println!("\n=== Experiment 2: Replay vs Execution ===");
crates/amun-experimental-framework/src/main.rs:310:            let mut fresh = ResourceRegistry::new((size * 2) as usize);
crates/amun-experimental-framework/src/main.rs:311:            ReplayVerifier::replay(&proof, program, &mut fresh, &[]);
crates/amun-experimental-framework/src/main.rs:339:            let mut reg = ResourceRegistry::new((n * 10) as usize);
crates/amun-experimental-framework/src/main.rs:370:                    let mut fresh = ResourceRegistry::new(10000);
crates/amun-experimental-framework/src/main.rs:371:                    ReplayVerifier::replay(&transition_proof, &program, &mut fresh, &[]);
crates/amun-experimental-framework/src/main.rs:398:            let tip_hash = ResourceRegistry::hash_resource(tip_meta);
crates/amun-experimental-framework/src/main.rs:407:                    lineage: ResourceLineage::single_ancestor(new_id, tip, tip_hash, version),
crates/amun-experimental-framework/src/main.rs:426:// ── Experiment 5: Witness Bundle Size ───────────────────────
crates/amun-experimental-framework/src/main.rs:428:    println!("\n=== Experiment 5: Witness Bundle Size ===");
crates/amun-experimental-framework/src/main.rs:65:fn build_registry(size: u64) -> ResourceRegistry {
crates/amun-experimental-framework/src/main.rs:66:    let mut reg = ResourceRegistry::new((size * 2) as usize);
crates/amun-experimental-framework/src/main.rs:6:use amun_replay_verifier::replay_verifier::ReplayVerifier;
crates/amun-experimental-framework/src/main.rs:72:            lineage: ResourceLineage::genesis(make_id(i)),
crates/amun-experimental-framework/src/main.rs:81:fn build_deep_chain(depth: u64) -> (ResourceRegistry, ResourceId) {
crates/amun-experimental-framework/src/main.rs:82:    let mut reg = ResourceRegistry::new((depth * 2) as usize);
crates/amun-experimental-framework/src/main.rs:88:        lineage: ResourceLineage::genesis(root),
crates/amun-experimental-framework/src/main.rs:8:    ResourceArchetype, ResourceId, ResourceLineage, ResourceMetadata, ResourceRegistry,
crates/amun-experimental-framework/src/main.rs:96:        let hash = ResourceRegistry::hash_resource(reg.get(&parent).unwrap());
crates/amun-explorer-api/src/routes/constitutional.rs:14:async fn list_evidence() -> crate::errors::ApiResult<Vec<crate::types::EvidenceRecordSummary>> {
crates/amun-explorer-api/src/routes/constitutional.rs:19:) -> crate::errors::ApiResult<crate::types::EvidenceRecordSummary> {
crates/amun-explorer-api/src/routes/finality.rs:10:) -> crate::errors::ApiResult<crate::types::FinalityCertificateSummary> {
crates/amun-explorer-api/src/routes/finality.rs:11:    FinalityService::get_certificate(&id)
crates/amun-explorer-api/src/routes/finality.rs:1:use crate::services::finality_service::FinalityService;
crates/amun-explorer-api/src/routes/finality.rs:5:) -> crate::errors::ApiResult<Vec<crate::types::FinalityCertificateSummary>> {
crates/amun-explorer-api/src/routes/finality.rs:6:    FinalityService::list_certificates()
crates/amun-explorer-api/src/services/constitutional_service.rs:2:use crate::types::{ConstitutionalDashboard, ConstitutionalVerdictSummary, EvidenceRecordSummary};
crates/amun-explorer-api/src/services/constitutional_service.rs:57:    pub fn list_evidence() -> ApiResult<Vec<EvidenceRecordSummary>> {
crates/amun-explorer-api/src/services/constitutional_service.rs:59:            EvidenceRecordSummary {
crates/amun-explorer-api/src/services/constitutional_service.rs:61:                evidence_type: "CertificateEvidence".into(),
crates/amun-explorer-api/src/services/constitutional_service.rs:66:            EvidenceRecordSummary {
crates/amun-explorer-api/src/services/constitutional_service.rs:68:                evidence_type: "ReplayEvidence".into(),
crates/amun-explorer-api/src/services/constitutional_service.rs:76:    pub fn get_evidence(id: &str) -> ApiResult<EvidenceRecordSummary> {
crates/amun-explorer-api/src/services/constitutional_service.rs:78:            return Err(ApiError::not_found("Evidence", id));
crates/amun-explorer-api/src/services/constitutional_service.rs:80:        Ok(Json(EvidenceRecordSummary {
crates/amun-explorer-api/src/services/constitutional_service.rs:82:            evidence_type: "CertificateEvidence".into(),
crates/amun-explorer-api/src/services/finality_service.rs:10:            FinalityCertificateSummary {
crates/amun-explorer-api/src/services/finality_service.rs:17:            FinalityCertificateSummary {
crates/amun-explorer-api/src/services/finality_service.rs:27:    pub fn get_certificate(id: &str) -> ApiResult<FinalityCertificateSummary> {
crates/amun-explorer-api/src/services/finality_service.rs:29:            return Err(ApiError::not_found("Finality Certificate", id));
crates/amun-explorer-api/src/services/finality_service.rs:2:use crate::types::FinalityCertificateSummary;
crates/amun-explorer-api/src/services/finality_service.rs:31:        Ok(Json(FinalityCertificateSummary {
crates/amun-explorer-api/src/services/finality_service.rs:5:pub struct FinalityService;
crates/amun-explorer-api/src/services/finality_service.rs:7:impl FinalityService {
crates/amun-explorer-api/src/services/finality_service.rs:8:    pub fn list_certificates() -> ApiResult<Vec<FinalityCertificateSummary>> {
crates/amun-explorer-api/src/types.rs:34:pub struct FinalityCertificateSummary {
crates/amun-explorer-api/src/types.rs:53:pub struct EvidenceRecordSummary {
crates/amun-failure/src/taxonomy.rs:17:    ReplayViolation = 0x3002,
crates/amun-failure/src/taxonomy.rs:27:    // Contract & Invariant (0x6XXX)
crates/amun-failure/src/taxonomy.rs:55:            | Self::ReplayViolation
crates/amun-failure/src/taxonomy.rs:85:    Evidence = 0x08,
crates/amun-failure/src/tests.rs:36:    assert!(!ConstitutionalFault::ReplayViolation.should_halt());
crates/amun-finality-certificate/src/lib.rs:102:    pub fn latest(&self) -> Option<&ConstitutionalFinalityCertificate> {
crates/amun-finality-certificate/src/lib.rs:10:pub struct ConstitutionalFinalityCertificate {
crates/amun-finality-certificate/src/lib.rs:111:    fn issue_cert(h: u64) -> ConstitutionalFinalityCertificate {
crates/amun-finality-certificate/src/lib.rs:112:        ConstitutionalFinalityCertificate::issue(
crates/amun-finality-certificate/src/lib.rs:154:        let mut chain = FinalityChain::new();
crates/amun-finality-certificate/src/lib.rs:155:        let c1 = ConstitutionalFinalityCertificate::issue(
crates/amun-finality-certificate/src/lib.rs:160:        let c2 = ConstitutionalFinalityCertificate::issue(
crates/amun-finality-certificate/src/lib.rs:22:impl ConstitutionalFinalityCertificate {
crates/amun-finality-certificate/src/lib.rs:72:pub struct FinalityChain {
crates/amun-finality-certificate/src/lib.rs:73:    certificates: HashMap<[u8; 32], ConstitutionalFinalityCertificate>,
crates/amun-finality-certificate/src/lib.rs:77:impl FinalityChain {
crates/amun-finality-certificate/src/lib.rs:82:    pub fn append(&mut self, cert: ConstitutionalFinalityCertificate) -> Result<(), &'static str> {
crates/amun-finality-certificate/src/lib.rs:88:                return Err("Finality chain broken");
crates/amun-formal/src/invariants.rs:1:pub struct FormalInvariants;
crates/amun-formal/src/invariants.rs:3:impl FormalInvariants {
crates/amun-formal/src/lib.rs:2:pub use invariants::FormalInvariants;
crates/amun-gas-engine/src/gas_engine.rs:20:    ) -> (GasEngineResult, Option<ConstitutionalEvidence>)
crates/amun-gas-engine/src/gas_engine.rs:28:                    let ev = ConstitutionalEvidence::ExecutionFailure {
crates/amun-gas-engine/src/gas_engine.rs:2:use amun_evidence_engine::evidence_types::ConstitutionalEvidence;
crates/amun-gas-engine/src/gas_engine.rs:52:                let ev = ConstitutionalEvidence::ExecutionFailure {
crates/amun-gas-engine/src/opcode_costs.rs:22:            OpCode::CheckInvariant { .. } => 50,
crates/amun-handle-resolver/src/handle_resolver.rs:127:    use amun_resource_core::{ResourceArchetype, ResourceLineage, ResourceMetadata, ResourceState};
crates/amun-handle-resolver/src/handle_resolver.rs:141:            lineage: ResourceLineage::genesis(id),
crates/amun-handle-resolver/src/handle_resolver.rs:183:            ConstitutionalEvidence::ExecutionFailure { reason, .. } => {
crates/amun-handle-resolver/src/handle_resolver.rs:18:    ) -> (bool, Vec<ConstitutionalEvidence>) {
crates/amun-handle-resolver/src/handle_resolver.rs:1:use amun_evidence_engine::evidence_types::ConstitutionalEvidence;
crates/amun-handle-resolver/src/handle_resolver.rs:58:                leaks.push(ConstitutionalEvidence::ExecutionFailure {
crates/amun-handle-resolver/src/handle_resolver.rs:80:    ) -> (bool, Vec<ConstitutionalEvidence>) {
crates/amun-handle-resolver/src/handle_resolver.rs:98:                    violations.push(ConstitutionalEvidence::ExecutionFailure {
crates/amun-header-gossip/src/relay.rs:6:pub struct WitnessRelay;
crates/amun-header-gossip/src/relay.rs:8:impl WitnessRelay {
crates/amun-host/src/lib.rs:9:pub use replay::ReplayGuard;
crates/amun-host/src/replay.rs:1:pub struct ReplayGuard {
crates/amun-host/src/replay.rs:6:impl ReplayGuard {
crates/amun-invariant-engine/src/invariant_engine.rs:107:        let (results, evidence) = InvariantEngine::evaluate(
crates/amun-invariant-engine/src/invariant_engine.rs:115:        assert!(InvariantEngine::all_passed(&results));
crates/amun-invariant-engine/src/invariant_engine.rs:116:        assert!(!InvariantEngine::has_critical_failure(&results));
crates/amun-invariant-engine/src/invariant_engine.rs:123:        let (results, evidence) = InvariantEngine::evaluate(
crates/amun-invariant-engine/src/invariant_engine.rs:131:        assert!(!InvariantEngine::all_passed(&results));
crates/amun-invariant-engine/src/invariant_engine.rs:132:        assert!(InvariantEngine::has_critical_failure(&results));
crates/amun-invariant-engine/src/invariant_engine.rs:135:            ConstitutionalEvidence::InvariantViolation { obligation_id, .. } => {
crates/amun-invariant-engine/src/invariant_engine.rs:138:            _ => panic!("Expected InvariantViolation"),
crates/amun-invariant-engine/src/invariant_engine.rs:13:        invariants: &[InvariantDeclaration],
crates/amun-invariant-engine/src/invariant_engine.rs:145:        let (results, evidence) = InvariantEngine::evaluate(
crates/amun-invariant-engine/src/invariant_engine.rs:153:        assert!(!InvariantEngine::all_passed(&results));
crates/amun-invariant-engine/src/invariant_engine.rs:154:        assert!(!InvariantEngine::has_critical_failure(&results)); // No Critical failed
crates/amun-invariant-engine/src/invariant_engine.rs:161:        let (results, _) = InvariantEngine::evaluate(
crates/amun-invariant-engine/src/invariant_engine.rs:170:            InvariantEngine::count_by_severity(&results, InvariantSeverity::Critical),
crates/amun-invariant-engine/src/invariant_engine.rs:174:            InvariantEngine::count_by_severity(&results, InvariantSeverity::Minor),
crates/amun-invariant-engine/src/invariant_engine.rs:183:        let (_, evidence) = InvariantEngine::evaluate(
crates/amun-invariant-engine/src/invariant_engine.rs:194:                ConstitutionalEvidence::InvariantViolation { state_root: sr, .. } => {
crates/amun-invariant-engine/src/invariant_engine.rs:197:                _ => panic!("Expected InvariantViolation"),
crates/amun-invariant-engine/src/invariant_engine.rs:19:    ) -> (Vec<InvariantResult>, Vec<ConstitutionalEvidence>)
crates/amun-invariant-engine/src/invariant_engine.rs:1:use amun_evidence_engine::evidence_types::ConstitutionalEvidence;
crates/amun-invariant-engine/src/invariant_engine.rs:21:        F: Fn(&InvariantDeclaration) -> bool,
crates/amun-invariant-engine/src/invariant_engine.rs:28:            results.push(InvariantResult {
crates/amun-invariant-engine/src/invariant_engine.rs:35:                evidence.push(ConstitutionalEvidence::InvariantViolation {
crates/amun-invariant-engine/src/invariant_engine.rs:49:    pub fn count_by_severity(results: &[InvariantResult], severity: InvariantSeverity) -> usize {
crates/amun-invariant-engine/src/invariant_engine.rs:4:use crate::invariant_types::{InvariantDeclaration, InvariantResult, InvariantSeverity};
crates/amun-invariant-engine/src/invariant_engine.rs:57:    pub fn has_critical_failure(results: &[InvariantResult]) -> bool {
crates/amun-invariant-engine/src/invariant_engine.rs:60:            .any(|r| r.severity == InvariantSeverity::Critical && !r.passed)
crates/amun-invariant-engine/src/invariant_engine.rs:64:    pub fn all_passed(results: &[InvariantResult]) -> bool {
crates/amun-invariant-engine/src/invariant_engine.rs:72:    use crate::invariant_types::{InvariantDeclaration, InvariantScope};
crates/amun-invariant-engine/src/invariant_engine.rs:7:pub struct InvariantEngine;
crates/amun-invariant-engine/src/invariant_engine.rs:81:    fn sample_invariants() -> Vec<InvariantDeclaration> {
crates/amun-invariant-engine/src/invariant_engine.rs:83:            InvariantDeclaration {
crates/amun-invariant-engine/src/invariant_engine.rs:86:                severity: InvariantSeverity::Critical,
crates/amun-invariant-engine/src/invariant_engine.rs:87:                scope: InvariantScope::State,
crates/amun-invariant-engine/src/invariant_engine.rs:89:            InvariantDeclaration {
crates/amun-invariant-engine/src/invariant_engine.rs:92:                severity: InvariantSeverity::Critical,
crates/amun-invariant-engine/src/invariant_engine.rs:93:                scope: InvariantScope::State,
crates/amun-invariant-engine/src/invariant_engine.rs:95:            InvariantDeclaration {
crates/amun-invariant-engine/src/invariant_engine.rs:98:                severity: InvariantSeverity::Minor,
crates/amun-invariant-engine/src/invariant_engine.rs:99:                scope: InvariantScope::Local,
crates/amun-invariant-engine/src/invariant_engine.rs:9:impl InvariantEngine {
crates/amun-invariant-engine/src/invariant_types.rs:18:pub enum InvariantScope {
crates/amun-invariant-engine/src/invariant_types.rs:31:pub struct InvariantDeclaration {
crates/amun-invariant-engine/src/invariant_types.rs:34:    pub severity: InvariantSeverity,
crates/amun-invariant-engine/src/invariant_types.rs:35:    pub scope: InvariantScope,
crates/amun-invariant-engine/src/invariant_types.rs:40:pub struct InvariantResult {
crates/amun-invariant-engine/src/invariant_types.rs:43:    pub severity: InvariantSeverity,
crates/amun-invariant-engine/src/invariant_types.rs:5:pub enum InvariantSeverity {
crates/amun-invariants/src/kernel.rs:13:    pub severity: InvariantSeverity,
crates/amun-invariants/src/kernel.rs:20:pub struct IrreducibleInvariants;
crates/amun-invariants/src/kernel.rs:22:impl IrreducibleInvariants {
crates/amun-invariants/src/kernel.rs:23:    pub const SINGLE_TRUTH: InvariantDef = InvariantDef {
crates/amun-invariants/src/kernel.rs:27:        severity: InvariantSeverity::Fatal,
crates/amun-invariants/src/kernel.rs:2:pub enum InvariantSeverity {
crates/amun-invariants/src/kernel.rs:34:    pub const SINGLE_FINALITY: InvariantDef = InvariantDef {
crates/amun-invariants/src/kernel.rs:36:        name: "Single Finality",
crates/amun-invariants/src/kernel.rs:38:        severity: InvariantSeverity::Fatal,
crates/amun-invariants/src/kernel.rs:45:    pub const EVENTUAL_PROGRESS: InvariantDef = InvariantDef {
crates/amun-invariants/src/kernel.rs:49:        severity: InvariantSeverity::Critical,
crates/amun-invariants/src/kernel.rs:56:    pub const FAILURE_MEMORY: InvariantDef = InvariantDef {
crates/amun-invariants/src/kernel.rs:60:        severity: InvariantSeverity::Degraded,
crates/amun-invariants/src/kernel.rs:67:    pub fn all() -> [InvariantDef; 4] {
crates/amun-invariants/src/kernel.rs:9:pub struct InvariantDef {
crates/amun-invariants/src/lib.rs:6:pub use kernel::{InvariantDef, InvariantSeverity, IrreducibleInvariants};
crates/amun-invariants/src/lib.rs:7:pub use registry::{InvariantHealth, InvariantRegistry};
crates/amun-invariants/src/lib.rs:8:pub use status::InvariantStatus;
crates/amun-invariants/src/registry.rs:11:impl InvariantRegistry {
crates/amun-invariants/src/registry.rs:16:        for inv in IrreducibleInvariants::all().iter() {
crates/amun-invariants/src/registry.rs:18:            statuses.push(InvariantStatus::new(inv.id));
crates/amun-invariants/src/registry.rs:1:use crate::kernel::{InvariantDef, InvariantSeverity, IrreducibleInvariants};
crates/amun-invariants/src/registry.rs:27:    pub fn register(&mut self, inv: InvariantDef) -> Result<(), &'static str> {
crates/amun-invariants/src/registry.rs:2:use crate::status::InvariantStatus;
crates/amun-invariants/src/registry.rs:35:        self.statuses.push(InvariantStatus::new(inv.id));
crates/amun-invariants/src/registry.rs:56:    pub fn overall_health(&self) -> InvariantHealth {
crates/amun-invariants/src/registry.rs:6:pub struct InvariantRegistry {
crates/amun-invariants/src/registry.rs:70:                    .any(|i| i.id == s.invariant_id && i.severity == InvariantSeverity::Fatal)
crates/amun-invariants/src/registry.rs:75:            InvariantHealth::Critical
crates/amun-invariants/src/registry.rs:77:            InvariantHealth::Degraded
crates/amun-invariants/src/registry.rs:79:            InvariantHealth::Unknown
crates/amun-invariants/src/registry.rs:7:    invariants: Vec<InvariantDef>,
crates/amun-invariants/src/registry.rs:81:            InvariantHealth::AllInvariantsHold
crates/amun-invariants/src/registry.rs:87:pub enum InvariantHealth {
crates/amun-invariants/src/registry.rs:88:    AllInvariantsHold,
crates/amun-invariants/src/registry.rs:8:    statuses: Vec<InvariantStatus>,
crates/amun-invariants/src/status.rs:12:impl InvariantStatus {
crates/amun-invariants/src/status.rs:4:pub struct InvariantStatus {
crates/amun-light-client/src/constitutional_client.rs:106:    use amun_constitutional_runtime::finality_certificate::ConstitutionalFinalityCertificate;
crates/amun-light-client/src/constitutional_client.rs:109:    use amun_transition_proof::transition_proof::TransitionProof;
crates/amun-light-client/src/constitutional_client.rs:122:    ) -> ConstitutionalFinalityCertificate {
crates/amun-light-client/src/constitutional_client.rs:132:        let transitions = vec![TransitionProof::new(
crates/amun-light-client/src/constitutional_client.rs:145:        let mut cert = ConstitutionalFinalityCertificate::issue(
crates/amun-light-client/src/constitutional_client.rs:37:    pub fn verify_certificate(&self, cert: &ConstitutionalFinalityCertificate) -> bool {
crates/amun-light-client/src/constitutional_client.rs:4:use amun_constitutional_runtime::finality_certificate::ConstitutionalFinalityCertificate;
crates/amun-light-client/tests/light_client_tests.rs:22:) -> ConstitutionalFinalityCertificate {
crates/amun-light-client/tests/light_client_tests.rs:32:    let transitions = vec![TransitionProof::new(
crates/amun-light-client/tests/light_client_tests.rs:3:use amun_constitutional_runtime::finality_certificate::ConstitutionalFinalityCertificate;
crates/amun-light-client/tests/light_client_tests.rs:45:    let mut cert = ConstitutionalFinalityCertificate::issue(
crates/amun-light-client/tests/light_client_tests.rs:9:use amun_transition_proof::transition_proof::TransitionProof;
crates/amun-lineage-law/src/compatibility.rs:11:    pub migration_witness: Option<MigrationWitness>,
crates/amun-lineage-law/src/compatibility.rs:23:        migration_witness: Option<MigrationWitness>,
crates/amun-lineage-law/src/compatibility.rs:2:use super::migration::MigrationWitness;
crates/amun-lineage-law/src/lib.rs:11:pub use migration::{MigrationCertificate, MigrationRules, MigrationWitness};
crates/amun-lineage-law/src/migration.rs:22:impl MigrationWitness {
crates/amun-lineage-law/src/migration.rs:3:/// A MigrationWitness proves that state was successfully migrated
crates/amun-lineage-law/src/migration.rs:63:    pub witness: MigrationWitness,
crates/amun-lineage-law/src/migration.rs:68:    pub fn new(lineage_proof_hash: [u8; 32], witness: MigrationWitness) -> Self {
crates/amun-lineage-law/src/migration.rs:7:pub struct MigrationWitness {
crates/amun-lineage/src/compatibility.rs:19:            CompatibilityClass::ReplayCompatible => 0x04,
crates/amun-lineage/src/compatibility.rs:32:            CompatibilityClass::ReplayCompatible => 4,
crates/amun-lineage/src/compatibility.rs:7:    ReplayCompatible,
crates/amun-lineage/src/lib.rs:13:    ReplayGuarantee, SnapshotGuarantee,
crates/amun-lineage/src/record.rs:14:impl ReplayGuarantee {
crates/amun-lineage/src/record.rs:169:    pub replay_guarantee: ReplayGuarantee,
crates/amun-lineage/src/record.rs:17:            ReplayGuarantee::Exact => 0x03,
crates/amun-lineage/src/record.rs:181:        replay: ReplayGuarantee,
crates/amun-lineage/src/record.rs:18:            ReplayGuarantee::Deterministic => 0x02,
crates/amun-lineage/src/record.rs:19:            ReplayGuarantee::Partial => 0x01,
crates/amun-lineage/src/record.rs:20:            ReplayGuarantee::Unsupported => 0x00,
crates/amun-lineage/src/record.rs:7:pub enum ReplayGuarantee {
crates/amun-live-cluster/src/validator.rs:14:        ConstitutionalEvidenceRecord, DoubleSpendEvidence, GovernanceEvidence, ReplayEvidence,
crates/amun-live-cluster/src/validator.rs:15:        SignatureEvidence,
crates/amun-live-cluster/src/validator.rs:19:use amun_evidence_root::EvidenceRoot;
crates/amun-live-cluster/src/validator.rs:568:                    // N126.3: Evidence-Based Constitutional Verification
crates/amun-live-cluster/src/validator.rs:594:                        // N126.3: Replay determinism from ExecutionEngine
crates/amun-live-cluster/src/validator.rs:598:                        // N126.3: Finality supermajority from QC voting power
crates/amun-live-cluster/src/validator.rs:604:                        // Evidence validity: all certificates pass .verify()
crates/amun-live-cluster/src/validator.rs:648:                        // N129.2: Build ConstitutionalEvidenceRecord from real evidence data
crates/amun-live-cluster/src/validator.rs:649:                        let sig_ev = SignatureEvidence::new(
crates/amun-live-cluster/src/validator.rs:653:                        let ds_ev = DoubleSpendEvidence::new(
crates/amun-live-cluster/src/validator.rs:657:                        let gov_ev = GovernanceEvidence::new(
crates/amun-live-cluster/src/validator.rs:662:                        let rep_ev = ReplayEvidence::new(cert.state_root, history_root);
crates/amun-live-cluster/src/validator.rs:663:                        let evidence_record = ConstitutionalEvidenceRecord::new(
crates/amun-live-cluster/src/validator.rs:679:                        // N129.3: Compute EvidenceRoot with constitutional continuity
crates/amun-live-cluster/src/validator.rs:681:                        let evidence_root_obj = EvidenceRoot::compute(
crates/amun-live-cluster/src/validator.rs:747:                            // N110.4c.1: Replay protection
crates/amun-live-cluster/tests/n110_4c_state_transition.rs:27:        vec![EvidenceCount {
crates/amun-live-cluster/tests/n110_4c_state_transition.rs:28:            evidence_type: EvidenceType::DoubleVote,
crates/amun-live-cluster/tests/n110_4c_state_transition.rs:2:    EvidenceCount, EvidenceType, MisbehaviorRegistry, MisbehaviorThresholds, RealStakingExecutor,
crates/amun-live-cluster/tests/n110_4c_state_transition.rs:50:    misbehavior.record_misbehavior(&vid, &[0x01; 32], &EvidenceType::DoubleVote, 1);
crates/amun-live-cluster/tests/n110_4c_state_transition.rs:51:    misbehavior.record_misbehavior(&vid, &[0x02; 32], &EvidenceType::DoubleVote, 2);
crates/amun-live-cluster/tests/n110_4c_state_transition.rs:52:    misbehavior.record_misbehavior(&vid, &[0x03; 32], &EvidenceType::DoubleVote, 3);
crates/amun-live-cluster/tests/n110_4c_state_transition.rs:78:    misbehavior.record_misbehavior(&vid, &[0x01; 32], &EvidenceType::DoubleVote, 1);
crates/amun-live-cluster/tests/n110_4c_state_transition.rs:79:    misbehavior.record_misbehavior(&vid, &[0x02; 32], &EvidenceType::DoubleVote, 2);
crates/amun-live-cluster/tests/n110_4c_state_transition.rs:80:    misbehavior.record_misbehavior(&vid, &[0x03; 32], &EvidenceType::DoubleVote, 3);
crates/amun-live-cluster/tests/n118_finality_gated_slashing.rs:1:// N118 — Finality-Gated Slashing Verification
crates/amun-live-cluster/tests/n118_finality_gated_slashing.rs:20:    misbehavior.record_misbehavior(&validator_id, &[0xA1; 32], &EvidenceType::DoubleVote, 1);
crates/amun-live-cluster/tests/n118_finality_gated_slashing.rs:21:    misbehavior.record_misbehavior(&validator_id, &[0xA2; 32], &EvidenceType::DoubleVote, 2);
crates/amun-live-cluster/tests/n118_finality_gated_slashing.rs:22:    misbehavior.record_misbehavior(&validator_id, &[0xA3; 32], &EvidenceType::DoubleVote, 3);
crates/amun-live-cluster/tests/n118_finality_gated_slashing.rs:5:    EvidenceType, MisbehaviorRegistry, MisbehaviorThresholds, RealStakingExecutor, StakingAdapter,
crates/amun-live-cluster/tests/n126_3_unconstitutional_block_rejected.rs:39:                    .any(|v| v.law == ConstitutionalLaw::FinalitySupermajority),
crates/amun-live-cluster/tests/n126_3_unconstitutional_block_rejected.rs:40:                "Must detect FinalitySupermajority violation"
crates/amun-lock-rule/src/lib.rs:5:pub use violation::{LockViolation, LockViolationEvidence, LockViolationType};
crates/amun-lock-rule/src/violation.rs:18:pub struct LockViolationEvidence {
crates/amun-lock-rule/src/violation.rs:6:    pub evidence: LockViolationEvidence,
crates/amun-network-constitution/src/anti_replay.rs:47:impl Default for AntiReplayGuard {
crates/amun-network-constitution/src/anti_replay.rs:4:pub struct AntiReplayGuard {
crates/amun-network-constitution/src/anti_replay.rs:9:impl AntiReplayGuard {
crates/amun-network-constitution/src/lib.rs:4:pub use anti_replay::AntiReplayGuard;
crates/amun-network-transport/src/message.rs:13:    /// N111.3: Evidence announcement for network propagation
crates/amun-network-transport/src/message.rs:14:    EvidenceAnnounce(EvidenceAnnouncement),
crates/amun-network-transport/src/message.rs:16:    EvidencePush(EvidencePushMessage),
crates/amun-network-transport/src/message.rs:250:        let msg = NetworkMessage::EvidenceAnnounce(EvidenceAnnouncement {
crates/amun-network-transport/src/message.rs:260:            NetworkMessage::EvidenceAnnounce(e) => {
crates/amun-network-transport/src/message.rs:60:/// N111.3: Evidence announcement for network propagation.
crates/amun-network-transport/src/message.rs:62:pub struct EvidenceAnnouncement {
crates/amun-network-transport/src/message.rs:72:pub struct EvidencePushMessage {
crates/amun-network-transport/src/transport.rs:207:        NetworkMessage::EvidenceAnnounce(e) => NodeId(e.validator_id),
crates/amun-network-transport/src/transport.rs:208:        NetworkMessage::EvidencePush(p) => NodeId(p.sender_id),
crates/amun-networking/src/quarantine.rs:32:    ReplayVerified,
crates/amun-networking/src/risk.rs:11:    ReplayInstability { divergence_count: u64 },
crates/amun-networking/src/risk.rs:61:            ConstitutionalRisk::ReplayInstability { .. } => {
crates/amun-networking/src/sovereignty.rs:16:/// Multi-phase: Identity -> Physics -> Replay -> Lineage -> Temporal -> Sync
crates/amun-networking/src/sovereignty.rs:36:    ReplayCompatibilityCheck,
crates/amun-networking/src/sovereignty.rs:77:                HandshakePhase::ReplayCompatibilityCheck
crates/amun-networking/tests/n18_node_rejoin.rs:5:// N18.2 — Lifecycle Invariants
crates/amun-networking/tests/n18_node_rejoin.rs:73:// N18.5 — Constitutional Invariant REJOIN-001
crates/amun-nft-adversarial/tests/n149_adversarial_tests.rs:103:    let mut reg = ResourceRegistry::new(10);
crates/amun-nft-adversarial/tests/n149_adversarial_tests.rs:112:        lineage: ResourceLineage::genesis(token_id),
crates/amun-nft-adversarial/tests/n149_adversarial_tests.rs:118:    let result = NftEvidenceKernel::verify_ownership(&reg, &token_id, &thief);
crates/amun-nft-adversarial/tests/n149_adversarial_tests.rs:124:    let mut reg = ResourceRegistry::new(10);
crates/amun-nft-adversarial/tests/n149_adversarial_tests.rs:12:    let mut reg = ResourceRegistry::new(10);
crates/amun-nft-adversarial/tests/n149_adversarial_tests.rs:135:        lineage: ResourceLineage::genesis(token_id),
crates/amun-nft-adversarial/tests/n149_adversarial_tests.rs:21:        lineage: ResourceLineage::genesis(col_id),
crates/amun-nft-adversarial/tests/n149_adversarial_tests.rs:35:            lineage: ResourceLineage::single_ancestor(token_id, col_id, parent_hash, version),
crates/amun-nft-adversarial/tests/n149_adversarial_tests.rs:3:use amun_nft_evidence::NftEvidenceKernel;
crates/amun-nft-adversarial/tests/n149_adversarial_tests.rs:48:            lineage: ResourceLineage::single_ancestor(token_id, col_id, parent_hash, version),
crates/amun-nft-adversarial/tests/n149_adversarial_tests.rs:58:    let mut reg = ResourceRegistry::new(10);
crates/amun-nft-adversarial/tests/n149_adversarial_tests.rs:69:        lineage: ResourceLineage::genesis(token_id),
crates/amun-nft-adversarial/tests/n149_adversarial_tests.rs:6:    ResourceArchetype, ResourceId, ResourceLineage, ResourceMetadata, ResourceRegistry,
crates/amun-nft-adversarial/tests/n149_adversarial_tests.rs:84:    let mut reg = ResourceRegistry::new(10);
crates/amun-nft-adversarial/tests/n149_adversarial_tests.rs:91:        lineage: ResourceLineage::genesis(token_id),
crates/amun-nft-adversarial/tests/n149_adversarial_tests.rs:97:    let result = NftEvidenceKernel::verify_metadata_hash(&[1u8; 32], &[2u8; 32]);
crates/amun-nft-benchmark/tests/n152_benchmark_tests.rs:123:    let mut reg = ResourceRegistry::new(20000);
crates/amun-nft-benchmark/tests/n152_benchmark_tests.rs:129:        lineage: ResourceLineage::genesis(col_id),
crates/amun-nft-benchmark/tests/n152_benchmark_tests.rs:145:                lineage: ResourceLineage::single_ancestor(
crates/amun-nft-benchmark/tests/n152_benchmark_tests.rs:17:    let mut reg = ResourceRegistry::new(20000);
crates/amun-nft-benchmark/tests/n152_benchmark_tests.rs:23:        lineage: ResourceLineage::genesis(col_id),
crates/amun-nft-benchmark/tests/n152_benchmark_tests.rs:3:    ResourceArchetype, ResourceId, ResourceLineage, ResourceMetadata, ResourceRegistry,
crates/amun-nft-benchmark/tests/n152_benchmark_tests.rs:40:                lineage: ResourceLineage::single_ancestor(
crates/amun-nft-benchmark/tests/n152_benchmark_tests.rs:64:    let mut reg = ResourceRegistry::new(2000);
crates/amun-nft-benchmark/tests/n152_benchmark_tests.rs:70:        lineage: ResourceLineage::genesis(col_id),
crates/amun-nft-benchmark/tests/n152_benchmark_tests.rs:87:                lineage: ResourceLineage::single_ancestor(
crates/amun-nft-collateral/src/lib.rs:2:use amun_resource_core::{RegistryError, ResourceId, ResourceRegistry};
crates/amun-nft-collateral/src/lib.rs:34:        registry: &ResourceRegistry,
crates/amun-nft-collateral/src/lib.rs:67:        registry: &mut ResourceRegistry,
crates/amun-nft-collateral/src/lib.rs:95:        _registry: &mut ResourceRegistry,
crates/amun-nft-collateral/tests/n156_nft_collateral_tests.rs:109:    let mut reg1 = ResourceRegistry::new(100);
crates/amun-nft-collateral/tests/n156_nft_collateral_tests.rs:10:    let mut reg = ResourceRegistry::new(100);
crates/amun-nft-collateral/tests/n156_nft_collateral_tests.rs:110:    let mut reg2 = ResourceRegistry::new(100);
crates/amun-nft-collateral/tests/n156_nft_collateral_tests.rs:118:        lineage: ResourceLineage::genesis(token_id1),
crates/amun-nft-collateral/tests/n156_nft_collateral_tests.rs:127:        lineage: ResourceLineage::genesis(token_id2),
crates/amun-nft-collateral/tests/n156_nft_collateral_tests.rs:17:        lineage: ResourceLineage::genesis(token_id),
crates/amun-nft-collateral/tests/n156_nft_collateral_tests.rs:35:    let mut reg = ResourceRegistry::new(100);
crates/amun-nft-collateral/tests/n156_nft_collateral_tests.rs:42:        lineage: ResourceLineage::genesis(token_id),
crates/amun-nft-collateral/tests/n156_nft_collateral_tests.rs:4:    ResourceArchetype, ResourceId, ResourceLineage, ResourceMetadata, ResourceRegistry,
crates/amun-nft-collateral/tests/n156_nft_collateral_tests.rs:61:    let mut reg = ResourceRegistry::new(100);
crates/amun-nft-collateral/tests/n156_nft_collateral_tests.rs:68:        lineage: ResourceLineage::genesis(token_id),
crates/amun-nft-collateral/tests/n156_nft_collateral_tests.rs:81:    let mut reg = ResourceRegistry::new(100);
crates/amun-nft-collateral/tests/n156_nft_collateral_tests.rs:88:        lineage: ResourceLineage::genesis(token_id),
crates/amun-nft-core/src/lib.rs:46:/// Evidence record for NFT operations
crates/amun-nft-core/src/lib.rs:48:pub struct NftEvidence {
crates/amun-nft-core/src/lib.rs:55:impl NftEvidence {
crates/amun-nft-evidence/src/lib.rs:114:        registry: &ResourceRegistry,
crates/amun-nft-evidence/src/lib.rs:131:        registry: &ResourceRegistry,
crates/amun-nft-evidence/src/lib.rs:153:/// Accumulates NFT evidence hashes for inclusion in BlockEvidenceRoot.
crates/amun-nft-evidence/src/lib.rs:154:pub fn accumulate_nft_evidence_root(evidences: &[NftEvidence]) -> [u8; 32] {
crates/amun-nft-evidence/src/lib.rs:1:use amun_nft_core::{NftEvent, NftEvidence};
crates/amun-nft-evidence/src/lib.rs:24:    Law4ReplayDetected,
crates/amun-nft-evidence/src/lib.rs:25:    Law5EvidenceGenerationFailed,
crates/amun-nft-evidence/src/lib.rs:29:impl NftEvidenceKernel {
crates/amun-nft-evidence/src/lib.rs:2:use amun_resource_core::{RegistryError, ResourceId, ResourceRegistry, ResourceState};
crates/amun-nft-evidence/src/lib.rs:32:        registry: &ResourceRegistry,
crates/amun-nft-evidence/src/lib.rs:47:        registry: &ResourceRegistry,
crates/amun-nft-evidence/src/lib.rs:4:/// Constitutional Evidence Kernel (CEK) for NFT operations.
crates/amun-nft-evidence/src/lib.rs:5:pub struct NftEvidenceKernel;
crates/amun-nft-evidence/src/lib.rs:67:    /// Law 4: Replay Protection — check nonce or timestamp ordering
crates/amun-nft-evidence/src/lib.rs:73:            return Err(CekError::Law4ReplayDetected);
crates/amun-nft-evidence/src/lib.rs:78:    /// Law 5: Evidence Generation — produce evidence record
crates/amun-nft-evidence/src/lib.rs:83:    ) -> Result<NftEvidence, CekError> {
crates/amun-nft-evidence/src/lib.rs:84:        Ok(NftEvidence::new(event, timestamp, block_height))
crates/amun-nft-evidence/src/lib.rs:9:    pub registry: &'a ResourceRegistry,
crates/amun-nft-evidence/tests/n131_evidence_tests.rs:103:    let result = NftEvidenceKernel::verify_replay_protection(1000, 500);
crates/amun-nft-evidence/tests/n131_evidence_tests.rs:104:    assert_eq!(result, Err(CekError::Law4ReplayDetected));
crates/amun-nft-evidence/tests/n131_evidence_tests.rs:121:    let ev1 = NftEvidence::new(event1, 1000, 1);
crates/amun-nft-evidence/tests/n131_evidence_tests.rs:122:    let ev2 = NftEvidence::new(event2, 2000, 1);
crates/amun-nft-evidence/tests/n131_evidence_tests.rs:12:    let mut reg = ResourceRegistry::new(10);
crates/amun-nft-evidence/tests/n131_evidence_tests.rs:131:    let mut reg = ResourceRegistry::new(10);
crates/amun-nft-evidence/tests/n131_evidence_tests.rs:138:        lineage: ResourceLineage::genesis(col_id),
crates/amun-nft-evidence/tests/n131_evidence_tests.rs:159:    assert!(NftEvidenceKernel::verify_mint(ctx).is_ok());
crates/amun-nft-evidence/tests/n131_evidence_tests.rs:167:    let evidence = NftEvidenceKernel::generate_evidence(event.clone(), timestamp, 42).unwrap();
crates/amun-nft-evidence/tests/n131_evidence_tests.rs:19:        lineage: ResourceLineage::genesis(col_id),
crates/amun-nft-evidence/tests/n131_evidence_tests.rs:1:use amun_nft_core::{NftEvent, NftEvidence};
crates/amun-nft-evidence/tests/n131_evidence_tests.rs:3:    accumulate_nft_evidence_root, CekError, MintVerificationContext, NftEvidenceKernel,
crates/amun-nft-evidence/tests/n131_evidence_tests.rs:40:    assert!(NftEvidenceKernel::verify_mint(ctx).is_ok());
crates/amun-nft-evidence/tests/n131_evidence_tests.rs:48:    let evidence = NftEvidenceKernel::generate_evidence(event, timestamp, 1).unwrap();
crates/amun-nft-evidence/tests/n131_evidence_tests.rs:57:    let mut reg = ResourceRegistry::new(10);
crates/amun-nft-evidence/tests/n131_evidence_tests.rs:66:        lineage: ResourceLineage::genesis(token_id),
crates/amun-nft-evidence/tests/n131_evidence_tests.rs:6:    ResourceArchetype, ResourceId, ResourceLineage, ResourceMetadata, ResourceRegistry,
crates/amun-nft-evidence/tests/n131_evidence_tests.rs:72:    let result = NftEvidenceKernel::verify_transfer(&reg, &token_id, &thief, 2000, 1000);
crates/amun-nft-evidence/tests/n131_evidence_tests.rs:78:    let mut reg = ResourceRegistry::new(10);
crates/amun-nft-evidence/tests/n131_evidence_tests.rs:85:        lineage: ResourceLineage::genesis(token_id),
crates/amun-nft-evidence/tests/n131_evidence_tests.rs:91:    let result = NftEvidenceKernel::verify_non_duplicate(&reg, &token_id);
crates/amun-nft-evidence/tests/n131_evidence_tests.rs:97:    let result = NftEvidenceKernel::verify_metadata_hash(&[1u8; 32], &[2u8; 32]);
crates/amun-nft-explorer/src/lib.rs:113:pub fn start_explorer_server(registry: Arc<Mutex<ResourceRegistry>>, bind_addr: &str) {
crates/amun-nft-explorer/src/lib.rs:145:fn handle_request(path: &str, registry: &ResourceRegistry) -> String {
crates/amun-nft-explorer/src/lib.rs:2:use amun_resource_core::{ResourceArchetype, ResourceId, ResourceRegistry};
crates/amun-nft-explorer/src/lib.rs:44:    pub fn get_collections(registry: &ResourceRegistry) -> Vec<ExplorerCollection> {
crates/amun-nft-explorer/src/lib.rs:59:    pub fn get_nft(registry: &ResourceRegistry, token_id: &ResourceId) -> Option<ExplorerNft> {
crates/amun-nft-explorer/src/lib.rs:70:    pub fn get_owner_nfts(registry: &ResourceRegistry, owner: &[u8; 32]) -> ExplorerOwner {
crates/amun-nft-explorer/src/lib.rs:86:        registry: &ResourceRegistry,
crates/amun-nft-explorer/tests/n135_explorer_tests.rs:15:        lineage: ResourceLineage::genesis(col_id),
crates/amun-nft-explorer/tests/n135_explorer_tests.rs:28:    let mut reg = ResourceRegistry::new(10);
crates/amun-nft-explorer/tests/n135_explorer_tests.rs:34:        lineage: ResourceLineage::genesis(token_id),
crates/amun-nft-explorer/tests/n135_explorer_tests.rs:3:    ResourceArchetype, ResourceId, ResourceLineage, ResourceMetadata, ResourceRegistry,
crates/amun-nft-explorer/tests/n135_explorer_tests.rs:46:    let mut reg = ResourceRegistry::new(10);
crates/amun-nft-explorer/tests/n135_explorer_tests.rs:54:        lineage: ResourceLineage::genesis(id1),
crates/amun-nft-explorer/tests/n135_explorer_tests.rs:63:        lineage: ResourceLineage::genesis(id2),
crates/amun-nft-explorer/tests/n135_explorer_tests.rs:9:    let mut reg = ResourceRegistry::new(10);
crates/amun-nft-fuzz/src/lib.rs:109:        let mut reg = ResourceRegistry::new(1000);
crates/amun-nft-fuzz/src/lib.rs:119:            lineage: ResourceLineage::genesis(token_id),
crates/amun-nft-fuzz/src/lib.rs:156:        // Invariant: marketplace should not crash the registry
crates/amun-nft-fuzz/src/lib.rs:178:        // Invariant: royalty cannot exceed sale price
crates/amun-nft-fuzz/src/lib.rs:206:        // Invariant: after revoke, cannot propose or veto
crates/amun-nft-fuzz/src/lib.rs:247:        // Invariant: bridge root should be deterministic
crates/amun-nft-fuzz/src/lib.rs:2:    ResourceArchetype, ResourceId, ResourceLineage, ResourceMetadata, ResourceRegistry,
crates/amun-nft-fuzz/src/lib.rs:35:        let mut reg = ResourceRegistry::new(1000);
crates/amun-nft-fuzz/src/lib.rs:44:                lineage: ResourceLineage::genesis(col_id),
crates/amun-nft-fuzz/src/lib.rs:70:                        lineage: ResourceLineage::single_ancestor(
crates/amun-nft-fuzz/src/lib.rs:86:        // Invariant: collection must remain active
crates/amun-nft-fuzz/src/lib.rs:93:        // Invariant: active count >= minted NFTs
crates/amun-nft-integration/src/lib.rs:17:    EvidenceRoot {
crates/amun-nft-integration/src/lib.rs:1:use amun_evidence_root::EvidenceRoot;
crates/amun-nft-integration/src/lib.rs:4:/// Extends an existing EvidenceRoot with an NFT evidence root.
crates/amun-nft-integration/src/lib.rs:7:    original: &EvidenceRoot,
crates/amun-nft-integration/src/lib.rs:9:) -> EvidenceRoot {
crates/amun-nft-integration/tests/n132_integration_tests.rs:16:    let original = EvidenceRoot::genesis();
crates/amun-nft-integration/tests/n132_integration_tests.rs:1:use amun_evidence_root::EvidenceRoot;
crates/amun-nft-integration/tests/n132_integration_tests.rs:27:    let original = EvidenceRoot::compute(
crates/amun-nft-integration/tests/n132_integration_tests.rs:6:    let original = EvidenceRoot::genesis();
crates/amun-nft-marketplace/src/lib.rs:133:        registry: &mut ResourceRegistry,
crates/amun-nft-marketplace/src/lib.rs:176:            lineage: ResourceLineage::single_ancestor(new_id, *token_id, parent_hash, version),
crates/amun-nft-marketplace/src/lib.rs:215:        registry: &ResourceRegistry,
crates/amun-nft-marketplace/src/lib.rs:281:        registry: &mut ResourceRegistry,
crates/amun-nft-marketplace/src/lib.rs:2:    RegistryError, ResourceArchetype, ResourceId, ResourceLineage, ResourceMetadata,
crates/amun-nft-marketplace/src/lib.rs:309:            lineage: ResourceLineage::single_ancestor(new_id, *token_id, parent_hash, version),
crates/amun-nft-marketplace/src/lib.rs:327:    /// Evidence log accessor
crates/amun-nft-marketplace/src/lib.rs:3:    ResourceRegistry, ResourceState,
crates/amun-nft-marketplace/src/lib.rs:93:        registry: &ResourceRegistry,
crates/amun-nft-marketplace/tests/n134_marketplace_tests.rs:101:        lineage: ResourceLineage::genesis(token_id),
crates/amun-nft-marketplace/tests/n134_marketplace_tests.rs:118:    let mut reg = ResourceRegistry::new(10);
crates/amun-nft-marketplace/tests/n134_marketplace_tests.rs:126:        lineage: ResourceLineage::genesis(token_id),
crates/amun-nft-marketplace/tests/n134_marketplace_tests.rs:141:    let mut reg = ResourceRegistry::new(10);
crates/amun-nft-marketplace/tests/n134_marketplace_tests.rs:149:        lineage: ResourceLineage::genesis(token_id),
crates/amun-nft-marketplace/tests/n134_marketplace_tests.rs:165:    let mut reg = ResourceRegistry::new(10);
crates/amun-nft-marketplace/tests/n134_marketplace_tests.rs:173:        lineage: ResourceLineage::genesis(token_id),
crates/amun-nft-marketplace/tests/n134_marketplace_tests.rs:18:        lineage: ResourceLineage::genesis(token_id),
crates/amun-nft-marketplace/tests/n134_marketplace_tests.rs:38:    let mut reg = ResourceRegistry::new(10);
crates/amun-nft-marketplace/tests/n134_marketplace_tests.rs:3:    ResourceArchetype, ResourceId, ResourceLineage, ResourceMetadata, ResourceRegistry,
crates/amun-nft-marketplace/tests/n134_marketplace_tests.rs:46:        lineage: ResourceLineage::genesis(token_id),
crates/amun-nft-marketplace/tests/n134_marketplace_tests.rs:62:    let mut reg = ResourceRegistry::new(10);
crates/amun-nft-marketplace/tests/n134_marketplace_tests.rs:72:        lineage: ResourceLineage::genesis(token_id),
crates/amun-nft-marketplace/tests/n134_marketplace_tests.rs:91:    let mut reg = ResourceRegistry::new(10);
crates/amun-nft-marketplace/tests/n134_marketplace_tests.rs:9:    let mut reg = ResourceRegistry::new(10);
crates/amun-nft-mining/src/lib.rs:3:    RegistryError, ResourceArchetype, ResourceId, ResourceLineage, ResourceMetadata,
crates/amun-nft-mining/src/lib.rs:4:    ResourceRegistry, ResourceState,
crates/amun-nft-mining/src/lib.rs:63:    registry: &mut ResourceRegistry,
crates/amun-nft-mining/src/lib.rs:74:        lineage: ResourceLineage::genesis(reward_id),
crates/amun-nft-mining/src/lib.rs:89:        lineage: ResourceLineage::single_ancestor(
crates/amun-nft-mining/tests/n133_mining_tests.rs:18:    let mut reg = ResourceRegistry::new(10);
crates/amun-nft-mining/tests/n133_mining_tests.rs:26:        lineage: ResourceLineage::genesis(col_id),
crates/amun-nft-mining/tests/n133_mining_tests.rs:3:    ResourceArchetype, ResourceId, ResourceLineage, ResourceMetadata, ResourceRegistry,
crates/amun-nft-mining/tests/n133_mining_tests.rs:55:    let mut reg = ResourceRegistry::new(10);
crates/amun-nft-mining/tests/n133_mining_tests.rs:62:        lineage: ResourceLineage::genesis(col_id),
crates/amun-nft-persistence/tests/n150_persistence_tests.rs:17:    ResourceRegistry,
crates/amun-nft-persistence/tests/n150_persistence_tests.rs:22:    let mut reg = ResourceRegistry::new(1000);
crates/amun-nft-persistence/tests/n150_persistence_tests.rs:32:        lineage: ResourceLineage::genesis(col_id),
crates/amun-nft-persistence/tests/n150_persistence_tests.rs:49:                lineage: ResourceLineage::single_ancestor(
crates/amun-nft-persistence/tests/n150_persistence_tests.rs:5:    ResourceArchetype, ResourceId, ResourceLineage, ResourceMetadata, ResourceRegistry,
crates/amun-nft-sdk/src/lib.rs:106:            lineage: ResourceLineage::single_ancestor(new_id, tid, parent_hash, version),
crates/amun-nft-sdk/src/lib.rs:13:    pub registry: Arc<Mutex<ResourceRegistry>>,
crates/amun-nft-sdk/src/lib.rs:17:    pub evidence_log: Arc<Mutex<Vec<NftEvidence>>>,
crates/amun-nft-sdk/src/lib.rs:29:            registry: Arc::new(Mutex::new(ResourceRegistry::new(1000))),
crates/amun-nft-sdk/src/lib.rs:2:use amun_nft_core::{NftEvidence, NftMetadata};
crates/amun-nft-sdk/src/lib.rs:46:            lineage: ResourceLineage::genesis(ResourceId(id)),
crates/amun-nft-sdk/src/lib.rs:6:    RegistryError, ResourceArchetype, ResourceId, ResourceLineage, ResourceMetadata,
crates/amun-nft-sdk/src/lib.rs:76:            lineage: ResourceLineage::single_ancestor(tok_id, col_id, parent_hash, version),
crates/amun-nft-sdk/src/lib.rs:7:    ResourceRegistry, ResourceState,
crates/amun-nft-sdk/tests/n145_sdk_tests.rs:103:            lineage: amun_resource_core::ResourceLineage::genesis(ResourceId(token)),
crates/amun-nft-sdk/tests/n145_sdk_tests.rs:56:            lineage: amun_resource_core::ResourceLineage::genesis(ResourceId(token)),
crates/amun-nft-sdk/tests/n145_sdk_tests.rs:79:            lineage: amun_resource_core::ResourceLineage::genesis(ResourceId(token)),
crates/amun-nft-snapshot/tests/n151_snapshot_tests.rs:178:            lineage: ResourceLineage::single_ancestor(
crates/amun-nft-snapshot/tests/n151_snapshot_tests.rs:18:    ResourceRegistry,
crates/amun-nft-snapshot/tests/n151_snapshot_tests.rs:31:    let mut reg = ResourceRegistry::new(1000);
crates/amun-nft-snapshot/tests/n151_snapshot_tests.rs:42:        lineage: ResourceLineage::genesis(col_id),
crates/amun-nft-snapshot/tests/n151_snapshot_tests.rs:59:                lineage: ResourceLineage::single_ancestor(
crates/amun-nft-snapshot/tests/n151_snapshot_tests.rs:6:    ResourceArchetype, ResourceId, ResourceLineage, ResourceMetadata, ResourceRegistry,
crates/amun-nft-stress/src/lib.rs:16:    registry: &mut ResourceRegistry,
crates/amun-nft-stress/src/lib.rs:29:            lineage: ResourceLineage::single_ancestor(
crates/amun-nft-stress/src/lib.rs:3:    ResourceArchetype, ResourceId, ResourceLineage, ResourceMetadata, ResourceRegistry,
crates/amun-nft-stress/src/lib.rs:56:    registry: &mut ResourceRegistry,
crates/amun-nft-stress/tests/n146_stress_tests.rs:107:        ResourceArchetype, ResourceId, ResourceLineage, ResourceMetadata, ResourceRegistry,
crates/amun-nft-stress/tests/n146_stress_tests.rs:111:    let mut reg = ResourceRegistry::new(1000);
crates/amun-nft-stress/tests/n146_stress_tests.rs:129:        lineage: ResourceLineage::genesis(ResourceId(col_id)),
crates/amun-nft-stress/tests/n146_stress_tests.rs:143:            lineage: ResourceLineage::single_ancestor(
crates/amun-nft-stress/tests/n146_stress_tests.rs:18:    let mut reg = ResourceRegistry::new(10000);
crates/amun-nft-stress/tests/n146_stress_tests.rs:24:        lineage: ResourceLineage::genesis(ResourceId(col_id)),
crates/amun-nft-stress/tests/n146_stress_tests.rs:37:    let mut reg = ResourceRegistry::new(1000);
crates/amun-nft-stress/tests/n146_stress_tests.rs:43:        lineage: ResourceLineage::genesis(ResourceId(col_id)),
crates/amun-nft-stress/tests/n146_stress_tests.rs:4:    ResourceArchetype, ResourceId, ResourceLineage, ResourceMetadata, ResourceRegistry,
crates/amun-nft-stress/tests/n146_stress_tests.rs:55:                lineage: ResourceLineage::single_ancestor(
crates/amun-nft-stress/tests/n146_stress_tests.rs:77:    let mut reg1 = ResourceRegistry::new(1000);
crates/amun-nft-stress/tests/n146_stress_tests.rs:78:    let mut reg2 = ResourceRegistry::new(1000);
crates/amun-nft-stress/tests/n146_stress_tests.rs:85:            lineage: ResourceLineage::genesis(ResourceId(col_id)),
crates/amun-node/src/bin/test_checkpoint_rejoin.rs:7:    ResourceArchetype, ResourceId, ResourceLineage, ResourceMetadata, ResourceState,
crates/amun-node/src/bin/test_checkpoint_rejoin.rs:93:                                lineage: ResourceLineage::genesis(rid),
crates/amun-node/src/bin/test_constitutional_multi_block.rs:40:                lineage: ResourceLineage::genesis(resource_id),
crates/amun-node/src/bin/test_constitutional_multi_block.rs:6:    ResourceArchetype, ResourceId, ResourceLineage, ResourceMetadata, ResourceState,
crates/amun-node/src/bin/test_constitutional_stress.rs:39:                lineage: ResourceLineage::genesis(resource_id),
crates/amun-node/src/bin/test_constitutional_stress.rs:6:    ResourceArchetype, ResourceId, ResourceLineage, ResourceMetadata, ResourceState,
crates/amun-node/src/bin/test_crash_recovery.rs:6:    ResourceArchetype, ResourceId, ResourceLineage, ResourceMetadata, ResourceState,
crates/amun-node/src/bin/test_crash_recovery.rs:89:                                lineage: ResourceLineage::genesis(rid),
crates/amun-node/src/bin/test_crash_recovery_7.rs:6:    ResourceArchetype, ResourceId, ResourceLineage, ResourceMetadata, ResourceState,
crates/amun-node/src/bin/test_crash_recovery_7.rs:87:                                lineage: ResourceLineage::genesis(rid),
crates/amun-node/src/bin/test_multi_byzantine.rs:112:                                lineage: ResourceLineage::genesis(rid),
crates/amun-node/src/bin/test_multi_byzantine.rs:6:    ResourceArchetype, ResourceId, ResourceLineage, ResourceMetadata, ResourceState,
crates/amun-node/src/bin/test_multi_height_determinism.rs:3:    ResourceArchetype, ResourceId, ResourceLineage, ResourceMetadata, ResourceState,
crates/amun-node/src/bin/test_multi_height_determinism.rs:40:                    lineage: ResourceLineage::genesis(id),
crates/amun-node/src/bin/test_network_state_convergence.rs:6:    ResourceArchetype, ResourceId, ResourceLineage, ResourceMetadata, ResourceState,
crates/amun-node/src/bin/test_network_state_convergence.rs:92:                            lineage: ResourceLineage::genesis(resource_id),
crates/amun-node/src/bin/test_persistence_determinism.rs:34:                    lineage: ResourceLineage::genesis(id),
crates/amun-node/src/bin/test_persistence_determinism.rs:3:    ResourceArchetype, ResourceId, ResourceLineage, ResourceMetadata, ResourceState,
crates/amun-node/src/bin/test_post_rejoin_convergence.rs:6:    ResourceArchetype, ResourceId, ResourceLineage, ResourceMetadata, ResourceState,
crates/amun-node/src/bin/test_post_rejoin_convergence.rs:91:                                lineage: ResourceLineage::genesis(rid),
crates/amun-node/src/bin/test_replay_determinism.rs:33:                lineage: ResourceLineage::genesis(id),
crates/amun-node/src/bin/test_replay_determinism.rs:3:    ResourceArchetype, ResourceId, ResourceLineage, ResourceMetadata, ResourceState,
crates/amun-node/src/bin/test_replay_determinism.rs:52:    // Phase 2: Replay on 4 independent stores
crates/amun-node/src/bin/test_replay_determinism.rs:72:        println!("Replay {} root: {}", v, hex::encode(replay_root));
crates/amun-node/src/bin/test_replay_determinism.rs:79:        println!("\nPASS: Replay determinism verified across all validators");
crates/amun-node/src/bin/test_replay_determinism.rs:82:        println!("\nFAIL: Replay determinism violation");
crates/amun-node/src/bin/test_replay_determinism.rs:85:                "Replay {} root: {} (match: {})",
crates/amun-node/src/bin/test_replay_stress.rs:103:                lineage: ResourceLineage::genesis(*resource_id),
crates/amun-node/src/bin/test_replay_stress.rs:132:            .expect("Replay execution failed");
crates/amun-node/src/bin/test_replay_stress.rs:135:                .expect("Replay advance failed");
crates/amun-node/src/bin/test_replay_stress.rs:138:        println!("Replay {} final root: {}", v, hex::encode(replay_root));
crates/amun-node/src/bin/test_replay_stress.rs:145:        println!("\nPASS: Replay stress test passed ({} blocks)", block_count);
crates/amun-node/src/bin/test_replay_stress.rs:148:        println!("\nFAIL: Replay divergence detected");
crates/amun-node/src/bin/test_replay_stress.rs:151:                "Replay {} root: {} (match: {})",
crates/amun-node/src/bin/test_replay_stress.rs:32:            lineage: ResourceLineage::genesis(resource_id),
crates/amun-node/src/bin/test_replay_stress.rs:6:    ResourceArchetype, ResourceId, ResourceLineage, ResourceMetadata, ResourceState,
crates/amun-node/src/bin/test_replay_stress.rs:89:    // Phase 2: Replay on 4 independent stores from scratch
crates/amun-node/src/bin/test_runtime_mutation_integration.rs:2:    ResourceArchetype, ResourceId, ResourceLineage, ResourceMetadata, ResourceState,
crates/amun-node/src/bin/test_runtime_mutation_integration.rs:41:                    lineage: ResourceLineage::genesis(id),
crates/amun-node/src/bin/test_state_determinism.rs:35:                lineage: ResourceLineage::genesis(id),
crates/amun-node/src/bin/test_state_determinism.rs:3:    ResourceArchetype, ResourceId, ResourceLineage, ResourceMetadata, ResourceState,
crates/amun-node/src/bin/test_state_evolution.rs:29:            lineage: ResourceLineage::genesis(id),
crates/amun-node/src/bin/test_state_evolution.rs:3:    ResourceArchetype, ResourceId, ResourceLineage, ResourceMetadata, ResourceState,
crates/amun-node/src/bin/test_state_recovery_rejoin.rs:6:    ResourceArchetype, ResourceId, ResourceLineage, ResourceMetadata, ResourceState,
crates/amun-node/src/bin/test_state_recovery_rejoin.rs:94:                                lineage: ResourceLineage::genesis(rid),
crates/amun-node/src/bin/test_sync_rejoin.rs:6:    ResourceArchetype, ResourceId, ResourceLineage, ResourceMetadata, ResourceState,
crates/amun-node/src/bin/test_sync_rejoin.rs:90:                                lineage: ResourceLineage::genesis(rid),
crates/amun-operations/src/backup_recovery.rs:118:        let mut reg = ResourceRegistry::new(100);
crates/amun-operations/src/backup_recovery.rs:124:                lineage: ResourceLineage::genesis(make_id(i)),
crates/amun-operations/src/backup_recovery.rs:1:use amun_resource_core::ResourceRegistry;
crates/amun-operations/src/backup_recovery.rs:57:    pub fn restore(&self) -> Result<ResourceRegistry, String> {
crates/amun-operations/src/backup_recovery.rs:61:                let mut registry = ResourceRegistry::new(self.sync_package.total_resources() * 2);
crates/amun-operations/src/backup_recovery.rs:80:        ResourceArchetype, ResourceId, ResourceLineage, ResourceMetadata, ResourceRegistry,
crates/amun-operations/src/backup_recovery.rs:92:        let mut reg = ResourceRegistry::new(100);
crates/amun-operations/src/backup_recovery.rs:98:                lineage: ResourceLineage::genesis(make_id(i)),
crates/amun-pccv/src/lib.rs:104:        p.proof_hash = PCCVVerifier::compute_proof_hash(&p);
crates/amun-pccv/src/lib.rs:105:        let result = PCCVVerifier::verify(&p, &reg);
crates/amun-pccv/src/lib.rs:106:        assert!(matches!(result, PCCVResult::Failed { reason } if reason.contains("R1")));
crates/amun-pccv/src/lib.rs:111:        let mut reg = ResourceRegistry::new(1000);
crates/amun-pccv/src/lib.rs:117:            lineage: ResourceLineage::genesis(parent),
crates/amun-pccv/src/lib.rs:122:        let proof = EnhancedTransitionProof {
crates/amun-pccv/src/lib.rs:134:                lineage: ResourceLineage::single_ancestor(make_id(2), parent, [0u8; 32], 1),
crates/amun-pccv/src/lib.rs:142:            witness: WitnessBundle {
crates/amun-pccv/src/lib.rs:149:                    lineage: ResourceLineage::genesis(parent),
crates/amun-pccv/src/lib.rs:156:        p.proof_hash = PCCVVerifier::compute_proof_hash(&p);
crates/amun-pccv/src/lib.rs:157:        let result = PCCVVerifier::verify(&p, &reg);
crates/amun-pccv/src/lib.rs:158:        assert!(matches!(result, PCCVResult::Failed { reason } if reason.contains("R6")));
crates/amun-pccv/src/lib.rs:15:        ResourceArchetype, ResourceId, ResourceLineage, ResourceMetadata, ResourceRegistry,
crates/amun-pccv/src/lib.rs:163:        let mut reg = ResourceRegistry::new(1000);
crates/amun-pccv/src/lib.rs:167:            archetype: ResourceArchetype::Evidence,
crates/amun-pccv/src/lib.rs:169:            lineage: ResourceLineage::genesis(ev),
crates/amun-pccv/src/lib.rs:174:        let proof = EnhancedTransitionProof {
crates/amun-pccv/src/lib.rs:186:                lineage: ResourceLineage::transformation(make_id(2), ev, [0u8; 32], 2),
crates/amun-pccv/src/lib.rs:194:            witness: WitnessBundle {
crates/amun-pccv/src/lib.rs:199:                    archetype: ResourceArchetype::Evidence,
crates/amun-pccv/src/lib.rs:201:                    lineage: ResourceLineage::genesis(ev),
crates/amun-pccv/src/lib.rs:208:        p.proof_hash = PCCVVerifier::compute_proof_hash(&p);
crates/amun-pccv/src/lib.rs:209:        let result = PCCVVerifier::verify(&p, &reg);
crates/amun-pccv/src/lib.rs:210:        assert!(matches!(result, PCCVResult::Failed { reason } if reason.contains("T1")));
crates/amun-pccv/src/lib.rs:215:        let mut reg = ResourceRegistry::new(1000);
crates/amun-pccv/src/lib.rs:222:            lineage: ResourceLineage::genesis(parent),
crates/amun-pccv/src/lib.rs:227:        let parent_hash = ResourceRegistry::hash_resource(reg.get(&parent).unwrap());
crates/amun-pccv/src/lib.rs:228:        let proof = EnhancedTransitionProof {
crates/amun-pccv/src/lib.rs:240:                lineage: ResourceLineage::transformation(child, parent, parent_hash, 2),
crates/amun-pccv/src/lib.rs:252:            witness: WitnessBundle {
crates/amun-pccv/src/lib.rs:259:                    lineage: ResourceLineage::genesis(parent),
crates/amun-pccv/src/lib.rs:266:        p.proof_hash = PCCVVerifier::compute_proof_hash(&p);
crates/amun-pccv/src/lib.rs:267:        let result = PCCVVerifier::verify(&p, &reg);
crates/amun-pccv/src/lib.rs:268:        assert!(matches!(result, PCCVResult::Verified { .. }));
crates/amun-pccv/src/lib.rs:28:        let proof = EnhancedTransitionProof {
crates/amun-pccv/src/lib.rs:41:            witness: WitnessBundle {
crates/amun-pccv/src/lib.rs:48:        p.proof_hash = PCCVVerifier::compute_proof_hash(&p);
crates/amun-pccv/src/lib.rs:49:        let reg = ResourceRegistry::new(1000);
crates/amun-pccv/src/lib.rs:50:        let result = PCCVVerifier::verify(&p, &reg);
crates/amun-pccv/src/lib.rs:51:        assert!(matches!(result, PCCVResult::Verified { .. }));
crates/amun-pccv/src/lib.rs:56:        let mut reg = ResourceRegistry::new(1000);
crates/amun-pccv/src/lib.rs:62:            lineage: ResourceLineage::genesis(id),
crates/amun-pccv/src/lib.rs:67:        let proof = EnhancedTransitionProof {
crates/amun-pccv/src/lib.rs:80:                    lineage: ResourceLineage::genesis(id),
crates/amun-pccv/src/lib.rs:88:                    lineage: ResourceLineage::genesis(id),
crates/amun-pccv/src/lib.rs:97:            witness: WitnessBundle {
crates/amun-pccv/src/pccv_verifier.rs:100:                return PCCVResult::Failed {
crates/amun-pccv/src/pccv_verifier.rs:108:                return PCCVResult::Failed {
crates/amun-pccv/src/pccv_verifier.rs:115:            return PCCVResult::Failed {
crates/amun-pccv/src/pccv_verifier.rs:137:            return PCCVResult::Failed {
crates/amun-pccv/src/pccv_verifier.rs:142:        PCCVResult::Verified {
crates/amun-pccv/src/pccv_verifier.rs:148:    pub fn compute_proof_hash(proof: &EnhancedTransitionProof) -> [u8; 32] {
crates/amun-pccv/src/pccv_verifier.rs:17:pub struct PCCVVerifier;
crates/amun-pccv/src/pccv_verifier.rs:19:impl PCCVVerifier {
crates/amun-pccv/src/pccv_verifier.rs:1:use crate::enhanced_proof::EnhancedTransitionProof;
crates/amun-pccv/src/pccv_verifier.rs:20:    pub fn verify(proof: &EnhancedTransitionProof, _registry: &ResourceRegistry) -> PCCVResult {
crates/amun-pccv/src/pccv_verifier.rs:22:            return PCCVResult::Failed {
crates/amun-pccv/src/pccv_verifier.rs:29:                return PCCVResult::Failed {
crates/amun-pccv/src/pccv_verifier.rs:38:                return PCCVResult::Failed {
crates/amun-pccv/src/pccv_verifier.rs:3:    ResourceArchetype, ResourceRegistry, ResourceState, TransformationMatrix,
crates/amun-pccv/src/pccv_verifier.rs:50:                return PCCVResult::Failed {
crates/amun-pccv/src/pccv_verifier.rs:59:                    return PCCVResult::Failed {
crates/amun-pccv/src/pccv_verifier.rs:78:                    return PCCVResult::Failed {
crates/amun-pccv/src/pccv_verifier.rs:7:pub enum PCCVResult {
crates/amun-pccv/src/pccv_verifier.rs:86:                    return PCCVResult::Failed {
crates/amun-pccv/src/transition_proof_engine.rs:101:    use crate::enhanced_proof::EnhancedTransitionProof;
crates/amun-pccv/src/transition_proof_engine.rs:102:    use crate::enhanced_proof::WitnessBundle;
crates/amun-pccv/src/transition_proof_engine.rs:103:    use crate::PCCVResult;
crates/amun-pccv/src/transition_proof_engine.rs:104:    use crate::PCCVVerifier;
crates/amun-pccv/src/transition_proof_engine.rs:105:    use crate::TransitionProofEngine;
crates/amun-pccv/src/transition_proof_engine.rs:107:        ResourceArchetype, ResourceId, ResourceLineage, ResourceMetadata, ResourceRegistry,
crates/amun-pccv/src/transition_proof_engine.rs:11:impl TransitionProofEngine {
crates/amun-pccv/src/transition_proof_engine.rs:120:        let mut reg = ResourceRegistry::new(1000);
crates/amun-pccv/src/transition_proof_engine.rs:127:            lineage: ResourceLineage::genesis(parent),
crates/amun-pccv/src/transition_proof_engine.rs:133:        let parent_hash = ResourceRegistry::hash_resource(reg.get(&parent).unwrap());
crates/amun-pccv/src/transition_proof_engine.rs:140:            lineage: ResourceLineage::transformation(child_id, parent, parent_hash, 2),
crates/amun-pccv/src/transition_proof_engine.rs:14:        registry: &ResourceRegistry,
crates/amun-pccv/src/transition_proof_engine.rs:154:        let proof = TransitionProofEngine::build_proof(
crates/amun-pccv/src/transition_proof_engine.rs:165:        let result = PCCVVerifier::verify(&proof, &reg);
crates/amun-pccv/src/transition_proof_engine.rs:166:        assert!(matches!(result, PCCVResult::Verified { .. }));
crates/amun-pccv/src/transition_proof_engine.rs:171:        let mut reg = ResourceRegistry::new(1000);
crates/amun-pccv/src/transition_proof_engine.rs:176:            archetype: ResourceArchetype::Evidence,
crates/amun-pccv/src/transition_proof_engine.rs:178:            lineage: ResourceLineage::genesis(ev),
crates/amun-pccv/src/transition_proof_engine.rs:184:        let parent_hash = ResourceRegistry::hash_resource(reg.get(&ev).unwrap());
crates/amun-pccv/src/transition_proof_engine.rs:191:            lineage: ResourceLineage::transformation(child_id, ev, parent_hash, 2),
crates/amun-pccv/src/transition_proof_engine.rs:209:            lineage: ResourceLineage::transformation(child_id, ev, parent_hash, 2),
crates/amun-pccv/src/transition_proof_engine.rs:213:        let witness = WitnessBundle {
crates/amun-pccv/src/transition_proof_engine.rs:218:        let mut proof = EnhancedTransitionProof {
crates/amun-pccv/src/transition_proof_engine.rs:22:    ) -> EnhancedTransitionProof {
crates/amun-pccv/src/transition_proof_engine.rs:233:        proof.proof_hash = PCCVVerifier::compute_proof_hash(&proof);
crates/amun-pccv/src/transition_proof_engine.rs:234:        let result = PCCVVerifier::verify(&proof, &reg);
crates/amun-pccv/src/transition_proof_engine.rs:235:        assert!(matches!(result, PCCVResult::Failed { ref reason } if reason.contains("T1")));
crates/amun-pccv/src/transition_proof_engine.rs:240:        let mut reg = ResourceRegistry::new(1000);
crates/amun-pccv/src/transition_proof_engine.rs:246:            lineage: ResourceLineage::genesis(parent),
crates/amun-pccv/src/transition_proof_engine.rs:253:        let proof1 = TransitionProofEngine::build_proof(
crates/amun-pccv/src/transition_proof_engine.rs:264:        let proof2 = TransitionProofEngine::build_proof(
crates/amun-pccv/src/transition_proof_engine.rs:2:use amun_resource_core::{ResourceId, ResourceMetadata, ResourceRegistry};
crates/amun-pccv/src/transition_proof_engine.rs:37:        let evidence: Vec<amun_evidence_engine::evidence_types::ConstitutionalEvidence> = buffer
crates/amun-pccv/src/transition_proof_engine.rs:41:                amun_evidence_engine::evidence_engine::EvidenceEngine::convert(
crates/amun-pccv/src/transition_proof_engine.rs:50:        let witness = WitnessBuilder::build(registry, &consumed_resources, &produced_resources);
crates/amun-pccv/src/transition_proof_engine.rs:52:        let mut proof = EnhancedTransitionProof {
crates/amun-pccv/src/transition_proof_engine.rs:5:use crate::enhanced_proof::EnhancedTransitionProof;
crates/amun-pccv/src/transition_proof_engine.rs:68:        proof.proof_hash = PCCVVerifier::compute_proof_hash(&proof);
crates/amun-pccv/src/transition_proof_engine.rs:6:use crate::pccv_verifier::{PCCVResult, PCCVVerifier};
crates/amun-pccv/src/transition_proof_engine.rs:74:        registry: &ResourceRegistry,
crates/amun-pccv/src/transition_proof_engine.rs:7:use crate::witness_builder::WitnessBuilder;
crates/amun-pccv/src/transition_proof_engine.rs:82:    ) -> (EnhancedTransitionProof, PCCVResult) {
crates/amun-pccv/src/transition_proof_engine.rs:94:        let result = PCCVVerifier::verify(&proof, registry);
crates/amun-pccv/src/transition_proof_engine.rs:9:pub struct TransitionProofEngine;
crates/amun-pccv/src/witness_builder.rs:105:    fn build_lineage_proof(registry: &ResourceRegistry, resource_id: &ResourceId) -> LineageProof {
crates/amun-pccv/src/witness_builder.rs:11:    ) -> WitnessBundle {
crates/amun-pccv/src/witness_builder.rs:136:    use amun_resource_core::{ResourceArchetype, ResourceLineage, ResourceMetadata, ResourceState};
crates/amun-pccv/src/witness_builder.rs:146:        let mut reg = ResourceRegistry::new(1000);
crates/amun-pccv/src/witness_builder.rs:152:            lineage: ResourceLineage::genesis(id),
crates/amun-pccv/src/witness_builder.rs:158:        let bundle = WitnessBuilder::build(&reg, &[id], &[]);
crates/amun-pccv/src/witness_builder.rs:167:        let mut reg = ResourceRegistry::new(1000);
crates/amun-pccv/src/witness_builder.rs:176:            lineage: ResourceLineage::genesis(root),
crates/amun-pccv/src/witness_builder.rs:182:        let root_hash = ResourceRegistry::hash_resource(reg.get(&root).unwrap());
crates/amun-pccv/src/witness_builder.rs:189:                lineage: ResourceLineage::single_ancestor(child, root, root_hash, 2),
crates/amun-pccv/src/witness_builder.rs:196:        let child_hash = ResourceRegistry::hash_resource(reg.get(&child).unwrap());
crates/amun-pccv/src/witness_builder.rs:1:use crate::enhanced_proof::{LineageProof, MerkleProof, WitnessBundle};
crates/amun-pccv/src/witness_builder.rs:203:                lineage: ResourceLineage::single_ancestor(grandchild, child, child_hash, 3),
crates/amun-pccv/src/witness_builder.rs:210:        let bundle = WitnessBuilder::build(&reg, &[grandchild], &[]);
crates/amun-pccv/src/witness_builder.rs:220:        let mut reg = ResourceRegistry::new(1000);
crates/amun-pccv/src/witness_builder.rs:226:                lineage: ResourceLineage::genesis(make_id(i)),
crates/amun-pccv/src/witness_builder.rs:232:        let bundle = WitnessBuilder::build(&reg, &[make_id(0)], &[]);
crates/amun-pccv/src/witness_builder.rs:26:        WitnessBundle {
crates/amun-pccv/src/witness_builder.rs:2:use amun_resource_core::{ResourceId, ResourceMetadata, ResourceRegistry};
crates/amun-pccv/src/witness_builder.rs:34:        registry: &ResourceRegistry,
crates/amun-pccv/src/witness_builder.rs:47:        registry: &ResourceRegistry,
crates/amun-pccv/src/witness_builder.rs:4:pub struct WitnessBuilder;
crates/amun-pccv/src/witness_builder.rs:62:                    .map(|meta| (ResourceRegistry::hash_resource(meta), *id))
crates/amun-pccv/src/witness_builder.rs:6:impl WitnessBuilder {
crates/amun-pccv/src/witness_builder.rs:8:        registry: &ResourceRegistry,
crates/amun-pccv/tests/replay_equivalence.rs:100:    let result1 = amun_pccv::pccv_verifier::PCCVVerifier::verify(&proof1, &reg1);
crates/amun-pccv/tests/replay_equivalence.rs:101:    let result2 = amun_pccv::pccv_verifier::PCCVVerifier::verify(&proof2, &reg2);
crates/amun-pccv/tests/replay_equivalence.rs:102:    assert!(matches!(result1, PCCVResult::Verified { .. }));
crates/amun-pccv/tests/replay_equivalence.rs:103:    assert!(matches!(result2, PCCVResult::Verified { .. }));
crates/amun-pccv/tests/replay_equivalence.rs:108:    let mut reg = ResourceRegistry::new(1000);
crates/amun-pccv/tests/replay_equivalence.rs:113:        lineage: ResourceLineage::genesis(make_id(1)),
crates/amun-pccv/tests/replay_equivalence.rs:119:    let parent_hash = ResourceRegistry::hash_resource(reg.get(&make_id(1)).unwrap());
crates/amun-pccv/tests/replay_equivalence.rs:128:        lineage: ResourceLineage::transformation(child_id, make_id(1), parent_hash, 2),
crates/amun-pccv/tests/replay_equivalence.rs:144:            TransitionProofEngine::build_proof(
crates/amun-pccv/tests/replay_equivalence.rs:17:    let mut reg1 = ResourceRegistry::new(1000);
crates/amun-pccv/tests/replay_equivalence.rs:18:    let mut reg2 = ResourceRegistry::new(1000);
crates/amun-pccv/tests/replay_equivalence.rs:1:use amun_pccv::pccv_verifier::PCCVResult;
crates/amun-pccv/tests/replay_equivalence.rs:24:        lineage: ResourceLineage::genesis(make_id(1)),
crates/amun-pccv/tests/replay_equivalence.rs:2:use amun_pccv::transition_proof_engine::TransitionProofEngine;
crates/amun-pccv/tests/replay_equivalence.rs:37:    let parent_hash = ResourceRegistry::hash_resource(reg1.get(&make_id(1)).unwrap());
crates/amun-pccv/tests/replay_equivalence.rs:42:        lineage: ResourceLineage::transformation(child_id, make_id(1), parent_hash, 2),
crates/amun-pccv/tests/replay_equivalence.rs:4:    ResourceArchetype, ResourceId, ResourceLineage, ResourceMetadata, ResourceRegistry,
crates/amun-pccv/tests/replay_equivalence.rs:73:    let proof1 = TransitionProofEngine::build_proof(
crates/amun-pccv/tests/replay_equivalence.rs:84:    let proof2 = TransitionProofEngine::build_proof(
crates/amun-persistent-node/src/persistent_store.rs:112:    pub fn registry(&self) -> &ResourceRegistry {
crates/amun-persistent-node/src/persistent_store.rs:115:    pub fn registry_mut(&mut self) -> &mut ResourceRegistry {
crates/amun-persistent-node/src/persistent_store.rs:130:        ResourceArchetype, ResourceId, ResourceLineage, ResourceMetadata, ResourceState,
crates/amun-persistent-node/src/persistent_store.rs:158:                    lineage: ResourceLineage::genesis(make_id(i)),
crates/amun-persistent-node/src/persistent_store.rs:186:                    lineage: ResourceLineage::genesis(make_id(i)),
crates/amun-persistent-node/src/persistent_store.rs:25:                registry: ResourceRegistry::new(1_000_000),
crates/amun-persistent-node/src/persistent_store.rs:2:use amun_resource_core::{ResourceMetadata, ResourceRegistry};
crates/amun-persistent-node/src/persistent_store.rs:9:    registry: ResourceRegistry,
crates/amun-proof-archive/src/hot_store.rs:1:use amun_transition_proof::transition_proof::TransitionProof;
crates/amun-proof-archive/src/hot_store.rs:20:    pub fn store(&mut self, proof: TransitionProof, block_height: u64) {
crates/amun-proof-archive/src/hot_store.rs:26:    pub fn get(&self, proof_hash: &[u8; 32]) -> Option<&TransitionProof> {
crates/amun-proof-archive/src/hot_store.rs:66:    fn make_proof(tx_hash: [u8; 32]) -> TransitionProof {
crates/amun-proof-archive/src/hot_store.rs:67:        TransitionProof::new(
crates/amun-proof-archive/src/hot_store.rs:6:    proofs: HashMap<[u8; 32], TransitionProof>,
crates/amun-proof-archive/src/proof_archive.rs:17:    pub fn archive_permanent(&mut self, proof: TransitionProof) {
crates/amun-proof-archive/src/proof_archive.rs:21:    pub fn archive_evidence(&mut self, evidence: ConstitutionalEvidence) {
crates/amun-proof-archive/src/proof_archive.rs:25:    pub fn get_permanent(&self, proof_hash: &[u8; 32]) -> Option<&TransitionProof> {
crates/amun-proof-archive/src/proof_archive.rs:2:use amun_evidence_engine::evidence_types::ConstitutionalEvidence;
crates/amun-proof-archive/src/proof_archive.rs:3:use amun_transition_proof::transition_proof::TransitionProof;
crates/amun-proof-archive/src/proof_archive.rs:61:    fn make_proof(tx_hash: [u8; 32]) -> TransitionProof {
crates/amun-proof-archive/src/proof_archive.rs:62:        TransitionProof::new(
crates/amun-proof-archive/src/proof_archive.rs:8:    permanent: HashMap<[u8; 32], TransitionProof>,
crates/amun-proof-archive/src/proof_archive.rs:90:        let ev = ConstitutionalEvidence::ExecutionFailure {
crates/amun-proof-archive/src/proof_archive.rs:9:    evidence: Vec<ConstitutionalEvidence>,
crates/amun-recovery/src/lib.rs:116:        let record = ReplayRecord {
crates/amun-recovery/src/lib.rs:173:            let record = ReplayRecord {
crates/amun-recovery/src/lib.rs:23:    replay: ReplayStore,
crates/amun-recovery/src/lib.rs:32:            replay: ReplayStore::new(&format!("{}/replay.json", data_dir)),
crates/amun-recovery/src/lib.rs:3:use amun_replay_store::{ReplayRecord, ReplayStore};
crates/amun-recovery/src/lib.rs:41:        record: &ReplayRecord,
crates/amun-recovery/src/lib.rs:69:            return Err("Replay chain verification failed".into());
crates/amun-replay-cert/src/certificate.rs:19:impl ReplayCertificate {
crates/amun-replay-cert/src/certificate.rs:6:pub struct ReplayCertificate {
crates/amun-replay-cert/src/certifier.rs:14:impl ReplayCertifier {
crates/amun-replay-cert/src/certifier.rs:18:            transcript: ReplayTranscript::new(),
crates/amun-replay-cert/src/certifier.rs:3:use crate::transcript::ReplayTranscript;
crates/amun-replay-cert/src/certifier.rs:7:pub struct ReplayCertifier {
crates/amun-replay-cert/src/certifier.rs:9:    transcript: ReplayTranscript,
crates/amun-replay-cert/src/lib.rs:10:pub use transcript::ReplayTranscript;
crates/amun-replay-cert/src/lib.rs:12:impl Default for ReplayTranscript {
crates/amun-replay-cert/src/lib.rs:7:pub use certifier::ReplayCertifier;
crates/amun-replay-cert/src/transcript.rs:18:impl ReplayTranscript {
crates/amun-replay-cert/src/transcript.rs:4:pub struct ReplayTranscript {
crates/amun-replay-cert/src/verifier.rs:1:use crate::certificate::ReplayCertificate;
crates/amun-replay-cert/src/verifier.rs:5:pub fn verify_certificate(cert: &ReplayCertificate) -> Result<(), &'static str> {
crates/amun-replay-consensus/src/replay_backed_consensus.rs:116:        block: &ReplayVerifiedBlock,
crates/amun-replay-consensus/src/replay_backed_consensus.rs:119:    ) -> Result<ReplayBackedFinalityCertificate, String> {
crates/amun-replay-consensus/src/replay_backed_consensus.rs:11:    ReplayBackedFinalityCertificate, ReplayBackedQC, ReplayVerificationRecord, ReplayVerifiedBlock,
crates/amun-replay-consensus/src/replay_backed_consensus.rs:124:        let mut qc = ReplayBackedQC::for_block(block, quorum_size);
crates/amun-replay-consensus/src/replay_backed_consensus.rs:137:        Ok(ReplayBackedFinalityCertificate::issue(block, qc))
crates/amun-replay-consensus/src/replay_backed_consensus.rs:140:    fn compute_proof_root(transitions: &[TransitionProof]) -> [u8; 32] {
crates/amun-replay-consensus/src/replay_backed_consensus.rs:14:/// Replay-Backed Consensus Engine.
crates/amun-replay-consensus/src/replay_backed_consensus.rs:167:        let mut registry = ResourceRegistry::new(10000);
crates/amun-replay-consensus/src/replay_backed_consensus.rs:178:        let block = ReplayBackedConsensus::execute_and_replay(
crates/amun-replay-consensus/src/replay_backed_consensus.rs:17:pub struct ReplayBackedConsensus;
crates/amun-replay-consensus/src/replay_backed_consensus.rs:193:        let mut registry = ResourceRegistry::new(10000);
crates/amun-replay-consensus/src/replay_backed_consensus.rs:19:impl ReplayBackedConsensus {
crates/amun-replay-consensus/src/replay_backed_consensus.rs:204:        let block = ReplayBackedConsensus::execute_and_replay(
crates/amun-replay-consensus/src/replay_backed_consensus.rs:213:        let cert = ReplayBackedConsensus::form_consensus(&block, 5, sigs).unwrap();
crates/amun-replay-consensus/src/replay_backed_consensus.rs:219:        let mut registry = ResourceRegistry::new(10000);
crates/amun-replay-consensus/src/replay_backed_consensus.rs:230:        let mut block = ReplayBackedConsensus::execute_and_replay(
crates/amun-replay-consensus/src/replay_backed_consensus.rs:23:        registry: &mut ResourceRegistry,
crates/amun-replay-consensus/src/replay_backed_consensus.rs:242:        assert!(ReplayBackedConsensus::form_consensus(&block, 5, sigs).is_err());
crates/amun-replay-consensus/src/replay_backed_consensus.rs:247:        let mut registry = ResourceRegistry::new(10000);
crates/amun-replay-consensus/src/replay_backed_consensus.rs:258:        let block = ReplayBackedConsensus::execute_and_replay(
crates/amun-replay-consensus/src/replay_backed_consensus.rs:267:        let cert1 = ReplayBackedConsensus::form_consensus(&block, 5, sigs.clone()).unwrap();
crates/amun-replay-consensus/src/replay_backed_consensus.rs:268:        let cert2 = ReplayBackedConsensus::form_consensus(&block, 5, sigs).unwrap();
crates/amun-replay-consensus/src/replay_backed_consensus.rs:274:        let mut registry = ResourceRegistry::new(10000);
crates/amun-replay-consensus/src/replay_backed_consensus.rs:27:    ) -> Result<ReplayVerifiedBlock, String> {
crates/amun-replay-consensus/src/replay_backed_consensus.rs:285:        let block = ReplayBackedConsensus::execute_and_replay(
crates/amun-replay-consensus/src/replay_backed_consensus.rs:54:            // Replay verification
crates/amun-replay-consensus/src/replay_backed_consensus.rs:55:            let mut fresh_reg = ResourceRegistry::new(10000);
crates/amun-replay-consensus/src/replay_backed_consensus.rs:56:            let replay = ReplayVerifier::replay(&proof, program, &mut fresh_reg, &[]);
crates/amun-replay-consensus/src/replay_backed_consensus.rs:59:                ReplayResult::Match {
crates/amun-replay-consensus/src/replay_backed_consensus.rs:5:use amun_replay_verifier::replay_verifier::{ReplayResult, ReplayVerifier};
crates/amun-replay-consensus/src/replay_backed_consensus.rs:62:                } => ReplayVerificationRecord {
crates/amun-replay-consensus/src/replay_backed_consensus.rs:69:                _ => ReplayVerificationRecord {
crates/amun-replay-consensus/src/replay_backed_consensus.rs:6:use amun_resource_core::{ResourceId, ResourceRegistry};
crates/amun-replay-consensus/src/replay_backed_consensus.rs:7:use amun_transition_proof::transition_proof::TransitionProof;
crates/amun-replay-consensus/src/replay_backed_consensus.rs:86:        let mut block = ReplayVerifiedBlock {
crates/amun-replay-consensus/src/replay_backed_types.rs:14:impl ReplayVerificationRecord {
crates/amun-replay-consensus/src/replay_backed_types.rs:1:use amun_transition_proof::transition_proof::TransitionProof;
crates/amun-replay-consensus/src/replay_backed_types.rs:23:pub struct ReplayVerifiedBlock {
crates/amun-replay-consensus/src/replay_backed_types.rs:29:    pub transitions: Vec<TransitionProof>,
crates/amun-replay-consensus/src/replay_backed_types.rs:30:    pub replay_verifications: Vec<ReplayVerificationRecord>,
crates/amun-replay-consensus/src/replay_backed_types.rs:34:impl ReplayVerifiedBlock {
crates/amun-replay-consensus/src/replay_backed_types.rs:52:pub struct ReplayBackedQC {
crates/amun-replay-consensus/src/replay_backed_types.rs:64:impl ReplayBackedQC {
crates/amun-replay-consensus/src/replay_backed_types.rs:69:    pub fn for_block(block: &ReplayVerifiedBlock, threshold: usize) -> Self {
crates/amun-replay-consensus/src/replay_backed_types.rs:6:pub struct ReplayVerificationRecord {
crates/amun-replay-consensus/src/replay_backed_types.rs:86:pub struct ReplayBackedFinalityCertificate {
crates/amun-replay-consensus/src/replay_backed_types.rs:92:    pub qc: ReplayBackedQC,
crates/amun-replay-consensus/src/replay_backed_types.rs:96:impl ReplayBackedFinalityCertificate {
crates/amun-replay-consensus/src/replay_backed_types.rs:97:    pub fn issue(block: &ReplayVerifiedBlock, qc: ReplayBackedQC) -> Self {
crates/amun-replay-engine/src/adaptive_relay.rs:110:        RoutedProofType::FullWitness => {
crates/amun-replay-engine/src/adaptive_relay.rs:244:        let f1 = make_frontier(100, vec![([0x01; 32], FrontierDependencyReason::HardWitnessRequired, true)]);
crates/amun-replay-engine/src/adaptive_relay.rs:255:        let decision = adaptive_compression_policy(&pressure, RoutedProofType::FullWitness);
crates/amun-replay-engine/src/byzantine_witness_filter.rs:100:            WitnessEntry::new([0x01; 32], WitnessType::HardDependency),
crates/amun-replay-engine/src/byzantine_witness_filter.rs:101:            WitnessEntry::new([0x02; 32], WitnessType::SupportingDependency),
crates/amun-replay-engine/src/byzantine_witness_filter.rs:110:        entries.push(WitnessEntry::new([0x01; 32], WitnessType::HardDependency));
crates/amun-replay-engine/src/byzantine_witness_filter.rs:112:            entries.push(WitnessEntry::new([i as u8; 32], WitnessType::AuditDependency));
crates/amun-replay-engine/src/byzantine_witness_filter.rs:122:            WitnessEntry::new([0xAA; 32], WitnessType::HardDependency), // same as target
crates/amun-replay-engine/src/byzantine_witness_filter.rs:13:use amun_constitutional::ConstitutionalWitness;
crates/amun-replay-engine/src/byzantine_witness_filter.rs:14:use amun_constitutional::WitnessType;
crates/amun-replay-engine/src/byzantine_witness_filter.rs:19:    /// Witness passes all structural checks.
crates/amun-replay-engine/src/byzantine_witness_filter.rs:1://! ByzantineWitnessFilter — prevent malicious witness propagation.
crates/amun-replay-engine/src/byzantine_witness_filter.rs:21:    /// Witness is structurally incomplete (missing hard dependencies).
crates/amun-replay-engine/src/byzantine_witness_filter.rs:25:    /// Witness appears to be part of a dependency inflation attack.
crates/amun-replay-engine/src/byzantine_witness_filter.rs:31:    /// Witness contains self-referential entries.
crates/amun-replay-engine/src/byzantine_witness_filter.rs:33:    /// Witness is empty (no entries).
crates/amun-replay-engine/src/byzantine_witness_filter.rs:34:    EmptyWitness,
crates/amun-replay-engine/src/byzantine_witness_filter.rs:42:pub fn filter_incoming_witness(witness: &ConstitutionalWitness) -> FilterResult {
crates/amun-replay-engine/src/byzantine_witness_filter.rs:45:        return FilterResult::EmptyWitness;
crates/amun-replay-engine/src/byzantine_witness_filter.rs:57:        .filter(|e| matches!(e.witness_type, WitnessType::HardDependency))
crates/amun-replay-engine/src/byzantine_witness_filter.rs:61:        // Witness has entries but no hard dependencies — suspicious
crates/amun-replay-engine/src/byzantine_witness_filter.rs:85:    use amun_constitutional::{WitnessEntry, WitnessType};
crates/amun-replay-engine/src/byzantine_witness_filter.rs:87:    fn make_witness(entries: Vec<WitnessEntry>) -> ConstitutionalWitness {
crates/amun-replay-engine/src/byzantine_witness_filter.rs:88:        ConstitutionalWitness::new(1, 1, 1, [0xAA; 32], [0xAB; 32], entries)
crates/amun-replay-engine/src/byzantine_witness_filter.rs:94:        assert!(matches!(filter_incoming_witness(&w), FilterResult::EmptyWitness));
crates/amun-replay-engine/src/constitutional_economics.rs:114:impl WitnessIncentiveSurface {
crates/amun-replay-engine/src/constitutional_economics.rs:223:        let incentives = WitnessIncentiveSurface::new(1, [0xAB; 32]);
crates/amun-replay-engine/src/constitutional_economics.rs:99:pub struct WitnessIncentiveSurface {
crates/amun-replay-engine/src/constitutional_governance.rs:125:        // Invariants 1-25 are all constitutional law.
crates/amun-replay-engine/src/constitutional_governance.rs:68:    InvariantViolation {
crates/amun-replay-engine/src/derivational_frontier.rs:16:    HardWitnessRequired,
crates/amun-replay-engine/src/deterministic.rs:3:use crate::errors::ReplayFailure;
crates/amun-replay-engine/src/deterministic.rs:56:    ) -> Result<ConstitutionalStep, ReplayFailure> {
crates/amun-replay-engine/src/deterministic.rs:58:            return Err(ReplayFailure::OrderingViolation {
crates/amun-replay-engine/src/deterministic.rs:81:    ) -> Result<ExecutionTrace, ReplayFailure> {
crates/amun-replay-engine/src/equivalence.rs:105:    use amun_constitutional::ReplayDomain;
crates/amun-replay-engine/src/equivalence.rs:111:            domain: ReplayDomain::Canonical,
crates/amun-replay-engine/src/equivalence.rs:117:        let state = ReplayState::new([0; 32]);
crates/amun-replay-engine/src/equivalence.rs:126:        let state = ReplayState::new([0; 32]);
crates/amun-replay-engine/src/equivalence.rs:15:pub struct ConstitutionalReplayResult {
crates/amun-replay-engine/src/equivalence.rs:2:use crate::errors::ReplayFailure;
crates/amun-replay-engine/src/equivalence.rs:3:use crate::state::ReplayState;
crates/amun-replay-engine/src/equivalence.rs:42:impl ConstitutionalReplayResult {
crates/amun-replay-engine/src/equivalence.rs:56:        expected_state: &ReplayState,
crates/amun-replay-engine/src/equivalence.rs:57:    ) -> Result<EquivalenceProof, ReplayFailure> {
crates/amun-replay-engine/src/equivalence.rs:68:        initial_state: &ReplayState,
crates/amun-replay-engine/src/equivalence.rs:71:    ) -> Result<EquivalenceProof, ReplayFailure> {
crates/amun-replay-engine/src/equivalence.rs:80:        // if we had applied the same entries to the ReplayState
crates/amun-replay-engine/src/equivalence.rs:91:        // For self-verification: replay the entries through ReplayState
crates/amun-replay-engine/src/errors.rs:8:pub enum ReplayFailure {
crates/amun-replay-engine/src/execution_dependency.rs:19:    RequiresWitness,
crates/amun-replay-engine/src/execution_dependency.rs:42:                | ExecutionDependencyType::RequiresWitness
crates/amun-replay-engine/src/execution_dependency.rs:64:        assert!(ExecutionDependencyType::RequiresWitness.is_mandatory());
crates/amun-replay-engine/src/execution_task.rs:18:    ProduceWitness = 0x03,
crates/amun-replay-engine/src/execution_task.rs:44:    /// For ProduceWitness: the target artifact.
crates/amun-replay-engine/src/execution_vertex.rs:21:    WitnessExtraction,
crates/amun-replay-engine/src/frontier_reconciliation.rs:105:        let a = make_frontier(100, vec![[0x01; 32]], vec![([0x02; 32], FrontierDependencyReason::HardWitnessRequired, true)]);
crates/amun-replay-engine/src/frontier_reconciliation.rs:117:        let target = make_frontier(200, vec![[0x01; 32]], vec![([0x02; 32], FrontierDependencyReason::HardWitnessRequired, true), ([0x03; 32], FrontierDependencyReason::CausalChainIncomplete, false)]);
crates/amun-replay-engine/src/isolation_boundary.rs:30:    WitnessTampering {
crates/amun-replay-engine/src/isolation_boundary.rs:47:            IsolationViolation::WitnessTampering { .. } => b"Witness tampering attempted".to_vec(),
crates/amun-replay-engine/src/isolation_boundary.rs:7://! is a constitutional requirement (Invariant 15).
crates/amun-replay-engine/src/lib.rs:102:pub struct ReplayCursor {
crates/amun-replay-engine/src/lib.rs:108:impl ReplayCursor {
crates/amun-replay-engine/src/lib.rs:125:    ) -> Result<(), ReplayFailure> {
crates/amun-replay-engine/src/lib.rs:143:    use amun_constitutional::ReplayDomain;
crates/amun-replay-engine/src/lib.rs:149:            domain: ReplayDomain::Canonical,
crates/amun-replay-engine/src/lib.rs:155:        let mut session = ReplaySession::new([0; 32], 0);
crates/amun-replay-engine/src/lib.rs:164:        let mut session = ReplaySession::new([0; 32], 0);
crates/amun-replay-engine/src/lib.rs:26:    AuthorityProof, CheckpointResult, ConstitutionalReplayResult, ContinuityProof,
crates/amun-replay-engine/src/lib.rs:29:use errors::ReplayFailure;
crates/amun-replay-engine/src/lib.rs:30:use state::ReplayState;
crates/amun-replay-engine/src/lib.rs:39:// NOTE: ReplayState and ReplayFailure are imported via `use` above.
crates/amun-replay-engine/src/lib.rs:42:// STRUCT: ReplaySession
crates/amun-replay-engine/src/lib.rs:45:pub struct ReplaySession {
crates/amun-replay-engine/src/lib.rs:46:    pub state: ReplayState,
crates/amun-replay-engine/src/lib.rs:47:    pub cursor: ReplayCursor,
crates/amun-replay-engine/src/lib.rs:50:impl ReplaySession {
crates/amun-replay-engine/src/lib.rs:53:            state: ReplayState::new(initial_state_root),
crates/amun-replay-engine/src/lib.rs:54:            cursor: ReplayCursor::new(start_sequence),
crates/amun-replay-engine/src/lib.rs:61:    ) -> Result<ConstitutionalReplayResult, ReplayFailure> {
crates/amun-replay-engine/src/lib.rs:69:        self.state = ReplayState::new(proof.trace.final_state_hash());
crates/amun-replay-engine/src/lib.rs:77:        Ok(ConstitutionalReplayResult {
crates/amun-replay-engine/src/lib.rs:98:// STRUCT: ReplayCursor
crates/amun-replay-engine/src/proof_routing.rs:217:        let frontier = make_frontier(100, vec![], vec![([0xBB; 32], FrontierDependencyReason::HardWitnessRequired, true)]);
crates/amun-replay-engine/src/proof_routing.rs:243:        let frontier = make_frontier(300, vec![], vec![([0xBB; 32], FrontierDependencyReason::HardWitnessRequired, true)]);
crates/amun-replay-engine/src/proof_routing.rs:255:        let mut route = ProofRoute::new(1, [0xBB; 32], [0xAB; 32], RoutedProofType::FullWitness);
crates/amun-replay-engine/src/proof_routing.rs:37:    FullWitness,
crates/amun-replay-engine/src/runtime_anomaly.rs:134:        let anomaly = RuntimeAnomaly::new(1, 100, AnomalyType::SuspiciousWitness, [0xAB; 32]);
crates/amun-replay-engine/src/runtime_anomaly.rs:16:    SuspiciousWitness,
crates/amun-replay-engine/src/runtime_capability.rs:24:    RequestWitness,
crates/amun-replay-engine/src/runtime_capability.rs:61:            RuntimeCapability::RequestWitness,
crates/amun-replay-engine/src/runtime_capability.rs:71:            RuntimeCapability::RequestWitness,
crates/amun-replay-engine/src/state.rs:103:            domain: ReplayDomain::Canonical,
crates/amun-replay-engine/src/state.rs:108:            domain: ReplayDomain::Canonical,
crates/amun-replay-engine/src/state.rs:18:use crate::errors::ReplayFailure;
crates/amun-replay-engine/src/state.rs:21:pub struct ReplayState {
crates/amun-replay-engine/src/state.rs:24:    pub divergences: Vec<ReplayFailure>,
crates/amun-replay-engine/src/state.rs:27:impl ReplayState {
crates/amun-replay-engine/src/state.rs:44:    pub fn apply_entry(&self, entry: &TranscriptEntry) -> Result<Self, ReplayFailure> {
crates/amun-replay-engine/src/state.rs:63:    use amun_constitutional::ReplayDomain;
crates/amun-replay-engine/src/state.rs:67:        let state = ReplayState::new([0xAA; 32]);
crates/amun-replay-engine/src/state.rs:73:            domain: ReplayDomain::Canonical,
crates/amun-replay-engine/src/state.rs:83:        let state = ReplayState::new([0xAA; 32]);
crates/amun-replay-engine/src/state.rs:87:            domain: ReplayDomain::Canonical,
crates/amun-replay-engine/src/state.rs:99:        let state = ReplayState::new([0xAA; 32]);
crates/amun-replay-engine/src/version.rs:1:/// Replay protocol version - FROZEN for protocol v1.
crates/amun-replay-engine/src/witness_envelope.rs:101:        let env = WitnessEnvelope::new(
crates/amun-replay-engine/src/witness_envelope.rs:111:        let e1 = WitnessEnvelope::new(1, [0xAA; 32], 100, [0xAB; 32], [0xBB; 32], PropagationScope::ContextLocal);
crates/amun-replay-engine/src/witness_envelope.rs:112:        let e2 = WitnessEnvelope::new(1, [0xAA; 32], 100, [0xAB; 32], [0xBB; 32], PropagationScope::ContextLocal);
crates/amun-replay-engine/src/witness_envelope.rs:119:        let e1 = WitnessEnvelope::new(1, [0xAA; 32], 100, [0xAB; 32], [0xBB; 32], PropagationScope::ContextLocal);
crates/amun-replay-engine/src/witness_envelope.rs:120:        let e2 = WitnessEnvelope::new(1, [0xAA; 32], 100, [0xAB; 32], [0xBB; 32], PropagationScope::FullBroadcast);
crates/amun-replay-engine/src/witness_envelope.rs:1://! WitnessEnvelope — transport container for witness propagation.
crates/amun-replay-engine/src/witness_envelope.rs:21:pub struct WitnessEnvelope {
crates/amun-replay-engine/src/witness_envelope.rs:60:impl WitnessEnvelope {
crates/amun-replay-engine/src/zk_adapters.rs:18:pub struct ZKWitnessEnvelope {
crates/amun-replay-engine/src/zk_adapters.rs:1://! ZK Witness Adapters — cryptographic portability for derivability.
crates/amun-replay-engine/src/zk_adapters.rs:235:        let env = ZKWitnessEnvelope::new(
crates/amun-replay-engine/src/zk_adapters.rs:33:impl ZKWitnessEnvelope {
crates/amun-replay-optimization/src/lib.rs:17:pub struct ReplayCache {
crates/amun-replay-optimization/src/lib.rs:24:impl ReplayCache {
crates/amun-replay-optimization/src/lib.rs:93:impl Default for ReplayCache {
crates/amun-replay-optimization/tests/n163_replay_tests.rs:22:    let mut cache = ReplayCache::new();
crates/amun-replay-optimization/tests/n163_replay_tests.rs:47:    let mut cache = ReplayCache::new();
crates/amun-replay-optimization/tests/n163_replay_tests.rs:5:    let mut cache = ReplayCache::new();
crates/amun-replay-optimization/tests/n163_replay_tests.rs:64:    let mut cache1 = ReplayCache::new();
crates/amun-replay-optimization/tests/n163_replay_tests.rs:65:    let mut cache2 = ReplayCache::new();
crates/amun-replay-semantics/src/lib.rs:12:pub struct ReplayEpoch { pub epoch_id: [u8; 32], pub start_sequence: u64, pub end_sequence: Option<u64>, pub replay_version: u32 }
crates/amun-replay-semantics/src/lib.rs:13:impl ReplayEpoch {
crates/amun-replay-semantics/src/lib.rs:19:pub struct ReplayBoundary { pub finalized_sequence: u64, pub boundary_chain_hash: [u8; 32], pub boundary_state_root: [u8; 32], pub epoch: ReplayEpoch, pub replay_version: u32 }
crates/amun-replay-semantics/src/lib.rs:1://! Replay Semantics — formal constitutional model for replay.
crates/amun-replay-semantics/src/lib.rs:20:impl ReplayBoundary { pub fn genesis(genesis_hash: [u8; 32]) -> Self { Self { finalized_sequence: 0, boundary_chain_hash: genesis_hash, boundary_state_root: genesis_hash, epoch: ReplayEpoch::new(genesis_hash, 0, 1), replay_version: 1 } } }
crates/amun-replay-semantics/src/lib.rs:23:pub struct ReplayCertificate {
crates/amun-replay-semantics/src/lib.rs:24:    pub domain: ReplayDomain, pub epoch: ReplayEpoch,
crates/amun-replay-semantics/src/lib.rs:27:    pub boundary: ReplayBoundary, pub event_count: u64, pub replay_version: u32,
crates/amun-replay-semantics/src/lib.rs:2://! Layer 0.75 — Constitutional Replay Theory.
crates/amun-replay-semantics/src/lib.rs:30:impl ReplayCertificate {
crates/amun-replay-semantics/src/lib.rs:32:    pub fn new(domain: ReplayDomain, epoch: ReplayEpoch, transcript_root: [u8; 32], state_root: [u8; 32], receipt_root: [u8; 32], ordering_root: [u8; 32], boundary: ReplayBoundary, event_count: u64, replay_version: u32) -> Self {
crates/amun-replay-semantics/src/lib.rs:46:#[derive(Debug, Clone, Copy, PartialEq, Eq)] pub enum ReplayEquivalence { Strict, Semantic, EpochBounded(ReplayEpoch) }
crates/amun-replay-semantics/src/lib.rs:47:impl ReplayEquivalence {
crates/amun-replay-semantics/src/lib.rs:48:    pub fn verify(&self, a: &ReplayCertificate, b: &ReplayCertificate) -> bool {
crates/amun-replay-semantics/src/lib.rs:49:        match self { ReplayEquivalence::Strict => a.certificate_hash == b.certificate_hash, ReplayEquivalence::Semantic => ReplayCertificate::prove_equivalence(a, b), ReplayEquivalence::EpochBounded(ep) => a.epoch.epoch_id == ep.epoch_id && b.epoch.epoch_id == ep.epoch_id && ReplayCertificate::prove_equivalence(a, b) }
crates/amun-replay-semantics/src/lib.rs:54:pub enum ReplayFailure {
crates/amun-replay-semantics/src/lib.rs:58:    EpochBoundaryViolation { expected_epoch: Box<ReplayEpoch>, actual_epoch: Box<ReplayEpoch> },
crates/amun-replay-semantics/src/lib.rs:60:    BoundaryViolation { expected_boundary: Box<ReplayBoundary>, actual_boundary: Box<ReplayBoundary> },
crates/amun-replay-semantics/src/lib.rs:61:    ReplayResourceExhaustion { limit: usize, attempted: usize },
crates/amun-replay-semantics/src/lib.rs:64:#[derive(Debug, Clone, Copy, PartialEq, Eq)] pub enum ReplayAuthority { SelfVerification, ValidatorQuorum { required_signatures: u64 }, ConstitutionalCourt, PublicVerification }
crates/amun-replay-semantics/src/lib.rs:67:pub struct ReplayWitness { pub start_sequence: u64, pub end_sequence: u64, pub pre_state_root: [u8; 32], pub post_state_root: [u8; 32], pub transcript_fragment_hash: [u8; 32], pub witness_data: Vec<u8> }
crates/amun-replay-semantics/src/lib.rs:70:pub struct ReplayCheckpoint { pub sequence: u64, pub state_root: [u8; 32], pub transcript_chain_hash: [u8; 32], pub certificate: ReplayCertificate }
crates/amun-replay-semantics/src/lib.rs:71:impl ReplayCheckpoint { pub fn verify(&self, boundary: &ReplayBoundary) -> bool { self.sequence >= boundary.finalized_sequence && self.certificate.verify() && self.certificate.boundary.boundary_chain_hash == boundary.boundary_chain_hash } }
crates/amun-replay-semantics/src/lib.rs:75:    pub fn replay_determinism(a: &ReplayCertificate, b: &ReplayCertificate) -> Result<(), ReplayFailure> {
crates/amun-replay-semantics/src/lib.rs:76:        if a.transcript_root != b.transcript_root { return Err(ReplayFailure::TranscriptMismatch { expected_root: a.transcript_root, actual_root: b.transcript_root }); }
crates/amun-replay-semantics/src/lib.rs:77:        if a.state_root != b.state_root { return Err(ReplayFailure::StateDivergence { expected_root: a.state_root, actual_root: b.state_root }); }
crates/amun-replay-semantics/src/lib.rs:85:    fn te() -> ReplayEpoch { ReplayEpoch::new([0xBB; 32], 0, 1) }
crates/amun-replay-semantics/src/lib.rs:86:    fn tb() -> ReplayBoundary { ReplayBoundary::genesis([0xAA; 32]) }
crates/amun-replay-semantics/src/lib.rs:87:    #[test] fn test_cert_self_verifying() { assert!(ReplayCertificate::new(ReplayDomain::Consensus, te(), [0x01;32], [0x02;32], [0x03;32], [0x04;32], tb(), 100, 1).verify()); }
crates/amun-replay-semantics/src/lib.rs:88:    #[test] fn test_cert_tamper_detected() { let mut c = ReplayCertificate::new(ReplayDomain::Consensus, te(), [0x01;32], [0x02;32], [0x03;32], [0x04;32], tb(), 100, 1); c.state_root = [0xFF;32]; assert!(!c.verify()); }
crates/amun-replay-semantics/src/lib.rs:89:    #[test] fn test_equivalence_strict() { let c = ReplayCertificate::new(ReplayDomain::Consensus, te(), [0x01;32], [0x02;32], [0x03;32], [0x04;32], tb(), 100, 1); assert!(ReplayEquivalence::Strict.verify(&c, &c)); }
crates/amun-replay-semantics/src/lib.rs:90:    #[test] fn test_law_determinism_divergence() { let a = ReplayCertificate::new(ReplayDomain::Consensus, te(), [0x01;32], [0x02;32], [0x03;32], [0x04;32], tb(), 100, 1); let b = ReplayCertificate::new(ReplayDomain::Consensus, te(), [0x01;32], [0xFF;32], [0x03;32], [0x04;32], tb(), 100, 1); assert!(laws::replay_determinism(&a, &b).is_err()); }
crates/amun-replay-semantics/src/lib.rs:9:#[derive(Debug, Clone, Copy, PartialEq, Eq)] pub enum ReplayDomain { Consensus, Execution, FullSystem, Governance, Transcript }
crates/amun-replay-store/src/lib.rs:103:        let store = ReplayStore::new(path);
crates/amun-replay-store/src/lib.rs:116:        let store = ReplayStore::new(path);
crates/amun-replay-store/src/lib.rs:128:        let store = ReplayStore::new(path);
crates/amun-replay-store/src/lib.rs:140:        let store = ReplayStore::new(path);
crates/amun-replay-store/src/lib.rs:153:        let store = ReplayStore::new(path);
crates/amun-replay-store/src/lib.rs:16:impl ReplayRecord {
crates/amun-replay-store/src/lib.rs:31:pub struct ReplayStore {
crates/amun-replay-store/src/lib.rs:35:impl ReplayStore {
crates/amun-replay-store/src/lib.rs:43:    pub fn append(&self, record: &ReplayRecord) -> Result<(), String> {
crates/amun-replay-store/src/lib.rs:54:    pub fn load_all(&self) -> Result<Vec<ReplayRecord>, String> {
crates/amun-replay-store/src/lib.rs:63:    pub fn load_height(&self, height: u64) -> Result<Option<ReplayRecord>, String> {
crates/amun-replay-store/src/lib.rs:89:    fn make_record(h: u64, before: &str, after: &str) -> ReplayRecord {
crates/amun-replay-store/src/lib.rs:8:pub struct ReplayRecord {
crates/amun-replay-store/src/lib.rs:90:        ReplayRecord {
crates/amun-replay-verifier/src/replay_verifier.rs:100:                    return ReplayResult::Divergence {
crates/amun-replay-verifier/src/replay_verifier.rs:106:                ReplayResult::Match {
crates/amun-replay-verifier/src/replay_verifier.rs:111:            Ok(PipelineResult::Rejected { evidence, .. }) => ReplayResult::Error {
crates/amun-replay-verifier/src/replay_verifier.rs:114:            Err(e) => ReplayResult::Error { reason: e },
crates/amun-replay-verifier/src/replay_verifier.rs:132:        let mut r1 = ResourceRegistry::new(1000);
crates/amun-replay-verifier/src/replay_verifier.rs:133:        let mut r2 = ResourceRegistry::new(1000);
crates/amun-replay-verifier/src/replay_verifier.rs:13:pub enum ReplayResult {
crates/amun-replay-verifier/src/replay_verifier.rs:155:            ReplayVerifier::replay(&proof, &p, &mut r2, &[]),
crates/amun-replay-verifier/src/replay_verifier.rs:156:            ReplayResult::Match { .. }
crates/amun-replay-verifier/src/replay_verifier.rs:162:        let mut r = ResourceRegistry::new(1000);
crates/amun-replay-verifier/src/replay_verifier.rs:184:        let mut r2 = ResourceRegistry::new(1000);
crates/amun-replay-verifier/src/replay_verifier.rs:186:            ReplayVerifier::replay(&proof, &p, &mut r2, &[]),
crates/amun-replay-verifier/src/replay_verifier.rs:187:            ReplayResult::Match { .. }
crates/amun-replay-verifier/src/replay_verifier.rs:205:        let mut r = ResourceRegistry::new(1000);
crates/amun-replay-verifier/src/replay_verifier.rs:215:            let mut f = ResourceRegistry::new(1000);
crates/amun-replay-verifier/src/replay_verifier.rs:217:                ReplayVerifier::replay(&proof, &p, &mut f, &[]),
crates/amun-replay-verifier/src/replay_verifier.rs:218:                ReplayResult::Match { .. }
crates/amun-replay-verifier/src/replay_verifier.rs:28:pub struct ReplayVerifier;
crates/amun-replay-verifier/src/replay_verifier.rs:30:impl ReplayVerifier {
crates/amun-replay-verifier/src/replay_verifier.rs:32:        proof: &TransitionProof,
crates/amun-replay-verifier/src/replay_verifier.rs:34:        registry: &mut ResourceRegistry,
crates/amun-replay-verifier/src/replay_verifier.rs:35:        invariants: &[InvariantDeclaration],
crates/amun-replay-verifier/src/replay_verifier.rs:36:    ) -> ReplayResult {
crates/amun-replay-verifier/src/replay_verifier.rs:3:use amun_invariant_engine::invariant_types::InvariantDeclaration;
crates/amun-replay-verifier/src/replay_verifier.rs:50:                    lineage: ResourceLineage::genesis(meta.lineage.parent_resource_ids[0]),
crates/amun-replay-verifier/src/replay_verifier.rs:7:    ResourceArchetype, ResourceLineage, ResourceMetadata, ResourceRegistry, ResourceState,
crates/amun-replay-verifier/src/replay_verifier.rs:86:                    return ReplayResult::Divergence {
crates/amun-replay-verifier/src/replay_verifier.rs:93:                    return ReplayResult::Divergence {
crates/amun-replay-verifier/src/replay_verifier.rs:9:use amun_transition_proof::transition_proof::TransitionProof;
crates/amun-replay/src/certificate.rs:115:    pub fn latest(&self) -> Option<&ReplayCertificate> {
crates/amun-replay/src/certificate.rs:126:    use crate::validation::{ReplayResult, ReplayValidator};
crates/amun-replay/src/certificate.rs:139:    fn valid_result() -> ReplayResult {
crates/amun-replay/src/certificate.rs:140:        ReplayValidator::validate(&[
crates/amun-replay/src/certificate.rs:149:        let genesis = ReplayCertificate::genesis([0xAA; 32], 1000);
crates/amun-replay/src/certificate.rs:157:        let mut store = ReplayCertificateStore::new();
crates/amun-replay/src/certificate.rs:158:        let genesis = ReplayCertificate::genesis([0xAA; 32], 1000);
crates/amun-replay/src/certificate.rs:162:        let cert1 = ReplayCertificate::issue(&result, 3, prev_id, [0xAA; 32], 2000).unwrap();
crates/amun-replay/src/certificate.rs:165:        let cert2 = ReplayCertificate::issue(&result, 6, prev_id2, [0xAA; 32], 3000).unwrap();
crates/amun-replay/src/certificate.rs:172:        let mut store = ReplayCertificateStore::new();
crates/amun-replay/src/certificate.rs:173:        let genesis = ReplayCertificate::genesis([0xAA; 32], 1000);
crates/amun-replay/src/certificate.rs:176:        let mut cert = ReplayCertificate::issue(&result, 3, [0xFF; 32], [0xAA; 32], 2000).unwrap();
crates/amun-replay/src/certificate.rs:17:impl ReplayCertificate {
crates/amun-replay/src/certificate.rs:183:        let mut store = ReplayCertificateStore::new();
crates/amun-replay/src/certificate.rs:184:        let genesis = ReplayCertificate::genesis([0xAA; 32], 1000);
crates/amun-replay/src/certificate.rs:188:        let mut cert = ReplayCertificate::issue(&result, 3, prev_id, [0xAA; 32], 2000).unwrap();
crates/amun-replay/src/certificate.rs:195:        let mut store = ReplayCertificateStore::new();
crates/amun-replay/src/certificate.rs:197:            .store(ReplayCertificate::genesis([0xAA; 32], 1000))
crates/amun-replay/src/certificate.rs:19:        result: &ReplayResult,
crates/amun-replay/src/certificate.rs:1:use crate::validation::ReplayResult;
crates/amun-replay/src/certificate.rs:202:            .store(ReplayCertificate::issue(&r, 3, id1, [0xAA; 32], 2000).unwrap())
crates/amun-replay/src/certificate.rs:206:            .store(ReplayCertificate::issue(&r, 6, id2, [0xAA; 32], 3000).unwrap())
crates/amun-replay/src/certificate.rs:6:pub struct ReplayCertificate {
crates/amun-replay/src/certificate.rs:81:pub struct ReplayCertificateStore {
crates/amun-replay/src/certificate.rs:82:    certificates: HashMap<[u8; 32], ReplayCertificate>,
crates/amun-replay/src/certificate.rs:86:impl ReplayCertificateStore {
crates/amun-replay/src/certificate.rs:91:    pub fn store(&mut self, cert: ReplayCertificate) -> Result<(), &'static str> {
crates/amun-replay/src/lib.rs:36:pub use certificate::{ReplayCertificate, ReplayCertificateStore};
crates/amun-replay/src/lib.rs:38:pub use validation::{ReplayResult, ReplayValidator};
crates/amun-replay/src/lib.rs:40:pub use store::{CertificateProvider, ReplayStore};
crates/amun-replay/src/store.rs:10:impl ReplayStore {
crates/amun-replay/src/store.rs:18:    pub fn insert(&mut self, cert: ReplayCertificate) {
crates/amun-replay/src/store.rs:1:use amun_constitutional_state::ReplayCertificate;
crates/amun-replay/src/store.rs:24:    pub fn get(&self, hash: &[u8; 32]) -> Option<&ReplayCertificate> {
crates/amun-replay/src/store.rs:44:impl Default for ReplayStore {
crates/amun-replay/src/store.rs:4:/// Stores ReplayCertificates keyed by their certificate_hash.
crates/amun-replay/src/store.rs:50:/// A generic interface for retrieving ReplayCertificates by hash.
crates/amun-replay/src/store.rs:52:    fn get_certificate(&self, hash: &[u8; 32]) -> Option<ReplayCertificate>;
crates/amun-replay/src/store.rs:55:impl CertificateProvider for ReplayStore {
crates/amun-replay/src/store.rs:56:    fn get_certificate(&self, hash: &[u8; 32]) -> Option<ReplayCertificate> {
crates/amun-replay/src/store.rs:6:pub struct ReplayStore {
crates/amun-replay/src/store.rs:73:        let mut store = ReplayStore::new();
crates/amun-replay/src/store.rs:7:    certificates: BTreeMap<[u8; 32], ReplayCertificate>,
crates/amun-replay/src/store.rs:83:        let store = ReplayStore::new();
crates/amun-replay/src/store.rs:98:        let mut store = ReplayStore::new();
crates/amun-replay/src/validation.rs:104:        let result = ReplayValidator::validate(&[]);
crates/amun-replay/src/validation.rs:115:        let r1 = ReplayValidator::validate(&commits);
crates/amun-replay/src/validation.rs:116:        let r2 = ReplayValidator::validate(&commits);
crates/amun-replay/src/validation.rs:11:impl ReplayResult {
crates/amun-replay/src/validation.rs:31:pub struct ReplayValidator;
crates/amun-replay/src/validation.rs:33:impl ReplayValidator {
crates/amun-replay/src/validation.rs:34:    pub fn validate(commits: &[StateCommit]) -> ReplayResult {
crates/amun-replay/src/validation.rs:36:            return ReplayResult::success([0u8; 32], 0);
crates/amun-replay/src/validation.rs:42:                return ReplayResult::failure(prev.new_root, curr.previous_root, i);
crates/amun-replay/src/validation.rs:48:        ReplayResult::success(last.new_root, commits.len())
crates/amun-replay/src/validation.rs:4:pub struct ReplayResult {
crates/amun-replay/src/validation.rs:51:    pub fn validate_log(log: &CommitLog) -> ReplayResult {
crates/amun-replay/src/validation.rs:78:        let result = ReplayValidator::validate(&commits);
crates/amun-replay/src/validation.rs:89:        let result = ReplayValidator::validate(&commits);
crates/amun-replay/src/validation.rs:97:        let result = ReplayValidator::validate(&commits);
crates/amun-resource-core/src/resource_lineage.rs:19:pub struct ResourceLineage {
crates/amun-resource-core/src/resource_lineage.rs:28:impl ResourceLineage {
crates/amun-resource-core/src/resource_registry.rs:102:    /// This is the entry point needed by WitnessBuilder for Merkle proof construction.
crates/amun-resource-core/src/resource_registry.rs:211:    /// enabling Merkle proof construction for PCCV.
crates/amun-resource-core/src/resource_registry.rs:31:    pub lineage: ResourceLineage,
crates/amun-resource-core/src/resource_registry.rs:358:            lineage: ResourceLineage::genesis(id),
crates/amun-resource-core/src/resource_registry.rs:366:        let mut reg = ResourceRegistry::new(1000);
crates/amun-resource-core/src/resource_registry.rs:376:        let mut reg = ResourceRegistry::new(1000);
crates/amun-resource-core/src/resource_registry.rs:387:        let mut reg = ResourceRegistry::new(1000);
crates/amun-resource-core/src/resource_registry.rs:394:            lineage: ResourceLineage::genesis(parent_id),
crates/amun-resource-core/src/resource_registry.rs:399:        let parent_hash = ResourceRegistry::hash_resource(reg.get(&parent_id).unwrap());
crates/amun-resource-core/src/resource_registry.rs:404:            lineage: ResourceLineage::transformation(child_id, parent_id, parent_hash, 2),
crates/amun-resource-core/src/resource_registry.rs:415:        let mut reg = ResourceRegistry::new(1000);
crates/amun-resource-core/src/resource_registry.rs:418:        reg.register_genesis(make_meta(parent_id, ResourceArchetype::Evidence))
crates/amun-resource-core/src/resource_registry.rs:420:        let parent_hash = ResourceRegistry::hash_resource(reg.get(&parent_id).unwrap());
crates/amun-resource-core/src/resource_registry.rs:425:            lineage: ResourceLineage::transformation(child_id, parent_id, parent_hash, 2),
crates/amun-resource-core/src/resource_registry.rs:434:        let mut reg = ResourceRegistry::new(1000);
crates/amun-resource-core/src/resource_registry.rs:439:        let hash_a = ResourceRegistry::hash_resource(reg.get(&a).unwrap());
crates/amun-resource-core/src/resource_registry.rs:444:            lineage: ResourceLineage::single_ancestor(b, a, hash_a, 2),
crates/amun-resource-core/src/resource_registry.rs:449:        let hash_b = ResourceRegistry::hash_resource(reg.get(&b).unwrap());
crates/amun-resource-core/src/resource_registry.rs:454:            lineage: ResourceLineage::single_ancestor(make_id(3), b, hash_b, 3),
crates/amun-resource-core/src/resource_registry.rs:463:        let mut reg = ResourceRegistry::new(1000);
crates/amun-resource-core/src/resource_registry.rs:470:            let hash = ResourceRegistry::hash_resource(reg.get(&current_parent).unwrap());
crates/amun-resource-core/src/resource_registry.rs:475:                lineage: ResourceLineage::single_ancestor(child, current_parent, hash, i),
crates/amun-resource-core/src/resource_registry.rs:487:        let mut reg = ResourceRegistry::new(1000);
crates/amun-resource-core/src/resource_registry.rs:501:        let mut reg = ResourceRegistry::new(1000);
crates/amun-resource-core/src/resource_registry.rs:510:        let mut reg2 = ResourceRegistry::new(1000);
crates/amun-resource-core/src/resource_registry.rs:519:        let mut reg = ResourceRegistry::new(1000);
crates/amun-resource-core/src/resource_registry.rs:5:use crate::{DerivationType, ResourceArchetype, ResourceId, ResourceLineage, TransformationMatrix};
crates/amun-resource-core/src/resource_registry.rs:66:pub struct ResourceRegistry {
crates/amun-resource-core/src/resource_registry.rs:73:impl ResourceRegistry {
crates/amun-resource-core/src/transformation_matrix.rs:30:                | (ResourceArchetype::Evidence, ResourceArchetype::Claim)
crates/amun-resource-core/src/transformation_matrix.rs:63:         Evidence -> Claim\n\
crates/amun-resource-core/src/transformation_matrix.rs:7:    Evidence,
crates/amun-resource-core/tests/n130_constitutional_nft.rs:115:    let mut reg1 = ResourceRegistry::new(10);
crates/amun-resource-core/tests/n130_constitutional_nft.rs:116:    let mut reg2 = ResourceRegistry::new(10);
crates/amun-resource-core/tests/n130_constitutional_nft.rs:119:    let setup = |reg: &mut ResourceRegistry| {
crates/amun-resource-core/tests/n130_constitutional_nft.rs:124:            lineage: ResourceLineage::genesis(col_id),
crates/amun-resource-core/tests/n130_constitutional_nft.rs:142:                    lineage: ResourceLineage::single_ancestor(id, col_id, hash, version + 1),
crates/amun-resource-core/tests/n130_constitutional_nft.rs:16:        lineage: ResourceLineage::genesis(col_id),
crates/amun-resource-core/tests/n130_constitutional_nft.rs:2:    RegistryError, ResourceArchetype, ResourceId, ResourceLineage, ResourceMetadata,
crates/amun-resource-core/tests/n130_constitutional_nft.rs:31:        lineage: ResourceLineage::single_ancestor(token1, col_id, parent_hash, parent_version + 1),
crates/amun-resource-core/tests/n130_constitutional_nft.rs:3:    ResourceRegistry, ResourceState,
crates/amun-resource-core/tests/n130_constitutional_nft.rs:45:    let mut reg = ResourceRegistry::new(10);
crates/amun-resource-core/tests/n130_constitutional_nft.rs:51:        lineage: ResourceLineage::genesis(col_id),
crates/amun-resource-core/tests/n130_constitutional_nft.rs:62:        lineage: ResourceLineage::single_ancestor(ResourceId([3u8; 32]), col_id, bad_hash, 2),
crates/amun-resource-core/tests/n130_constitutional_nft.rs:74:    let mut reg = ResourceRegistry::new(10);
crates/amun-resource-core/tests/n130_constitutional_nft.rs:80:        lineage: ResourceLineage::genesis(col_id),
crates/amun-resource-core/tests/n130_constitutional_nft.rs:8:    let mut reg = ResourceRegistry::new(10);
crates/amun-resource-core/tests/n130_constitutional_nft.rs:96:            lineage: ResourceLineage::single_ancestor(
crates/amun-resource-core/tests/stress_tests.rs:107:                ResourceRegistry::hash_resource(parent),
crates/amun-resource-core/tests/stress_tests.rs:115:            lineage: ResourceLineage::single_ancestor(child_id, parent_id, parent_hash, version),
crates/amun-resource-core/tests/stress_tests.rs:133:    let mut reg = ResourceRegistry::new(200_000);
crates/amun-resource-core/tests/stress_tests.rs:149:    let mut reg = ResourceRegistry::new(200_000);
crates/amun-resource-core/tests/stress_tests.rs:174:    let mut reg = ResourceRegistry::new(200_000);
crates/amun-resource-core/tests/stress_tests.rs:186:                ResourceRegistry::hash_resource(parent),
crates/amun-resource-core/tests/stress_tests.rs:18:        lineage: ResourceLineage::genesis(id),
crates/amun-resource-core/tests/stress_tests.rs:194:            lineage: ResourceLineage::single_ancestor(child_id, parent_id, parent_hash, version),
crates/amun-resource-core/tests/stress_tests.rs:211:        let parent_hash = ResourceRegistry::hash_resource(parent);
crates/amun-resource-core/tests/stress_tests.rs:222:    let mut reg = ResourceRegistry::new(200_000);
crates/amun-resource-core/tests/stress_tests.rs:234:                ResourceRegistry::hash_resource(parent),
crates/amun-resource-core/tests/stress_tests.rs:242:            lineage: ResourceLineage::single_ancestor(child_id, parent_id, parent_hash, version),
crates/amun-resource-core/tests/stress_tests.rs:254:            ResourceRegistry::hash_resource(tip),
crates/amun-resource-core/tests/stress_tests.rs:262:        lineage: ResourceLineage::single_ancestor(make_id(99999), parent_id, tip_hash, version),
crates/amun-resource-core/tests/stress_tests.rs:26:    let mut reg = ResourceRegistry::new(100_000);
crates/amun-resource-core/tests/stress_tests.rs:2:    ResourceArchetype, ResourceId, ResourceLineage, ResourceMetadata, ResourceRegistry,
crates/amun-resource-core/tests/stress_tests.rs:45:    let mut reg = ResourceRegistry::new(10_000);
crates/amun-resource-core/tests/stress_tests.rs:58:                ResourceRegistry::hash_resource(parent),
crates/amun-resource-core/tests/stress_tests.rs:66:            lineage: ResourceLineage::single_ancestor(child_id, parent_id, parent_hash, version),
crates/amun-resource-core/tests/stress_tests.rs:89:    let mut reg = ResourceRegistry::new(100_000);
crates/amun-safety-laws/src/equivocation.rs:10:impl EquivocationEvidence {
crates/amun-safety-laws/src/equivocation.rs:41:pub fn detect_equivocation(votes: &[ConsensusVote]) -> Vec<EquivocationEvidence> {
crates/amun-safety-laws/src/equivocation.rs:53:                evidence.push(EquivocationEvidence::new(existing.clone(), vote.clone()));
crates/amun-safety-laws/src/equivocation.rs:5:pub struct EquivocationEvidence {
crates/amun-safety-laws/src/lib.rs:4:pub use equivocation::{detect_equivocation, EquivocationEvidence};
crates/amun-self-preservation/src/action_principle.rs:47:pub struct LeastInvariantViolation;
crates/amun-self-preservation/src/action_principle.rs:49:impl LeastInvariantViolation {
crates/amun-self-preservation/src/consistency.rs:24:        invariant: super::legitimacy_guards::GuardedInvariant,
crates/amun-self-preservation/src/legitimacy_guards.rs:13:pub enum GuardedInvariant {
crates/amun-self-preservation/src/legitimacy_guards.rs:14:    ReplayDeterminism,
crates/amun-self-preservation/src/legitimacy_guards.rs:27:    InvariantBroken {
crates/amun-self-preservation/src/legitimacy_guards.rs:28:        invariant: GuardedInvariant,
crates/amun-self-preservation/src/legitimacy_guards.rs:38:    pub fn new(invariant: GuardedInvariant, max_violations: u64) -> Self {
crates/amun-self-preservation/src/legitimacy_guards.rs:63:        Some(GuardViolation::InvariantBroken {
crates/amun-self-preservation/src/legitimacy_guards.rs:6:    pub protects: GuardedInvariant,
crates/amun-self-preservation/src/legitimacy_guards.rs:71:    pub fn can_guard(invariant: &GuardedInvariant) -> bool {
crates/amun-self-preservation/src/legitimacy_guards.rs:72:        !matches!(invariant, GuardedInvariant::MetaAmendmentBounds)
crates/amun-self-preservation/src/lib.rs:15:pub use action_principle::{ConstitutionalAction, LeastInvariantViolation};
crates/amun-smt/src/error.rs:33:    MissingLeafWitness,
crates/amun-smt/src/lib.rs:33:pub use proof::{AbsenceReason, LeafWitness, MerkleProof, ProofStep};
crates/amun-smt/src/node.rs:3://! # Invariants (enforced by tree, verified by validator)
crates/amun-smt/src/proof.rs:133:            let vh = self.value_hash.ok_or(SmtError::MissingLeafWitness)?;
crates/amun-smt/src/proof.rs:134:            let ver = self.leaf_version.ok_or(SmtError::MissingLeafWitness)?;
crates/amun-smt/src/proof.rs:21:pub struct LeafWitness {
crates/amun-smt/src/proof.rs:36:        leaf_witness: LeafWitness,
crates/amun-smt/src/tree.rs:25:use crate::proof::{AbsenceReason, LeafWitness, MerkleProof, ProofStep};
crates/amun-smt/src/tree.rs:3://! # Core Invariant
crates/amun-smt/src/tree.rs:531:                        leaf_witness: LeafWitness {
crates/amun-smt/src/validator.rs:117:            // Invariant: maximal skip (canonical minimality)
crates/amun-smt/src/validator.rs:46:            // Invariant: no empty children
crates/amun-smt/src/validator.rs:51:            // Invariant: skip_len within bounds
crates/amun-snapshot-engine/src/compatibility.rs:123:            CompatibilityLevel::ReplayCompatible
crates/amun-snapshot-engine/src/compatibility.rs:13:    ReplayCompatible,
crates/amun-snapshot-engine/src/compatibility.rs:145:            CompatibilityLevel::FullyCompatible | CompatibilityLevel::ReplayCompatible
crates/amun-snapshot-engine/src/compatibility.rs:155:                | CompatibilityLevel::ReplayCompatible
crates/amun-snapshot-engine/src/compatibility.rs:166:                | CompatibilityLevel::ReplayCompatible
crates/amun-snapshot-engine/src/lib.rs:31:pub use replay_continuity::{ContinuityResult, ReplayContinuityEngine};
crates/amun-snapshot-engine/src/replay_continuity.rs:10:pub struct ReplayContinuityEngine;
crates/amun-snapshot-engine/src/replay_continuity.rs:1:// Replay Continuity Engine
crates/amun-snapshot-engine/src/replay_continuity.rs:27:impl ReplayContinuityEngine {
crates/amun-snapshot-engine/src/replay_continuity.rs:41:        // Step 2: Replay WAL from snapshot checkpoint forward
crates/amun-snapshot-engine/src/transition.rs:30:            CompatibilityLevel::ReplayCompatible | CompatibilityLevel::SnapshotCompatible => {
crates/amun-snapshot-optimization/src/lib.rs:1:use amun_resource_core::{ResourceId, ResourceMetadata, ResourceRegistry};
crates/amun-snapshot-optimization/src/lib.rs:23:    pub fn apply_to(&self, registry: &mut ResourceRegistry) {
crates/amun-snapshot-optimization/src/lib.rs:34:pub fn compress_snapshot(registry: &ResourceRegistry) -> (Vec<ResourceMetadata>, [u8; 32]) {
crates/amun-snapshot-optimization/src/lib.rs:44:pub fn restore_from_compressed(compressed: &[ResourceMetadata]) -> ResourceRegistry {
crates/amun-snapshot-optimization/src/lib.rs:45:    let mut reg = ResourceRegistry::new(compressed.len() * 2);
crates/amun-snapshot-optimization/tests/n162_snapshot_optimization_tests.rs:11:    let mut reg = ResourceRegistry::new(10000);
crates/amun-snapshot-optimization/tests/n162_snapshot_optimization_tests.rs:17:        lineage: ResourceLineage::genesis(col_id),
crates/amun-snapshot-optimization/tests/n162_snapshot_optimization_tests.rs:2:    ResourceArchetype, ResourceId, ResourceLineage, ResourceMetadata, ResourceRegistry,
crates/amun-snapshot-optimization/tests/n162_snapshot_optimization_tests.rs:33:                lineage: ResourceLineage::single_ancestor(token_id, col_id, parent_hash, version),
crates/amun-snapshot-optimization/tests/n162_snapshot_optimization_tests.rs:69:    let mut reg = ResourceRegistry::new(1000);
crates/amun-snapshot-optimization/tests/n162_snapshot_optimization_tests.rs:75:        lineage: ResourceLineage::genesis(col_id),
crates/amun-snapshot-optimization/tests/n162_snapshot_optimization_tests.rs:91:                lineage: ResourceLineage::single_ancestor(token_id, col_id, parent_hash, version),
crates/amun-soak-full/src/lib.rs:110:                        lineage: ResourceLineage::single_ancestor(
crates/amun-soak-full/src/lib.rs:40:    pub registry: ResourceRegistry,
crates/amun-soak-full/src/lib.rs:55:        let mut reg = ResourceRegistry::new(10000);
crates/amun-soak-full/src/lib.rs:61:            lineage: ResourceLineage::genesis(col_id),
crates/amun-soak-full/src/lib.rs:7:    ResourceArchetype, ResourceId, ResourceLineage, ResourceMetadata, ResourceRegistry,
crates/amun-soak-test/src/lib.rs:13:    pub registry: Arc<Mutex<ResourceRegistry>>,
crates/amun-soak-test/src/lib.rs:23:            registry: Arc::new(Mutex::new(ResourceRegistry::new(5000))),
crates/amun-soak-test/src/lib.rs:45:                lineage: ResourceLineage::genesis(col_id),
crates/amun-soak-test/src/lib.rs:4:    ResourceArchetype, ResourceId, ResourceLineage, ResourceMetadata, ResourceRegistry,
crates/amun-soak-test/src/lib.rs:75:                        lineage: ResourceLineage::single_ancestor(
crates/amun-state-machine/src/absolute_invariants.rs:13:    /// Replay determinism must be preserved across ALL amendments
crates/amun-state-machine/src/absolute_invariants.rs:14:    ReplayDeterminismAbsolute,
crates/amun-state-machine/src/absolute_invariants.rs:29:impl AbsoluteInvariant {
crates/amun-state-machine/src/absolute_invariants.rs:36:    pub fn all() -> Vec<AbsoluteInvariant> {
crates/amun-state-machine/src/absolute_invariants.rs:41:            Self::ReplayDeterminismAbsolute,
crates/amun-state-machine/src/absolute_invariants.rs:6:pub enum AbsoluteInvariant {
crates/amun-state-machine/src/axioms.rs:12:    /// Replay determinism is preserved across all legal transitions
crates/amun-state-machine/src/axioms.rs:13:    ReplayDeterminismPreserved,
crates/amun-state-machine/src/axioms.rs:21:    EmptyRootInvariant,
crates/amun-state-machine/src/axioms.rs:27:    HostileForkReplayImpossible,
crates/amun-state-machine/src/axioms.rs:38:            Self::ReplayDeterminismPreserved => {
crates/amun-state-machine/src/axioms.rs:39:                "Replay must remain deterministic across all transitions"
crates/amun-state-machine/src/axioms.rs:44:            Self::EmptyRootInvariant => "Empty root is invariant across protocol versions",
crates/amun-state-machine/src/axioms.rs:47:            Self::HostileForkReplayImpossible => "Hostile forks cannot preserve replay",
crates/amun-state-machine/src/delta_algebra.rs:11:    ReplayDelta {
crates/amun-state-machine/src/delta_algebra.rs:43:            Self::ReplayDelta { .. } => 0x02,
crates/amun-state-machine/src/delta_algebra.rs:57:            Self::ReplayDelta { .. } => 3,
crates/amun-state-machine/src/delta_algebra.rs:77:            Self::ReplayDelta {
crates/amun-state-machine/src/delta_laws.rs:33:                ConstitutionalDelta::ReplayDelta {
crates/amun-state-machine/src/delta_laws.rs:37:                ConstitutionalDelta::ReplayDelta {
crates/amun-state-machine/src/engine.rs:123:        invariants: &[ConstitutionalInvariant],
crates/amun-state-machine/src/engine.rs:130:                ConstitutionalInvariant::NoImpossibleState => {
crates/amun-state-machine/src/engine.rs:137:                ConstitutionalInvariant::TransitionHistoryAcyclic => {
crates/amun-state-machine/src/engine.rs:142:                ConstitutionalInvariant::LineageIntact
crates/amun-state-machine/src/engine.rs:1:use super::historical_invariants::HistoricalInvariantEngine;
crates/amun-state-machine/src/engine.rs:24:    pub history: HistoricalInvariantEngine,
crates/amun-state-machine/src/engine.rs:25:    pub replay_log: ConstitutionalReplayDAG,
crates/amun-state-machine/src/engine.rs:2:use super::invariants::ConstitutionalInvariant;
crates/amun-state-machine/src/engine.rs:37:            history: HistoricalInvariantEngine::new(),
crates/amun-state-machine/src/engine.rs:38:            replay_log: ConstitutionalReplayDAG::new(),
crates/amun-state-machine/src/engine.rs:4:use super::replay_log::ConstitutionalReplayDAG;
crates/amun-state-machine/src/formal_entropy.rs:27:    /// Replay convergence absorbs entropy
crates/amun-state-machine/src/formal_entropy.rs:28:    ReplayConvergence,
crates/amun-state-machine/src/historical_invariants.rs:125:            HistoricalInvariant::MaxFreezeUnfreezeCycles {
crates/amun-state-machine/src/historical_invariants.rs:129:            HistoricalInvariant::MaxAmendmentsPerEpoch {
crates/amun-state-machine/src/historical_invariants.rs:133:            HistoricalInvariant::MaxReplayDivergence {
crates/amun-state-machine/src/historical_invariants.rs:137:            HistoricalInvariant::MinGovernanceCompatibility {
crates/amun-state-machine/src/historical_invariants.rs:14:    /// Replay divergence must not accumulate over lineage
crates/amun-state-machine/src/historical_invariants.rs:15:    MaxReplayDivergence {
crates/amun-state-machine/src/historical_invariants.rs:23:impl HistoricalInvariant {
crates/amun-state-machine/src/historical_invariants.rs:26:            HistoricalInvariant::MaxFreezeUnfreezeCycles {
crates/amun-state-machine/src/historical_invariants.rs:37:            HistoricalInvariant::MaxAmendmentsPerEpoch {
crates/amun-state-machine/src/historical_invariants.rs:3:pub enum HistoricalInvariant {
crates/amun-state-machine/src/historical_invariants.rs:48:            HistoricalInvariant::MaxReplayDivergence {
crates/amun-state-machine/src/historical_invariants.rs:54:                        "Replay divergence accumulation exceeded: {} > {}",
crates/amun-state-machine/src/historical_invariants.rs:59:            HistoricalInvariant::MinGovernanceCompatibility {
crates/amun-state-machine/src/historical_invariants.rs:77:pub struct HistoricalInvariantEngine {
crates/amun-state-machine/src/historical_invariants.rs:85:impl Default for HistoricalInvariantEngine {
crates/amun-state-machine/src/historical_invariants.rs:91:impl HistoricalInvariantEngine {
crates/amun-state-machine/src/impossibility.rs:10:    HostileForkReplayPreservationImpossible,
crates/amun-state-machine/src/invariants.rs:10:    /// Replay determinism must be preserved.
crates/amun-state-machine/src/invariants.rs:11:    ReplayDeterminismPreserved,
crates/amun-state-machine/src/invariants.rs:3:pub enum ConstitutionalInvariant {
crates/amun-state-machine/src/lib.rs:29:pub use absolute_invariants::AbsoluteInvariant;
crates/amun-state-machine/src/lib.rs:42:pub use historical_invariants::{HistoricalInvariant, HistoricalInvariantEngine};
crates/amun-state-machine/src/lib.rs:44:pub use invariants::ConstitutionalInvariant;
crates/amun-state-machine/src/lib.rs:50:pub use replay_log::{ConstitutionalReplayDAG, ReplayLogEntry};
crates/amun-state-machine/src/lib.rs:55:    Transition, TransitionAlgebra, TransitionId, TransitionProof, TransitionType,
crates/amun-state-machine/src/merge_math.rs:10:    /// Replay histories are interleaved by epoch
crates/amun-state-machine/src/merge_math.rs:11:    ReplayEpochInterleave,
crates/amun-state-machine/src/merge_math.rs:34:            super::fork_merge::MergeType::Union => MergeResolution::ReplayUnion,
crates/amun-state-machine/src/merge_math.rs:37:                    MergeResolution::ReplayLongestChainWins
crates/amun-state-machine/src/merge_math.rs:39:                    MergeResolution::ReplayLongestChainWins
crates/amun-state-machine/src/merge_math.rs:42:            super::fork_merge::MergeType::Federation => MergeResolution::ReplayEpochInterleave,
crates/amun-state-machine/src/merge_math.rs:7:    ReplayUnion,
crates/amun-state-machine/src/merge_math.rs:9:    ReplayLongestChainWins,
crates/amun-state-machine/src/meta_amendment.rs:1:use super::absolute_invariants::AbsoluteInvariant;
crates/amun-state-machine/src/meta_amendment.rs:23:    ReplayGuarantees,
crates/amun-state-machine/src/meta_amendment.rs:47:        absolute_invariants: &[AbsoluteInvariant],
crates/amun-state-machine/src/meta_amendment.rs:53:            MetaAmendmentScope::ProofSemantics | MetaAmendmentScope::ReplayGuarantees => {
crates/amun-state-machine/src/meta_amendment.rs:57:                        AbsoluteInvariant::ReplayDeterminismAbsolute => {
crates/amun-state-machine/src/meta_amendment.rs:58:                            if matches!(scope, MetaAmendmentScope::ReplayGuarantees) {
crates/amun-state-machine/src/meta_amendment.rs:60:                                    "Cannot amend replay guarantees: ReplayDeterminismAbsolute"
crates/amun-state-machine/src/meta_amendment.rs:65:                        AbsoluteInvariant::ProvableTransitionAbsolute => {
crates/amun-state-machine/src/meta_amendment.rs:9:    pub absolute_invariants_untouchable: Vec<AbsoluteInvariant>,
crates/amun-state-machine/src/postconditions.rs:16:    InvariantsPreserved,
crates/amun-state-machine/src/preconditions.rs:15:    /// Replay continuity must be preserved.
crates/amun-state-machine/src/preconditions.rs:16:    ReplayContinuityPreserved,
crates/amun-state-machine/src/replay_log.rs:18:impl ReplayLogEntry {
crates/amun-state-machine/src/replay_log.rs:46:/// Constitutional Replay DAG - branching constitutional history.
crates/amun-state-machine/src/replay_log.rs:48:pub struct ConstitutionalReplayDAG {
crates/amun-state-machine/src/replay_log.rs:49:    pub entries: HashMap<[u8; 32], ReplayLogEntry>,
crates/amun-state-machine/src/replay_log.rs:54:impl Default for ConstitutionalReplayDAG {
crates/amun-state-machine/src/replay_log.rs:60:impl ConstitutionalReplayDAG {
crates/amun-state-machine/src/replay_log.rs:69:    pub fn append(&mut self, transition: &Transition, parents: Vec<[u8; 32]>) -> ReplayLogEntry {
crates/amun-state-machine/src/replay_log.rs:70:        let entry = ReplayLogEntry::new(self.next_sequence, transition, parents.clone());
crates/amun-state-machine/src/replay_log.rs:8:pub struct ReplayLogEntry {
crates/amun-state-machine/src/transitions.rs:202:pub struct TransitionProof {
crates/amun-state-machine/src/verifier.rs:104:                ConstitutionalInvariant::TransitionHistoryAcyclic => {
crates/amun-state-machine/src/verifier.rs:109:                ConstitutionalInvariant::LineageIntact
crates/amun-state-machine/src/verifier.rs:1:use super::invariants::ConstitutionalInvariant;
crates/amun-state-machine/src/verifier.rs:92:        invariants: &[ConstitutionalInvariant],
crates/amun-state-machine/src/verifier.rs:97:                ConstitutionalInvariant::NoImpossibleState => {
crates/amun-state-pruning/src/lib.rs:13:            registry: ResourceRegistry::new(max_lineage_depth),
crates/amun-state-pruning/src/lib.rs:1:use amun_resource_core::{ResourceId, ResourceMetadata, ResourceRegistry};
crates/amun-state-pruning/src/lib.rs:5:    pub registry: ResourceRegistry,
crates/amun-state-pruning/tests/n166_pruning_tests.rs:120:                lineage: ResourceLineage::genesis(col_id),
crates/amun-state-pruning/tests/n166_pruning_tests.rs:137:                        lineage: ResourceLineage::single_ancestor(
crates/amun-state-pruning/tests/n166_pruning_tests.rs:16:            lineage: ResourceLineage::genesis(col_id),
crates/amun-state-pruning/tests/n166_pruning_tests.rs:2:    ResourceArchetype, ResourceId, ResourceLineage, ResourceMetadata, ResourceState,
crates/amun-state-pruning/tests/n166_pruning_tests.rs:33:                    lineage: ResourceLineage::single_ancestor(
crates/amun-state-pruning/tests/n166_pruning_tests.rs:66:            lineage: ResourceLineage::genesis(col_id),
crates/amun-state-pruning/tests/n166_pruning_tests.rs:83:                    lineage: ResourceLineage::single_ancestor(
crates/amun-state-root/src/lib.rs:13:pub use replay::{ReplayCertificate, ReplayEquivalenceProof, ReplayTranscript};
crates/amun-state-root/src/replay.rs:10:impl CanonicalEncode for ReplayEquivalenceProof {
crates/amun-state-root/src/replay.rs:19:pub struct ReplayTranscript {
crates/amun-state-root/src/replay.rs:29:impl CanonicalEncode for ReplayTranscript {
crates/amun-state-root/src/replay.rs:42:pub struct ReplayCertificate {
crates/amun-state-root/src/replay.rs:43:    pub transcript: ReplayTranscript,
crates/amun-state-root/src/replay.rs:44:    pub proof: ReplayEquivalenceProof,
crates/amun-state-root/src/replay.rs:47:impl CanonicalEncode for ReplayCertificate {
crates/amun-state-root/src/replay.rs:4:pub struct ReplayEquivalenceProof {
crates/amun-state-root/src/snapshot.rs:17:    /// Replay equivalence proof.
crates/amun-state-root/src/snapshot.rs:18:    pub replay_equivalence_proof: ReplayEquivalenceProof,
crates/amun-state-root/src/snapshot.rs:24:pub struct ReplayEquivalenceProof {
crates/amun-state-root/src/snapshot.rs:32:impl ReplayEquivalenceProof {
crates/amun-state-root/src/snapshot.rs:40:impl CanonicalEncode for ReplayEquivalenceProof {
crates/amun-state-sync/src/lib.rs:132:        let mut reg = ResourceRegistry::new(1000);
crates/amun-state-sync/src/lib.rs:204:        let mut reg = ResourceRegistry::new(100);
crates/amun-state-sync/src/lib.rs:238:        let mut reg = ResourceRegistry::new(100);
crates/amun-state-sync/src/lib.rs:46:        ResourceArchetype, ResourceId, ResourceLineage, ResourceMetadata, ResourceRegistry,
crates/amun-state-sync/src/lib.rs:61:            lineage: ResourceLineage::genesis(id),
crates/amun-state-sync/src/stateless_verifier.rs:1:use amun_resource_core::ResourceRegistry;
crates/amun-state-sync/src/stateless_verifier.rs:87:        let mut temp_reg = ResourceRegistry::new(all_resources.len() * 2);
crates/amun-state-sync/src/sync_protocol.rs:100:    ) -> Result<ResourceRegistry, String> {
crates/amun-state-sync/src/sync_protocol.rs:147:                let mut registry = ResourceRegistry::new(snapshot.total_resources as usize * 2);
crates/amun-state-sync/src/sync_protocol.rs:165:        registry: &ResourceRegistry,
crates/amun-state-sync/src/sync_protocol.rs:187:        registry: &mut ResourceRegistry,
crates/amun-state-sync/src/sync_protocol.rs:205:        registry: &ResourceRegistry,
crates/amun-state-sync/src/sync_protocol.rs:234:    use amun_resource_core::resource_lineage::ResourceLineage;
crates/amun-state-sync/src/sync_protocol.rs:251:            lineage: ResourceLineage::genesis(id),
crates/amun-state-sync/src/sync_protocol.rs:257:    fn create_test_registry(n: u64) -> ResourceRegistry {
crates/amun-state-sync/src/sync_protocol.rs:258:        let mut r = ResourceRegistry::new(n as usize * 2);
crates/amun-state-sync/src/sync_protocol.rs:5:use amun_resource_core::{ResourceMetadata, ResourceRegistry};
crates/amun-state-sync/src/sync_protocol.rs:60:        registry: &ResourceRegistry,
crates/amun-stateless-sync/src/lib.rs:105:    pub fn import_certificate(&mut self, cert: ReplayCertificate) {
crates/amun-stateless-sync/src/lib.rs:34:use amun_constitutional_state::{CertificateInclusionProof, ReplayCertificate};
crates/amun-stateless-sync/src/lib.rs:59:        certificates: Vec<ReplayCertificate>,
crates/amun-stateless-sync/src/lib.rs:80:    certificates: BTreeMap<[u8; 32], ReplayCertificate>,
crates/amun-stf/src/nonce.rs:39:                ConstitutionalFault::ReplayViolation,
crates/amun-storage-kernel/ATOMIC_SNAPSHOT_CONSTITUTION.md:20:MUST match the state at the freeze point exactly. Replay of WAL from
crates/amun-storage-kernel/CONSTITUTION.md:53:**Section 2.3: Witness Selection**
crates/amun-storage-kernel/CONSTITUTION.md:65:**Section 3.2: Replay Equivalence**
crates/amun-storage-kernel/CONSTITUTION.md:66:Replaying a valid WAL from genesis SHALL produce the identical state root
crates/amun-storage-kernel/CONSTITUTION.md:85:**Section 5.1: Uniqueness Invariant**
crates/amun-storage-kernel/SNAPSHOT_CONSTITUTION.md:141:**Section 8.1: Snapshot + WAL Replay**
crates/amun-storage-kernel/VALIDITY_HIERARCHY.md:33:| StateRootMismatch | ReplayVerifier divergence | Quarantine state, resync from trusted peer |
crates/amun-storage-kernel/VALIDITY_HIERARCHY.md:45:| ReplayDivergence | Replay produces different root | Investigate, rebuild from trusted source |
crates/amun-storage-kernel/VALIDITY_HIERARCHY.md:48:### Level 4: ByzantineEvidence (Malicious Behavior Detected)
crates/amun-storage-kernel/VALIDITY_HIERARCHY.md:73:| Equivocation Evidence | Permanent Ban + Slash |
crates/amun-storage-kernel/VALIDITY_HIERARCHY.md:82:| Local WAL intact | Replay locally |
crates/amun-storage-kernel/VALIDITY_HIERARCHY.md:98:| ByzantineEvidence | Permanent | Never released |
crates/amun-storage-kernel/src/persistence/wal/iterator.rs:83:pub struct ReplayVerifier;
crates/amun-storage-kernel/src/persistence/wal/iterator.rs:84:impl ReplayVerifier {
crates/amun-storage-kernel/src/persistence/wal/mod.rs:5:pub use iterator::{ReplayVerifier, WalIterator};
crates/amun-storage-kernel/src/smt/tree.rs:16:pub struct WitnessLeaf {
crates/amun-storage-kernel/src/smt/tree.rs:464:    ) -> Option<WitnessLeaf> {
crates/amun-storage-kernel/src/smt/tree.rs:476:                    return Some(WitnessLeaf {
crates/amun-storage-kernel/src/smt/tree.rs:498:                    Some(WitnessLeaf {
crates/amun-storage-kernel/src/smt/tree.rs:527:    fn find_any_leaf(&self, depth: usize, current: NodeHash) -> Option<WitnessLeaf> {
crates/amun-storage-kernel/src/smt/tree.rs:536:                    return Some(WitnessLeaf {
crates/amun-storage-kernel/src/smt/tree.rs:554:                } => Some(WitnessLeaf {
crates/amun-storage-kernel/tests/replay_equivalence.rs:136:        let result = ReplayVerifier::verify_full_replay(wal_path.to_str().unwrap());
crates/amun-storage-kernel/tests/replay_equivalence.rs:4:        persistence::wal::{ReplayVerifier, WalEntry},
crates/amun-storage-kernel/tests/replay_equivalence.rs:54:            ReplayVerifier::verify_full_replay(wal_path.to_str().unwrap()).unwrap();
crates/amun-storage-kernel/tests/replay_equivalence.rs:94:        let result = ReplayVerifier::verify_full_replay(wal_path.to_str().unwrap());
crates/amun-storage-kernel/tests/specification_compliance.rs:67:    // THEOREM 4: Proof Depth Invariant
crates/amun-survival-console/src/dashboard.rs:10:    invariant_registry: InvariantRegistry,
crates/amun-survival-console/src/dashboard.rs:27:        invariant_registry: InvariantRegistry,
crates/amun-survival-console/src/dashboard.rs:59:        let invariants_hold = health == InvariantHealth::AllInvariantsHold;
crates/amun-survival-console/src/dashboard.rs:6:use amun_invariants::registry::{InvariantHealth, InvariantRegistry};
crates/amun-testnet-sim/tests/adversarial_tests.rs:106:    assert!(ReplayBackedConsensus::form_consensus(
crates/amun-testnet-sim/tests/adversarial_tests.rs:127:    let mut block = ReplayBackedConsensus::execute_and_replay(
crates/amun-testnet-sim/tests/adversarial_tests.rs:137:    assert!(ReplayBackedConsensus::form_consensus(
crates/amun-testnet-sim/tests/adversarial_tests.rs:206:                // Replay against a registry initialized to the proof's pre-state
crates/amun-testnet-sim/tests/adversarial_tests.rs:209:                                                    // Actually, ReplayVerifier::replay calls execute() which starts
crates/amun-testnet-sim/tests/adversarial_tests.rs:212:                let replay = ReplayVerifier::replay(&transition_proof, &program, &mut fresh, &[]);
crates/amun-testnet-sim/tests/adversarial_tests.rs:213:                if !matches!(replay, ReplayResult::Match { .. }) {
crates/amun-testnet-sim/tests/adversarial_tests.rs:22:fn build_registry(count: u64) -> ResourceRegistry {
crates/amun-testnet-sim/tests/adversarial_tests.rs:23:    let mut reg = ResourceRegistry::new((count * 2) as usize);
crates/amun-testnet-sim/tests/adversarial_tests.rs:242:    let mut block = ReplayBackedConsensus::execute_and_replay(
crates/amun-testnet-sim/tests/adversarial_tests.rs:252:    assert!(ReplayBackedConsensus::form_consensus(
crates/amun-testnet-sim/tests/adversarial_tests.rs:29:            lineage: ResourceLineage::genesis(make_id(i)),
crates/amun-testnet-sim/tests/adversarial_tests.rs:55:    let block = ReplayBackedConsensus::execute_and_replay(
crates/amun-testnet-sim/tests/adversarial_tests.rs:63:    assert!(ReplayBackedConsensus::form_consensus(
crates/amun-testnet-sim/tests/adversarial_tests.rs:69:    assert!(ReplayBackedConsensus::form_consensus(
crates/amun-testnet-sim/tests/adversarial_tests.rs:6:use amun_replay_consensus::replay_backed_consensus::ReplayBackedConsensus;
crates/amun-testnet-sim/tests/adversarial_tests.rs:76:        assert!(ReplayBackedConsensus::form_consensus(
crates/amun-testnet-sim/tests/adversarial_tests.rs:7:use amun_replay_verifier::replay_verifier::{ReplayResult, ReplayVerifier};
crates/amun-testnet-sim/tests/adversarial_tests.rs:98:    let block = ReplayBackedConsensus::execute_and_replay(
crates/amun-testnet-sim/tests/adversarial_tests.rs:9:    ResourceArchetype, ResourceId, ResourceLineage, ResourceMetadata, ResourceRegistry,
crates/amun-transcript-semantics/src/lib.rs:102:    #[test] fn test_causal_chain() { let p = EventIdentity::new([0x01;32],[0x00;32],[0xAA;32],1,ReplayDomain::Consensus,[0xBB;32]); let c = EventIdentity::new([0x02;32],[0x01;32],[0xAA;32],2,ReplayDomain::Consensus,[0xBB;32]); assert!(c.verify_causal_chain(&p)); }
crates/amun-transcript-semantics/src/lib.rs:104:    #[test] fn test_immutable_cert() { let c = ImmutableReplayCertificate::new(ReplayDomain::Consensus,[0xBB;32],[0x01;32],[0x02;32],[0x03;32],[0x04;32],100,1); assert!(c.verify()); let h1 = c.certificate_hash(); let h2 = c.certificate_hash(); assert_eq!(h1, h2); }
crates/amun-transcript-semantics/src/lib.rs:105:    #[test] fn test_witness_hash() { let w = ReplayWitness::MerkleWitness { leaf_hash: [0x01;32], proof_hashes: vec![[0x02;32]], leaf_index: 0 }; assert_ne!(w.witness_hash(), [0;32]); }
crates/amun-transcript-semantics/src/lib.rs:11:pub struct EventIdentity { pub event_hash: [u8; 32], pub causal_parent: [u8; 32], pub authority_root: [u8; 32], pub transcript_position: u64, pub domain: ReplayDomain, pub epoch_id: [u8; 32] }
crates/amun-transcript-semantics/src/lib.rs:13:    pub fn new(event_hash: [u8; 32], causal_parent: [u8; 32], authority_root: [u8; 32], transcript_position: u64, domain: ReplayDomain, epoch_id: [u8; 32]) -> Self { Self { event_hash, causal_parent, authority_root, transcript_position, domain, epoch_id } }
crates/amun-transcript-semantics/src/lib.rs:25:// ─── Replay Class ──────────────────────────────────────────
crates/amun-transcript-semantics/src/lib.rs:27:pub enum ReplayClass { ReplayRequired, ReplayRecommended, ReplayDerived, ReplayExcluded, ReplayOptional }
crates/amun-transcript-semantics/src/lib.rs:52:    pub fn domain(&self) -> ReplayDomain {
crates/amun-transcript-semantics/src/lib.rs:53:        match self { TranscriptEntry::Consensus(_) => ReplayDomain::Consensus, TranscriptEntry::Execution(_) => ReplayDomain::Execution, TranscriptEntry::Governance(_) => ReplayDomain::Governance, TranscriptEntry::Certifying(_) => ReplayDomain::FullSystem }
crates/amun-transcript-semantics/src/lib.rs:59:pub struct ImmutableReplayCertificate { inner: CertifiedEnvelope }
crates/amun-transcript-semantics/src/lib.rs:61:struct CertifiedEnvelope { domain: ReplayDomain, epoch_id: [u8; 32], transcript_root: [u8; 32], state_root: [u8; 32], receipt_root: [u8; 32], ordering_root: [u8; 32], event_count: u64, replay_version: u32, certificate_hash: [u8; 32] }
crates/amun-transcript-semantics/src/lib.rs:62:impl ImmutableReplayCertificate {
crates/amun-transcript-semantics/src/lib.rs:64:    pub fn new(domain: ReplayDomain, epoch_id: [u8; 32], transcript_root: [u8; 32], state_root: [u8; 32], receipt_root: [u8; 32], ordering_root: [u8; 32], event_count: u64, replay_version: u32) -> Self {
crates/amun-transcript-semantics/src/lib.rs:69:    pub fn domain(&self) -> ReplayDomain { self.inner.domain }
crates/amun-transcript-semantics/src/lib.rs:6:use amun_replay_semantics::ReplayDomain;
crates/amun-transcript-semantics/src/lib.rs:76:// ─── Witness Types ─────────────────────────────────────────
crates/amun-transcript-semantics/src/lib.rs:78:pub enum ReplayWitness {
crates/amun-transcript-semantics/src/lib.rs:79:    MerkleWitness { leaf_hash: [u8; 32], proof_hashes: Vec<[u8; 32]>, leaf_index: u64 },
crates/amun-transcript-semantics/src/lib.rs:80:    ExecutionWitness { block_hash: [u8; 32], trace_hash: [u8; 32], step_count: u64 },
crates/amun-transcript-semantics/src/lib.rs:81:    TranscriptWitness { start_sequence: u64, end_sequence: u64, fragment_hash: [u8; 32] },
crates/amun-transcript-semantics/src/lib.rs:82:    ReceiptWitness { receipt_hashes: Vec<[u8; 32]>, chain_root: [u8; 32] },
crates/amun-transcript-semantics/src/lib.rs:83:    CompositeWitness { witnesses: Vec<ReplayWitness>, composite_hash: [u8; 32] },
crates/amun-transcript-semantics/src/lib.rs:85:impl ReplayWitness {
crates/amun-transcript-semantics/src/lib.rs:88:        match self { ReplayWitness::MerkleWitness { leaf_hash, proof_hashes, leaf_index } => { h.update(b"MERKLE"); h.update(leaf_hash); h.update(leaf_index.to_le_bytes()); for ph in proof_hashes { h.update(ph); } } ReplayWitness::ExecutionWitness { block_hash, trace_hash, step_count } => { h.update(b"EXECUTION"); h.update(block_hash); h.update(trace_hash); h.update(step_count.to_le_bytes()); } ReplayWitness::TranscriptWitness { start_sequence, end_sequence, fragment_hash } => { h.update(b"TRANSCRIPT"); h.update(start_sequence.to_le_bytes()); h.update(end_sequence.to_le_bytes()); h.update(fragment_hash); } ReplayWitness::ReceiptWitness { receipt_hashes, chain_root } => { h.update(b"RECEIPT"); for rh in receipt_hashes { h.update(rh); } h.update(chain_root); } ReplayWitness::CompositeWitness { composite_hash, .. } => { h.update(b"COMPOSITE"); h.update(composite_hash); } }
crates/amun-transcript-semantics/src/lib.rs:95:    #[derive(Debug, Clone, PartialEq, Eq)] pub enum TranscriptError { CausalChainBroken { parent_hash: [u8; 32], child_parent_hash: [u8; 32] }, AuthorityMismatch { expected: EventAuthority, actual: EventAuthority }, IncompleteReplay { expected: usize, actual: usize } }
crates/amun-transition-proof/src/enhanced_proof.rs:15:        let leaf_hash = ResourceRegistry::hash_resource(metadata);
crates/amun-transition-proof/src/enhanced_proof.rs:1:use amun_evidence_engine::evidence_types::ConstitutionalEvidence;
crates/amun-transition-proof/src/enhanced_proof.rs:2:use amun_resource_core::{ResourceId, ResourceMetadata, ResourceRegistry};
crates/amun-transition-proof/src/enhanced_proof.rs:58:pub struct WitnessBundle {
crates/amun-transition-proof/src/enhanced_proof.rs:64:impl WitnessBundle {
crates/amun-transition-proof/src/enhanced_proof.rs:77:pub struct EnhancedTransitionProof {
crates/amun-transition-proof/src/enhanced_proof.rs:87:    pub evidence: Vec<ConstitutionalEvidence>,
crates/amun-transition-proof/src/enhanced_proof.rs:90:    pub witness: WitnessBundle,
crates/amun-transition-proof/src/proof_builder.rs:119:        registry: &ResourceRegistry,
crates/amun-transition-proof/src/proof_builder.rs:131:    fn compute_siblings(registry: &ResourceRegistry, rid: &ResourceId) -> Vec<([u8; 32], bool)> {
crates/amun-transition-proof/src/proof_builder.rs:142:                    .map(|m| (ResourceRegistry::hash_resource(m), *id))
crates/amun-transition-proof/src/proof_builder.rs:178:    fn build_lineage_proof(registry: &ResourceRegistry, rid: &ResourceId) -> LineageProof {
crates/amun-transition-proof/src/proof_builder.rs:203:    fn compute_enhanced_hash(proof: &EnhancedTransitionProof) -> [u8; 32] {
crates/amun-transition-proof/src/proof_builder.rs:22:    ) -> TransitionProof {
crates/amun-transition-proof/src/proof_builder.rs:2:use amun_evidence_engine::evidence_engine::EvidenceEngine;
crates/amun-transition-proof/src/proof_builder.rs:34:        let evidence: Vec<ConstitutionalEvidence> = buffer
crates/amun-transition-proof/src/proof_builder.rs:37:            .map(|ev| EvidenceEngine::convert(ev, contract_id, block_height, transaction_hash))
crates/amun-transition-proof/src/proof_builder.rs:39:        TransitionProof::new(
crates/amun-transition-proof/src/proof_builder.rs:3:use amun_evidence_engine::evidence_types::ConstitutionalEvidence;
crates/amun-transition-proof/src/proof_builder.rs:4:use amun_resource_core::{ResourceId, ResourceMetadata, ResourceRegistry};
crates/amun-transition-proof/src/proof_builder.rs:56:        registry: &ResourceRegistry,
crates/amun-transition-proof/src/proof_builder.rs:64:    ) -> EnhancedTransitionProof {
crates/amun-transition-proof/src/proof_builder.rs:76:        let evidence: Vec<ConstitutionalEvidence> = buffer
crates/amun-transition-proof/src/proof_builder.rs:79:            .map(|ev| EvidenceEngine::convert(ev, contract_id, block_height, transaction_hash))
crates/amun-transition-proof/src/proof_builder.rs:7:use crate::enhanced_proof::{EnhancedTransitionProof, LineageProof, MerkleProof, WitnessBundle};
crates/amun-transition-proof/src/proof_builder.rs:8:use crate::transition_proof::TransitionProof;
crates/amun-transition-proof/src/proof_builder.rs:93:        let witness = WitnessBundle {
crates/amun-transition-proof/src/proof_builder.rs:99:        let mut proof = EnhancedTransitionProof {
crates/amun-transition-proof/src/transition_proof.rs:13:pub struct TransitionProof {
crates/amun-transition-proof/src/transition_proof.rs:23:    pub evidence: Vec<ConstitutionalEvidence>,
crates/amun-transition-proof/src/transition_proof.rs:28:impl TransitionProof {
crates/amun-transition-proof/src/transition_proof.rs:2:use amun_evidence_engine::evidence_types::ConstitutionalEvidence;
crates/amun-transition-proof/src/transition_proof.rs:40:        evidence: Vec<ConstitutionalEvidence>,
crates/amun-truth-engine/src/engine.rs:23:pub enum ReplayError {
crates/amun-truth-engine/src/engine.rs:248:    pub fn compute_chain_root_until(&self, until: ChainPosition) -> Result<[u8; 32], ReplayError> {
crates/amun-truth-engine/src/engine.rs:265:                        .ok_or(ReplayError::ChunkReadError {
crates/amun-truth-engine/src/engine.rs:276:    pub fn compute_chain_root(&self, target_tx_count: u64) -> Result<[u8; 32], ReplayError> {
crates/amun-truth-engine/src/engine.rs:291:                        .ok_or(ReplayError::ChunkReadError {
crates/amun-truth-engine/src/lib.rs:4:pub use engine::{ReplayError, TruthEngine};
crates/amun-validator-networking/src/lib.rs:48:        ResourceArchetype, ResourceId, ResourceLineage, ResourceMetadata, ResourceRegistry,
crates/amun-validator-networking/src/lib.rs:58:    fn build_registry(count: u8) -> ResourceRegistry {
crates/amun-validator-networking/src/lib.rs:59:        let mut reg = ResourceRegistry::new(10000);
crates/amun-validator-networking/src/lib.rs:65:                lineage: ResourceLineage::genesis(make_id(i)),
crates/amun-validator-networking/src/rejoin_protocol.rs:27:        peer_registry: &ResourceRegistry,
crates/amun-validator-networking/src/rejoin_protocol.rs:2:use amun_resource_core::ResourceRegistry;
crates/amun-validator-networking/src/sync_transport.rs:11:        registry: &ResourceRegistry,
crates/amun-validator-networking/src/sync_transport.rs:1:use amun_resource_core::ResourceRegistry;
crates/amun-validator-networking/src/sync_transport.rs:45:    ) -> Result<ResourceRegistry, String> {
crates/amun-validator-networking/src/sync_transport.rs:52:                let mut registry = ResourceRegistry::new(package.total_resources() * 2);
crates/amun-verification-kernel/src/lib.rs:132:    pub certificates: Vec<VerificationCertificate>,
crates/amun-verification-kernel/src/lib.rs:140:    pub fn register(&mut self, cert: VerificationCertificate) -> Result<(), String> {
crates/amun-verification-kernel/src/lib.rs:148:    pub fn phase_certificate(&self, phase: &str) -> Option<&VerificationCertificate> {
crates/amun-verification-kernel/src/lib.rs:172:    fn make_evidence(id: &str, claim_id: &str) -> Evidence {
crates/amun-verification-kernel/src/lib.rs:173:        Evidence {
crates/amun-verification-kernel/src/lib.rs:176:            evidence_type: EvidenceType::TestResult,
crates/amun-verification-kernel/src/lib.rs:177:            description: format!("Evidence {id} for {claim_id}"),
crates/amun-verification-kernel/src/lib.rs:191:        let cert = VerificationCertificate::issue("N46", claims, evidence, "verifier-1", 1000);
crates/amun-verification-kernel/src/lib.rs:199:        let mut cert = VerificationCertificate::issue(
crates/amun-verification-kernel/src/lib.rs:19:    Finality,
crates/amun-verification-kernel/src/lib.rs:213:        let cert = VerificationCertificate::issue(
crates/amun-verification-kernel/src/lib.rs:227:        let mut cert = VerificationCertificate::issue(
crates/amun-verification-kernel/src/lib.rs:241:        let cert = VerificationCertificate::issue(
crates/amun-verification-kernel/src/lib.rs:35:/// Evidence that supports or refutes a claim.
crates/amun-verification-kernel/src/lib.rs:37:pub struct Evidence {
crates/amun-verification-kernel/src/lib.rs:40:    pub evidence_type: EvidenceType,
crates/amun-verification-kernel/src/lib.rs:48:pub enum EvidenceType {
crates/amun-verification-kernel/src/lib.rs:59:pub struct VerificationCertificate {
crates/amun-verification-kernel/src/lib.rs:63:    pub evidence: Vec<Evidence>,
crates/amun-verification-kernel/src/lib.rs:69:impl VerificationCertificate {
crates/amun-verification-kernel/src/lib.rs:74:        evidence: Vec<Evidence>,
crates/amun-vm-kernel/src/pending_buffer.rs:129:    pub fn all_evidence(&self) -> Vec<VMEvidence> {
crates/amun-vm-kernel/src/pending_buffer.rs:22:pub enum VMEvidence {
crates/amun-vm-kernel/src/pending_buffer.rs:30:    InvariantViolation {
crates/amun-vm-kernel/src/pending_buffer.rs:40:    evidence: Vec<VMEvidence>,
crates/amun-vm-kernel/src/pending_buffer.rs:88:    pub fn record_evidence(&mut self, evidence: VMEvidence) {
crates/amun-vm-kernel/src/vm_kernel.rs:108:        registry: &mut ResourceRegistry,
crates/amun-vm-kernel/src/vm_kernel.rs:1:use amun_resource_core::{RegistryError, ResourceMetadata, ResourceRegistry, TransformationMatrix};
crates/amun-vm-kernel/src/vm_kernel.rs:30:    pub fn verify(buffer: &mut PendingBuffer, registry: &ResourceRegistry) -> bool {
crates/amun-vm-kernel/src/vm_kernel.rs:37:        let mut violations: Vec<VMEvidence> = Vec::new();
crates/amun-vm-kernel/src/vm_kernel.rs:42:                violations.push(VMEvidence::ConstitutionalViolation {
crates/amun-vm-kernel/src/vm_kernel.rs:4:use crate::pending_buffer::{PendingBuffer, VMEvidence};
crates/amun-vm-kernel/src/vm_kernel.rs:54:                        violations.push(VMEvidence::ConstitutionalViolation {
crates/amun-vm-kernel/src/vm_kernel.rs:62:                        violations.push(VMEvidence::ConstitutionalViolation {
crates/amun-vm-kernel/src/vm_kernel.rs:70:                        violations.push(VMEvidence::ConstitutionalViolation {
crates/amun-vm-kernel/src/vm_kernel.rs:77:                    let actual_hash = amun_resource_core::ResourceRegistry::hash_resource(parent);
crates/amun-vm-kernel/src/vm_kernel.rs:81:                        violations.push(VMEvidence::ConstitutionalViolation {
crates/amun-vm-kernel/src/vm_kernel.rs:89:                    violations.push(VMEvidence::ConstitutionalViolation {
crates/amun_state_machine/src/certification/mod.rs:61:pub struct ReplayCertificate {
crates/amun_state_machine/src/certification/mod.rs:70:impl ReplayCertificate {
crates/amun_state_machine/src/lib.rs:24:pub use certification::{ExecutionCertificate, ReplayCertificate, compute_execution_fingerprint};
docs/AUDIT_LAYERS.md:69:# Layer 06 — Replay
docs/CANONICAL_HASH.md:19:| Transcript | `AMUN_TRANSCRIPT_V1` | Replay transcript |
docs/CANONICAL_HASH.md:8:- Replay certificates
docs/CCS_Core_Specification_v1.0.md:104:`ValidContext(C) iff ValidEpoch(E) ∧ ValidValidatorSet(V) ∧ ValidEvidence(Q) ∧ ConsistentState(H)`
docs/CCS_Core_Specification_v1.0.md:109:- `ValidEvidence(Q)`: `Q` meets the quorum threshold for `V`.
docs/CCS_Core_Specification_v1.0.md:173:1. Provides concrete implementations of `Context`, `Authority`, `Evidence`,
docs/CCS_Core_Specification_v1.0.md:47:- `Q` (Quorum Evidence): A verifiable proof that at least a threshold number
docs/CCS_Core_Specification_v1.0.md:53:### 2.3 Constitutional Evidence
docs/CCS_Core_Specification_v1.0.md:59:Evidence is the mechanism through which consensus contributes to CCS,
docs/CCS_Core_Specification_v1.0.md:74:`∀ Q, C : ValidEvidence(Q) ⇏ Authority(Q, C)`
docs/CCS_Core_Specification_v1.0.md:92:`∃ F : F(Evidence, Context) = Authority`
docs/CCS_Core_Specification_v1.1.md:150:1. Provide concrete implementations of `Context`, `Authority`, `Evidence`,
docs/CCS_Core_Specification_v1.1.md:43:where `E`, `V`, `H` are as defined in the context, and `Q` (Quorum Evidence)
docs/CCS_Core_Specification_v1.1.md:51:### 2.3 Constitutional Evidence
docs/CCS_Core_Specification_v1.1.md:57:Evidence is the mechanism through which consensus contributes to CCS,
docs/CCS_Core_Specification_v1.1.md:72:`∀ Q, C : ValidEvidence(Q) ⇏ Authority(Q, C)`
docs/CCS_Core_Specification_v1.1.md:87:`∃ F : F(Evidence, Context) = Authority`
docs/CCS_RUNTIME_MAPPING.md:15:| Evidence `E` | `QuorumCertificate` | Carries position, votes, signatures |
docs/CCS_RUNTIME_MAPPING.md:19:| SH1 | Finality rules | One canonical chain survives |
docs/CCS_RUNTIME_MAPPING.md:20:| CC (Comparability) | Evidence ordering | QC weight, epoch priority |
docs/CCS_RUNTIME_MAPPING.md:25:3. No standalone `ConstitutionalEvidence` module – logic scattered across
docs/CONSTITUTIONAL_AUDIT.md:12:| CCS Concept | Implementation Status | Evidence |
docs/CONSTITUTIONAL_AUDIT.md:16:| **Constitutional Evidence** | ✅ Implemented | QC structure with BLS aggregated signatures (V3-005D) |
docs/CONSTITUTIONAL_AUDIT.md:22:| **Constitutional Comparability (CC)** | ✅ Partially implemented | Evidence ordering exists but not formalized as standalone module |
docs/CONSTITUTIONAL_AUDIT.md:36:4. **Constitutional Evidence Module** – QC verification scattered; should be dedicated module
docs/CONSTITUTIONAL_AUDIT.md:37:5. **Comparability Formalization** – Evidence ordering implicit; should be explicit
docs/CONSTITUTIONAL_AUDIT.md:44:**Begin with Constitutional Evidence Module.**
docs/CONSTITUTIONAL_MODEL.md:105:# Replayability
docs/CONSTITUTIONAL_MODEL.md:109:Replay is constitutional infrastructure.
docs/CONSTITUTIONAL_MODEL.md:66:## Freeze Witnesses
docs/CRATE_ARCHITECTURE.md:195:## Layer 9 — Replay
docs/CRATE_ARCHITECTURE.md:201:Replay equivalence and divergence detection.
docs/CRATE_ARCHITECTURE.md:213:Replay semantic interpretation.
docs/CRATE_ARCHITECTURE.md:246:-> Replay
docs/DOCS_INDEX.md:153:    Evidence bundle specification for audits.
docs/DOCS_INDEX.md:158:Validation Evidence (NV-01 through NV-08)
docs/DOCS_INDEX.md:23:    Replay protection through domain-separated signing payloads.
docs/DOCS_INDEX.md:311:    Replay physics v1.
docs/DOCS_INDEX.md:317:    Replay law.
docs/DOCS_INDEX.md:319:    Replay model.
docs/DOCS_INDEX.md:435:    Replay cost analysis.
docs/DOCS_INDEX.md:457:    Replay checkpoint fixtures.
docs/DOCS_INDEX.md:459:    Replay divergence fixtures.
docs/DOCS_INDEX.md:461:    Replay equivalence fixtures.
docs/DOCS_INDEX.md:463:    Replay genesis fixtures.
docs/DOCS_INDEX.md:480:Proof & Evidence Templates
docs/DOCS_INDEX.md:91:    Replay determinism law for storage.
docs/N105_CRYPTOGRAPHIC_VALIDATOR_IDENTITY.md:53:Vote forgery resistance is achieved because without the private key, an attacker cannot produce a valid signature for a given voter_id. The registry ensures that only known validators can attempt to vote. Sybil resistance is enforced because the registry is populated from certificates signed by the authority. An attacker cannot inject fake validators. In a production setting, the authority would be the genesis trust anchor set. Replay protection is provided by the signing payload, which includes the height, block hash, and timestamp, binding each vote to a specific consensus round. The authority key is currently hardcoded to the seed 0x42, which is acceptable for test clusters. In production, this key must be distributed via genesis configuration and protected. Certificate integrity is verified at load time. A tampered certificate will cause a panic in test clusters or an error in production loading code, preventing the node from participating.
docs/N110_COMPLETE.md:150:3. The system does not yet have evidence gossip.  Evidence
docs/N110_COMPLETE.md:153:   that references unknown evidence IDs.  Evidence
docs/N110_COMPLETE.md:38:5. Finality-triggered execution — the actual stake reduction happens
docs/N110_COMPLETE.md:52:  EvidenceRecord stored in EvidenceStore .................. N109.10
docs/N110_COMPLETE.md:87:N109.10            Evidence store ........................ 11
docs/N126_FINAL_BASELINE.md:1:N126 — Evidence-Based Constitutional Enforcement Baseline
docs/N126_FINAL_BASELINE.md:30:5.  SlashingEvidenceBinding   = all certs have non-empty evidence_ids  REAL
docs/N126_FINAL_BASELINE.md:32:7.  ReplayDeterminism         = cert.state_root != [0u8; 32]           PARTIAL
docs/N126_FINAL_BASELINE.md:33:8.  FinalitySupermajority     = cert.qc.verify_quorum()                REAL
docs/N126_FINAL_BASELINE.md:35:10. EvidenceValidity          = all certs pass .verify()               REAL
docs/N126_FINAL_BASELINE.md:45:1. ReplayVerifier integration (ReplayDeterminism)
docs/PHASE_84_UNIFICATION.md:17:### 2. Constitutional Evidence (`ConstitutionalEvidence`)
docs/PHASE_84_UNIFICATION.md:25:  3. **Evidence Strength (Comparability `CC`)**: Ensures quorum, preventing conflicting authorities.
docs/PHASE_84_UNIFICATION.md:30:- **Before:** CCS theory spoke of `Context` and `Evidence`, while the runtime used `Epoch`, `ValidatorSet`, and `QC` independently.
docs/PROJECT_INDEX.md:103:| docs/REPLAY_LAW.md | Replay legal semantics |
docs/PROJECT_INDEX.md:127:| docs/protocol/replay_physics_v1.md | Replay physics |
docs/PROJECT_INDEX.md:159:## Replayability
docs/PROJECT_INDEX.md:55:| fixtures/ | Replay and snapshot fixtures |
docs/PROJECT_INDEX.md:86:| constitution/consensus/REPLAY_DETERMINISM_LAW.md | Replay guarantees |
docs/PROJECT_INDEX.md:97:| docs/REPLAY_MODEL.md | Replay semantics |
docs/PROTOCOL_HARDENING_ROADMAP.md:18:## Phase 3: Replay Certification
docs/PROTOCOL_HARDENING_ROADMAP.md:21:- [ ] Replay certificate generation
docs/PROTOCOL_HARDENING_ROADMAP.md:22:- [ ] Replay attack proof system
docs/REPLAY_LAW.md:109:Replay-equivalent iff:
docs/REPLAY_LAW.md:142:ReplayHash = H(Transcript)
docs/REPLAY_LAW.md:155:        Witness1 ||
docs/REPLAY_LAW.md:156:        Witness2 ||
docs/REPLAY_LAW.md:157:        Witness3
docs/REPLAY_LAW.md:15:Replay guarantees:
docs/REPLAY_LAW.md:166:Replay certificate proves:
docs/REPLAY_LAW.md:188:Replay MUST fail if:
docs/REPLAY_LAW.md:258:Replay security depends on:
docs/REPLAY_LAW.md:269:Replay law applies to:
docs/REPLAY_LAW.md:26:Replay(GenesisState, Transcript) = FinalState
docs/REPLAY_LAW.md:280:Replay does NOT guarantee:
docs/REPLAY_LAW.md:28:ReplayHash = OriginalReplayHash
docs/REPLAY_LAW.md:290:Replay Model:
docs/REPLAY_LAW.md:30:Replay MUST always produce identical output.
docs/REPLAY_LAW.md:325:Replay becomes frozen after:
docs/REPLAY_LAW.md:334:Replay is the constitutional heart of AmunChain.
docs/REPLAY_LAW.md:36:Replay is defined as:
docs/REPLAY_LAW.md:3:## Phase 81 — Deterministic Replay Constitution
docs/REPLAY_LAW.md:40:Replay is NOT:
docs/REPLAY_LAW.md:51:Replay input:
docs/REPLAY_LAW.md:61:Replay output:
docs/REPLAY_LAW.md:64:- Replay Transcript Hash
docs/REPLAY_LAW.md:65:- Replay Certificate
docs/REPLAY_LAW.md:73:Transcript = Vec<VerifiedTransitionWitness>
docs/REPLAY_MODEL.md:11:# Replay Guarantees
docs/REPLAY_MODEL.md:1:# Replay Model
docs/REPLAY_MODEL.md:28:Replay may not depend on:
docs/REPLAY_MODEL.md:38:Replay divergence must always be detectable.
docs/REPLAY_MODEL.md:48:# Replay DAG
docs/REPLAY_MODEL.md:50:Replay execution is modeled as a DAG.
docs/REPLAY_MODEL.md:5:Replay is a constitutional guarantee.
docs/REPLAY_MODEL.md:60:# Replay Certificates
docs/REPLAY_MODEL.md:62:Replay certificates prove:
docs/REPLAY_MODEL.md:70:# Replay Philosophy
docs/REPLAY_MODEL.md:72:Replay is constitutional historical reconstruction.
docs/REPOSITORY_LAYOUT.md:206:## Replay Layer
docs/REPOSITORY_LAYOUT.md:21:| fixtures/ | Replay and snapshot test fixtures |
docs/REPOSITORY_LAYOUT.md:247:| REPLAY_MODEL.md | Replay semantics |
docs/SECURITY_MODEL.md:39:## Replay Divergence
docs/V0_3_COMPLETION.md:16:| 3. Constitutional Evidence | QC verification, validator set binding | ✅ |
docs/V2_027_FORMAL_CONSTITUTIONAL_STATE.md:16:| Level | Evidence | Authority |
docs/V4_002_003_CCS_THEORY_NUCLEUS.md:19:> **(Context, State) × Evidence → AuthorizedTransitions**
docs/V4_002_003_CCS_THEORY_NUCLEUS.md:58:`∃ F : F(Evidence, Context) = Authority`
docs/V4_002_003_CCS_THEORY_NUCLEUS.md:76:Constitutional authority is partially ordered by epoch. Evidence from an
docs/V4_002_003_CCS_THEORY_NUCLEUS.md:94:2. **Liveness:** `◇(Evidence(Q, V) → Authorized(commit, C))`
docs/V4_002_003_CCS_THEORY_NUCLEUS.md:98:3. **Recovery:** `□(Evidence(Q, C) → ◇Authorized(recover, C))`
docs/V5_CCS_COMPLETE_RESEARCH_PROGRAM.md:17:- **Constitutional Evidence** `E`
docs/V5_CCS_COMPLETE_RESEARCH_PROGRAM.md:25:- **Recoverability:** `∃ F : F(Evidence, Context) = Authority`
docs/V5_CCS_COMPLETE_RESEARCH_PROGRAM.md:30:- **Context Validity:** `ValidContext(C) iff ValidEpoch(C) ∧ ValidValidatorSet(C) ∧ ValidEvidence(C) ∧ ConsistentState(C)`
docs/V5_CCS_COMPLETE_RESEARCH_PROGRAM.md:58:`ValidContext(C) iff ValidEpoch(C) ∧ ValidValidatorSet(C) ∧ ValidEvidence(C) ∧ ConsistentState(C)`
docs/V5_CCS_RESEARCH_PROGRAM.md:72:`ValidContext(C) iff ValidEpoch(C) ∧ ValidValidatorSet(C) ∧ ValidEvidence(C) ∧ ConsistentState(C)`
docs/V6_005_CONTINUITY_ORDERING.md:58:### Axiom C3: Evidence Consistency
docs/V6_007_CONSTITUTIONAL_PREFERENCE.md:74:### Axiom P3: Evidence Priority
docs/V6_008_CONSTITUTIONAL_RESOLUTION.md:34:### Layer 2: Finality Space
docs/V6_008_CONSTITUTIONAL_RESOLUTION.md:38:Finality is **exclusive**: only one path can be final.
docs/V6_008_CONSTITUTIONAL_RESOLUTION.md:52:2. **Evidence Rule:** If epochs are equal, `π₁` dominates `π₂` if
docs/V6_008_CONSTITUTIONAL_RESOLUTION.md:53:   `Evidence(π₁)` is stronger (larger quorum, more valid signatures).
docs/V6_009_CONSTITUTIONAL_META_RESOLUTION.md:107:3. **Finality Guarantee:** `∀ R ∈ ℜ, ∃! Λ : Final_R(Λ)`
docs/V6_009_CONSTITUTIONAL_META_RESOLUTION.md:45:Finality is irreversible. Once a path is final, it remains final.
docs/V6_009_CONSTITUTIONAL_META_RESOLUTION.md:93:- Evidence strength
docs/V6_010_CONSTITUTIONAL_CONSTRAINT_PRINCIPLE.md:106:4. **Finality Guarantee:** `∀ R ∈ ℜ_C, ∃! Λ : Final_R(Λ) ∧ Continuity(Λ) is maximal`
docs/V6_010_CONSTITUTIONAL_CONSTRAINT_PRINCIPLE.md:70:**Constitutional Finality Theorem:**
docs/V7_001_CONSTITUTIONAL_DERIVABILITY.md:102:### Finality
docs/V7_001_CONSTITUTIONAL_DERIVABILITY.md:68:### Axiom D4: Evidence-Backed
docs/V7_003_CONSTITUTIONAL_REDUCTION.md:65:### Finality
docs/V7_004_CONSTITUTIONAL_CONFLUENCE.md:91:### Finality
docs/V7_005_CONSTITUTIONAL_PRUNING.md:114:- **Evidence Pruning:** `C₁, C₂ ∈ L_t`, `Evidence(C₂) > Evidence(C₁) ⇒ C₁ ∉ L_{t+1}`
docs/V7_005_CONSTITUTIONAL_PRUNING.md:66:### Axiom P5: Pruning by Evidence
docs/V7_006_CONSTITUTIONAL_EXCLUSION.md:93:- **Evidence Exclusion:** `Evidence(C₂) > Evidence(C₁) ⇒ C₂ ⇍_C C₁`
docs/V7_007_DERIVABILITY_AND_EXCLUSION.md:103:### Finality
docs/V7_007_DERIVABILITY_AND_EXCLUSION.md:149:- Finality
docs/V7_009_WHY_CLOSURE.md:40:### Property S3: Evidence Monotonicity
docs/V7_009_WHY_CLOSURE.md:41:If `C₁ ⊢_C C₂`, then `Evidence(C₂) ≥ Evidence(C₁)`.
docs/V7_009_WHY_CLOSURE.md:42:Evidence only grows along derivability chains.
docs/V7_009_WHY_CLOSURE.md:61:- **Evidence Monotonicity** ensures that competing paths cannot
docs/V7_009_WHY_CLOSURE.md:90:## 4. Experimental Evidence
docs/V7_010_SINGLE_HISTORY_PRINCIPLE.md:116:| Derived | Finality | Definition |
docs/V7_010_SINGLE_HISTORY_PRINCIPLE.md:74:   - But then `C` is derivable from both, contradicting their Finality
docs/V8_001_INDEPENDENCE_OF_SH1.md:146:- Candidates: Comparability, Evidence Monotonicity, Epoch
docs/V8_001_INDEPENDENCE_OF_SH1.md:63:### Finality:
docs/V8_002_CONSTITUTIONAL_COMPARABILITY.md:142:- **Evidence strength:** If A and B conflict, the one with stronger
docs/V8_RESEARCH_PROPOSAL.md:61:   - Investigate: Well-foundedness, Finite Branching, Evidence
docs/VALIDATOR_ORDERING.md:28:- Replay equivalence
docs/architecture/CRATE_CLASSIFICATION.md:38:- amun-test-replay - Replay testing
docs/architecture/PHASE_49_COMPLETE.md:100:| R.1 | System replayable from transcript | Replay Law |
docs/architecture/PHASE_49_COMPLETE.md:107:2. **Replay Certification suite** — cross-node equivalence proofs
docs/architecture/PHASE_49_COMPLETE.md:110:5. **Byzantine Evidence System** — canonical proof generation
docs/architecture/PHASE_49_COMPLETE.md:128:The foundation is ready for Phase 50: Formal Replay Infrastructure.
docs/architecture/PHASE_49_COMPLETE.md:41:3. **Capability Firewall**: 6 separated capabilities (Executor, Verifier, Journal, Replay, Finalize, Authority)
docs/audit/AUDIT_EVIDENCE_BUNDLE.md:19:| C1 | Replay before vote | w18_reject_if_replay_fails | amun-replay-consensus | ✅ |
docs/audit/AUDIT_EVIDENCE_BUNDLE.md:1:# AmunChain Audit Evidence Bundle
docs/audit/AUDIT_EVIDENCE_BUNDLE.md:32:| Forged TransitionProof | byz_001 | ✅ Rejected |
docs/audit/AUDIT_EVIDENCE_BUNDLE.md:3:## 1. Invariant-to-Test Traceability
docs/audit/AUDIT_EVIDENCE_BUNDLE.md:5:| Invariant | Description | Test ID | Crate | Status |
docs/audit/AUDIT_EVIDENCE_BUNDLE.md:76:| Evidence | amun-evidence-engine | 5 | ✅ |
docs/audit/AUDIT_EVIDENCE_BUNDLE.md:80:| Invariant Engine | amun-invariant-engine | 5 | ✅ |
docs/audit/AUDIT_EVIDENCE_BUNDLE.md:85:| Replay | amun-replay-verifier | 3 | ✅ |
docs/audit/AUDIT_EVIDENCE_BUNDLE.md:87:| Finality | amun-evidence-finality | 3 | ✅ |
docs/audit/AUDIT_EVIDENCE_BUNDLE.md:88:| PCCV | amun-pccv | 11 | ✅ |
docs/audit/SECURITY_INVARIANTS.md:10:| R4 | Certificates are terminal | TransformationMatrix::is_terminal | PCCVVerifier |
docs/audit/SECURITY_INVARIANTS.md:12:| R6 | Version monotonicity | ResourceRegistry::consume_and_derive | WitnessBuilder |
docs/audit/SECURITY_INVARIANTS.md:15:## Execution Invariants
docs/audit/SECURITY_INVARIANTS.md:17:| ID | Invariant | Enforcement |
docs/audit/SECURITY_INVARIANTS.md:1:# AmunChain Security Invariants Catalog
docs/audit/SECURITY_INVARIANTS.md:25:## Consensus Invariants
docs/audit/SECURITY_INVARIANTS.md:27:| ID | Invariant | Enforcement |
docs/audit/SECURITY_INVARIANTS.md:29:| C1 | Replay before vote | ReplayBackedConsensus::form_consensus |
docs/audit/SECURITY_INVARIANTS.md:31:| C3 | Five-root binding | ConstitutionalFinalityCertificate::verify |
docs/audit/SECURITY_INVARIANTS.md:32:| C4 | No conflicting finality | Theorem 5 (Replay-Backed Safety) |
docs/audit/SECURITY_INVARIANTS.md:34:## Cryptographic Invariants
docs/audit/SECURITY_INVARIANTS.md:36:| ID | Invariant | Enforcement |
docs/audit/SECURITY_INVARIANTS.md:3:## Resource Invariants (R1–R6 + X1)
docs/audit/SECURITY_INVARIANTS.md:40:| K3 | Anti-replay protection | AntiReplayGuard::check_and_record |
docs/audit/SECURITY_INVARIANTS.md:5:| ID | Invariant | Enforcement | Verification |
docs/audit/SECURITY_INVARIANTS.md:7:| R1 | No duplicate active resource IDs | ResourceRegistry::register_genesis | PCCVVerifier |
docs/audit/SECURITY_INVARIANTS.md:8:| R2 | Consumed resources cannot be used | VMKernel::verify | ReplayVerifier |
docs/audit/SECURITY_INVARIANTS.md:9:| R3 | Child requires consumed parent | ResourceRegistry::consume_and_derive | WitnessBuilder |
docs/audit/THREAT_MODEL.md:14:| Execution | Forged TransitionProof | Proof hash verification (Theorem 1) |
docs/audit/THREAT_MODEL.md:20:| Consensus | Double voting | Replay-backed QC (C1) |
docs/audit/THREAT_MODEL.md:22:| Network | Replay attack | AntiReplayGuard (K3) |
docs/audit/TRACEABILITY_MATRIX.md:10:| N48.5-W14 Replay | amun-replay-verifier | 3 tests | ✅ |
docs/audit/TRACEABILITY_MATRIX.md:13:| N48.5-W19 Finality | amun-evidence-finality | 3 tests | ✅ |
docs/audit/TRACEABILITY_MATRIX.md:14:| N48.5-W20-21A PCCV | amun-pccv | 11 tests | ✅ |
docs/audit/TRACEABILITY_MATRIX.md:8:| N48.5-W4 Evidence | amun-evidence-engine | 5 tests | ✅ |
docs/consensus/I1_translation.md:12:## Semantic Invariants (from CSA-6)
docs/consensus/I2_extension.md:12:## Semantic Invariants (from CSA-6)
docs/consensus/I3_reframing.md:22:## Semantic Invariants (from CSA-6)
docs/consensus/I4_drift.md:21:## Semantic Invariants (from CSA-6)
docs/consensus/constitution.md:111:### Section 6.1: Execution Replay
docs/consensus/origin.md:3:## Semantic Invariants (from CSA-6)
docs/constitutional-mathematics/PHASE_111_FOUNDATIONS_V1.md:49:f1 = Witness Validity
docs/constitutional/phase84_freeze.md:24:- Levels: FullyCompatible > ReplayCompatible > SnapshotCompatible > ReadOnlyCompatible > Incompatible
docs/constitutional/phase84_freeze.md:2:## Frozen Invariants for Sovereign State Replication
docs/constitutional/phase84_freeze.md:54:- ReplayVerifier checks every frame's state_root against reconstructed state
docs/constitutional/phase85_seal.md:16:8. Graded guarantees: Replay/Snapshot/Proof/Governance/Continuity
docs/constitutional_layers.md:18:## Layer 3: Consensus & Finality
docs/constitutional_layers.md:7:## Layer 1: Truth & Evidence
docs/federation/FEDERATION_ARCHITECTURE.md:29:| Replay Boundary Engine | Replay isolation |
docs/federation/FEDERATION_ARCHITECTURE.md:53:## Invariant
docs/federation/TRUST_GRAPH.md:51:## Invariant
docs/protocol/CCA_v1.0_Constitutional_Consensus_Architecture.md:223:### Test B: Evidence State Change
docs/protocol/CCA_v1.0_Constitutional_Consensus_Architecture.md:225:- Add a new evidence record to the Evidence Module.
docs/protocol/CCA_v1.0_Constitutional_Consensus_Architecture.md:254:## 12. Consensus Invariants
docs/protocol/CCA_v1.0_Constitutional_Consensus_Architecture.md:258:**Invariant 1:** `constitutional_root == BLAKE3("AMUN_CONSTITUTIONAL_ROOT_V1" || identity_root || evidence_root || governance_root || economic_root)`
docs/protocol/CCA_v1.0_Constitutional_Consensus_Architecture.md:260:**Invariant 2:** `constitutional_commitment_root == BLAKE3("AMUN_CONSTITUTIONAL_COMMITMENT_V1" || CanonicalSerialization(ConstitutionalCommitment))`
docs/protocol/CCA_v1.0_Constitutional_Consensus_Architecture.md:262:**Invariant 3:** `state_root` must include `constitutional_commitment_root` as a leaf in its Merkle tree computation.
docs/protocol/CCA_v1.0_Constitutional_Consensus_Architecture.md:264:**Invariant 4:** The `AppHash` MUST commit to `state_root`. For CCA v1.0, this is defined as `AppHash = state_root`. Future versions may introduce additional roots (such as `execution_root` or `receipt_root`) into the `AppHash` computation, in which case the invariant will be updated to reflect the new hash composition while preserving the requirement that `state_root` remains a committed input.
docs/protocol/CCA_v1.0_Constitutional_Consensus_Architecture.md:266:**Invariant 5:** Given identical state transition inputs (same genesis, same transactions up to height N), all validators must compute identical values for all roots defined in this specification.
docs/protocol/CCA_v1.0_Constitutional_Consensus_Architecture.md:33:12. Consensus Invariants
docs/protocol/CCA_v1.0_Constitutional_Consensus_Architecture.md:69:| Evidence Leaf | `AMUN_EV_LEAF_V1` |
docs/protocol/CCA_v1.0_Constitutional_Consensus_Architecture.md:70:| Evidence Internal Node | `AMUN_EV_NODE_V1` |
docs/protocol/FREEZE_CERTIFICATE_v1.md:22:- Genesis Replay Root: fixtures/replay/genesis/replay_root.bin
docs/protocol/FREEZE_CERTIFICATE_v1.md:29:### Constitutional Invariants (FROZEN)
docs/protocol/FREEZE_CERTIFICATE_v1.md:5:This certifies that the Amun Replay Protocol v1.0 has been
docs/protocol/lineage_law_v1.md:16:### 2.1 Migration Witness
docs/protocol/lineage_law_v1.md:17:State migration from parent to child protocol must produce a MigrationWitness
docs/protocol/replay_physics_v1.md:13:### 2.2 Ordering Invariant
docs/protocol/replay_physics_v1.md:14:sequence numbers MUST be strictly monotonic within a replay session. Any gap (expected_sequence != actual_sequence) SHALL produce ReplayFailure::OrderingViolation.
docs/protocol/replay_physics_v1.md:24:execute_and_self_verify() SHALL: 1. Execute trace via DeterministicExecutor, 2. Apply same entries via ReplayState, 3. Compare final roots, 4. Return EquivalenceProof.
docs/reports/CCA_IMPL_5B_FINAL_REPORT.md:154:3. Replayable Constitutional State
docs/reports/CCA_IMPL_5B_FINAL_REPORT.md:164:- FinalityCertificate
