crates/amun-accounts/src/lib.rs:10:#[derive(Debug, Clone, Copy, PartialEq, Eq)]
crates/amun-accounts/src/lib.rs:16:impl Account {
crates/amun-accounts/src/lib.rs:175:mod tests {
crates/amun-accounts/src/lib.rs:176:    use super::*;
crates/amun-accounts/src/lib.rs:1:use amun_constitutional_commitment::{
crates/amun-accounts/src/lib.rs:23:#[derive(Debug, Clone, Default)]
crates/amun-accounts/src/lib.rs:28:impl AccountStore {
crates/amun-accounts/src/lib.rs:4:use amun_snapshot_engine::ConstitutionalIdentity;
crates/amun-accounts/src/lib.rs:5:use amun_tokenomics_ledger::EconomicLedger;
crates/amun-accounts/src/lib.rs:6:use blake3::Hasher;
crates/amun-accounts/src/lib.rs:7:use std::collections::BTreeMap;
crates/amun-amendments/src/activation.rs:13:#[derive(Debug, Clone, Copy, PartialEq, Eq)]
crates/amun-amendments/src/activation.rs:2:#[derive(Debug, Clone, PartialEq, Eq)]
crates/amun-amendments/src/lib.rs:10:pub use activation::{ActivationEpoch, ActivationRules};
crates/amun-amendments/src/lib.rs:11:pub use proposal::{Amendment, AmendmentStatus, AmendmentType};
crates/amun-amendments/src/lib.rs:12:pub use ratification::{RatificationProof, RatificationQuorum};
crates/amun-amendments/src/lib.rs:6:pub mod activation;
crates/amun-amendments/src/lib.rs:7:pub mod proposal;
crates/amun-amendments/src/lib.rs:8:pub mod ratification;
crates/amun-amendments/src/proposal.rs:108:#[derive(Debug, Clone, PartialEq, Eq)]
crates/amun-amendments/src/proposal.rs:119:impl Amendment {
crates/amun-amendments/src/proposal.rs:14:#[derive(Debug, Clone, PartialEq, Eq)]
crates/amun-amendments/src/proposal.rs:1:use amun_canonical_codec::CanonicalHasher;
crates/amun-amendments/src/proposal.rs:2:use amun_lineage::compatibility::CompatibilityClass;
crates/amun-amendments/src/proposal.rs:32:#[derive(Debug, Clone, PartialEq, Eq, Hash)]
crates/amun-amendments/src/proposal.rs:3:use std::collections::HashSet;
crates/amun-amendments/src/proposal.rs:42:#[derive(Debug, Clone, PartialEq, Eq)]
crates/amun-amendments/src/proposal.rs:55:#[derive(Debug, Clone, PartialEq, Eq)]
crates/amun-amendments/src/proposal.rs:71:impl AmendmentType {
crates/amun-amendments/src/proposal.rs:7:#[derive(Debug, Clone, PartialEq, Eq)]
crates/amun-amendments/src/ratification.rs:15:#[derive(Debug, Clone, PartialEq, Eq)]
crates/amun-amendments/src/ratification.rs:2:#[derive(Debug, Clone, PartialEq, Eq)]
crates/amun-attack-lab/src/lib.rs:1:pub mod network;
crates/amun-attack-lab/src/lib.rs:2:pub mod scenario;
crates/amun-attack-lab/src/lib.rs:3:pub mod simulator;
crates/amun-attack-lab/src/lib.rs:4:pub mod strategy;
crates/amun-attack-lab/src/lib.rs:6:pub use network::NetworkConditions;
crates/amun-attack-lab/src/lib.rs:7:pub use scenario::AttackScenario;
crates/amun-attack-lab/src/lib.rs:8:pub use simulator::AttackSimulator;
crates/amun-attack-lab/src/lib.rs:9:pub use strategy::ByzantineStrategy;
crates/amun-attack-lab/src/network.rs:1:#[derive(Debug, Clone)]
crates/amun-attack-lab/src/network.rs:8:impl NetworkConditions {
crates/amun-attack-lab/src/scenario.rs:11:#[derive(Debug, Clone)]
crates/amun-attack-lab/src/scenario.rs:1:use crate::network::NetworkConditions;
crates/amun-attack-lab/src/scenario.rs:2:use crate::strategy::ByzantineStrategy;
crates/amun-attack-lab/src/scenario.rs:4:#[derive(Debug, Clone)]
crates/amun-attack-lab/src/simulator.rs:14:#[derive(Debug)]
crates/amun-attack-lab/src/simulator.rs:182:impl Default for AttackSimulator {
crates/amun-attack-lab/src/simulator.rs:1:use crate::scenario::AttackScenario;
crates/amun-attack-lab/src/simulator.rs:24:#[derive(Debug, Clone)]
crates/amun-attack-lab/src/simulator.rs:2:use amun_deterministic_allocator::DeterministicMap;
crates/amun-attack-lab/src/simulator.rs:31:#[derive(Debug, Clone)]
crates/amun-attack-lab/src/simulator.rs:37:#[derive(Debug, Clone)]
crates/amun-attack-lab/src/simulator.rs:3:use amun_entropy_transcript::DeterministicEntropy;
crates/amun-attack-lab/src/simulator.rs:43:#[derive(Debug)]
crates/amun-attack-lab/src/simulator.rs:48:#[derive(Debug, Clone)]
crates/amun-attack-lab/src/simulator.rs:5:#[derive(Debug, Clone)]
crates/amun-attack-lab/src/simulator.rs:60:impl AttackSimulator {
crates/amun-attack-lab/src/strategy.rs:1:#[derive(Debug, Clone)]
crates/amun-attestation/src/lib.rs:1:pub mod validator;
crates/amun-attestation/src/lib.rs:2:pub use validator::ValidatorAttestation;
crates/amun-attestation/src/validator.rs:10:impl ValidatorAttestation {
crates/amun-attestation/src/validator.rs:1:use amun_crypto::Ed25519Signer;
crates/amun-audit-trail/src/lib.rs:17:impl AuditRecord {
crates/amun-audit-trail/src/lib.rs:32:#[derive(Debug, Clone, Default)]
crates/amun-audit-trail/src/lib.rs:37:impl AuditTrail {
crates/amun-audit-trail/src/lib.rs:4:use blake3::Hasher;
crates/amun-audit-trail/src/lib.rs:6:#[derive(Debug, Clone, PartialEq, Eq)]
crates/amun-audit-trail/src/lib.rs:85:mod tests {
crates/amun-audit-trail/src/lib.rs:86:    use super::*;
crates/amun-audit/tests/audit_layer01_physics.rs:10:    use std::collections::HashSet;
crates/amun-audit/tests/audit_layer01_physics.rs:2:mod audit_physics {
crates/amun-audit/tests/audit_layer01_physics.rs:3:    use amun_canonical_codec::CanonicalWriter;
crates/amun-audit/tests/audit_layer01_physics.rs:4:    use amun_canonical_codec::{
crates/amun-audit/tests/audit_layer01_physics.rs:9:    use amun_storage_kernel::{Key256, SparseMerkleTree};
crates/amun-audit/tests/audit_layer02_geometry.rs:2:mod audit_geometry {
crates/amun-audit/tests/audit_layer02_geometry.rs:3:    use amun_storage_kernel::{Key256, SparseMerkleTree};
crates/amun-audit/tests/audit_layer03_snapshot.rs:2:mod audit_snapshot {
crates/amun-audit/tests/audit_layer03_snapshot.rs:3:    use amun_snapshot_engine::{
crates/amun-audit/tests/audit_layer04_byzantine.rs:2:mod audit_byzantine {
crates/amun-audit/tests/audit_layer04_byzantine.rs:3:    use amun_snapshot_engine::{
crates/amun-audit/tests/audit_layer05_identity.rs:2:mod audit_identity {
crates/amun-audit/tests/audit_layer05_identity.rs:3:    use amun_snapshot_engine::ConstitutionalIdentity;
crates/amun-audit/tests/audit_layer06_replay.rs:2:mod audit_replay {
crates/amun-audit/tests/audit_layer06_replay.rs:3:    use amun_storage_kernel::persistence::wal::{ReplayVerifier, WalEntry};
crates/amun-audit/tests/audit_layer06_replay.rs:4:    use amun_storage_kernel::{Key256, SparseMerkleTree};
crates/amun-audit/tests/audit_layer06_replay.rs:5:    use std::fs::OpenOptions;
crates/amun-audit/tests/audit_layer06_replay.rs:6:    use std::io::Write;
crates/amun-audit/tests/audit_layer06_replay.rs:7:    use tempfile::tempdir;
crates/amun-audit/tests/audit_layer07_resources.rs:2:mod audit_resources {
crates/amun-audit/tests/audit_layer07_resources.rs:3:    use amun_canonical_codec::MAX_CANONICAL_ALLOCATION;
crates/amun-audit/tests/audit_layer07_resources.rs:4:    use amun_snapshot_engine::snapshot::MAX_CHUNK_SIZE;
crates/amun-audit/tests/audit_layer08_domains.rs:2:mod audit_domains {
crates/amun-audit/tests/audit_layer08_domains.rs:3:    use amun_canonical_codec::{
crates/amun-audit/tests/audit_layer08_domains.rs:9:    use std::collections::HashSet;
crates/amun-audit/tests/audit_layer09_freeze.rs:2:mod audit_freeze {
crates/amun-audit/tests/audit_layer09_freeze.rs:3:    use amun_storage_kernel::SparseMerkleTree;
crates/amun-audit/tests/audit_layer10_adversarial.rs:2:mod audit_adversarial {
crates/amun-audit/tests/audit_layer10_adversarial.rs:3:    use amun_storage_kernel::{Key256, SparseMerkleTree};
crates/amun-audit/tests/audit_layer10_adversarial.rs:4:    use rand::Rng;
crates/amun-audit/tests/audit_layer11_crash.rs:2:mod audit_crash {
crates/amun-audit/tests/audit_layer11_crash.rs:3:    use amun_storage_kernel::persistence::wal::{ReplayVerifier, WalEntry, WalIterator};
crates/amun-audit/tests/audit_layer11_crash.rs:4:    use amun_storage_kernel::{Key256, SparseMerkleTree};
crates/amun-audit/tests/audit_layer11_crash.rs:5:    use std::fs::OpenOptions;
crates/amun-audit/tests/audit_layer11_crash.rs:6:    use std::io::Write;
crates/amun-audit/tests/audit_layer11_crash.rs:7:    use tempfile::tempdir;
crates/amun-audit/tests/audit_layer12_fuzzing.rs:2:mod audit_fuzzing {
crates/amun-audit/tests/audit_layer12_fuzzing.rs:3:    use amun_storage_kernel::smt::proof::MerkleProof;
crates/amun-audit/tests/audit_layer12_fuzzing.rs:4:    use amun_storage_kernel::{Key256, SparseMerkleTree};
crates/amun-audit/tests/audit_layer12_fuzzing.rs:5:    use rand::Rng;
crates/amun-audit/tests/audit_layer13_differential.rs:2:mod audit_differential {
crates/amun-audit/tests/audit_layer13_differential.rs:3:    use amun_canonical_codec::PROTOCOL_DOMAIN_LEAF;
crates/amun-audit/tests/audit_layer13_differential.rs:4:    use amun_canonical_codec::{CanonicalHasher, CanonicalWriter};
crates/amun-audit/tests/audit_layer13_differential.rs:5:    use amun_storage_kernel::SparseMerkleTree;
crates/amun-audit/tests/audit_layer14_byzantine_mesh.rs:2:mod audit_byzantine_mesh {
crates/amun-audit/tests/audit_layer14_byzantine_mesh.rs:3:    use amun_snapshot_engine::{
crates/amun-audit/tests/audit_layer15_temporal.rs:2:mod audit_temporal {
crates/amun-audit/tests/audit_layer15_temporal.rs:3:    use amun_storage_kernel::persistence::wal::{ReplayVerifier, WalEntry};
crates/amun-audit/tests/audit_layer15_temporal.rs:4:    use amun_storage_kernel::{Key256, SparseMerkleTree};
crates/amun-audit/tests/audit_layer15_temporal.rs:5:    use std::fs::OpenOptions;
crates/amun-audit/tests/audit_layer15_temporal.rs:6:    use std::io::Write;
crates/amun-audit/tests/audit_layer15_temporal.rs:7:    use tempfile::tempdir;
crates/amun-audit/tests/audit_layer16_mutation.rs:2:mod audit_mutation {
crates/amun-audit/tests/audit_layer16_mutation.rs:3:    use amun_canonical_codec::CanonicalWriter;
crates/amun-audit/tests/audit_layer16_mutation.rs:4:    use amun_storage_kernel::SparseMerkleTree;
crates/amun-authority-registry/src/authority.rs:13:impl ConstitutionalAuthority {
crates/amun-authority-registry/src/authority.rs:1:use serde::{Deserialize, Serialize};
crates/amun-authority-registry/src/authority.rs:31:mod tests {
crates/amun-authority-registry/src/authority.rs:32:    use super::*;
crates/amun-authority-registry/src/authority.rs:3:#[derive(Debug, Clone, Serialize, Deserialize, PartialEq, Eq)]
crates/amun-authority-registry/src/executor.rs:117:mod tests {
crates/amun-authority-registry/src/executor.rs:118:    use super::*;
crates/amun-authority-registry/src/executor.rs:119:    use crate::governance::{GovernanceAction, GovernanceProposal};
crates/amun-authority-registry/src/executor.rs:120:    use crate::voting::GovernanceVote;
crates/amun-authority-registry/src/executor.rs:18:#[derive(Debug, Clone, Default, Serialize, Deserialize)]
crates/amun-authority-registry/src/executor.rs:1:use crate::authority::ConstitutionalAuthority;
crates/amun-authority-registry/src/executor.rs:23:impl ExecutionJournal {
crates/amun-authority-registry/src/executor.rs:2:use crate::governance::{GovernanceAction, GovernanceProposal};
crates/amun-authority-registry/src/executor.rs:3:use crate::registry::{AuthorityRegistry, AuthorityTransition};
crates/amun-authority-registry/src/executor.rs:4:use crate::voting::ProposalVotes;
crates/amun-authority-registry/src/executor.rs:5:use serde::{Deserialize, Serialize};
crates/amun-authority-registry/src/executor.rs:6:use std::collections::BTreeSet;
crates/amun-authority-registry/src/executor.rs:9:#[derive(Debug, Clone, PartialEq, Eq, Serialize, Deserialize)]
crates/amun-authority-registry/src/governance.rs:1:use serde::{Deserialize, Serialize};
crates/amun-authority-registry/src/governance.rs:23:#[derive(Debug, Clone, Serialize, Deserialize, PartialEq, Eq)]
crates/amun-authority-registry/src/governance.rs:31:impl GovernanceProposal {
crates/amun-authority-registry/src/governance.rs:4:#[derive(Debug, Clone, Serialize, Deserialize, PartialEq, Eq)]
crates/amun-authority-registry/src/governance.rs:74:mod tests {
crates/amun-authority-registry/src/governance.rs:75:    use super::*;
crates/amun-authority-registry/src/lib.rs:32:pub mod authority;
crates/amun-authority-registry/src/lib.rs:33:pub mod registry;
crates/amun-authority-registry/src/lib.rs:35:pub use authority::ConstitutionalAuthority;
crates/amun-authority-registry/src/lib.rs:36:pub use registry::AuthorityRegistry;
crates/amun-authority-registry/src/lib.rs:37:pub mod executor;
crates/amun-authority-registry/src/lib.rs:38:pub mod governance;
crates/amun-authority-registry/src/lib.rs:39:pub mod recovery;
crates/amun-authority-registry/src/lib.rs:40:pub mod transaction;
crates/amun-authority-registry/src/lib.rs:41:pub mod voting;
crates/amun-authority-registry/src/lib.rs:42:pub mod wal;
crates/amun-authority-registry/src/recovery.rs:1:use crate::transaction::GovernanceState;
crates/amun-authority-registry/src/recovery.rs:2:use crate::wal::GovernanceWal;
crates/amun-authority-registry/src/recovery.rs:36:mod tests {
crates/amun-authority-registry/src/recovery.rs:37:    use super::*;
crates/amun-authority-registry/src/recovery.rs:38:    use crate::authority::ConstitutionalAuthority;
crates/amun-authority-registry/src/recovery.rs:39:    use crate::governance::{GovernanceAction, GovernanceProposal};
crates/amun-authority-registry/src/recovery.rs:40:    use crate::transaction::GovernanceTransaction;
crates/amun-authority-registry/src/recovery.rs:41:    use crate::voting::GovernanceVote;
crates/amun-authority-registry/src/recovery.rs:8:impl GovernanceRecoveryEngine {
crates/amun-authority-registry/src/registry.rs:14:#[derive(Debug, Clone, Serialize, Deserialize)]
crates/amun-authority-registry/src/registry.rs:169:mod tests {
crates/amun-authority-registry/src/registry.rs:170:    use super::*;
crates/amun-authority-registry/src/registry.rs:1:use crate::authority::ConstitutionalAuthority;
crates/amun-authority-registry/src/registry.rs:22:impl AuthorityRegistry {
crates/amun-authority-registry/src/registry.rs:298:        use amun_networking::crypto_identity::PeerKeyPair;
crates/amun-authority-registry/src/registry.rs:299:        use amun_networking::peer_identity::PeerId;
crates/amun-authority-registry/src/registry.rs:2:use amun_networking::validator_certificate::ValidatorCertificate;
crates/amun-authority-registry/src/registry.rs:300:        use amun_networking::validator_certificate::ValidatorCertificate;
crates/amun-authority-registry/src/registry.rs:339:        use amun_networking::crypto_identity::PeerKeyPair;
crates/amun-authority-registry/src/registry.rs:340:        use amun_networking::peer_identity::PeerId;
crates/amun-authority-registry/src/registry.rs:341:        use amun_networking::validator_certificate::ValidatorCertificate;
crates/amun-authority-registry/src/registry.rs:379:        use amun_networking::crypto_identity::PeerKeyPair;
crates/amun-authority-registry/src/registry.rs:380:        use amun_networking::peer_identity::PeerId;
crates/amun-authority-registry/src/registry.rs:381:        use amun_networking::validator_certificate::ValidatorCertificate;
crates/amun-authority-registry/src/registry.rs:3:use serde::{Deserialize, Serialize};
crates/amun-authority-registry/src/registry.rs:418:        use amun_networking::crypto_identity::PeerKeyPair;
crates/amun-authority-registry/src/registry.rs:419:        use amun_networking::peer_identity::PeerId;
crates/amun-authority-registry/src/registry.rs:420:        use amun_networking::validator_certificate::ValidatorCertificate;
crates/amun-authority-registry/src/registry.rs:4:use std::collections::BTreeMap;
crates/amun-authority-registry/src/registry.rs:6:#[derive(Debug, Clone, Serialize, Deserialize, Default)]
crates/amun-authority-registry/src/transaction.rs:20:#[derive(Debug, Clone, Default, Serialize, Deserialize)]
crates/amun-authority-registry/src/transaction.rs:27:impl GovernanceState {
crates/amun-authority-registry/src/transaction.rs:2:use crate::governance::{GovernanceAction, GovernanceProposal};
crates/amun-authority-registry/src/transaction.rs:3:use crate::voting::GovernanceVote;
crates/amun-authority-registry/src/transaction.rs:4:use serde::{Deserialize, Serialize};
crates/amun-authority-registry/src/transaction.rs:7:#[derive(Debug, Clone, Serialize, Deserialize, PartialEq, Eq)]
crates/amun-authority-registry/src/transaction.rs:93:mod tests {
crates/amun-authority-registry/src/transaction.rs:94:    use super::*;
crates/amun-authority-registry/src/transaction.rs:95:    use crate::authority::ConstitutionalAuthority;
crates/amun-authority-registry/src/transaction.rs:96:    use crate::governance::{GovernanceAction, GovernanceProposal};
crates/amun-authority-registry/src/transaction.rs:97:    use crate::voting::GovernanceVote;
crates/amun-authority-registry/src/voting.rs:13:#[derive(Debug, Clone, Serialize, Deserialize)]
crates/amun-authority-registry/src/voting.rs:1:use serde::{Deserialize, Serialize};
crates/amun-authority-registry/src/voting.rs:20:#[derive(Debug, Clone, PartialEq, Eq)]
crates/amun-authority-registry/src/voting.rs:27:impl ProposalVotes {
crates/amun-authority-registry/src/voting.rs:2:use std::collections::BTreeMap;
crates/amun-authority-registry/src/voting.rs:5:#[derive(Debug, Clone, Copy, Serialize, Deserialize, PartialEq, Eq)]
crates/amun-authority-registry/src/voting.rs:76:mod tests {
crates/amun-authority-registry/src/voting.rs:77:    use super::*;
crates/amun-authority-registry/src/wal.rs:13:#[derive(Debug, Clone, Default, Serialize, Deserialize)]
crates/amun-authority-registry/src/wal.rs:18:impl GovernanceWal {
crates/amun-authority-registry/src/wal.rs:1:use crate::transaction::{GovernanceState, GovernanceTransaction};
crates/amun-authority-registry/src/wal.rs:2:use serde::{Deserialize, Serialize};
crates/amun-authority-registry/src/wal.rs:5:#[derive(Debug, Clone, Serialize, Deserialize)]
crates/amun-authority-registry/src/wal.rs:61:mod tests {
crates/amun-authority-registry/src/wal.rs:62:    use super::*;
crates/amun-authority-registry/src/wal.rs:63:    use crate::governance::{GovernanceAction, GovernanceProposal};
crates/amun-authority-registry/src/wal.rs:64:    use crate::voting::GovernanceVote;
crates/amun-bench/src/lib.rs:1:use std::time::Instant;
crates/amun-bench/tests/n161_state_root_bench.rs:1:use amun_bench::time_op;
crates/amun-bench/tests/n161_state_root_bench.rs:26:        reg.derive_from_collection(
crates/amun-bench/tests/n161_state_root_bench.rs:2:use amun_resource_core::{
crates/amun-bench/tests/n161_state_root_bench.rs:6:use sha2::Digest;
crates/amun-bench/tests/n162_snapshot_bench.rs:1:use amun_bench::time_op;
crates/amun-bench/tests/n162_snapshot_bench.rs:26:        reg.derive_from_collection(
crates/amun-bench/tests/n162_snapshot_bench.rs:2:use amun_resource_core::{
crates/amun-bench/tests/n162_snapshot_bench.rs:6:use sha2::Digest;
crates/amun-bench/tests/n163_wal_bench.rs:1:use amun_bench::time_op;
crates/amun-bench/tests/n163_wal_bench.rs:2:use std::io::Write;
crates/amun-benchmarks/benches/consensus_bench.rs:1:use amun_consensus_network::engine::ConsensusEngine;
crates/amun-benchmarks/benches/consensus_bench.rs:2:use amun_consensus_network::messages::ConsensusVote;
crates/amun-benchmarks/benches/consensus_bench.rs:3:use criterion::{black_box, criterion_group, criterion_main, Criterion};
crates/amun-benchmarks/benches/storage_bench.rs:1:use amun_chain_store::record::FinalizedChainRecord;
crates/amun-benchmarks/benches/storage_bench.rs:2:use amun_chain_store::store::ChainStore;
crates/amun-benchmarks/benches/storage_bench.rs:3:use criterion::{black_box, criterion_group, criterion_main, Criterion};
crates/amun-benchmarks/benches/sync_bench.rs:1:use amun_resource_core::ResourceRegistry;
crates/amun-benchmarks/benches/sync_bench.rs:2:use amun_state_sync::sync_protocol::SyncProtocol;
crates/amun-benchmarks/benches/sync_bench.rs:3:use criterion::{black_box, criterion_group, criterion_main, Criterion};
crates/amun-benchmarks/benches/sync_bench.rs:7:    use amun_resource_core::resource_lineage::ResourceLineage;
crates/amun-benchmarks/benches/sync_bench.rs:8:    use amun_resource_core::transformation_matrix::ResourceArchetype;
crates/amun-benchmarks/benches/sync_bench.rs:9:    use amun_resource_core::{ResourceId, ResourceMetadata, ResourceState};
crates/amun-binary-codec/src/codec.rs:114:impl Default for CanonicalEncoder {
crates/amun-binary-codec/src/codec.rs:14:impl CanonicalEncoder {
crates/amun-binary-codec/src/codec.rs:3:#[derive(Debug)]
crates/amun-binary-codec/src/codec.rs:54:impl<'a> CanonicalDecoder<'a> {
crates/amun-binary-codec/src/event_codec.rs:1:use crate::codec::{CanonicalDecoder, CanonicalEncoder};
crates/amun-binary-codec/src/event_codec.rs:2:use amun_chain_position::ChainPosition;
crates/amun-binary-codec/src/lib.rs:1:pub mod codec;
crates/amun-binary-codec/src/lib.rs:2:pub mod event_codec;
crates/amun-binary-codec/src/lib.rs:4:pub use codec::{CanonicalDecoder, CanonicalEncoder, CodecError};
crates/amun-bindings/src/lib.rs:2:use amun_crypto::Ed25519Signer;
crates/amun-bindings/src/lib.rs:3:use std::slice;
crates/amun-block-builder/src/lib.rs:167:impl Default for BlockBuilder {
crates/amun-block-builder/src/lib.rs:174:mod tests {
crates/amun-block-builder/src/lib.rs:175:    use super::*;
crates/amun-block-builder/src/lib.rs:176:    use amun_transactions::{TransactionPayload, TransferPayload};
crates/amun-block-builder/src/lib.rs:177:    use ed25519_dalek::SigningKey;
crates/amun-block-builder/src/lib.rs:1:use amun_accounts::AccountStore;
crates/amun-block-builder/src/lib.rs:28:impl Block {
crates/amun-block-builder/src/lib.rs:2:use amun_consensus_network::SlashingCertificate;
crates/amun-block-builder/src/lib.rs:3:use amun_constitutional_commitment::EconomicSnapshot;
crates/amun-block-builder/src/lib.rs:4:use amun_execution::ExecutionEngine;
crates/amun-block-builder/src/lib.rs:5:use amun_mempool::Mempool;
crates/amun-block-builder/src/lib.rs:6:use amun_transactions::{Transaction, TransactionReceipt};
crates/amun-block-builder/src/lib.rs:7:use blake3::Hasher;
crates/amun-block-builder/src/lib.rs:91:impl BlockBuilder {
crates/amun-block-builder/src/lib.rs:9:#[derive(Debug, Clone)]
crates/amun-block-builder/tests/n110_4b_slashing_certificate_verification.rs:4:use amun_block_builder::{Block, BlockBuilder};
crates/amun-block-builder/tests/n110_4b_slashing_certificate_verification.rs:5:use amun_consensus_network::{EvidenceCount, EvidenceType, SlashingCertificate, ValidatorStatus};
crates/amun-block-builder/tests/n110_4b_slashing_certificate_verification.rs:6:use amun_mempool::Mempool;
crates/amun-block-builder/tests/n111_cca_end_to_end.rs:1:use amun_accounts::AccountStore;
crates/amun-block-builder/tests/n111_cca_end_to_end.rs:2:use amun_block_builder::BlockBuilder;
crates/amun-block-builder/tests/n111_cca_end_to_end.rs:3:use amun_mempool::Mempool;
crates/amun-block-builder/tests/n111_cca_end_to_end.rs:4:use amun_transactions::{Transaction, TransactionPayload, TransferPayload};
crates/amun-block-builder/tests/n111_cca_end_to_end.rs:5:use ed25519_dalek::SigningKey;
crates/amun-block-builder/tests/n120_2_slashing_root.rs:2:use amun_block_builder::{Block, BlockBuilder};
crates/amun-block-builder/tests/n120_2_slashing_root.rs:3:use amun_mempool::Mempool;
crates/amun-block-builder/tests/n132_3_6_economic_consistency.rs:1:use amun_block_builder::BlockBuilder;
crates/amun-block-builder/tests/n132_3_6_economic_consistency.rs:2:use amun_constitutional_commitment::EconomicTree;
crates/amun-block-builder/tests/n132_3_6_economic_consistency.rs:3:use amun_mempool::Mempool;
crates/amun-block-builder/tests/n132_3_6_economic_consistency.rs:4:use amun_transactions::{Transaction, TransactionPayload, TransferPayload};
crates/amun-block-builder/tests/n132_3_6_economic_consistency.rs:5:use ed25519_dalek::SigningKey;
crates/amun-block-builder/tests/n28_first_economic_block.rs:1:use amun_block_builder::BlockBuilder;
crates/amun-block-builder/tests/n28_first_economic_block.rs:2:use amun_mempool::Mempool;
crates/amun-block-builder/tests/n28_first_economic_block.rs:3:use amun_transactions::{Transaction, TransactionPayload, TransferPayload};
crates/amun-block-builder/tests/n28_first_economic_block.rs:4:use ed25519_dalek::SigningKey;
crates/amun-block-builder/tests/n32_certified_block.rs:14:impl CertifiedBlock {
crates/amun-block-builder/tests/n32_certified_block.rs:1:use amun_block_builder::{Block, BlockBuilder};
crates/amun-block-builder/tests/n32_certified_block.rs:2:use amun_consensus::types::QuorumCertificate;
crates/amun-block-builder/tests/n32_certified_block.rs:3:use amun_mempool::Mempool;
crates/amun-block-builder/tests/n32_certified_block.rs:4:use amun_transactions::{Transaction, TransactionPayload, TransferPayload};
crates/amun-block-builder/tests/n32_certified_block.rs:5:use ed25519_dalek::SigningKey;
crates/amun-block-builder/tests/n32_certified_block.rs:8:#[derive(Debug, Clone)]
crates/amun-block-store/src/lib.rs:1:use serde::{Deserialize, Serialize};
crates/amun-block-store/src/lib.rs:20:impl BlockStore {
crates/amun-block-store/src/lib.rs:2:use std::fs;
crates/amun-block-store/src/lib.rs:3:use std::path::Path;
crates/amun-block-store/src/lib.rs:60:mod tests {
crates/amun-block-store/src/lib.rs:61:    use super::*;
crates/amun-block-store/src/lib.rs:62:    use std::fs;
crates/amun-block-store/src/lib.rs:6:#[derive(Debug, Clone, Serialize, Deserialize, PartialEq)]
crates/amun-block/src/block.rs:14:#[derive(Debug, Clone, Serialize, Deserialize)]
crates/amun-block/src/block.rs:1:use serde::{Serialize, Deserialize};
crates/amun-block/src/block.rs:31:impl Block {
crates/amun-block/src/block.rs:3:#[derive(Debug, Clone, Serialize, Deserialize)]
crates/amun-block/src/body.rs:106:impl Default for BlockBody {
crates/amun-block/src/body.rs:12:#[derive(Clone, Debug, PartialEq, Eq)]
crates/amun-block/src/body.rs:17:impl BlockBody {
crates/amun-block/src/body.rs:1:use crate::limits::{BlockLimits, CONSTITUTIONAL_MAX_TX_COUNT};
crates/amun-block/src/body.rs:2:use amun_codec::{CanonicalDecode, CanonicalEncode, CanonicalWriter, WriteResult};
crates/amun-block/src/body.rs:3:use amun_failure::{AmunResult, ConstitutionalFault, FailureContext};
crates/amun-block/src/body.rs:4:use amun_kernel_types::PublicHash32;
crates/amun-block/src/body.rs:56:impl CanonicalEncode for BlockBody {
crates/amun-block/src/body.rs:59:    fn encode_to_writer(&self, writer: &mut impl CanonicalWriter) -> WriteResult {
crates/amun-block/src/body.rs:5:use heapless::Vec;
crates/amun-block/src/body.rs:68:impl CanonicalDecode for BlockBody {
crates/amun-block/src/chain.rs:11:impl Blockchain {
crates/amun-block/src/chain.rs:1:use std::collections::BTreeMap;
crates/amun-block/src/chain.rs:2:use crate::block::Block;
crates/amun-block/src/chain.rs:5:#[derive(Debug, Clone)]
crates/amun-block/src/header.rs:1:use amun_codec::{CanonicalDecode, CanonicalEncode, CanonicalWriter, WriteResult};
crates/amun-block/src/header.rs:21:impl BlockHeader {
crates/amun-block/src/header.rs:2:use amun_consensus_types::{ConsensusRound, ValidatorIndex};
crates/amun-block/src/header.rs:3:use amun_failure::{AmunResult, ConstitutionalFault, FailureContext};
crates/amun-block/src/header.rs:4:use amun_kernel_types::{BlockHeight, ChainId, Epoch, PublicHash32, StateCommitment};
crates/amun-block/src/header.rs:51:impl CanonicalEncode for BlockHeader {
crates/amun-block/src/header.rs:53:    fn encode_to_writer(&self, writer: &mut impl CanonicalWriter) -> WriteResult {
crates/amun-block/src/header.rs:68:impl CanonicalDecode for BlockHeader {
crates/amun-block/src/header.rs:6:#[derive(Clone, Debug, PartialEq, Eq)]
crates/amun-block/src/lib.rs:1:pub mod block;
crates/amun-block/src/lib.rs:2:pub mod chain;
crates/amun-block/src/limits.rs:14:impl BlockLimits {
crates/amun-block/src/limits.rs:8:#[derive(Clone, Copy, Debug, PartialEq, Eq)]
crates/amun-block/src/tests.rs:2:use crate::*;
crates/amun-block/src/tests.rs:3:use amun_codec::{CanonicalDecode, CanonicalEncode};
crates/amun-block/src/tests.rs:4:use amun_consensus_types::*;
crates/amun-block/src/tests.rs:5:use amun_kernel_types::*;
crates/amun-bls/src/aggregate.rs:1:use amun_kernel_types::PublicKey;
crates/amun-bls/src/aggregate.rs:2:use amun_failure::{AmunResult, ConstitutionalFault, FailureContext};
crates/amun-bls/src/aggregate.rs:3:use crate::constants::{BLS_SIGNATURE_SIZE, BLS_MAX_SIGNERS};
crates/amun-bls/src/keygen.rs:15:impl KeyPair {
crates/amun-bls/src/keygen.rs:1:use amun_kernel_types::PublicKey;
crates/amun-bls/src/keygen.rs:2:use zeroize::Zeroize;
crates/amun-bls/src/keygen.rs:4:#[derive(Clone, Debug, Zeroize)]
crates/amun-bls/src/keygen.rs:9:#[derive(Clone, Debug)]
crates/amun-bls/src/sign.rs:1:use amun_failure::AmunResult;
crates/amun-bls/src/sign.rs:2:use crate::constants::BLS_SIGNATURE_SIZE;
crates/amun-bls/src/sign.rs:3:use crate::keygen::SecretKey;
crates/amun-bls/src/tests.rs:2:    use crate::*;
crates/amun-bls/src/tests.rs:3:    use amun_kernel_types::PublicKey;
crates/amun-bls/src/verify.rs:1:use amun_kernel_types::PublicKey;
crates/amun-bls/src/verify.rs:2:use amun_failure::AmunResult;
crates/amun-bls/src/verify.rs:3:use crate::constants::BLS_SIGNATURE_SIZE;
crates/amun-bls/src/verify.rs:4:use crate::sign::sign;
crates/amun-bls/src/verify.rs:5:use crate::keygen::SecretKey;
crates/amun-bytecode/src/interpreter.rs:10:#[derive(Debug, Clone, PartialEq, Eq)]
crates/amun-bytecode/src/interpreter.rs:137:                                derived_children: vec![child_id],
crates/amun-bytecode/src/interpreter.rs:158:                                derived_children: vec![child_id],
crates/amun-bytecode/src/interpreter.rs:1:use amun_resource_core::{
crates/amun-bytecode/src/interpreter.rs:35:impl Interpreter {
crates/amun-bytecode/src/interpreter.rs:4:use amun_vm_kernel::execution_context::ExecutionContext;
crates/amun-bytecode/src/interpreter.rs:5:use amun_vm_kernel::pending_buffer::PendingBuffer;
crates/amun-bytecode/src/interpreter.rs:7:use crate::opcodes::OpCode;
crates/amun-bytecode/src/interpreter.rs:8:use crate::program::ConstitutionalProgram;
crates/amun-bytecode/src/lib.rs:10:mod tests {
crates/amun-bytecode/src/lib.rs:11:    use super::*;
crates/amun-bytecode/src/lib.rs:12:    use amun_resource_core::ResourceId;
crates/amun-bytecode/src/lib.rs:13:    use amun_vm_kernel::execution_context::ExecutionContext;
crates/amun-bytecode/src/lib.rs:1:pub mod interpreter;
crates/amun-bytecode/src/lib.rs:2:pub mod opcodes;
crates/amun-bytecode/src/lib.rs:3:pub mod program;
crates/amun-bytecode/src/lib.rs:5:pub use interpreter::*;
crates/amun-bytecode/src/lib.rs:6:pub use opcodes::*;
crates/amun-bytecode/src/lib.rs:7:pub use program::*;
crates/amun-bytecode/src/opcodes.rs:1:use serde::{Deserialize, Serialize};
crates/amun-bytecode/src/opcodes.rs:30:impl OpCode {
crates/amun-bytecode/src/opcodes.rs:4:#[derive(Debug, Clone, Copy, PartialEq, Eq, Serialize, Deserialize)]
crates/amun-bytecode/src/program.rs:1:use serde::{Deserialize, Serialize};
crates/amun-bytecode/src/program.rs:20:impl ConstitutionalProgram {
crates/amun-bytecode/src/program.rs:3:use crate::opcodes::OpCode;
crates/amun-bytecode/src/program.rs:6:#[derive(Debug, Clone, PartialEq, Eq, Serialize, Deserialize)]
crates/amun-byzantine-harness/src/harness.rs:1:use amun_chain_position::ChainPosition;
crates/amun-byzantine-harness/src/harness.rs:2:use amun_consensus_messages::{ConsensusPhase, ConsensusVote};
crates/amun-byzantine-harness/src/harness.rs:3:use amun_safety_laws::{check_vote_uniqueness, detect_equivocation, EquivocationEvidence};
crates/amun-byzantine-harness/src/harness.rs:8:impl ByzantineHarness {
crates/amun-byzantine-harness/src/lib.rs:1:pub mod harness;
crates/amun-byzantine-harness/src/lib.rs:2:pub use harness::ByzantineHarness;
crates/amun-byzantine-harness/src/scenarios.rs:11:impl ByzantineScenario {
crates/amun-byzantine-harness/src/scenarios.rs:1:#[derive(Debug, Clone)]
crates/amun-byzantine-tests/tests/attack_suite.rs:10:use amun_resource_core::{
crates/amun-byzantine-tests/tests/attack_suite.rs:110:        .consume_and_derive(
crates/amun-byzantine-tests/tests/attack_suite.rs:138:    let result = reg.consume_and_derive(
crates/amun-byzantine-tests/tests/attack_suite.rs:14:use amun_transition_proof::transition_proof::TransitionProof;
crates/amun-byzantine-tests/tests/attack_suite.rs:15:use amun_vm_kernel::execution_context::ExecutionContext;
crates/amun-byzantine-tests/tests/attack_suite.rs:166:    let result = reg.consume_and_derive(
crates/amun-byzantine-tests/tests/attack_suite.rs:194:    let result = reg.consume_and_derive(
crates/amun-byzantine-tests/tests/attack_suite.rs:1:use amun_bytecode::opcodes::OpCode;
crates/amun-byzantine-tests/tests/attack_suite.rs:226:        reg.consume_and_derive(
crates/amun-byzantine-tests/tests/attack_suite.rs:2:use amun_bytecode::program::ConstitutionalProgram;
crates/amun-byzantine-tests/tests/attack_suite.rs:3:use amun_constitutional_runtime::runtime_pipeline::{ConstitutionalRuntime, PipelineResult};
crates/amun-byzantine-tests/tests/attack_suite.rs:4:use amun_cross_contract::transfer_proof::CrossContractTransferProof;
crates/amun-byzantine-tests/tests/attack_suite.rs:5:use amun_cross_contract::transfer_registry::TransferProofRegistry;
crates/amun-byzantine-tests/tests/attack_suite.rs:6:use amun_evidence_engine::evidence_types::ConstitutionalEvidence;
crates/amun-byzantine-tests/tests/attack_suite.rs:7:use amun_proof_archive::hot_store::HotProofStore;
crates/amun-byzantine-tests/tests/attack_suite.rs:8:use amun_proof_archive::proof_archive::ProofArchive;
crates/amun-byzantine-tests/tests/attack_suite.rs:95:    reg.consume_and_derive(
crates/amun-byzantine-tests/tests/attack_suite.rs:9:use amun_replay_verifier::replay_verifier::ReplayVerifier;
crates/amun-canonical-codec/src/hasher.rs:11:impl CanonicalHasher {
crates/amun-canonical-codec/src/hasher.rs:5:impl Default for CanonicalHasher {
crates/amun-canonical-codec/src/lib.rs:10:pub use constants::*;
crates/amun-canonical-codec/src/lib.rs:11:pub use hasher::CanonicalHasher;
crates/amun-canonical-codec/src/lib.rs:12:pub use reader::CanonicalReader;
crates/amun-canonical-codec/src/lib.rs:13:pub use writer::CanonicalWriter;
crates/amun-canonical-codec/src/lib.rs:5:pub mod constants;
crates/amun-canonical-codec/src/lib.rs:6:pub mod hasher;
crates/amun-canonical-codec/src/lib.rs:7:pub mod reader;
crates/amun-canonical-codec/src/lib.rs:8:pub mod writer;
crates/amun-canonical-codec/src/reader.rs:1:use super::MAX_CANONICAL_ALLOCATION;
crates/amun-canonical-codec/src/reader.rs:8:impl<'a> CanonicalReader<'a> {
crates/amun-canonical-codec/src/writer.rs:11:impl CanonicalWriter {
crates/amun-canonical-codec/src/writer.rs:5:impl Default for CanonicalWriter {
crates/amun-canonical-collections/src/lib.rs:108:    pub fn iter(&self) -> impl Iterator<Item = (&K, &V)> { self.inner.iter() }
crates/amun-canonical-collections/src/lib.rs:109:    pub fn keys(&self) -> impl Iterator<Item = &K> { self.inner.keys() }
crates/amun-canonical-collections/src/lib.rs:110:    pub fn values(&self) -> impl Iterator<Item = &V> { self.inner.values() }
crates/amun-canonical-collections/src/lib.rs:111:    pub fn retain(&mut self, f: impl Fn(&K, &mut V) -> bool) { self.inner.retain(f); }
crates/amun-canonical-collections/src/lib.rs:115:impl<K: Ord, V> DeterministicCollection for CanonicalMap<K, V> {}
crates/amun-canonical-collections/src/lib.rs:116:impl<K: Ord, V> BoundedCollection for CanonicalMap<K, V> {
crates/amun-canonical-collections/src/lib.rs:11:use alloc::collections::{BTreeMap, BTreeSet, VecDeque};
crates/amun-canonical-collections/src/lib.rs:120:impl<K: Ord + CanonicalEncode, V: CanonicalEncode> ReplaySafe for CanonicalMap<K, V> {
crates/amun-canonical-collections/src/lib.rs:127:impl<K: Ord + CanonicalEncode, V: CanonicalEncode> CanonicalEncode for CanonicalMap<K, V> {
crates/amun-canonical-collections/src/lib.rs:12:use alloc::vec::Vec;
crates/amun-canonical-collections/src/lib.rs:130:impl<K: Ord, V> Default for CanonicalMap<K, V> { fn default() -> Self { Self::new() } }
crates/amun-canonical-collections/src/lib.rs:133:#[derive(Debug, Clone, PartialEq, Eq)]
crates/amun-canonical-collections/src/lib.rs:136:impl<T> CanonicalDeque<T> {
crates/amun-canonical-collections/src/lib.rs:13:use amun_kernel::canonical::CanonicalEncode;
crates/amun-canonical-collections/src/lib.rs:14:use sha2::{Sha256, Digest};
crates/amun-canonical-collections/src/lib.rs:151:    pub fn iter(&self) -> impl Iterator<Item = &T> { self.inner.iter() }
crates/amun-canonical-collections/src/lib.rs:155:impl<T> DeterministicCollection for CanonicalDeque<T> {}
crates/amun-canonical-collections/src/lib.rs:156:impl<T> BoundedCollection for CanonicalDeque<T> {
crates/amun-canonical-collections/src/lib.rs:160:impl<T: CanonicalEncode> ReplaySafe for CanonicalDeque<T> {
crates/amun-canonical-collections/src/lib.rs:167:impl<T: CanonicalEncode> CanonicalEncode for CanonicalDeque<T> {
crates/amun-canonical-collections/src/lib.rs:170:impl<T> Default for CanonicalDeque<T> { fn default() -> Self { Self::new() } }
crates/amun-canonical-collections/src/lib.rs:173:mod tests {
crates/amun-canonical-collections/src/lib.rs:174:    use super::*;
crates/amun-canonical-collections/src/lib.rs:17:pub trait DeterministicCollection { fn is_deterministic(&self) -> bool { true } }
crates/amun-canonical-collections/src/lib.rs:18:pub trait ReplaySafe: DeterministicCollection + CanonicalEncode {
crates/amun-canonical-collections/src/lib.rs:23:pub trait BoundedCollection {
crates/amun-canonical-collections/src/lib.rs:36:#[derive(Debug, Clone, Copy, PartialEq, Eq)]
crates/amun-canonical-collections/src/lib.rs:44:#[derive(Debug, Clone, PartialEq, Eq)]
crates/amun-canonical-collections/src/lib.rs:47:impl<T: Ord> CanonicalSet<T> {
crates/amun-canonical-collections/src/lib.rs:62:    pub fn iter(&self) -> impl Iterator<Item = &T> { self.inner.iter() }
crates/amun-canonical-collections/src/lib.rs:63:    pub fn retain(&mut self, f: impl Fn(&T) -> bool) { self.inner.retain(f); }
crates/amun-canonical-collections/src/lib.rs:67:impl<T: Ord> DeterministicCollection for CanonicalSet<T> {}
crates/amun-canonical-collections/src/lib.rs:68:impl<T: Ord> BoundedCollection for CanonicalSet<T> {
crates/amun-canonical-collections/src/lib.rs:72:impl<T: Ord + CanonicalEncode> ReplaySafe for CanonicalSet<T> {
crates/amun-canonical-collections/src/lib.rs:79:impl<T: Ord + CanonicalEncode> CanonicalEncode for CanonicalSet<T> {
crates/amun-canonical-collections/src/lib.rs:82:impl<T: Ord> Default for CanonicalSet<T> { fn default() -> Self { Self::new() } }
crates/amun-canonical-collections/src/lib.rs:83:impl<T: Ord> IntoIterator for CanonicalSet<T> {
crates/amun-canonical-collections/src/lib.rs:89:#[derive(Debug, Clone, PartialEq, Eq)]
crates/amun-canonical-collections/src/lib.rs:92:impl<K: Ord, V> CanonicalMap<K, V> {
crates/amun-canonical/src/decoder.rs:1:use crate::error::CanonicalError;
crates/amun-canonical/src/decoder.rs:8:impl<'a> CanonicalDecoder<'a> {
crates/amun-canonical/src/encoder.rs:1:use crate::error::CanonicalError;
crates/amun-canonical/src/encoder.rs:2:use crate::schema::SchemaVersion;
crates/amun-canonical/src/encoder.rs:9:impl CanonicalEncoder {
crates/amun-canonical/src/enum_registry.rs:11:impl EnumRegistry {
crates/amun-canonical/src/enum_registry.rs:42:impl Default for EnumRegistry {
crates/amun-canonical/src/error.rs:1:#[derive(Debug, PartialEq, Eq)]
crates/amun-canonical/src/float_ban.rs:3:impl FloatBan {
crates/amun-canonical/src/lib.rs:10:pub use encoder::CanonicalEncoder;
crates/amun-canonical/src/lib.rs:11:pub use enum_registry::EnumRegistry;
crates/amun-canonical/src/lib.rs:12:pub use error::CanonicalError;
crates/amun-canonical/src/lib.rs:13:pub use float_ban::FloatBan;
crates/amun-canonical/src/lib.rs:14:pub use schema::SchemaVersion;
crates/amun-canonical/src/lib.rs:15:pub use sorter::CanonicalSorter;
crates/amun-canonical/src/lib.rs:1:pub mod decoder;
crates/amun-canonical/src/lib.rs:2:pub mod encoder;
crates/amun-canonical/src/lib.rs:3:pub mod enum_registry;
crates/amun-canonical/src/lib.rs:4:pub mod error;
crates/amun-canonical/src/lib.rs:5:pub mod float_ban;
crates/amun-canonical/src/lib.rs:6:pub mod schema;
crates/amun-canonical/src/lib.rs:7:pub mod sorter;
crates/amun-canonical/src/lib.rs:9:pub use decoder::CanonicalDecoder;
crates/amun-canonical/src/schema.rs:1:#[derive(Clone, Copy, Debug, PartialEq, Eq)]
crates/amun-canonical/src/schema.rs:6:impl SchemaVersion {
crates/amun-canonical/src/sorter.rs:1:use heapless::Vec;
crates/amun-canonical/src/sorter.rs:5:impl CanonicalSorter {
crates/amun-certificate-network/src/distribution.rs:101:impl BundleBuilder {
crates/amun-certificate-network/src/distribution.rs:125:mod n9_tests {
crates/amun-certificate-network/src/distribution.rs:126:    use super::*;
crates/amun-certificate-network/src/distribution.rs:15:#[derive(Debug, Clone, Serialize, Deserialize)]
crates/amun-certificate-network/src/distribution.rs:21:impl CertificateMessage {
crates/amun-certificate-network/src/distribution.rs:36:#[derive(Debug, Clone, Serialize, Deserialize)]
crates/amun-certificate-network/src/distribution.rs:46:#[derive(Debug, Clone, Serialize, Deserialize)]
crates/amun-certificate-network/src/distribution.rs:53:impl LightClientProofBundle {
crates/amun-certificate-network/src/distribution.rs:5:use amun_constitutional_block::ConstitutionalBlock;
crates/amun-certificate-network/src/distribution.rs:6:use amun_constitutional_state::{
crates/amun-certificate-network/src/distribution.rs:86:#[derive(Debug, Clone, Serialize, Deserialize)]
crates/amun-certificate-network/src/distribution.rs:9:use serde::{Deserialize, Serialize};
crates/amun-certificate-network/src/gossip.rs:10:#[derive(Debug, Clone, Serialize, Deserialize)]
crates/amun-certificate-network/src/gossip.rs:157:mod n10_tests {
crates/amun-certificate-network/src/gossip.rs:158:    use super::*;
crates/amun-certificate-network/src/gossip.rs:159:    use amun_constitutional_block::ConstitutionalBlock;
crates/amun-certificate-network/src/gossip.rs:160:    use amun_constitutional_state::ConstitutionalStateRuntime;
crates/amun-certificate-network/src/gossip.rs:1:use crate::distribution::LightClientProofBundle;
crates/amun-certificate-network/src/gossip.rs:22:#[derive(Debug, Clone, Serialize, Deserialize)]
crates/amun-certificate-network/src/gossip.rs:2:use amun_constitutional_state::{CertificateInclusionProof, ReplayCertificate};
crates/amun-certificate-network/src/gossip.rs:32:#[derive(Debug, Clone, Serialize, Deserialize)]
crates/amun-certificate-network/src/gossip.rs:3:use serde::{Deserialize, Serialize};
crates/amun-certificate-network/src/gossip.rs:46:#[derive(Debug, Clone, Serialize, Deserialize)]
crates/amun-certificate-network/src/gossip.rs:4:use std::collections::{BTreeMap, HashSet};
crates/amun-certificate-network/src/gossip.rs:56:#[derive(Debug, Clone, Serialize, Deserialize)]
crates/amun-certificate-network/src/gossip.rs:75:#[derive(Debug, Clone, Default)]
crates/amun-certificate-network/src/gossip.rs:83:impl PeerCertificateCache {
crates/amun-certificate-network/src/lib.rs:32:pub mod distribution;
crates/amun-certificate-network/src/lib.rs:33:pub mod gossip;
crates/amun-certificate-network/src/lib.rs:35:pub use distribution::{
crates/amun-certificate-network/src/lib.rs:39:pub use gossip::{
crates/amun-chain-checkpoint/src/bootstrap.rs:10:impl BootstrapSession {
crates/amun-chain-checkpoint/src/bootstrap.rs:1:use crate::inclusion::{verify_checkpoint_sequence, CheckpointBundle};
crates/amun-chain-checkpoint/src/bootstrap.rs:2:use amun_constitutional_state::ConstitutionalStateRuntime;
crates/amun-chain-checkpoint/src/bootstrap.rs:3:use amun_stateless_sync::StatelessNode;
crates/amun-chain-checkpoint/src/bootstrap.rs:41:mod tests {
crates/amun-chain-checkpoint/src/bootstrap.rs:42:    use super::*;
crates/amun-chain-checkpoint/src/bootstrap.rs:43:    use crate::inclusion::{checkpoint_merkle_root, prove_checkpoint_inclusion};
crates/amun-chain-checkpoint/src/bootstrap.rs:44:    use crate::CheckpointCertificate;
crates/amun-chain-checkpoint/src/bootstrap.rs:45:    use amun_certificate_network::distribution::LightClientProofBundle;
crates/amun-chain-checkpoint/src/bootstrap.rs:46:    use amun_constitutional_block::ConstitutionalBlock;
crates/amun-chain-checkpoint/src/bootstrap.rs:47:    use amun_constitutional_state::ConstitutionalStateRuntime;
crates/amun-chain-checkpoint/src/chain.rs:11:impl RecursiveCheckpointProof {
crates/amun-chain-checkpoint/src/chain.rs:1:use crate::inclusion::{checkpoint_merkle_root, prove_checkpoint_inclusion, CheckpointBundle};
crates/amun-chain-checkpoint/src/chain.rs:2:use crate::CheckpointCertificate;
crates/amun-chain-checkpoint/src/chain.rs:3:use serde::{Deserialize, Serialize};
crates/amun-chain-checkpoint/src/chain.rs:48:mod tests {
crates/amun-chain-checkpoint/src/chain.rs:49:    use super::*;
crates/amun-chain-checkpoint/src/chain.rs:50:    use amun_certificate_network::distribution::LightClientProofBundle;
crates/amun-chain-checkpoint/src/chain.rs:51:    use amun_constitutional_block::ConstitutionalBlock;
crates/amun-chain-checkpoint/src/chain.rs:52:    use amun_constitutional_state::ConstitutionalStateRuntime;
crates/amun-chain-checkpoint/src/chain.rs:5:#[derive(Debug, Clone, Serialize, Deserialize)]
crates/amun-chain-checkpoint/src/inclusion.rs:102:mod tests {
crates/amun-chain-checkpoint/src/inclusion.rs:103:    use super::*;
crates/amun-chain-checkpoint/src/inclusion.rs:104:    use amun_certificate_network::distribution::LightClientProofBundle;
crates/amun-chain-checkpoint/src/inclusion.rs:105:    use amun_constitutional_block::ConstitutionalBlock;
crates/amun-chain-checkpoint/src/inclusion.rs:106:    use amun_constitutional_state::ConstitutionalStateRuntime;
crates/amun-chain-checkpoint/src/inclusion.rs:16:#[derive(Debug, Clone, Serialize, Deserialize)]
crates/amun-chain-checkpoint/src/inclusion.rs:1:use crate::CheckpointCertificate;
crates/amun-chain-checkpoint/src/inclusion.rs:2:use amun_constitutional_commitments::smt::{MerkleProof, SparseMerkleTree};
crates/amun-chain-checkpoint/src/inclusion.rs:3:use serde::{Deserialize, Serialize};
crates/amun-chain-checkpoint/src/inclusion.rs:46:impl CheckpointInclusionProof {
crates/amun-chain-checkpoint/src/inclusion.rs:56:#[derive(Debug, Clone, Serialize, Deserialize)]
crates/amun-chain-checkpoint/src/inclusion.rs:62:impl CheckpointBundle {
crates/amun-chain-checkpoint/src/lib.rs:177:#[derive(Debug, Clone, Default)]
crates/amun-chain-checkpoint/src/lib.rs:182:impl CheckpointStore {
crates/amun-chain-checkpoint/src/lib.rs:219:impl CheckpointCertificate {
crates/amun-chain-checkpoint/src/lib.rs:232:mod n12a_tests {
crates/amun-chain-checkpoint/src/lib.rs:233:    use super::*;
crates/amun-chain-checkpoint/src/lib.rs:234:    use amun_constitutional_block::ConstitutionalBlock;
crates/amun-chain-checkpoint/src/lib.rs:235:    use amun_constitutional_state::ConstitutionalStateRuntime;
crates/amun-chain-checkpoint/src/lib.rs:32:use amun_certificate_network::distribution::LightClientProofBundle;
crates/amun-chain-checkpoint/src/lib.rs:33:use serde::{Deserialize, Serialize};
crates/amun-chain-checkpoint/src/lib.rs:34:use std::collections::BTreeMap;
crates/amun-chain-checkpoint/src/lib.rs:35:pub mod bootstrap;
crates/amun-chain-checkpoint/src/lib.rs:36:pub mod chain;
crates/amun-chain-checkpoint/src/lib.rs:37:pub mod inclusion;
crates/amun-chain-checkpoint/src/lib.rs:48:#[derive(Debug, Clone, Serialize, Deserialize)]
crates/amun-chain-checkpoint/src/lib.rs:66:impl CheckpointCertificate {
crates/amun-chain-checkpoint/tests/n15_constitutional_join.rs:1:use amun_certificate_network::distribution::LightClientProofBundle;
crates/amun-chain-checkpoint/tests/n15_constitutional_join.rs:2:use amun_chain_checkpoint::{
crates/amun-chain-checkpoint/tests/n15_constitutional_join.rs:8:use amun_constitutional_block::ConstitutionalBlock;
crates/amun-chain-checkpoint/tests/n15_constitutional_join.rs:9:use amun_constitutional_state::ConstitutionalStateRuntime;
crates/amun-chain-checkpoint/tests/n16_adversarial_bootstrap.rs:1:use amun_certificate_network::distribution::LightClientProofBundle;
crates/amun-chain-checkpoint/tests/n16_adversarial_bootstrap.rs:2:use amun_chain_checkpoint::{
crates/amun-chain-checkpoint/tests/n16_adversarial_bootstrap.rs:7:use amun_constitutional_block::ConstitutionalBlock;
crates/amun-chain-checkpoint/tests/n16_adversarial_bootstrap.rs:8:use amun_constitutional_state::ConstitutionalStateRuntime;
crates/amun-chain-context/src/lib.rs:12:impl ChainContext {
crates/amun-chain-context/src/lib.rs:1:use blake3::Hasher;
crates/amun-chain-context/src/lib.rs:3:#[derive(Debug, Clone, PartialEq, Eq)]
crates/amun-chain-position/src/lib.rs:10:#[derive(Debug, Clone, Copy, PartialEq, Eq, Serialize, Deserialize)]
crates/amun-chain-position/src/lib.rs:19:impl EpochSeal {
crates/amun-chain-position/src/lib.rs:1:use blake3::Hasher;
crates/amun-chain-position/src/lib.rs:2:use serde::{Deserialize, Serialize};
crates/amun-chain-position/src/lib.rs:4:#[derive(Debug, Clone, Copy, PartialEq, Eq, PartialOrd, Ord, Hash, Serialize, Deserialize)]
crates/amun-chain-position/src/lib.rs:55:impl ChainPosition {
crates/amun-chain-store/examples/create_live_snapshot.rs:1:use amun_chain_store::snapshot::create_snapshot;
crates/amun-chain-store/examples/create_live_snapshot.rs:2:use amun_chain_store::store::ChainStore;
crates/amun-chain-store/examples/create_live_snapshot.rs:3:use std::path::Path;
crates/amun-chain-store/examples/snapshot_builder_test.rs:1:use amun_chain_store::record::FinalizedChainRecord;
crates/amun-chain-store/examples/snapshot_builder_test.rs:2:use amun_chain_store::snapshot::create_snapshot;
crates/amun-chain-store/examples/snapshot_builder_test.rs:3:use amun_chain_store::store::ChainStore;
crates/amun-chain-store/examples/snapshot_builder_test.rs:4:use tempfile::tempdir;
crates/amun-chain-store/examples/snapshot_restore_test.rs:1:use amun_chain_store::record::FinalizedChainRecord;
crates/amun-chain-store/examples/snapshot_restore_test.rs:2:use amun_chain_store::snapshot::{create_snapshot, restore_snapshot};
crates/amun-chain-store/examples/snapshot_restore_test.rs:3:use amun_chain_store::store::ChainStore;
crates/amun-chain-store/examples/snapshot_restore_test.rs:4:use tempfile::tempdir;
crates/amun-chain-store/examples/snapshot_restore_test.rs:56:    // Ensure the restored store has only one record (the tip) because we didn't store history
crates/amun-chain-store/examples/snapshot_verification_test.rs:1:use amun_chain_store::record::FinalizedChainRecord;
crates/amun-chain-store/examples/snapshot_verification_test.rs:2:use amun_chain_store::snapshot::{create_snapshot, verify_snapshot};
crates/amun-chain-store/examples/snapshot_verification_test.rs:3:use amun_chain_store::store::ChainStore;
crates/amun-chain-store/examples/snapshot_verification_test.rs:4:use tempfile::tempdir;
crates/amun-chain-store/examples/store_stats.rs:1:use amun_chain_store::store::ChainStore;
crates/amun-chain-store/examples/store_stats.rs:2:use std::env;
crates/amun-chain-store/src/lib.rs:32:pub mod record;
crates/amun-chain-store/src/lib.rs:33:pub mod snapshot;
crates/amun-chain-store/src/lib.rs:34:pub mod store;
crates/amun-chain-store/src/lib.rs:35:pub mod sync;
crates/amun-chain-store/src/record.rs:1:use serde::{Deserialize, Serialize};
crates/amun-chain-store/src/record.rs:30:impl FinalizedChainRecord {
crates/amun-chain-store/src/record.rs:3:#[derive(Debug, Clone, Serialize, Deserialize, PartialEq, Eq)]
crates/amun-chain-store/src/record.rs:40:mod tests {
crates/amun-chain-store/src/record.rs:41:    use super::*;
crates/amun-chain-store/src/snapshot.rs:1:use crate::store::ChainStore;
crates/amun-chain-store/src/snapshot.rs:2:use serde::{Deserialize, Serialize};
crates/amun-chain-store/src/snapshot.rs:3:use std::fs;
crates/amun-chain-store/src/snapshot.rs:4:use std::io::Write;
crates/amun-chain-store/src/snapshot.rs:5:use std::path::Path;
crates/amun-chain-store/src/snapshot.rs:7:#[derive(Debug, Clone, Serialize, Deserialize)]
crates/amun-chain-store/src/store.rs:141:mod tests {
crates/amun-chain-store/src/store.rs:142:    use super::*;
crates/amun-chain-store/src/store.rs:15:impl std::fmt::Display for StoreError {
crates/amun-chain-store/src/store.rs:1:use crate::record::FinalizedChainRecord;
crates/amun-chain-store/src/store.rs:2:use std::collections::BTreeMap;
crates/amun-chain-store/src/store.rs:32:impl ChainStore {
crates/amun-chain-store/src/store.rs:3:use std::fs;
crates/amun-chain-store/src/store.rs:4:use std::io::Write;
crates/amun-chain-store/src/store.rs:5:use std::path::{Path, PathBuf};
crates/amun-chain-store/src/store.rs:7:#[derive(Debug)]
crates/amun-chain-store/src/sync.rs:13:impl SyncServer {
crates/amun-chain-store/src/sync.rs:149:mod tests {
crates/amun-chain-store/src/sync.rs:150:    use super::*;
crates/amun-chain-store/src/sync.rs:151:    use crate::store::ChainStore;
crates/amun-chain-store/src/sync.rs:152:    use std::time::Duration;
crates/amun-chain-store/src/sync.rs:1:use crate::record::FinalizedChainRecord;
crates/amun-chain-store/src/sync.rs:2:use crate::store::ChainStore;
crates/amun-chain-store/src/sync.rs:3:use std::io::{Read, Write};
crates/amun-chain-store/src/sync.rs:4:use std::net::{SocketAddr, TcpListener, TcpStream};
crates/amun-chain-store/src/sync.rs:5:use std::sync::{Arc, Mutex};
crates/amun-chain-store/src/sync.rs:6:use std::thread;
crates/amun-chain-store/src/sync.rs:72:impl SyncClient {
crates/amun-chain-store/tests/n120_2_record_roundtrip.rs:1:use amun_chain_store::record::FinalizedChainRecord;
crates/amun-chunked-snapshot/src/chunk.rs:14:impl SnapshotChunk {
crates/amun-chunked-snapshot/src/chunk.rs:1:use blake3::Hasher;
crates/amun-chunked-snapshot/src/chunk.rs:5:#[derive(Debug, Clone)]
crates/amun-chunked-snapshot/src/lib.rs:1:pub mod chunk;
crates/amun-chunked-snapshot/src/lib.rs:2:pub mod manifest;
crates/amun-chunked-snapshot/src/lib.rs:3:pub mod verifier;
crates/amun-chunked-snapshot/src/lib.rs:5:pub use chunk::SnapshotChunk;
crates/amun-chunked-snapshot/src/lib.rs:6:pub use manifest::ChunkManifest;
crates/amun-chunked-snapshot/src/lib.rs:7:pub use verifier::verify_chunk;
crates/amun-chunked-snapshot/src/manifest.rs:14:impl ChunkManifest {
crates/amun-chunked-snapshot/src/manifest.rs:1:use crate::chunk::SnapshotChunk;
crates/amun-chunked-snapshot/src/manifest.rs:2:use amun_snapshot_constitution::CanonicalSnapshot;
crates/amun-chunked-snapshot/src/manifest.rs:3:use blake3::Hasher;
crates/amun-chunked-snapshot/src/manifest.rs:5:#[derive(Debug, Clone)]
crates/amun-chunked-snapshot/src/verifier.rs:1:use crate::chunk::SnapshotChunk;
crates/amun-chunked-snapshot/src/verifier.rs:2:use crate::manifest::ChunkManifest;
crates/amun-civilizational-relations/src/lib.rs:1:pub mod relation;
crates/amun-civilizational-relations/src/lib.rs:2:pub mod topology;
crates/amun-civilizational-relations/src/lib.rs:4:pub use relation::{CivilizationalRelation, RelationType};
crates/amun-civilizational-relations/src/lib.rs:5:pub use topology::CivilizationalTopology;
crates/amun-civilizational-relations/src/relation.rs:1:use amun_snapshot_engine::ConstitutionalIdentity;
crates/amun-civilizational-relations/src/relation.rs:27:#[derive(Debug, Clone, Copy, PartialEq, Eq)]
crates/amun-civilizational-relations/src/relation.rs:37:impl CivilizationalRelation {
crates/amun-civilizational-relations/src/relation.rs:5:#[derive(Debug, Clone, PartialEq, Eq)]
crates/amun-civilizational-relations/src/topology.rs:11:#[derive(Debug, Clone)]
crates/amun-civilizational-relations/src/topology.rs:17:impl CivilizationalTopology {
crates/amun-civilizational-relations/src/topology.rs:1:use amun_lineage::lineage::LineageGraph;
crates/amun-civilizational-relations/src/topology.rs:2:use std::collections::HashMap;
crates/amun-civilizational-relations/src/topology.rs:5:#[derive(Debug, Clone)]
crates/amun-cli/src/main.rs:12:#[derive(Subcommand)]
crates/amun-cli/src/main.rs:1:use clap::{Parser, Subcommand};
crates/amun-cli/src/main.rs:2:use std::io::{self, Write};
crates/amun-cli/src/main.rs:4:#[derive(Parser)]
crates/amun-codec/src/budget.rs:12:impl DecodeBudget {
crates/amun-codec/src/budget.rs:3:use amun_failure::{module_ids, operation_ids, AmunResult, ConstitutionalFault, FailureContext};
crates/amun-codec/src/budget.rs:59:impl<'a> Drop for NestingGuard<'a> {
crates/amun-codec/src/budget.rs:5:#[derive(Clone, Debug)]
crates/amun-codec/src/canonical_sort.rs:10:impl<T: CanonicalEncode> CanonicalSortKey for T {
crates/amun-codec/src/canonical_sort.rs:11:    fn write_sort_key(&self, writer: &mut impl CanonicalWriter) -> WriteResult {
crates/amun-codec/src/canonical_sort.rs:3:use crate::encode::CanonicalEncode;
crates/amun-codec/src/canonical_sort.rs:4:use crate::writer::{BufferWriter, CanonicalWriter, WriteResult};
crates/amun-codec/src/canonical_sort.rs:6:pub trait CanonicalSortKey {
crates/amun-codec/src/canonical_sort.rs:7:    fn write_sort_key(&self, writer: &mut impl CanonicalWriter) -> WriteResult;
crates/amun-codec/src/containers.rs:3:use crate::encode::CanonicalEncode;
crates/amun-codec/src/containers.rs:47:    writer: &mut impl CanonicalWriter,
crates/amun-codec/src/containers.rs:4:use crate::writer::{CanonicalWriter, WriteResult};
crates/amun-codec/src/containers.rs:5:use amun_failure::{module_ids, operation_ids, ConstitutionalFault, FailureContext};
crates/amun-codec/src/containers.rs:66:    writer: &mut impl CanonicalWriter,
crates/amun-codec/src/containers.rs:6:use heapless::Vec;
crates/amun-codec/src/containers.rs:8:#[derive(Clone, Copy, Debug, PartialEq, Eq)]
crates/amun-codec/src/containers.rs:97:    writer: &mut impl CanonicalWriter,
crates/amun-codec/src/decode.rs:108:impl CanonicalDecode for [u8; 48] {
crates/amun-codec/src/decode.rs:123:impl CanonicalDecode for [u8; 96] {
crates/amun-codec/src/decode.rs:140:        impl CanonicalDecode for $t {
crates/amun-codec/src/decode.rs:161:impl<D> CanonicalDecode for amun_kernel_types::Hash<D> {
crates/amun-codec/src/decode.rs:176:impl CanonicalDecode for amun_kernel_types::PublicHash32 {
crates/amun-codec/src/decode.rs:191:impl CanonicalDecode for amun_kernel_types::CommitmentHash32 {
crates/amun-codec/src/decode.rs:1:use amun_failure::{module_ids, operation_ids, AmunResult, ConstitutionalFault, FailureContext};
crates/amun-codec/src/decode.rs:22:impl CanonicalDecode for u8 {
crates/amun-codec/src/decode.rs:2:use amun_kernel_types::{
crates/amun-codec/src/decode.rs:35:impl CanonicalDecode for u16 {
crates/amun-codec/src/decode.rs:48:impl CanonicalDecode for u32 {
crates/amun-codec/src/decode.rs:63:impl CanonicalDecode for u64 {
crates/amun-codec/src/decode.rs:6:pub trait CanonicalDecode: Sized {
crates/amun-codec/src/decode.rs:78:impl CanonicalDecode for u128 {
crates/amun-codec/src/decode.rs:93:impl CanonicalDecode for [u8; 32] {
crates/amun-codec/src/domain.rs:18:impl HashDomain {
crates/amun-codec/src/domain.rs:3:use amun_kernel_types::PublicHash32;
crates/amun-codec/src/domain.rs:5:#[derive(Clone, Copy, Debug, PartialEq, Eq)]
crates/amun-codec/src/encode.rs:103:impl CanonicalEncode for Amount {
crates/amun-codec/src/encode.rs:105:    fn encode_to_writer(&self, writer: &mut impl CanonicalWriter) -> WriteResult {
crates/amun-codec/src/encode.rs:110:impl CanonicalEncode for ValidatorId {
crates/amun-codec/src/encode.rs:112:    fn encode_to_writer(&self, writer: &mut impl CanonicalWriter) -> WriteResult {
crates/amun-codec/src/encode.rs:117:impl CanonicalEncode for PublicKey {
crates/amun-codec/src/encode.rs:119:    fn encode_to_writer(&self, writer: &mut impl CanonicalWriter) -> WriteResult {
crates/amun-codec/src/encode.rs:124:impl CanonicalEncode for Signature {
crates/amun-codec/src/encode.rs:126:    fn encode_to_writer(&self, writer: &mut impl CanonicalWriter) -> WriteResult {
crates/amun-codec/src/encode.rs:133:impl<D> CanonicalEncode for amun_kernel_types::Hash<D> {
crates/amun-codec/src/encode.rs:135:    fn encode_to_writer(&self, writer: &mut impl CanonicalWriter) -> WriteResult {
crates/amun-codec/src/encode.rs:13:pub trait CanonicalEncode {
crates/amun-codec/src/encode.rs:140:impl CanonicalEncode for amun_kernel_types::PublicHash32 {
crates/amun-codec/src/encode.rs:142:    fn encode_to_writer(&self, writer: &mut impl CanonicalWriter) -> WriteResult {
crates/amun-codec/src/encode.rs:147:impl CanonicalEncode for amun_kernel_types::CommitmentHash32 {
crates/amun-codec/src/encode.rs:149:    fn encode_to_writer(&self, writer: &mut impl CanonicalWriter) -> WriteResult {
crates/amun-codec/src/encode.rs:15:    fn encode_to_writer(&self, writer: &mut impl CanonicalWriter) -> WriteResult;
crates/amun-codec/src/encode.rs:1:// CanonicalEncode trait with single source of truth.
crates/amun-codec/src/encode.rs:29:impl CanonicalEncode for u8 {
crates/amun-codec/src/encode.rs:31:    fn encode_to_writer(&self, writer: &mut impl CanonicalWriter) -> WriteResult {
crates/amun-codec/src/encode.rs:36:impl CanonicalEncode for u16 {
crates/amun-codec/src/encode.rs:38:    fn encode_to_writer(&self, writer: &mut impl CanonicalWriter) -> WriteResult {
crates/amun-codec/src/encode.rs:43:impl CanonicalEncode for u32 {
crates/amun-codec/src/encode.rs:45:    fn encode_to_writer(&self, writer: &mut impl CanonicalWriter) -> WriteResult {
crates/amun-codec/src/encode.rs:50:impl CanonicalEncode for u64 {
crates/amun-codec/src/encode.rs:52:    fn encode_to_writer(&self, writer: &mut impl CanonicalWriter) -> WriteResult {
crates/amun-codec/src/encode.rs:57:impl CanonicalEncode for u128 {
crates/amun-codec/src/encode.rs:59:    fn encode_to_writer(&self, writer: &mut impl CanonicalWriter) -> WriteResult {
crates/amun-codec/src/encode.rs:64:impl CanonicalEncode for [u8; 32] {
crates/amun-codec/src/encode.rs:66:    fn encode_to_writer(&self, writer: &mut impl CanonicalWriter) -> WriteResult {
crates/amun-codec/src/encode.rs:71:impl CanonicalEncode for [u8; 48] {
crates/amun-codec/src/encode.rs:73:    fn encode_to_writer(&self, writer: &mut impl CanonicalWriter) -> WriteResult {
crates/amun-codec/src/encode.rs:78:impl CanonicalEncode for [u8; 96] {
crates/amun-codec/src/encode.rs:7:use crate::writer::{BufferWriter, CanonicalWriter, HasherWriter, WriteResult};
crates/amun-codec/src/encode.rs:80:    fn encode_to_writer(&self, writer: &mut impl CanonicalWriter) -> WriteResult {
crates/amun-codec/src/encode.rs:87:        impl CanonicalEncode for $t {
crates/amun-codec/src/encode.rs:89:            fn encode_to_writer(&self, writer: &mut impl CanonicalWriter) -> WriteResult {
crates/amun-codec/src/encode.rs:8:use amun_failure::AmunResult;
crates/amun-codec/src/encode.rs:9:use amun_kernel_types::{
crates/amun-codec/src/hash.rs:11:impl<T: CanonicalEncode> CanonicalHash for T {
crates/amun-codec/src/hash.rs:1:// Canonical hash trait and streaming hash implementation.
crates/amun-codec/src/hash.rs:3:use crate::encode::CanonicalEncode;
crates/amun-codec/src/hash.rs:4:use amun_failure::AmunResult;
crates/amun-codec/src/hash.rs:5:use amun_kernel_types::PublicHash32;
crates/amun-codec/src/hash.rs:7:pub trait CanonicalHash {
crates/amun-codec/src/lib.rs:10:pub mod domain;
crates/amun-codec/src/lib.rs:11:pub mod encode;
crates/amun-codec/src/lib.rs:12:pub mod hash;
crates/amun-codec/src/lib.rs:13:pub mod transducer;
crates/amun-codec/src/lib.rs:14:pub mod versioned;
crates/amun-codec/src/lib.rs:15:pub mod writer;
crates/amun-codec/src/lib.rs:17:pub use budget::DecodeBudget;
crates/amun-codec/src/lib.rs:18:pub use canonical_sort::{canonical_sort, compare_by_canonical_bytes, CanonicalSortKey};
crates/amun-codec/src/lib.rs:19:pub use containers::{
crates/amun-codec/src/lib.rs:22:pub use decode::CanonicalDecode;
crates/amun-codec/src/lib.rs:23:pub use domain::HashDomain;
crates/amun-codec/src/lib.rs:24:pub use encode::CanonicalEncode;
crates/amun-codec/src/lib.rs:25:pub use hash::hash_value_streaming;
crates/amun-codec/src/lib.rs:26:pub use transducer::{CanonicalCursor, CanonicalTransducer, SliceCursor, U64Cursor};
crates/amun-codec/src/lib.rs:27:pub use versioned::{ProtocolHeader, CURRENT_ENCODING_VERSION};
crates/amun-codec/src/lib.rs:28:pub use writer::{BufferWriter, CanonicalWriter, HasherWriter, ShadowBufferWriter, WriteResult};
crates/amun-codec/src/lib.rs:30:mod tests;
crates/amun-codec/src/lib.rs:6:pub mod budget;
crates/amun-codec/src/lib.rs:7:pub mod canonical_sort;
crates/amun-codec/src/lib.rs:8:pub mod containers;
crates/amun-codec/src/lib.rs:9:pub mod decode;
crates/amun-codec/src/tests.rs:2:use crate::*;
crates/amun-codec/src/tests.rs:3:use amun_kernel_types::*;
crates/amun-codec/src/transducer.rs:10:impl CanonicalTransducer {
crates/amun-codec/src/transducer.rs:34:impl U64Cursor {
crates/amun-codec/src/transducer.rs:40:impl CanonicalCursor for U64Cursor {
crates/amun-codec/src/transducer.rs:4:pub trait CanonicalCursor {
crates/amun-codec/src/transducer.rs:56:impl<'a> SliceCursor<'a> {
crates/amun-codec/src/transducer.rs:62:impl<'a> CanonicalCursor for SliceCursor<'a> {
crates/amun-codec/src/versioned.rs:17:impl ProtocolHeader {
crates/amun-codec/src/versioned.rs:1:use crate::domain::HashDomain;
crates/amun-codec/src/versioned.rs:2:use crate::writer::{CanonicalWriter, WriteResult};
crates/amun-codec/src/versioned.rs:35:    pub fn write(&self, writer: &mut impl CanonicalWriter) -> WriteResult {
crates/amun-codec/src/versioned.rs:3:use amun_failure::{module_ids, operation_ids, AmunResult, ConstitutionalFault, FailureContext};
crates/amun-codec/src/versioned.rs:4:use amun_kernel_types::{ChainId, Epoch, PublicHash32};
crates/amun-codec/src/versioned.rs:8:#[derive(Clone, Copy, Debug)]
crates/amun-codec/src/writer.rs:101:impl<'a> ShadowBufferWriter<'a> {
crates/amun-codec/src/writer.rs:160:impl<'a> CanonicalWriter for ShadowBufferWriter<'a> {
crates/amun-codec/src/writer.rs:19:impl<'a> BufferWriter<'a> {
crates/amun-codec/src/writer.rs:40:impl<'a> CanonicalWriter for BufferWriter<'a> {
crates/amun-codec/src/writer.rs:4:use amun_failure::{module_ids, operation_ids, AmunResult, ConstitutionalFault, FailureContext};
crates/amun-codec/src/writer.rs:70:impl<'a> HasherWriter<'a> {
crates/amun-codec/src/writer.rs:76:impl<'a> CanonicalWriter for HasherWriter<'a> {
crates/amun-codec/src/writer.rs:8:pub trait CanonicalWriter {
crates/amun-compatibility/src/lib.rs:4:pub mod matrix;
crates/amun-compatibility/src/lib.rs:5:pub mod migration;
crates/amun-compatibility/src/lib.rs:7:pub use matrix::CompatibilityMatrix;
crates/amun-compatibility/src/lib.rs:8:pub use migration::{MigrationProof, MigrationRules};
crates/amun-compatibility/src/matrix.rs:13:impl CompatibilityDimensions {
crates/amun-compatibility/src/matrix.rs:1:use amun_lineage::compatibility::CompatibilityClass;
crates/amun-compatibility/src/matrix.rs:2:use amun_snapshot_engine::ConstitutionalIdentity;
crates/amun-compatibility/src/matrix.rs:32:#[derive(Debug, Clone)]
crates/amun-compatibility/src/matrix.rs:43:impl CompatibilityMatrix {
crates/amun-compatibility/src/matrix.rs:5:#[derive(Debug, Clone)]
crates/amun-compatibility/src/migration.rs:12:#[derive(Debug, Clone, PartialEq, Eq)]
crates/amun-compatibility/src/migration.rs:27:#[derive(Debug, Clone, PartialEq, Eq)]
crates/amun-compatibility/src/migration.rs:2:#[derive(Debug, Clone, PartialEq, Eq)]
crates/amun-complexity-budget/src/budget.rs:54:use crate::metrics::ComplexityMetrics;
crates/amun-complexity-budget/src/budget.rs:9:impl ComplexityBudget {
crates/amun-complexity-budget/src/lib.rs:1:pub mod budget;
crates/amun-complexity-budget/src/lib.rs:2:pub mod metrics;
crates/amun-complexity-budget/src/lib.rs:4:pub use budget::ComplexityBudget;
crates/amun-complexity-budget/src/lib.rs:5:pub use metrics::ComplexityMetrics;
crates/amun-complexity-budget/src/metrics.rs:11:impl ComplexityMetrics {
crates/amun-complexity-budget/src/metrics.rs:1:#[derive(Debug, Clone)]
crates/amun-consensus-execution/src/block_dag.rs:19:impl BlockNode {
crates/amun-consensus-execution/src/block_dag.rs:1:use amun_chain_position::ChainPosition;
crates/amun-consensus-execution/src/block_dag.rs:2:use amun_quorum_certificate::QuorumCertificate;
crates/amun-consensus-execution/src/block_dag.rs:3:use std::collections::{BTreeMap, BTreeSet};
crates/amun-consensus-execution/src/block_dag.rs:81:#[derive(Debug, Clone)]
crates/amun-consensus-execution/src/block_dag.rs:8:#[derive(Debug, Clone)]
crates/amun-consensus-execution/src/block_dag.rs:93:impl BlockDAG {
crates/amun-consensus-execution/src/commit.rs:12:#[derive(Debug, Clone)]
crates/amun-consensus-execution/src/commit.rs:161:impl Default for CommitRule {
crates/amun-consensus-execution/src/commit.rs:1:use amun_quorum_certificate::QuorumCertificate;
crates/amun-consensus-execution/src/commit.rs:22:#[derive(Debug, Clone)]
crates/amun-consensus-execution/src/commit.rs:2:use std::collections::{BTreeMap, BTreeSet};
crates/amun-consensus-execution/src/commit.rs:30:impl CommitRule {
crates/amun-consensus-execution/src/commit.rs:4:#[derive(Debug, Clone)]
crates/amun-consensus-execution/src/fork_choice.rs:17:impl ForkChoice {
crates/amun-consensus-execution/src/fork_choice.rs:1:use crate::block_dag::{BlockDAG, BlockNode, MAX_DAG_DEPTH};
crates/amun-consensus-execution/src/fork_choice.rs:206:impl Default for ForkChoice {
crates/amun-consensus-execution/src/fork_choice.rs:2:use amun_quorum_certificate::QuorumCertificate;
crates/amun-consensus-execution/src/fork_choice.rs:3:use std::collections::{BTreeMap, BTreeSet};
crates/amun-consensus-execution/src/fork_choice.rs:6:#[derive(Debug, Clone)]
crates/amun-consensus-execution/src/leader.rs:1:use amun_validator_attestation::ValidatorSet;
crates/amun-consensus-execution/src/leader.rs:3:#[derive(Debug, Clone)]
crates/amun-consensus-execution/src/leader.rs:8:impl LeaderSchedule {
crates/amun-consensus-execution/src/leader_schedule.rs:11:impl LeaderSchedule {
crates/amun-consensus-execution/src/leader_schedule.rs:1:use amun_validator_attestation::ValidatorSet;
crates/amun-consensus-execution/src/leader_schedule.rs:2:use std::collections::hash_map::DefaultHasher;
crates/amun-consensus-execution/src/leader_schedule.rs:3:use std::hash::{Hash, Hasher};
crates/amun-consensus-execution/src/leader_schedule.rs:5:#[derive(Debug, Clone)]
crates/amun-consensus-execution/src/lib.rs:10:pub mod qc_store;
crates/amun-consensus-execution/src/lib.rs:11:pub mod voter;
crates/amun-consensus-execution/src/lib.rs:13:pub use block_dag::{BlockDAG, BlockNode, MAX_DAG_DEPTH};
crates/amun-consensus-execution/src/lib.rs:14:pub use commit::{CommitCheckpoint, CommitRule};
crates/amun-consensus-execution/src/lib.rs:15:pub use fork_choice::ForkChoice;
crates/amun-consensus-execution/src/lib.rs:16:pub use leader_schedule::LeaderSchedule;
crates/amun-consensus-execution/src/lib.rs:17:pub use pacemaker::Pacemaker;
crates/amun-consensus-execution/src/lib.rs:18:pub use persistent_state::{ConsensusStateDigest, PersistentConsensusState, SnapshotCheckpoint};
crates/amun-consensus-execution/src/lib.rs:19:pub use proposal::BlockProposal;
crates/amun-consensus-execution/src/lib.rs:20:pub use qc_store::QCStore;
crates/amun-consensus-execution/src/lib.rs:21:pub use voter::VoteAggregator;
crates/amun-consensus-execution/src/lib.rs:3:pub mod block_dag;
crates/amun-consensus-execution/src/lib.rs:4:pub mod commit;
crates/amun-consensus-execution/src/lib.rs:5:pub mod fork_choice;
crates/amun-consensus-execution/src/lib.rs:6:pub mod leader_schedule;
crates/amun-consensus-execution/src/lib.rs:7:pub mod pacemaker;
crates/amun-consensus-execution/src/lib.rs:8:pub mod persistent_state;
crates/amun-consensus-execution/src/lib.rs:9:pub mod proposal;
crates/amun-consensus-execution/src/pacemaker.rs:12:impl Pacemaker {
crates/amun-consensus-execution/src/pacemaker.rs:1:use std::time::Duration;
crates/amun-consensus-execution/src/pacemaker.rs:3:#[derive(Debug, Clone)]
crates/amun-consensus-execution/src/pacemaker.rs:58:impl Default for Pacemaker {
crates/amun-consensus-execution/src/persistent_state.rs:1:use crate::block_dag::{BlockDAG, BlockNode};
crates/amun-consensus-execution/src/persistent_state.rs:21:#[derive(Debug, Clone, Serialize, Deserialize)]
crates/amun-consensus-execution/src/persistent_state.rs:2:use crate::commit::CommitRule;
crates/amun-consensus-execution/src/persistent_state.rs:30:#[derive(Debug, Clone, Serialize, Deserialize)]
crates/amun-consensus-execution/src/persistent_state.rs:36:#[derive(Debug, Clone, Serialize, Deserialize)]
crates/amun-consensus-execution/src/persistent_state.rs:3:use crate::fork_choice::ForkChoice;
crates/amun-consensus-execution/src/persistent_state.rs:42:#[derive(Debug, Clone, Serialize, Deserialize)]
crates/amun-consensus-execution/src/persistent_state.rs:4:use amun_chain_position::ChainPosition;
crates/amun-consensus-execution/src/persistent_state.rs:56:#[derive(Debug, Clone, PartialEq)]
crates/amun-consensus-execution/src/persistent_state.rs:5:use amun_quorum_certificate::QuorumCertificate;
crates/amun-consensus-execution/src/persistent_state.rs:6:use amun_wal::{AuthorityValidation, RecoveryMode, WALEntry, WriteAheadLog};
crates/amun-consensus-execution/src/persistent_state.rs:71:impl PersistentConsensusState {
crates/amun-consensus-execution/src/persistent_state.rs:7:use serde::{Deserialize, Serialize};
crates/amun-consensus-execution/src/persistent_state.rs:8:use std::collections::{BTreeMap, BTreeSet};
crates/amun-consensus-execution/src/proposal.rs:16:impl BlockProposal {
crates/amun-consensus-execution/src/proposal.rs:1:use crate::commit::CommitRule;
crates/amun-consensus-execution/src/proposal.rs:2:use amun_chain_position::ChainPosition;
crates/amun-consensus-execution/src/proposal.rs:3:use amun_quorum_certificate::QuorumCertificate;
crates/amun-consensus-execution/src/proposal.rs:5:#[derive(Debug, Clone)]
crates/amun-consensus-execution/src/proposer.rs:16:impl BlockProposal {
crates/amun-consensus-execution/src/proposer.rs:1:use amun_chain_position::ChainPosition;
crates/amun-consensus-execution/src/proposer.rs:2:use blake3::Hasher;
crates/amun-consensus-execution/src/proposer.rs:5:#[derive(Debug, Clone)]
crates/amun-consensus-execution/src/qc_store.rs:10:impl QCStore {
crates/amun-consensus-execution/src/qc_store.rs:1:use amun_quorum_certificate::QuorumCertificate;
crates/amun-consensus-execution/src/qc_store.rs:2:use std::collections::BTreeMap;
crates/amun-consensus-execution/src/qc_store.rs:48:impl Default for QCStore {
crates/amun-consensus-execution/src/qc_store.rs:4:#[derive(Debug, Clone)]
crates/amun-consensus-execution/src/voter.rs:17:#[derive(Debug, Clone)]
crates/amun-consensus-execution/src/voter.rs:1:use amun_consensus_messages::{ConsensusPhase, ConsensusVote};
crates/amun-consensus-execution/src/voter.rs:27:impl VoteAggregator {
crates/amun-consensus-execution/src/voter.rs:2:use amun_quorum_certificate::QuorumCertificate;
crates/amun-consensus-execution/src/voter.rs:3:use amun_validator_attestation::ValidatorSet;
crates/amun-consensus-execution/src/voter.rs:4:use std::collections::{BTreeMap, HashSet};
crates/amun-consensus-execution/src/voter.rs:7:#[derive(Debug, Clone)]
crates/amun-consensus-integration/src/consensus_integrator.rs:101:mod tests {
crates/amun-consensus-integration/src/consensus_integrator.rs:102:    use super::*;
crates/amun-consensus-integration/src/consensus_integrator.rs:103:    use amun_bytecode::opcodes::OpCode;
crates/amun-consensus-integration/src/consensus_integrator.rs:104:    use amun_resource_core::ResourceId;
crates/amun-consensus-integration/src/consensus_integrator.rs:14:impl ConsensusIntegrator {
crates/amun-consensus-integration/src/consensus_integrator.rs:1:use amun_bytecode::program::ConstitutionalProgram;
crates/amun-consensus-integration/src/consensus_integrator.rs:2:use amun_constitutional_runtime::runtime_pipeline::{ConstitutionalRuntime, PipelineResult};
crates/amun-consensus-integration/src/consensus_integrator.rs:3:use amun_proof_archive::hot_store::HotProofStore;
crates/amun-consensus-integration/src/consensus_integrator.rs:4:use amun_proof_archive::proof_archive::ProofArchive;
crates/amun-consensus-integration/src/consensus_integrator.rs:5:use amun_resource_core::{ResourceId, ResourceRegistry};
crates/amun-consensus-integration/src/consensus_integrator.rs:6:use amun_vm_kernel::execution_context::ExecutionContext;
crates/amun-consensus-integration/src/consensus_integrator.rs:8:use crate::consensus_types::{
crates/amun-consensus-integration/src/consensus_types.rs:17:impl ConstitutionalBlock {
crates/amun-consensus-integration/src/consensus_types.rs:1:use amun_resource_core::ResourceId;
crates/amun-consensus-integration/src/consensus_types.rs:2:use amun_transition_proof::transition_proof::TransitionProof;
crates/amun-consensus-integration/src/consensus_types.rs:3:use serde::{Deserialize, Serialize};
crates/amun-consensus-integration/src/consensus_types.rs:43:#[derive(Debug, Clone, PartialEq, Eq, Serialize, Deserialize)]
crates/amun-consensus-integration/src/consensus_types.rs:54:impl ConstitutionalQC {
crates/amun-consensus-integration/src/consensus_types.rs:5:#[derive(Debug, Clone, PartialEq, Eq, Serialize, Deserialize)]
crates/amun-consensus-integration/src/consensus_types.rs:77:#[derive(Debug, Clone, PartialEq, Eq, Serialize, Deserialize)]
crates/amun-consensus-integration/src/consensus_types.rs:87:impl ConstitutionalFinalityCertificate {
crates/amun-consensus-integration/src/lib.rs:32:pub mod consensus_integrator;
crates/amun-consensus-integration/src/lib.rs:33:pub mod consensus_types;
crates/amun-consensus-integration/src/lib.rs:35:pub use consensus_integrator::*;
crates/amun-consensus-integration/src/lib.rs:36:pub use consensus_types::*;
crates/amun-consensus-law/src/finality.rs:1:use blake3::Hasher;
crates/amun-consensus-law/src/finality.rs:5:impl FinalityLaw {
crates/amun-consensus-law/src/invariants.rs:1:use amun_invariants::kernel::IrreducibleInvariants;
crates/amun-consensus-law/src/invariants.rs:5:impl ConsensusInvariants {
crates/amun-consensus-law/src/lib.rs:10:pub use transitions::TransitionLaw;
crates/amun-consensus-law/src/lib.rs:11:pub use validator::ValidatorObligations;
crates/amun-consensus-law/src/lib.rs:1:pub mod finality;
crates/amun-consensus-law/src/lib.rs:2:pub mod invariants;
crates/amun-consensus-law/src/lib.rs:3:pub mod safety;
crates/amun-consensus-law/src/lib.rs:4:pub mod transitions;
crates/amun-consensus-law/src/lib.rs:5:pub mod validator;
crates/amun-consensus-law/src/lib.rs:7:pub use finality::FinalityLaw;
crates/amun-consensus-law/src/lib.rs:8:pub use invariants::ConsensusInvariants;
crates/amun-consensus-law/src/lib.rs:9:pub use safety::SafetyAxioms;
crates/amun-consensus-law/src/safety.rs:3:impl SafetyAxioms {
crates/amun-consensus-law/src/transitions.rs:11:impl TransitionLaw {
crates/amun-consensus-law/src/transitions.rs:1:#[derive(Debug, Clone, PartialEq, Eq)]
crates/amun-consensus-law/src/validator.rs:11:impl ValidatorObligations {
crates/amun-consensus-law/src/validator.rs:1:#[derive(Debug, Clone, PartialEq, Eq)]
crates/amun-consensus-messages/src/lib.rs:18:#[derive(Debug, Clone, PartialEq, Eq)]
crates/amun-consensus-messages/src/lib.rs:1:use amun_chain_position::ChainPosition;
crates/amun-consensus-messages/src/lib.rs:25:impl ConsensusVote {
crates/amun-consensus-messages/src/lib.rs:3:#[derive(Debug, Clone, Copy, PartialEq, Eq, PartialOrd, Ord, Hash)]
crates/amun-consensus-messages/src/lib.rs:9:#[derive(Debug, Clone, PartialEq, Eq)]
crates/amun-consensus-messages/src/message.rs:11:#[derive(Debug, Clone, PartialEq, Eq)]
crates/amun-consensus-messages/src/message.rs:1:use amun_chain_position::ChainPosition;
crates/amun-consensus-messages/src/message.rs:22:impl ConsensusMessage {
crates/amun-consensus-messages/src/message.rs:2:use blake3::Hasher;
crates/amun-consensus-messages/src/message.rs:4:#[derive(Debug, Clone, PartialEq, Eq)]
crates/amun-consensus-messages/src/proposal.rs:14:impl BlockProposal {
crates/amun-consensus-messages/src/proposal.rs:1:use amun_chain_position::ChainPosition;
crates/amun-consensus-messages/src/proposal.rs:2:use blake3::Hasher;
crates/amun-consensus-messages/src/proposal.rs:4:#[derive(Debug, Clone)]
crates/amun-consensus-messages/src/vote.rs:10:impl ConsensusVote {
crates/amun-consensus-messages/src/vote.rs:1:use crate::message::{ConsensusMessage, ConsensusPhase};
crates/amun-consensus-messages/src/vote.rs:2:use amun_chain_position::ChainPosition;
crates/amun-consensus-messages/src/vote.rs:4:#[derive(Debug, Clone)]
crates/amun-consensus-network/src/certificate_evidence_validation.rs:16:use crate::evidence_store::EvidenceStore;
crates/amun-consensus-network/src/certificate_evidence_validation.rs:17:use crate::messages::{MissingEvidenceRequest, MissingEvidenceResponse};
crates/amun-consensus-network/src/certificate_evidence_validation.rs:18:use crate::slashing_certificate::SlashingCertificate;
crates/amun-consensus-network/src/certificate_evidence_validation.rs:21:#[derive(Debug, Clone, PartialEq)]
crates/amun-consensus-network/src/certificate_evidence_validation.rs:82:mod tests {
crates/amun-consensus-network/src/certificate_evidence_validation.rs:83:    use super::*;
crates/amun-consensus-network/src/certificate_evidence_validation.rs:84:    use crate::evidence_store::{EvidenceRecord, EvidenceStore, EvidenceType};
crates/amun-consensus-network/src/certificate_evidence_validation.rs:85:    use crate::misbehavior_registry::ValidatorStatus;
crates/amun-consensus-network/src/certificate_evidence_validation.rs:86:    use crate::slashing_certificate::{EvidenceCount, SlashingCertificate};
crates/amun-consensus-network/src/certificate_gossip.rs:16:impl CertificateGossip {
crates/amun-consensus-network/src/certificate_gossip.rs:63:impl Default for CertificateGossip {
crates/amun-consensus-network/src/certificate_gossip.rs:70:mod tests {
crates/amun-consensus-network/src/certificate_gossip.rs:71:    use super::*;
crates/amun-consensus-network/src/certificate_gossip.rs:72:    use crate::evidence_store::EvidenceType;
crates/amun-consensus-network/src/certificate_gossip.rs:73:    use crate::misbehavior_registry::ValidatorStatus;
crates/amun-consensus-network/src/certificate_gossip.rs:74:    use crate::slashing_certificate::{EvidenceCount, SlashingCertificate};
crates/amun-consensus-network/src/certificate_gossip.rs:7:use crate::slashing_certificate::SlashingCertificate;
crates/amun-consensus-network/src/certificate_gossip.rs:8:use std::collections::HashMap;
crates/amun-consensus-network/src/engine.rs:11:#[derive(Debug, Clone)]
crates/amun-consensus-network/src/engine.rs:191:#[derive(Clone, Debug, Default)]
crates/amun-consensus-network/src/engine.rs:198:impl ConsensusMetrics {
crates/amun-consensus-network/src/engine.rs:1:use crate::messages::{
crates/amun-consensus-network/src/engine.rs:220:#[derive(Debug, Clone, Copy, PartialEq, Eq)]
crates/amun-consensus-network/src/engine.rs:229:#[derive(Debug, Clone)]
crates/amun-consensus-network/src/engine.rs:24:impl ConsensusRound {
crates/amun-consensus-network/src/engine.rs:255:impl ConsensusEngine {
crates/amun-consensus-network/src/engine.rs:279:    /// Register a validator with its derived id and public key.
crates/amun-consensus-network/src/engine.rs:467:            // Fallback: use sequential IDs
crates/amun-consensus-network/src/engine.rs:4:use crate::misbehavior_registry::MisbehaviorRegistry;
crates/amun-consensus-network/src/engine.rs:583:mod tests {
crates/amun-consensus-network/src/engine.rs:584:    use super::*;
crates/amun-consensus-network/src/engine.rs:5:use crate::validator_status::ValidatorStatusRegistry;
crates/amun-consensus-network/src/engine.rs:6:use amun_validator_identity::ValidatorKeyRegistry;
crates/amun-consensus-network/src/engine.rs:728:        use ed25519_dalek::{Signer, SigningKey};
crates/amun-consensus-network/src/engine.rs:729:        use rand::rngs::OsRng;
crates/amun-consensus-network/src/engine.rs:732:        // Generate a keypair, derive validator id
crates/amun-consensus-network/src/engine.rs:735:        let vid = amun_validator_identity::derive_validator_id(&pk);
crates/amun-consensus-network/src/engine.rs:781:mod n130_tests {
crates/amun-consensus-network/src/engine.rs:782:    use super::*;
crates/amun-consensus-network/src/engine.rs:7:use std::collections::HashMap;
crates/amun-consensus-network/src/engine.rs:8:use std::sync::atomic::{AtomicBool, Ordering};
crates/amun-consensus-network/src/evidence_gossip.rs:106:impl Default for EvidenceGossip {
crates/amun-consensus-network/src/evidence_gossip.rs:113:mod tests {
crates/amun-consensus-network/src/evidence_gossip.rs:114:    use super::*;
crates/amun-consensus-network/src/evidence_gossip.rs:17:use crate::evidence_store::EvidenceType;
crates/amun-consensus-network/src/evidence_gossip.rs:18:use std::collections::HashMap;
crates/amun-consensus-network/src/evidence_gossip.rs:23:#[derive(Debug, Clone, serde::Serialize, serde::Deserialize, PartialEq, Eq)]
crates/amun-consensus-network/src/evidence_gossip.rs:40:impl EvidenceGossip {
crates/amun-consensus-network/src/evidence_push.rs:102:impl Default for EvidencePush {
crates/amun-consensus-network/src/evidence_push.rs:109:mod tests {
crates/amun-consensus-network/src/evidence_push.rs:10:use std::collections::HashSet;
crates/amun-consensus-network/src/evidence_push.rs:110:    use super::*;
crates/amun-consensus-network/src/evidence_push.rs:111:    use crate::evidence_store::EvidenceType;
crates/amun-consensus-network/src/evidence_push.rs:22:impl Default for EvidencePushConfig {
crates/amun-consensus-network/src/evidence_push.rs:39:impl EvidencePush {
crates/amun-consensus-network/src/evidence_push.rs:8:use crate::evidence_gossip::{EvidenceAnnouncement, EvidenceGossip};
crates/amun-consensus-network/src/evidence_push.rs:9:use crate::evidence_store::{EvidenceRecord, EvidenceStore};
crates/amun-consensus-network/src/evidence_push_processor.rs:10:use crate::evidence_store::{EvidenceRecord, EvidenceStore};
crates/amun-consensus-network/src/evidence_push_processor.rs:13:#[derive(Debug, Clone, PartialEq)]
crates/amun-consensus-network/src/evidence_push_processor.rs:64:mod tests {
crates/amun-consensus-network/src/evidence_push_processor.rs:65:    use super::*;
crates/amun-consensus-network/src/evidence_push_processor.rs:66:    use crate::evidence_gossip::EvidenceGossip;
crates/amun-consensus-network/src/evidence_push_processor.rs:67:    use crate::evidence_push::EvidencePush;
crates/amun-consensus-network/src/evidence_push_processor.rs:68:    use crate::evidence_store::{EvidenceRecord, EvidenceStore, EvidenceType};
crates/amun-consensus-network/src/evidence_push_processor.rs:8:use crate::evidence_gossip::EvidenceGossip;
crates/amun-consensus-network/src/evidence_push_processor.rs:9:use crate::evidence_push::EvidencePush;
crates/amun-consensus-network/src/evidence_store.rs:10:use std::path::PathBuf;
crates/amun-consensus-network/src/evidence_store.rs:132:#[derive(Debug, Clone)]
crates/amun-consensus-network/src/evidence_store.rs:138:impl EvidenceStore {
crates/amun-consensus-network/src/evidence_store.rs:13:#[derive(Debug, Clone, Serialize, Deserialize, PartialEq, Eq, Hash)]
crates/amun-consensus-network/src/evidence_store.rs:247:impl Default for EvidenceStore {
crates/amun-consensus-network/src/evidence_store.rs:254:mod tests {
crates/amun-consensus-network/src/evidence_store.rs:255:    use super::*;
crates/amun-consensus-network/src/evidence_store.rs:256:    use tempfile::TempDir;
crates/amun-consensus-network/src/evidence_store.rs:25:#[derive(Debug, Clone, Serialize, Deserialize, PartialEq, Eq)]
crates/amun-consensus-network/src/evidence_store.rs:34:#[derive(Debug, Clone, Serialize, Deserialize, PartialEq, Eq)]
crates/amun-consensus-network/src/evidence_store.rs:48:impl EvidenceRecord {
crates/amun-consensus-network/src/evidence_store.rs:8:use serde::{Deserialize, Serialize};
crates/amun-consensus-network/src/evidence_store.rs:9:use std::collections::HashMap;
crates/amun-consensus-network/src/execution_commitment.rs:106:        use ed25519_dalek::Verifier;
crates/amun-consensus-network/src/execution_commitment.rs:131:mod tests {
crates/amun-consensus-network/src/execution_commitment.rs:132:    use super::*;
crates/amun-consensus-network/src/execution_commitment.rs:133:    use ed25519_dalek::SigningKey;
crates/amun-consensus-network/src/execution_commitment.rs:14://   - Reuse of commitments by different validators
crates/amun-consensus-network/src/execution_commitment.rs:217:        // execution_root differs because height is in the hash
crates/amun-consensus-network/src/execution_commitment.rs:21:use blake3::Hasher;
crates/amun-consensus-network/src/execution_commitment.rs:22:use serde::{Deserialize, Serialize};
crates/amun-consensus-network/src/execution_commitment.rs:29:#[derive(Debug, Clone, Serialize, Deserialize, PartialEq, Eq)]
crates/amun-consensus-network/src/execution_commitment.rs:56:impl ExecutionCommitment {
crates/amun-consensus-network/src/execution_commitment.rs:98:        use ed25519_dalek::Signer;
crates/amun-consensus-network/src/execution_receipt.rs:4:#[derive(Debug, Clone, PartialEq)]
crates/amun-consensus-network/src/finality_gate.rs:10:use crate::multi_signer_certificate::MultiSignerCertificate;
crates/amun-consensus-network/src/finality_gate.rs:37:mod tests {
crates/amun-consensus-network/src/finality_gate.rs:38:    use super::*;
crates/amun-consensus-network/src/finality_gate.rs:39:    use crate::evidence_store::EvidenceType;
crates/amun-consensus-network/src/finality_gate.rs:40:    use crate::slashing_certificate::{EvidenceCount, SlashingCertificate};
crates/amun-consensus-network/src/finality_gate.rs:41:    use crate::ValidatorStatus;
crates/amun-consensus-network/src/integrated_slashing.rs:156:impl Default for IntegratedSlashingPipeline {
crates/amun-consensus-network/src/integrated_slashing.rs:163:mod tests {
crates/amun-consensus-network/src/integrated_slashing.rs:164:    use super::*;
crates/amun-consensus-network/src/integrated_slashing.rs:165:    use crate::evidence_store::EvidenceType;
crates/amun-consensus-network/src/integrated_slashing.rs:166:    use crate::misbehavior_registry::ValidatorStatus;
crates/amun-consensus-network/src/integrated_slashing.rs:23:use crate::evidence_store::{EvidenceRecord, EvidenceStatus, EvidenceStore, EvidenceType};
crates/amun-consensus-network/src/integrated_slashing.rs:24:use crate::misbehavior_registry::{MisbehaviorRegistry, MisbehaviorThresholds, ValidatorAction};
crates/amun-consensus-network/src/integrated_slashing.rs:27:#[derive(Debug, Clone, PartialEq)]
crates/amun-consensus-network/src/integrated_slashing.rs:53:impl IntegratedSlashingPipeline {
crates/amun-consensus-network/src/lib.rs:10:pub mod certificate_gossip;
crates/amun-consensus-network/src/lib.rs:11:pub mod evidence_gossip;
crates/amun-consensus-network/src/lib.rs:12:pub mod evidence_push;
crates/amun-consensus-network/src/lib.rs:13:pub mod evidence_push_processor;
crates/amun-consensus-network/src/lib.rs:14:pub mod validator_identity;
crates/amun-consensus-network/src/lib.rs:16:pub use evidence_push::{EvidencePush, EvidencePushConfig};
crates/amun-consensus-network/src/lib.rs:17:pub use evidence_push_processor::{process_incoming_evidence_push, PushProcessResult};
crates/amun-consensus-network/src/lib.rs:18:pub use validator_identity::{ValidatorIdentity, ValidatorIdentityRegistry};
crates/amun-consensus-network/src/lib.rs:19:pub mod evidence_store;
crates/amun-consensus-network/src/lib.rs:1:pub mod engine;
crates/amun-consensus-network/src/lib.rs:20:pub mod execution_commitment;
crates/amun-consensus-network/src/lib.rs:21:pub mod execution_receipt;
crates/amun-consensus-network/src/lib.rs:22:pub mod finality_gate;
crates/amun-consensus-network/src/lib.rs:23:pub mod integrated_slashing;
crates/amun-consensus-network/src/lib.rs:24:pub mod metrics;
crates/amun-consensus-network/src/lib.rs:25:pub mod misbehavior_registry;
crates/amun-consensus-network/src/lib.rs:26:pub mod multi_signer_certificate;
crates/amun-consensus-network/src/lib.rs:27:pub mod re_executor;
crates/amun-consensus-network/src/lib.rs:28:pub mod real_staking_adapter;
crates/amun-consensus-network/src/lib.rs:29:pub mod slashing_certificate;
crates/amun-consensus-network/src/lib.rs:2:pub mod messages;
crates/amun-consensus-network/src/lib.rs:30:pub mod slashing_certificate_builder;
crates/amun-consensus-network/src/lib.rs:31:pub mod slashing_fraud_proof;
crates/amun-consensus-network/src/lib.rs:32:pub mod slashing_inclusion_proof;
crates/amun-consensus-network/src/lib.rs:33:pub mod slashing_ledger;
crates/amun-consensus-network/src/lib.rs:34:pub mod slashing_merkle;
crates/amun-consensus-network/src/lib.rs:35:pub mod slashing_state;
crates/amun-consensus-network/src/lib.rs:36:pub mod staking_adapter;
crates/amun-consensus-network/src/lib.rs:37:pub mod validation;
crates/amun-consensus-network/src/lib.rs:38:pub mod vote_binding;
crates/amun-consensus-network/src/lib.rs:3:pub mod misbehavior;
crates/amun-consensus-network/src/lib.rs:40:pub use certificate_evidence_validation::{
crates/amun-consensus-network/src/lib.rs:44:pub use certificate_gossip::CertificateGossip;
crates/amun-consensus-network/src/lib.rs:45:pub use evidence_gossip::{EvidenceAnnouncement, EvidenceGossip};
crates/amun-consensus-network/src/lib.rs:46:pub use evidence_store::{EvidenceRecord, EvidenceStatus, EvidenceStore, EvidenceType};
crates/amun-consensus-network/src/lib.rs:47:pub use execution_commitment::ExecutionCommitment;
crates/amun-consensus-network/src/lib.rs:48:pub use execution_receipt::ExecutionReceipt;
crates/amun-consensus-network/src/lib.rs:49:pub use finality_gate::{execute_if_finalized, is_certificate_finalized};
crates/amun-consensus-network/src/lib.rs:4:pub mod network_consensus;
crates/amun-consensus-network/src/lib.rs:50:pub use integrated_slashing::{IntegratedSlashingPipeline, PipelineResult};
crates/amun-consensus-network/src/lib.rs:51:pub use messages::{
crates/amun-consensus-network/src/lib.rs:54:pub use messages::{MissingEvidenceRequest, MissingEvidenceResponse};
crates/amun-consensus-network/src/lib.rs:55:pub use metrics::ConsensusMetrics;
crates/amun-consensus-network/src/lib.rs:56:pub use misbehavior_registry::{
crates/amun-consensus-network/src/lib.rs:59:pub use multi_signer_certificate::MultiSignerCertificate;
crates/amun-consensus-network/src/lib.rs:5:pub mod slashing;
crates/amun-consensus-network/src/lib.rs:60:pub use re_executor::verify_block_execution;
crates/amun-consensus-network/src/lib.rs:61:pub use real_staking_adapter::RealStakingExecutor;
crates/amun-consensus-network/src/lib.rs:62:pub use slashing_certificate::{CertificateResultingStatus, EvidenceCount, SlashingCertificate};
crates/amun-consensus-network/src/lib.rs:63:pub use slashing_certificate_builder::SlashingCertificateBuilder;
crates/amun-consensus-network/src/lib.rs:64:pub use slashing_fraud_proof::SlashingFraudProof;
crates/amun-consensus-network/src/lib.rs:65:pub use slashing_inclusion_proof::{build_inclusion_proof, SlashingInclusionProof};
crates/amun-consensus-network/src/lib.rs:66:pub use slashing_ledger::{certificate_id, ExecutedSlash, SlashingLedger};
crates/amun-consensus-network/src/lib.rs:67:pub use slashing_merkle::merkle_root;
crates/amun-consensus-network/src/lib.rs:68:pub use slashing_state::SlashingState;
crates/amun-consensus-network/src/lib.rs:69:pub use staking_adapter::{SlashResult, SlashingExecutor, StakingAdapter};
crates/amun-consensus-network/src/lib.rs:6:pub mod validator_status;
crates/amun-consensus-network/src/lib.rs:70:pub use vote_binding::verify_vote_binding;
crates/amun-consensus-network/src/lib.rs:9:pub mod certificate_evidence_validation;
crates/amun-consensus-network/src/messages.rs:157:#[derive(Debug, Clone, Serialize, Deserialize, PartialEq, Eq)]
crates/amun-consensus-network/src/messages.rs:171:mod tests {
crates/amun-consensus-network/src/messages.rs:172:    use super::*;
crates/amun-consensus-network/src/messages.rs:1:use serde::{Deserialize, Serialize};
crates/amun-consensus-network/src/messages.rs:215:        use std::collections::HashMap;
crates/amun-consensus-network/src/messages.rs:235:        use std::collections::HashMap;
crates/amun-consensus-network/src/messages.rs:24:#[derive(Debug, Clone, Serialize, Deserialize, PartialEq, Eq)]
crates/amun-consensus-network/src/messages.rs:2:use std::collections::{HashMap, HashSet};
crates/amun-consensus-network/src/messages.rs:33:#[derive(Debug, Clone, Serialize, Deserialize, PartialEq, Eq)]
crates/amun-consensus-network/src/messages.rs:412:#[derive(Debug, Clone, Serialize, Deserialize, PartialEq, Eq)]
crates/amun-consensus-network/src/messages.rs:422:mod n104_1_tests {
crates/amun-consensus-network/src/messages.rs:423:    use super::*;
crates/amun-consensus-network/src/messages.rs:43:impl EquivocationProof {
crates/amun-consensus-network/src/messages.rs:476:#[derive(Debug, Clone, Serialize, Deserialize, PartialEq, Eq)]
crates/amun-consensus-network/src/messages.rs:483:#[derive(Debug, Clone, Serialize, Deserialize, PartialEq, Eq)]
crates/amun-consensus-network/src/messages.rs:495:#[derive(Debug, Clone, Serialize, Deserialize, PartialEq, Eq)]
crates/amun-consensus-network/src/messages.rs:4:#[derive(Debug, Clone, Serialize, Deserialize, PartialEq, Eq)]
crates/amun-consensus-network/src/messages.rs:512:#[derive(Debug, Clone, Serialize, Deserialize)]
crates/amun-consensus-network/src/messages.rs:524:// New code should use N109ConsensusVote which binds the vote to an
crates/amun-consensus-network/src/messages.rs:534:use crate::execution_commitment::ExecutionCommitment;
crates/amun-consensus-network/src/messages.rs:538:#[derive(Debug, Clone, Serialize, Deserialize, PartialEq, Eq)]
crates/amun-consensus-network/src/messages.rs:68:#[derive(Debug, Clone, Serialize, Deserialize, PartialEq, Eq)]
crates/amun-consensus-network/src/messages.rs:80:impl QuorumCertificate {
crates/amun-consensus-network/src/metrics.rs:23:impl ConsensusMetrics {
crates/amun-consensus-network/src/metrics.rs:4:#[derive(Debug, Default, Clone)]
crates/amun-consensus-network/src/misbehavior.rs:120:impl Default for MisbehaviorRegistry {
crates/amun-consensus-network/src/misbehavior.rs:127:mod tests {
crates/amun-consensus-network/src/misbehavior.rs:128:    use super::*;
crates/amun-consensus-network/src/misbehavior.rs:129:    use crate::messages::{ConsensusVote, SignedVote};
crates/amun-consensus-network/src/misbehavior.rs:13:#[derive(Debug, Clone, Serialize, Deserialize)]
crates/amun-consensus-network/src/misbehavior.rs:1:use crate::messages::EquivocationProof;
crates/amun-consensus-network/src/misbehavior.rs:28:impl MisbehaviorRegistry {
crates/amun-consensus-network/src/misbehavior.rs:2:use serde::{Deserialize, Serialize};
crates/amun-consensus-network/src/misbehavior.rs:3:use std::collections::HashMap;
crates/amun-consensus-network/src/misbehavior.rs:4:use std::fs;
crates/amun-consensus-network/src/misbehavior.rs:5:use std::path::Path;
crates/amun-consensus-network/src/misbehavior.rs:8:#[derive(Debug, Clone, Serialize, Deserialize, PartialEq, Eq)]
crates/amun-consensus-network/src/misbehavior_registry.rs:100:#[derive(Debug, Clone)]
crates/amun-consensus-network/src/misbehavior_registry.rs:106:impl MisbehaviorRegistry {
crates/amun-consensus-network/src/misbehavior_registry.rs:177:    /// because the compiler sees it only called within the same impl block.
crates/amun-consensus-network/src/misbehavior_registry.rs:17:use crate::evidence_store::{EvidenceStatus, EvidenceStore, EvidenceType};
crates/amun-consensus-network/src/misbehavior_registry.rs:18:use std::collections::HashMap;
crates/amun-consensus-network/src/misbehavior_registry.rs:21:#[derive(Debug, Clone)]
crates/amun-consensus-network/src/misbehavior_registry.rs:249:impl Default for MisbehaviorRegistry {
crates/amun-consensus-network/src/misbehavior_registry.rs:256:mod tests {
crates/amun-consensus-network/src/misbehavior_registry.rs:257:    use super::*;
crates/amun-consensus-network/src/misbehavior_registry.rs:258:    use crate::evidence_store::{EvidenceRecord, EvidenceStore, EvidenceType};
crates/amun-consensus-network/src/misbehavior_registry.rs:259:    use crate::misbehavior_registry::MisbehaviorRegistry;
crates/amun-consensus-network/src/misbehavior_registry.rs:34:impl Default for MisbehaviorThresholds {
crates/amun-consensus-network/src/misbehavior_registry.rs:51:#[derive(Debug, Clone, PartialEq, Eq)]
crates/amun-consensus-network/src/misbehavior_registry.rs:60:#[derive(Debug, Clone, PartialEq, Eq)]
crates/amun-consensus-network/src/misbehavior_registry.rs:68:#[derive(Debug, Clone)]
crates/amun-consensus-network/src/misbehavior_registry.rs:77:    /// First height where misbehavior was recorded
crates/amun-consensus-network/src/misbehavior_registry.rs:79:    /// Latest height where misbehavior was recorded
crates/amun-consensus-network/src/misbehavior_registry.rs:85:impl MisbehaviorRecord {
crates/amun-consensus-network/src/multi_signer_certificate.rs:12:impl MultiSignerCertificate {
crates/amun-consensus-network/src/multi_signer_certificate.rs:1:use crate::slashing_certificate::SlashingCertificate;
crates/amun-consensus-network/src/multi_signer_certificate.rs:32:        use ed25519_dalek::Signer;
crates/amun-consensus-network/src/multi_signer_certificate.rs:3:#[derive(Debug, Clone, PartialEq, Eq)]
crates/amun-consensus-network/src/multi_signer_certificate.rs:48:        use ed25519_dalek::Verifier;
crates/amun-consensus-network/src/multi_signer_certificate.rs:88:mod tests {
crates/amun-consensus-network/src/multi_signer_certificate.rs:89:    use super::*;
crates/amun-consensus-network/src/multi_signer_certificate.rs:90:    use crate::evidence_store::EvidenceType;
crates/amun-consensus-network/src/multi_signer_certificate.rs:91:    use crate::slashing_certificate::{EvidenceCount, SlashingCertificate};
crates/amun-consensus-network/src/multi_signer_certificate.rs:92:    use crate::ValidatorStatus;
crates/amun-consensus-network/src/multi_signer_certificate.rs:93:    use ed25519_dalek::SigningKey;
crates/amun-consensus-network/src/network_consensus.rs:120:mod tests {
crates/amun-consensus-network/src/network_consensus.rs:121:    use super::*;
crates/amun-consensus-network/src/network_consensus.rs:122:    use std::net::{IpAddr, Ipv4Addr};
crates/amun-consensus-network/src/network_consensus.rs:15:impl NetworkConsensus {
crates/amun-consensus-network/src/network_consensus.rs:1:use crate::engine::ConsensusEngine;
crates/amun-consensus-network/src/network_consensus.rs:2:use crate::messages::{ConsensusVote, FinalityCertificate};
crates/amun-consensus-network/src/network_consensus.rs:3:use std::io::{Read, Write};
crates/amun-consensus-network/src/network_consensus.rs:4:use std::net::{SocketAddr, TcpStream};
crates/amun-consensus-network/src/network_consensus.rs:5:use std::sync::{Arc, Mutex};
crates/amun-consensus-network/src/re_executor.rs:3:use crate::execution_receipt::ExecutionReceipt;
crates/amun-consensus-network/src/re_executor.rs:4:use crate::messages::N109BlockProposal;
crates/amun-consensus-network/src/real_staking_adapter.rs:17:impl RealStakingExecutor {
crates/amun-consensus-network/src/real_staking_adapter.rs:4:use crate::staking_adapter::SlashingExecutor;
crates/amun-consensus-network/src/real_staking_adapter.rs:51:impl SlashingExecutor for RealStakingExecutor {
crates/amun-consensus-network/src/real_staking_adapter.rs:5:use crate::validator_identity::ValidatorIdentityRegistry;
crates/amun-consensus-network/src/real_staking_adapter.rs:6:use amun_kernel_types::PublicKey;
crates/amun-consensus-network/src/real_staking_adapter.rs:76:mod tests {
crates/amun-consensus-network/src/real_staking_adapter.rs:77:    use super::*;
crates/amun-consensus-network/src/real_staking_adapter.rs:78:    use crate::evidence_store::EvidenceType;
crates/amun-consensus-network/src/real_staking_adapter.rs:79:    use crate::misbehavior_registry::{MisbehaviorRegistry, MisbehaviorThresholds};
crates/amun-consensus-network/src/real_staking_adapter.rs:7:use amun_staking::slashing::SlashingConditions;
crates/amun-consensus-network/src/real_staking_adapter.rs:80:    use crate::staking_adapter::StakingAdapter;
crates/amun-consensus-network/src/real_staking_adapter.rs:8:use amun_staking::validator::ValidatorRegistry;
crates/amun-consensus-network/src/slashing.rs:12:use crate::misbehavior_registry::{MisbehaviorRegistry, ValidatorAction, ValidatorStatus};
crates/amun-consensus-network/src/slashing.rs:46:mod tests {
crates/amun-consensus-network/src/slashing.rs:47:    use super::*;
crates/amun-consensus-network/src/slashing.rs:48:    use crate::evidence_store::EvidenceType;
crates/amun-consensus-network/src/slashing.rs:49:    use crate::misbehavior_registry::{MisbehaviorRegistry, MisbehaviorThresholds};
crates/amun-consensus-network/src/slashing_certificate.rs:113:        use ed25519_dalek::Verifier;
crates/amun-consensus-network/src/slashing_certificate.rs:129:        use ed25519_dalek::Signer;
crates/amun-consensus-network/src/slashing_certificate.rs:152:    /// For a more ergonomic construction, use SlashingCertificateBuilder.
crates/amun-consensus-network/src/slashing_certificate.rs:16:use crate::evidence_store::EvidenceType;
crates/amun-consensus-network/src/slashing_certificate.rs:17:use crate::misbehavior_registry::ValidatorStatus;
crates/amun-consensus-network/src/slashing_certificate.rs:18:use serde::{Deserialize, Serialize};
crates/amun-consensus-network/src/slashing_certificate.rs:224:mod tests {
crates/amun-consensus-network/src/slashing_certificate.rs:225:    use super::*;
crates/amun-consensus-network/src/slashing_certificate.rs:28:#[derive(Debug, Clone, Serialize, Deserialize, PartialEq, Eq)]
crates/amun-consensus-network/src/slashing_certificate.rs:78:#[derive(Debug, Clone, Serialize, Deserialize, PartialEq, Eq)]
crates/amun-consensus-network/src/slashing_certificate.rs:86:#[derive(Debug, Clone, Serialize, Deserialize, PartialEq, Eq)]
crates/amun-consensus-network/src/slashing_certificate.rs:93:impl SlashingCertificate {
crates/amun-consensus-network/src/slashing_certificate_builder.rs:17:impl SlashingCertificateBuilder {
crates/amun-consensus-network/src/slashing_certificate_builder.rs:1:use crate::misbehavior_registry::ValidatorStatus;
crates/amun-consensus-network/src/slashing_certificate_builder.rs:2:use crate::slashing_certificate::{EvidenceCount, SlashingCertificate};
crates/amun-consensus-network/src/slashing_certificate_builder.rs:90:impl Default for SlashingCertificateBuilder {
crates/amun-consensus-network/src/slashing_fraud_proof.rs:100:    use crate::slashing_ledger::ExecutedSlash;
crates/amun-consensus-network/src/slashing_fraud_proof.rs:11:#[derive(Debug, Clone, serde::Serialize, serde::Deserialize, PartialEq, Eq)]
crates/amun-consensus-network/src/slashing_fraud_proof.rs:36:impl SlashingFraudProof {
crates/amun-consensus-network/src/slashing_fraud_proof.rs:7:use crate::slashing_ledger::ExecutedSlash;
crates/amun-consensus-network/src/slashing_fraud_proof.rs:8:use crate::slashing_merkle::merkle_root;
crates/amun-consensus-network/src/slashing_fraud_proof.rs:98:mod tests {
crates/amun-consensus-network/src/slashing_fraud_proof.rs:99:    use super::*;
crates/amun-consensus-network/src/slashing_inclusion_proof.rs:11:#[derive(Debug, Clone, serde::Serialize, serde::Deserialize, PartialEq, Eq)]
crates/amun-consensus-network/src/slashing_inclusion_proof.rs:161:mod tests {
crates/amun-consensus-network/src/slashing_inclusion_proof.rs:162:    use super::*;
crates/amun-consensus-network/src/slashing_inclusion_proof.rs:163:    use crate::slashing_ledger::ExecutedSlash;
crates/amun-consensus-network/src/slashing_inclusion_proof.rs:164:    use crate::slashing_merkle::merkle_root;
crates/amun-consensus-network/src/slashing_inclusion_proof.rs:30:impl SlashingInclusionProof {
crates/amun-consensus-network/src/slashing_inclusion_proof.rs:7:use crate::slashing_ledger::ExecutedSlash;
crates/amun-consensus-network/src/slashing_inclusion_proof.rs:8:use blake3::Hasher;
crates/amun-consensus-network/src/slashing_ledger.rs:109:impl Default for SlashingLedger {
crates/amun-consensus-network/src/slashing_ledger.rs:116:mod tests {
crates/amun-consensus-network/src/slashing_ledger.rs:117:    use super::*;
crates/amun-consensus-network/src/slashing_ledger.rs:118:    use crate::evidence_store::EvidenceType;
crates/amun-consensus-network/src/slashing_ledger.rs:119:    use crate::slashing_certificate::{EvidenceCount, SlashingCertificate};
crates/amun-consensus-network/src/slashing_ledger.rs:120:    use crate::ValidatorStatus;
crates/amun-consensus-network/src/slashing_ledger.rs:29:#[derive(Debug, Clone, serde::Serialize, serde::Deserialize, PartialEq, Eq)]
crates/amun-consensus-network/src/slashing_ledger.rs:41:#[derive(Debug, Clone)]
crates/amun-consensus-network/src/slashing_ledger.rs:48:impl SlashingLedger {
crates/amun-consensus-network/src/slashing_ledger.rs:7:use crate::slashing_certificate::SlashingCertificate;
crates/amun-consensus-network/src/slashing_ledger.rs:8:use std::collections::HashSet;
crates/amun-consensus-network/src/slashing_merkle.rs:52:mod tests {
crates/amun-consensus-network/src/slashing_merkle.rs:53:    use super::*;
crates/amun-consensus-network/src/slashing_merkle.rs:54:    use crate::slashing_ledger::ExecutedSlash;
crates/amun-consensus-network/src/slashing_merkle.rs:7:use crate::slashing_ledger::ExecutedSlash;
crates/amun-consensus-network/src/slashing_merkle.rs:8:use blake3::Hasher;
crates/amun-consensus-network/src/slashing_state.rs:12:#[derive(Debug, Clone)]
crates/amun-consensus-network/src/slashing_state.rs:18:impl SlashingState {
crates/amun-consensus-network/src/slashing_state.rs:61:impl Default for SlashingState {
crates/amun-consensus-network/src/slashing_state.rs:68:mod tests {
crates/amun-consensus-network/src/slashing_state.rs:69:    use super::*;
crates/amun-consensus-network/src/slashing_state.rs:70:    use crate::evidence_store::EvidenceType;
crates/amun-consensus-network/src/slashing_state.rs:71:    use crate::slashing_certificate::{EvidenceCount, SlashingCertificate};
crates/amun-consensus-network/src/slashing_state.rs:72:    use crate::ValidatorStatus;
crates/amun-consensus-network/src/slashing_state.rs:7:use crate::slashing_ledger::{ExecutedSlash, SlashingLedger};
crates/amun-consensus-network/src/slashing_state.rs:8:use crate::slashing_merkle::merkle_root;
crates/amun-consensus-network/src/staking_adapter.rs:152:mod tests {
crates/amun-consensus-network/src/staking_adapter.rs:153:    use super::*;
crates/amun-consensus-network/src/staking_adapter.rs:154:    use crate::evidence_store::EvidenceType;
crates/amun-consensus-network/src/staking_adapter.rs:155:    use crate::misbehavior_registry::MisbehaviorRegistry;
crates/amun-consensus-network/src/staking_adapter.rs:156:    use crate::misbehavior_registry::MisbehaviorThresholds;
crates/amun-consensus-network/src/staking_adapter.rs:157:    use crate::ValidatorStatus;
crates/amun-consensus-network/src/staking_adapter.rs:158:    use std::collections::HashMap;
crates/amun-consensus-network/src/staking_adapter.rs:15:use crate::misbehavior_registry::{MisbehaviorRegistry, ValidatorAction, ValidatorStatus};
crates/amun-consensus-network/src/staking_adapter.rs:165:    impl SimulatedStaking {
crates/amun-consensus-network/src/staking_adapter.rs:177:    impl SlashingExecutor for SimulatedStaking {
crates/amun-consensus-network/src/staking_adapter.rs:18:#[derive(Debug, Clone, PartialEq)]
crates/amun-consensus-network/src/staking_adapter.rs:31:pub trait SlashingExecutor {
crates/amun-consensus-network/src/staking_adapter.rs:44:impl<E: SlashingExecutor> StakingAdapter<E> {
crates/amun-consensus-network/src/staking_adapter.rs:8://   - Uses a trait for testability and future integration with amun-staking
crates/amun-consensus-network/src/validation.rs:2:use crate::messages::N109BlockProposal;
crates/amun-consensus-network/src/validation.rs:4:impl N109BlockProposal {
crates/amun-consensus-network/src/validator_identity.rs:13:use amun_kernel_types::PublicKey;
crates/amun-consensus-network/src/validator_identity.rs:14:use serde::{Deserialize, Serialize};
crates/amun-consensus-network/src/validator_identity.rs:150:impl Default for ValidatorIdentityRegistry {
crates/amun-consensus-network/src/validator_identity.rs:157:mod tests {
crates/amun-consensus-network/src/validator_identity.rs:158:    use super::*;
crates/amun-consensus-network/src/validator_identity.rs:18:#[derive(Debug, Clone, Serialize, Deserialize, PartialEq, Eq, Hash)]
crates/amun-consensus-network/src/validator_identity.rs:40:impl ValidatorIdentity {
crates/amun-consensus-network/src/validator_identity.rs:92:impl ValidatorIdentityRegistry {
crates/amun-consensus-network/src/validator_status.rs:14:impl ValidatorStatusRegistry {
crates/amun-consensus-network/src/validator_status.rs:1:use std::collections::HashMap;
crates/amun-consensus-network/src/validator_status.rs:22:impl Default for ValidatorStatusRegistry {
crates/amun-consensus-network/src/validator_status.rs:28:impl ValidatorStatusRegistry {}
crates/amun-consensus-network/src/validator_status.rs:30:impl ValidatorStatusRegistry {
crates/amun-consensus-network/src/validator_status.rs:3:#[derive(Debug, Clone, PartialEq, Eq)]
crates/amun-consensus-network/src/vote_binding.rs:4:use crate::execution_commitment::ExecutionCommitment;
crates/amun-consensus-network/src/vote_binding.rs:5:use crate::messages::ConsensusVote;
crates/amun-consensus-network/src/vote_binding.rs:69:mod tests {
crates/amun-consensus-network/src/vote_binding.rs:70:    use super::*;
crates/amun-consensus-network/src/vote_binding.rs:71:    use crate::execution_commitment::ExecutionCommitment;
crates/amun-consensus-network/src/vote_binding.rs:72:    use crate::messages::ConsensusVote;
crates/amun-consensus-network/src/vote_binding.rs:73:    use ed25519_dalek::SigningKey;
crates/amun-consensus-network/tests/n109_8_execution_commitment.rs:20:#[derive(Clone, Debug, PartialEq, serde::Serialize, serde::Deserialize)]
crates/amun-consensus-network/tests/n109_8_execution_commitment.rs:35:#[derive(Clone, Debug, PartialEq, serde::Serialize, serde::Deserialize)]
crates/amun-consensus-network/tests/n109_block_propagation.rs:18:#[derive(Clone, Debug, PartialEq, serde::Serialize, serde::Deserialize)]
crates/amun-consensus-network/tests/n109_block_propagation.rs:1:use std::collections::HashMap;
crates/amun-consensus-network/tests/n109_block_propagation.rs:29:#[derive(Clone, Debug, PartialEq, serde::Serialize, serde::Deserialize)]
crates/amun-consensus-network/tests/n109_block_propagation.rs:41:#[derive(Clone, Debug, serde::Serialize, serde::Deserialize)]
crates/amun-consensus-network/tests/n109_deterministic_execution.rs:11:use std::collections::HashMap;
crates/amun-consensus-network/tests/n109_deterministic_execution.rs:14:#[derive(Clone, Debug, PartialEq, serde::Serialize, serde::Deserialize)]
crates/amun-consensus-network/tests/n109_deterministic_execution.rs:177:        // Validators 0 and 1 use correct seed → match
crates/amun-consensus-network/tests/n109_deterministic_execution.rs:28:#[derive(Debug, Clone, PartialEq)]
crates/amun-consensus-network/tests/n109_deterministic_execution.rs:39:#[derive(Debug, Default)]
crates/amun-consensus-network/tests/n111_7_end_to_end_evidence_sync.rs:11:use amun_consensus_network::{
crates/amun-consensus-network/tests/n112_4_push_sync_end_to_end.rs:10:use amun_consensus_network::{
crates/amun-consensus-network/tests/n114_3_certificate_signatures.rs:4:use amun_consensus_network::{EvidenceCount, EvidenceType, SlashingCertificate, ValidatorStatus};
crates/amun-consensus-network/tests/n114_3_certificate_signatures.rs:5:use ed25519_dalek::SigningKey;
crates/amun-consensus-network/tests/n121_2_deterministic_replay.rs:6:use amun_consensus_network::{
crates/amun-consensus-network/tests/n121_2_deterministic_replay.rs:85:    // Roots differ because Merkle tree is order-sensitive
crates/amun-consensus-network/tests/n121_5_snapshot_and_audit.rs:7:use amun_consensus_network::{
crates/amun-consensus-proof/src/lib.rs:1:pub mod liveness;
crates/amun-consensus-proof/src/lib.rs:2:pub mod safety;
crates/amun-consensus-proof/src/lib.rs:4:pub use liveness::LivenessProof;
crates/amun-consensus-proof/src/lib.rs:5:pub use safety::SafetyProof;
crates/amun-consensus-proof/src/liveness.rs:3:impl LivenessProof {
crates/amun-consensus-proof/src/safety.rs:3:impl SafetyProof {
crates/amun-consensus-reactor/src/event.rs:1:use amun_chain_position::ChainPosition;
crates/amun-consensus-reactor/src/event.rs:4:#[derive(Debug, Clone)]
crates/amun-consensus-reactor/src/lib.rs:1:pub mod event;
crates/amun-consensus-reactor/src/lib.rs:2:pub mod reactor;
crates/amun-consensus-reactor/src/lib.rs:4:pub use event::ReactorEvent;
crates/amun-consensus-reactor/src/lib.rs:5:pub use reactor::ConsensusReactor;
crates/amun-consensus-reactor/src/reactor.rs:17:impl ConsensusReactor {
crates/amun-consensus-reactor/src/reactor.rs:1:use crate::event::ReactorEvent;
crates/amun-consensus-reactor/src/reactor.rs:2:use amun_chain_position::ChainPosition;
crates/amun-consensus-reactor/src/reactor.rs:3:use amun_deterministic_scheduler::{DeterministicScheduler, ResourceBudget};
crates/amun-consensus-reactor/src/reactor.rs:4:use amun_deterministic_timer::DeterministicTimerWheel;
crates/amun-consensus-reactor/src/reactor.rs:5:use amun_pacemaker::{Pacemaker, RoundPhase};
crates/amun-consensus-reactor/src/reactor.rs:7:#[derive(Debug, Clone)]
crates/amun-consensus-signatures/src/domain.rs:13:impl SignatureDomain {
crates/amun-consensus-signatures/src/domain.rs:1:use blake3::Hasher;
crates/amun-consensus-signatures/src/domain.rs:4:#[derive(Debug, Clone, Copy, PartialEq, Eq)]
crates/amun-consensus-signatures/src/lib.rs:1:pub mod domain;
crates/amun-consensus-signatures/src/lib.rs:3:pub use domain::SignatureDomain;
crates/amun-consensus-types/src/bitmap.rs:1:use amun_codec::{CanonicalDecode, CanonicalEncode, CanonicalWriter, WriteResult};
crates/amun-consensus-types/src/bitmap.rs:2:use amun_failure::AmunResult;
crates/amun-consensus-types/src/bitmap.rs:30:impl Default for SignerBitmap {
crates/amun-consensus-types/src/bitmap.rs:36:impl CanonicalEncode for SignerBitmap {
crates/amun-consensus-types/src/bitmap.rs:38:    fn encode_to_writer(&self, writer: &mut impl CanonicalWriter) -> WriteResult {
crates/amun-consensus-types/src/bitmap.rs:43:impl CanonicalDecode for SignerBitmap {
crates/amun-consensus-types/src/bitmap.rs:5:#[derive(Clone, Copy, Debug, PartialEq, Eq)]
crates/amun-consensus-types/src/bitmap.rs:8:impl SignerBitmap {
crates/amun-consensus-types/src/errors.rs:16:impl ConsensusError {
crates/amun-consensus-types/src/errors.rs:1:use amun_failure::{ConstitutionalFault, FailureContext};
crates/amun-consensus-types/src/errors.rs:3:#[derive(Clone, Copy, Debug, PartialEq, Eq)]
crates/amun-consensus-types/src/lib.rs:10:pub mod validator;
crates/amun-consensus-types/src/lib.rs:11:pub mod vote;
crates/amun-consensus-types/src/lib.rs:13:pub use bitmap::SignerBitmap;
crates/amun-consensus-types/src/lib.rs:14:pub use errors::ConsensusError;
crates/amun-consensus-types/src/lib.rs:15:pub use message::ConsensusMessage;
crates/amun-consensus-types/src/lib.rs:16:pub use phase::ConsensusPhase;
crates/amun-consensus-types/src/lib.rs:17:pub use qc::QuorumCertificate;
crates/amun-consensus-types/src/lib.rs:18:pub use round::ConsensusRound;
crates/amun-consensus-types/src/lib.rs:19:pub use validator::ValidatorIndex;
crates/amun-consensus-types/src/lib.rs:20:pub use vote::Vote;
crates/amun-consensus-types/src/lib.rs:22:mod tests;
crates/amun-consensus-types/src/lib.rs:4:pub mod bitmap;
crates/amun-consensus-types/src/lib.rs:5:pub mod errors;
crates/amun-consensus-types/src/lib.rs:6:pub mod message;
crates/amun-consensus-types/src/lib.rs:7:pub mod phase;
crates/amun-consensus-types/src/lib.rs:8:pub mod qc;
crates/amun-consensus-types/src/lib.rs:9:pub mod round;
crates/amun-consensus-types/src/message.rs:18:impl ConsensusMessage {
crates/amun-consensus-types/src/message.rs:1:use crate::phase::ConsensusPhase;
crates/amun-consensus-types/src/message.rs:2:use amun_codec::{CanonicalDecode, CanonicalEncode, CanonicalWriter, WriteResult};
crates/amun-consensus-types/src/message.rs:3:use amun_failure::AmunResult;
crates/amun-consensus-types/src/message.rs:4:use amun_kernel_types::{ChainId, Epoch, PublicHash32};
crates/amun-consensus-types/src/message.rs:52:impl CanonicalEncode for ConsensusMessage {
crates/amun-consensus-types/src/message.rs:54:    fn encode_to_writer(&self, writer: &mut impl CanonicalWriter) -> WriteResult {
crates/amun-consensus-types/src/message.rs:66:impl CanonicalDecode for ConsensusMessage {
crates/amun-consensus-types/src/message.rs:8:#[derive(Clone, Debug, PartialEq, Eq)]
crates/amun-consensus-types/src/phase.rs:15:impl ConsensusPhase {
crates/amun-consensus-types/src/phase.rs:1:use amun_codec::{CanonicalDecode, CanonicalEncode, CanonicalWriter, WriteResult};
crates/amun-consensus-types/src/phase.rs:2:use amun_failure::AmunResult;
crates/amun-consensus-types/src/phase.rs:4:#[derive(Clone, Copy, Debug, PartialEq, Eq)]
crates/amun-consensus-types/src/phase.rs:55:impl CanonicalEncode for ConsensusPhase {
crates/amun-consensus-types/src/phase.rs:57:    fn encode_to_writer(&self, writer: &mut impl CanonicalWriter) -> WriteResult {
crates/amun-consensus-types/src/phase.rs:62:impl CanonicalDecode for ConsensusPhase {
crates/amun-consensus-types/src/qc.rs:18:impl QuorumCertificate {
crates/amun-consensus-types/src/qc.rs:1:use crate::bitmap::SignerBitmap;
crates/amun-consensus-types/src/qc.rs:25:impl CanonicalEncode for QuorumCertificate {
crates/amun-consensus-types/src/qc.rs:27:    fn encode_to_writer(&self, writer: &mut impl CanonicalWriter) -> WriteResult {
crates/amun-consensus-types/src/qc.rs:2:use crate::phase::ConsensusPhase;
crates/amun-consensus-types/src/qc.rs:38:impl CanonicalDecode for QuorumCertificate {
crates/amun-consensus-types/src/qc.rs:3:use crate::round::ConsensusRound;
crates/amun-consensus-types/src/qc.rs:4:use amun_codec::{CanonicalDecode, CanonicalEncode, CanonicalWriter, WriteResult};
crates/amun-consensus-types/src/qc.rs:5:use amun_failure::AmunResult;
crates/amun-consensus-types/src/qc.rs:6:use amun_kernel_types::{BlockHash, Epoch};
crates/amun-consensus-types/src/qc.rs:8:#[derive(Clone, Debug, PartialEq, Eq)]
crates/amun-consensus-types/src/round.rs:1:use amun_codec::{CanonicalDecode, CanonicalEncode, CanonicalWriter, WriteResult};
crates/amun-consensus-types/src/round.rs:21:impl Default for ConsensusRound {
crates/amun-consensus-types/src/round.rs:27:impl CanonicalEncode for ConsensusRound {
crates/amun-consensus-types/src/round.rs:29:    fn encode_to_writer(&self, writer: &mut impl CanonicalWriter) -> WriteResult {
crates/amun-consensus-types/src/round.rs:2:use amun_failure::AmunResult;
crates/amun-consensus-types/src/round.rs:34:impl CanonicalDecode for ConsensusRound {
crates/amun-consensus-types/src/round.rs:3:use amun_kernel_types::Round;
crates/amun-consensus-types/src/round.rs:6:#[derive(Clone, Copy, Debug, PartialEq, Eq, PartialOrd, Ord, Hash)]
crates/amun-consensus-types/src/round.rs:9:impl ConsensusRound {
crates/amun-consensus-types/src/tests.rs:2:use crate::*;
crates/amun-consensus-types/src/tests.rs:3:use amun_codec::CanonicalDecode;
crates/amun-consensus-types/src/tests.rs:4:use amun_codec::CanonicalEncode;
crates/amun-consensus-types/src/tests.rs:5:use amun_kernel_types::*;
crates/amun-consensus-types/src/validator.rs:17:impl CanonicalEncode for ValidatorIndex {
crates/amun-consensus-types/src/validator.rs:19:    fn encode_to_writer(&self, writer: &mut impl CanonicalWriter) -> WriteResult {
crates/amun-consensus-types/src/validator.rs:1:use amun_codec::{CanonicalDecode, CanonicalEncode, CanonicalWriter, WriteResult};
crates/amun-consensus-types/src/validator.rs:24:impl CanonicalDecode for ValidatorIndex {
crates/amun-consensus-types/src/validator.rs:2:use amun_failure::AmunResult;
crates/amun-consensus-types/src/validator.rs:5:#[derive(Clone, Copy, Debug, PartialEq, Eq, PartialOrd, Ord, Hash)]
crates/amun-consensus-types/src/validator.rs:8:impl ValidatorIndex {
crates/amun-consensus-types/src/vote.rs:18:impl Vote {
crates/amun-consensus-types/src/vote.rs:1:use crate::phase::ConsensusPhase;
crates/amun-consensus-types/src/vote.rs:2:use crate::round::ConsensusRound;
crates/amun-consensus-types/src/vote.rs:3:use crate::validator::ValidatorIndex;
crates/amun-consensus-types/src/vote.rs:43:impl CanonicalEncode for Vote {
crates/amun-consensus-types/src/vote.rs:45:    fn encode_to_writer(&self, writer: &mut impl CanonicalWriter) -> WriteResult {
crates/amun-consensus-types/src/vote.rs:4:use amun_codec::{CanonicalDecode, CanonicalEncode, CanonicalWriter, WriteResult};
crates/amun-consensus-types/src/vote.rs:56:impl CanonicalDecode for Vote {
crates/amun-consensus-types/src/vote.rs:5:use amun_failure::AmunResult;
crates/amun-consensus-types/src/vote.rs:6:use amun_kernel_types::{BlockHash, Epoch, ValidatorId};
crates/amun-consensus-types/src/vote.rs:8:#[derive(Clone, Debug, PartialEq, Eq)]
crates/amun-consensus/amun_consensus/src/block/mod.rs:113:#[derive(Debug, Clone)]
crates/amun-consensus/amun_consensus/src/block/mod.rs:119:impl Block {
crates/amun-consensus/amun_consensus/src/block/mod.rs:12:impl BlockVersion {
crates/amun-consensus/amun_consensus/src/block/mod.rs:133:mod tests {
crates/amun-consensus/amun_consensus/src/block/mod.rs:134:    use super::*;
crates/amun-consensus/amun_consensus/src/block/mod.rs:135:    use amun_state_machine::{EventType, Fixed};
crates/amun-consensus/amun_consensus/src/block/mod.rs:18:#[derive(Debug, Clone)]
crates/amun-consensus/amun_consensus/src/block/mod.rs:32:impl BlockHeader {
crates/amun-consensus/amun_consensus/src/block/mod.rs:3:use sha2::{Sha256, Digest};
crates/amun-consensus/amun_consensus/src/block/mod.rs:4:use amun_state_machine::{Event, CanonicalOrdering};
crates/amun-consensus/amun_consensus/src/block/mod.rs:6:#[derive(Debug, Clone, Copy, PartialEq, Eq)]
crates/amun-consensus/amun_consensus/src/block/mod.rs:79:#[derive(Debug, Clone)]
crates/amun-consensus/amun_consensus/src/block/mod.rs:84:impl BlockBody {
crates/amun-consensus/amun_consensus/src/lib.rs:3:pub mod block;
crates/amun-consensus/amun_consensus/src/lib.rs:4:pub mod execution;
crates/amun-consensus/amun_consensus/src/lib.rs:5:pub mod vote;
crates/amun-consensus/amun_consensus/src/lib.rs:7:pub use block::{Block, BlockHeader, BlockBody, BlockVersion};
crates/amun-consensus/src/action.rs:129:#[derive(Debug, Clone)]
crates/amun-consensus/src/action.rs:136:impl EvidenceProof {
crates/amun-consensus/src/action.rs:14:#[derive(Debug, Clone)]
crates/amun-consensus/src/action.rs:1:use crate::types::{BlockProposal, QuorumCertificate, Vote};
crates/amun-consensus/src/action.rs:25:impl ActionRecord {
crates/amun-consensus/src/action.rs:2:use amun_constitutional_commitments::smt::MerkleProof;
crates/amun-consensus/src/action.rs:46:#[derive(Debug, Clone, Default)]
crates/amun-consensus/src/action.rs:4:#[derive(Debug, Clone)]
crates/amun-consensus/src/action.rs:51:impl ActionLog {
crates/amun-consensus/src/lib.rs:1:pub mod action;
crates/amun-consensus/src/lib.rs:2:pub mod pacemaker;
crates/amun-consensus/src/lib.rs:3:pub mod proposal_manager;
crates/amun-consensus/src/lib.rs:4:pub mod round_state_machine;
crates/amun-consensus/src/lib.rs:5:pub mod state;
crates/amun-consensus/src/lib.rs:6:pub mod types;
crates/amun-consensus/src/lib.rs:7:pub mod validator;
crates/amun-consensus/src/lib.rs:8:pub mod vote_collector;
crates/amun-consensus/src/pacemaker.rs:10:impl FixedMultiplier {
crates/amun-consensus/src/pacemaker.rs:1:use crate::state::ConsensusStep;
crates/amun-consensus/src/pacemaker.rs:28:#[derive(Debug, Clone, Serialize, Deserialize)]
crates/amun-consensus/src/pacemaker.rs:2:use serde::{Deserialize, Serialize};
crates/amun-consensus/src/pacemaker.rs:37:impl Default for PacemakerConfig {
crates/amun-consensus/src/pacemaker.rs:49:#[derive(Debug, Clone, Serialize, Deserialize)]
crates/amun-consensus/src/pacemaker.rs:4:#[derive(Debug, Clone, Copy, Serialize, Deserialize)]
crates/amun-consensus/src/pacemaker.rs:54:impl Pacemaker {
crates/amun-consensus/src/proposal_manager.rs:10:impl LeaderSelector for RoundRobinSelector {
crates/amun-consensus/src/proposal_manager.rs:1:use crate::types::{BlockProposal, Hash256};
crates/amun-consensus/src/proposal_manager.rs:25:impl ProposalManager {
crates/amun-consensus/src/proposal_manager.rs:2:use crate::validator::ValidatorSet;
crates/amun-consensus/src/proposal_manager.rs:4:pub trait LeaderSelector: Send + Sync {
crates/amun-consensus/src/proposal_manager.rs:73:impl Default for ProposalManager {
crates/amun-consensus/src/round_state_machine.rs:1:use crate::action::{ActionLog, ConsensusAction};
crates/amun-consensus/src/round_state_machine.rs:22:impl RoundStateMachine {
crates/amun-consensus/src/round_state_machine.rs:2:use crate::pacemaker::Pacemaker;
crates/amun-consensus/src/round_state_machine.rs:3:use crate::state::{ConsensusState, ConsensusStep};
crates/amun-consensus/src/round_state_machine.rs:4:use crate::types::{BlockProposal, QuorumCertificate, Vote, VoteType};
crates/amun-consensus/src/round_state_machine.rs:5:use crate::validator::ValidatorSet;
crates/amun-consensus/src/round_state_machine.rs:6:use crate::vote_collector::VoteCollector;
crates/amun-consensus/src/state.rs:11:#[derive(Debug, Clone, Serialize, Deserialize)]
crates/amun-consensus/src/state.rs:1:use serde::{Deserialize, Serialize};
crates/amun-consensus/src/state.rs:22:impl ConsensusState {
crates/amun-consensus/src/state.rs:3:#[derive(Debug, Clone, Copy, PartialEq, Eq, Serialize, Deserialize)]
crates/amun-consensus/src/types.rs:15:#[derive(Debug, Clone, Serialize, Deserialize)]
crates/amun-consensus/src/types.rs:1:use serde::{Deserialize, Serialize};
crates/amun-consensus/src/types.rs:25:#[derive(Debug, Clone, Copy, PartialEq, Eq, Hash, Serialize, Deserialize)]
crates/amun-consensus/src/types.rs:31:#[derive(Debug, Clone, Serialize, Deserialize)]
crates/amun-consensus/src/types.rs:6:#[derive(Debug, Clone, Serialize, Deserialize)]
crates/amun-consensus/src/validator.rs:11:#[derive(Debug, Clone, Serialize, Deserialize)]
crates/amun-consensus/src/validator.rs:1:use crate::types::Hash256;
crates/amun-consensus/src/validator.rs:21:impl ValidatorSet {
crates/amun-consensus/src/validator.rs:2:use serde::{Deserialize, Serialize};
crates/amun-consensus/src/validator.rs:3:use std::collections::{HashMap, HashSet};
crates/amun-consensus/src/validator.rs:5:#[derive(Debug, Clone, Serialize, Deserialize)]
crates/amun-consensus/src/vote_collector.rs:12:impl VoteKey {
crates/amun-consensus/src/vote_collector.rs:1:use crate::types::{Hash256, QuorumCertificate, Vote, VoteType};
crates/amun-consensus/src/vote_collector.rs:27:impl VoteCollector {
crates/amun-consensus/src/vote_collector.rs:2:use crate::validator::ValidatorSet;
crates/amun-consensus/src/vote_collector.rs:3:use std::collections::{HashMap, HashSet};
crates/amun-consensus/src/vote_collector.rs:5:#[derive(Debug, Clone, PartialEq, Eq, Hash)]
crates/amun-consensus/src/vote_collector.rs:69:impl Default for VoteCollector {
crates/amun-constitution-builder/src/canonical_bytes.rs:5:pub trait CanonicalSerialize {
crates/amun-constitution-builder/src/certificate.rs:11:#[derive(Debug, Clone, Serialize, Deserialize, PartialEq)]
crates/amun-constitution-builder/src/certificate.rs:23:impl ArtifactDigest for FreezeCertificate {
crates/amun-constitution-builder/src/certificate.rs:29:impl FreezeCertificate {
crates/amun-constitution-builder/src/certificate.rs:59:impl CanonicalEmit for FreezeCertificate {
crates/amun-constitution-builder/src/certificate.rs:5:use crate::canonical_bytes::CanonicalSerialize;
crates/amun-constitution-builder/src/certificate.rs:6:use crate::digest::ArtifactDigest;
crates/amun-constitution-builder/src/certificate.rs:7:use crate::emitter::CanonicalEmit;
crates/amun-constitution-builder/src/certificate.rs:81:impl CanonicalSerialize for FreezeCertificate {
crates/amun-constitution-builder/src/certificate.rs:8:use crate::normalize::DeterministicNormalizer;
crates/amun-constitution-builder/src/certificate.rs:9:use serde::{Deserialize, Serialize};
crates/amun-constitution-builder/src/digest.rs:5:use crate::canonical_bytes::CanonicalSerialize;
crates/amun-constitution-builder/src/digest.rs:6:use blake3::Hasher;
crates/amun-constitution-builder/src/digest.rs:8:pub trait ArtifactDigest: CanonicalSerialize {
crates/amun-constitution-builder/src/emitter.rs:5:pub trait CanonicalEmit {
crates/amun-constitution-builder/src/federation.rs:105:impl CanonicalSerialize for FederationArtifact {
crates/amun-constitution-builder/src/federation.rs:11:#[derive(Debug, Clone, Serialize, Deserialize, PartialEq)]
crates/amun-constitution-builder/src/federation.rs:28:impl ArtifactDigest for FederationArtifact {
crates/amun-constitution-builder/src/federation.rs:34:impl FederationArtifact {
crates/amun-constitution-builder/src/federation.rs:5:use crate::canonical_bytes::CanonicalSerialize;
crates/amun-constitution-builder/src/federation.rs:6:use crate::digest::ArtifactDigest;
crates/amun-constitution-builder/src/federation.rs:70:impl CanonicalEmit for FederationArtifact {
crates/amun-constitution-builder/src/federation.rs:7:use crate::emitter::CanonicalEmit;
crates/amun-constitution-builder/src/federation.rs:8:use crate::normalize::DeterministicNormalizer;
crates/amun-constitution-builder/src/federation.rs:9:use serde::{Deserialize, Serialize};
crates/amun-constitution-builder/src/hashing.rs:5:use blake3::Hasher;
crates/amun-constitution-builder/src/hashing.rs:6:use std::fs;
crates/amun-constitution-builder/src/hashing.rs:7:use std::path::Path;
crates/amun-constitution-builder/src/hashing.rs:9:#[derive(Debug, Clone)]
crates/amun-constitution-builder/src/lib.rs:10:pub mod hashing;
crates/amun-constitution-builder/src/lib.rs:11:pub mod manifest;
crates/amun-constitution-builder/src/lib.rs:12:pub mod normalize;
crates/amun-constitution-builder/src/lib.rs:13:pub mod treaty;
crates/amun-constitution-builder/src/lib.rs:14:pub mod types;
crates/amun-constitution-builder/src/lib.rs:15:pub mod verify;
crates/amun-constitution-builder/src/lib.rs:17:pub use canonical_bytes::CanonicalSerialize;
crates/amun-constitution-builder/src/lib.rs:18:pub use certificate::FreezeCertificate;
crates/amun-constitution-builder/src/lib.rs:19:pub use digest::ArtifactDigest;
crates/amun-constitution-builder/src/lib.rs:20:pub use emitter::CanonicalEmit;
crates/amun-constitution-builder/src/lib.rs:21:pub use federation::FederationArtifact;
crates/amun-constitution-builder/src/lib.rs:22:pub use hashing::{compute_all_hashes, compute_specification_hash, SpecificationHashes};
crates/amun-constitution-builder/src/lib.rs:23:pub use manifest::ConstitutionalManifest;
crates/amun-constitution-builder/src/lib.rs:24:pub use normalize::DeterministicNormalizer;
crates/amun-constitution-builder/src/lib.rs:25:pub use treaty::TreatyArtifact;
crates/amun-constitution-builder/src/lib.rs:26:pub use types::*;
crates/amun-constitution-builder/src/lib.rs:27:pub use verify::VerificationEngine;
crates/amun-constitution-builder/src/lib.rs:5:pub mod canonical_bytes;
crates/amun-constitution-builder/src/lib.rs:6:pub mod certificate;
crates/amun-constitution-builder/src/lib.rs:7:pub mod digest;
crates/amun-constitution-builder/src/lib.rs:8:pub mod emitter;
crates/amun-constitution-builder/src/lib.rs:9:pub mod federation;
crates/amun-constitution-builder/src/manifest.rs:11:#[derive(Debug, Clone, Serialize, Deserialize, PartialEq)]
crates/amun-constitution-builder/src/manifest.rs:27:impl ArtifactDigest for ConstitutionalManifest {
crates/amun-constitution-builder/src/manifest.rs:33:impl ConstitutionalManifest {
crates/amun-constitution-builder/src/manifest.rs:51:impl CanonicalEmit for ConstitutionalManifest {
crates/amun-constitution-builder/src/manifest.rs:5:use crate::canonical_bytes::CanonicalSerialize;
crates/amun-constitution-builder/src/manifest.rs:6:use crate::digest::ArtifactDigest;
crates/amun-constitution-builder/src/manifest.rs:7:use crate::emitter::CanonicalEmit;
crates/amun-constitution-builder/src/manifest.rs:82:impl CanonicalSerialize for ConstitutionalManifest {
crates/amun-constitution-builder/src/manifest.rs:8:use crate::normalize::DeterministicNormalizer;
crates/amun-constitution-builder/src/manifest.rs:9:use serde::{Deserialize, Serialize};
crates/amun-constitution-builder/src/normalize.rs:7:impl DeterministicNormalizer {
crates/amun-constitution-builder/src/treaty.rs:11:#[derive(Debug, Clone, Serialize, Deserialize, PartialEq)]
crates/amun-constitution-builder/src/treaty.rs:24:impl ArtifactDigest for TreatyArtifact {
crates/amun-constitution-builder/src/treaty.rs:30:impl TreatyArtifact {
crates/amun-constitution-builder/src/treaty.rs:49:impl CanonicalEmit for TreatyArtifact {
crates/amun-constitution-builder/src/treaty.rs:5:use crate::canonical_bytes::CanonicalSerialize;
crates/amun-constitution-builder/src/treaty.rs:6:use crate::digest::ArtifactDigest;
crates/amun-constitution-builder/src/treaty.rs:7:use crate::emitter::CanonicalEmit;
crates/amun-constitution-builder/src/treaty.rs:82:impl CanonicalSerialize for TreatyArtifact {
crates/amun-constitution-builder/src/treaty.rs:8:use crate::normalize::DeterministicNormalizer;
crates/amun-constitution-builder/src/treaty.rs:9:use serde::{Deserialize, Serialize};
crates/amun-constitution-builder/src/verify.rs:5:use crate::canonical_bytes::CanonicalSerialize;
crates/amun-constitution-builder/src/verify.rs:9:impl VerificationEngine {
crates/amun-constitution-builder/tests/determinism_tests.rs:1:use amun_constitution_builder::*;
crates/amun-constitution-core/src/ancestry.rs:1:use amun_chain_position::ChainPosition;
crates/amun-constitution-core/src/lib.rs:10:pub use quorum::{has_quorum, quorum_threshold};
crates/amun-constitution-core/src/lib.rs:11:pub use round::is_legal_round_progression;
crates/amun-constitution-core/src/lib.rs:1:pub mod ancestry;
crates/amun-constitution-core/src/lib.rs:2:pub mod ordering;
crates/amun-constitution-core/src/lib.rs:3:pub mod phase;
crates/amun-constitution-core/src/lib.rs:4:pub mod quorum;
crates/amun-constitution-core/src/lib.rs:5:pub mod round;
crates/amun-constitution-core/src/lib.rs:7:pub use ancestry::is_descendant_of;
crates/amun-constitution-core/src/lib.rs:8:pub use ordering::canonical_validator_order;
crates/amun-constitution-core/src/lib.rs:9:pub use phase::is_legal_phase_transition;
crates/amun-constitution-core/src/phase.rs:2:#[derive(Debug, Clone, Copy, PartialEq, Eq, PartialOrd, Ord)]
crates/amun-constitution-core/src/phase.rs:9:impl ConstitutionalPhase {
crates/amun-constitution/src/activation.rs:12:#[derive(Clone, Debug)]
crates/amun-constitution/src/activation.rs:1:use crate::canonical_form::ConstitutionDomain;
crates/amun-constitution/src/activation.rs:20:impl ActivationSchedule {
crates/amun-constitution/src/activation.rs:2:use amun_kernel_types::Hash;
crates/amun-constitution/src/activation.rs:4:#[derive(Clone, Copy, Debug, PartialEq, Eq)]
crates/amun-constitution/src/adaptive_adversary.rs:12:impl AdaptiveCorruptionConstraints {
crates/amun-constitution/src/adaptive_adversary.rs:23:#[derive(Clone, Copy, Debug, PartialEq, Eq)]
crates/amun-constitution/src/adaptive_adversary.rs:35:impl ValidatorCorruptionState {
crates/amun-constitution/src/adaptive_adversary.rs:4:#[derive(Clone, Copy, Debug)]
crates/amun-constitution/src/adversary_model.rs:13:#[derive(Clone, Debug)]
crates/amun-constitution/src/adversary_model.rs:3:#[derive(Clone, Debug)]
crates/amun-constitution/src/canonical_form.rs:23:impl ConstitutionalCanonicalForm {
crates/amun-constitution/src/canonical_form.rs:3:use crate::capacity::ProtocolCapacities;
crates/amun-constitution/src/canonical_form.rs:4:use amun_kernel_types::Hash;
crates/amun-constitution/src/canonical_form.rs:6:#[derive(Clone, Copy, Debug, PartialEq, Eq)]
crates/amun-constitution/src/canonical_form.rs:9:#[derive(Clone, Debug)]
crates/amun-constitution/src/capacity.rs:14:impl ProtocolCapacities {
crates/amun-constitution/src/capacity.rs:3:pub use amun_kernel_types::constitutional_capacity;
crates/amun-constitution/src/capacity.rs:5:#[derive(Clone, Copy, Debug, PartialEq, Eq)]
crates/amun-constitution/src/crypto.rs:3:pub mod crypto_constitution {
crates/amun-constitution/src/deterministic_execution.rs:10:impl DeterministicExecution for [u8; 32] {}
crates/amun-constitution/src/deterministic_execution.rs:11:impl DeterministicExecution for [u8; 64] {}
crates/amun-constitution/src/deterministic_execution.rs:4:pub trait DeterministicExecution: Sized {}
crates/amun-constitution/src/deterministic_execution.rs:6:impl DeterministicExecution for u8 {}
crates/amun-constitution/src/deterministic_execution.rs:7:impl DeterministicExecution for u16 {}
crates/amun-constitution/src/deterministic_execution.rs:8:impl DeterministicExecution for u32 {}
crates/amun-constitution/src/deterministic_execution.rs:9:impl DeterministicExecution for u64 {}
crates/amun-constitution/src/economics.rs:16:impl ConsensusResourceBudget {
crates/amun-constitution/src/economics.rs:3:use amun_failure::{module_ids, operation_ids, AmunResult, ConstitutionalFault, FailureContext};
crates/amun-constitution/src/economics.rs:49:impl Default for ConsensusResourceBudget {
crates/amun-constitution/src/economics.rs:9:#[derive(Clone, Debug)]
crates/amun-constitution/src/execution_semantics.rs:17:#[derive(Clone, Debug)]
crates/amun-constitution/src/execution_semantics.rs:23:#[derive(Clone, Debug)]
crates/amun-constitution/src/execution_semantics.rs:38:#[derive(Clone, Debug, PartialEq, Eq)]
crates/amun-constitution/src/execution_semantics.rs:3:use crate::economics::ConsensusResourceBudget;
crates/amun-constitution/src/execution_semantics.rs:41:#[derive(Clone, Debug)]
crates/amun-constitution/src/execution_semantics.rs:44:impl Block {
crates/amun-constitution/src/execution_semantics.rs:4:use amun_failure::FailureContext;
crates/amun-constitution/src/execution_semantics.rs:50:pub trait StateMachine {
crates/amun-constitution/src/execution_semantics.rs:5:use amun_kernel_types::{BlockHash, Gas, StateCommitment};
crates/amun-constitution/src/execution_semantics.rs:6:use heapless::Vec;
crates/amun-constitution/src/execution_semantics.rs:8:#[derive(Clone, Debug)]
crates/amun-constitution/src/filesystem_semantics.rs:3:#[derive(Clone, Copy, Debug)]
crates/amun-constitution/src/fork_choice.rs:13:#[derive(Clone, Debug)]
crates/amun-constitution/src/fork_choice.rs:21:impl BlockDAG {
crates/amun-constitution/src/fork_choice.rs:32:impl ForkChoiceFunction {
crates/amun-constitution/src/fork_choice.rs:3:use amun_kernel_types::BlockHash;
crates/amun-constitution/src/fork_choice.rs:4:use heapless::Vec;
crates/amun-constitution/src/fork_choice.rs:6:#[derive(Clone, Debug)]
crates/amun-constitution/src/freeze_map.rs:20:#[derive(Debug, Clone, Copy, PartialEq, Eq)]
crates/amun-constitution/src/freeze_map.rs:32:#[derive(Debug, Clone, PartialEq, Eq)]
crates/amun-constitution/src/freeze_map.rs:45:impl ConstitutionalFreezeMap {
crates/amun-constitution/src/freeze_map.rs:4:#[derive(Debug, Clone, Copy, PartialEq, Eq)]
crates/amun-constitution/src/freeze_validator.rs:14:#[derive(Debug, Clone, Default)]
crates/amun-constitution/src/freeze_validator.rs:1:use super::freeze_map::{ConstitutionalFreezeMap, FreezeBoundary, MutabilityClass};
crates/amun-constitution/src/freeze_validator.rs:27:impl FreezeBoundaryValidator {
crates/amun-constitution/src/freeze_validator.rs:2:use amun_lineage::record::EvolutionProof;
crates/amun-constitution/src/freeze_validator.rs:4:#[derive(Debug, Clone, PartialEq, Eq)]
crates/amun-constitution/src/gas.rs:13:impl GasMeter {
crates/amun-constitution/src/gas.rs:1:pub mod gas_costs {
crates/amun-constitution/src/gas.rs:7:#[derive(Clone, Debug)]
crates/amun-constitution/src/hash_domains.rs:14:impl HashDomain {
crates/amun-constitution/src/hash_domains.rs:1:#[derive(Clone, Copy, Debug, PartialEq, Eq)]
crates/amun-constitution/src/lib.rs:1:pub mod freeze_map;
crates/amun-constitution/src/lib.rs:2:pub mod freeze_validator;
crates/amun-constitution/src/lib.rs:3:pub use freeze_map::{ConstitutionalFreezeMap, FreezeBoundary, MutabilityClass, QuorumClass};
crates/amun-constitution/src/lib.rs:4:pub use freeze_validator::{FreezeBoundaryValidator, FreezeViolation, ValidationContext};
crates/amun-constitution/src/liveness.rs:12:impl LogicalLivenessParameters {
crates/amun-constitution/src/liveness.rs:34:#[derive(Clone, Debug)]
crates/amun-constitution/src/liveness.rs:3:#[derive(Clone, Copy, Debug)]
crates/amun-constitution/src/liveness.rs:41:impl TimeoutCertificate {
crates/amun-constitution/src/operational_semantics.rs:15:#[derive(Clone, Debug)]
crates/amun-constitution/src/operational_semantics.rs:3:use crate::execution_semantics::{Event, Transaction};
crates/amun-constitution/src/operational_semantics.rs:4:use amun_kernel_types::StateCommitment;
crates/amun-constitution/src/operational_semantics.rs:5:use heapless::Vec;
crates/amun-constitution/src/operational_semantics.rs:7:#[derive(Clone, Debug)]
crates/amun-constitution/src/quorum_transition.rs:10:impl QuorumTransitionParameters {
crates/amun-constitution/src/quorum_transition.rs:3:#[derive(Clone, Copy, Debug)]
crates/amun-constitution/src/replay.rs:16:impl ReplayContext {
crates/amun-constitution/src/replay.rs:1:use amun_codec::{CanonicalDecode, CanonicalEncode, CanonicalWriter, WriteResult};
crates/amun-constitution/src/replay.rs:2:use amun_failure::{AmunResult, ConstitutionalFault, FailureContext};
crates/amun-constitution/src/replay.rs:3:use amun_kernel_types::{ChainId, Epoch, PublicHash32};
crates/amun-constitution/src/replay.rs:53:impl CanonicalEncode for ReplayContext {
crates/amun-constitution/src/replay.rs:55:    fn encode_to_writer(&self, writer: &mut impl CanonicalWriter) -> WriteResult {
crates/amun-constitution/src/replay.rs:5:#[derive(Clone, Copy, Debug, PartialEq, Eq)]
crates/amun-constitution/src/replay.rs:61:impl CanonicalDecode for ReplayContext {
crates/amun-constitution/src/rushing_adversary.rs:3:#[derive(Clone, Debug)]
crates/amun-constitution/src/stake_quorum.rs:10:#[derive(Clone, Copy, Debug)]
crates/amun-constitution/src/stake_quorum.rs:16:#[derive(Clone, Debug)]
crates/amun-constitution/src/stake_quorum.rs:22:impl WeightedValidatorSet {
crates/amun-constitution/src/stake_quorum.rs:3:use amun_kernel_types::ValidatorId;
crates/amun-constitution/src/stake_quorum.rs:4:use heapless::Vec;
crates/amun-constitution/src/stake_quorum.rs:79:impl Default for WeightedValidatorSet {
crates/amun-constitution/src/stake_quorum.rs:7:#[derive(Clone, Copy, Debug, PartialEq, Eq, PartialOrd, Ord)]
crates/amun-constitution/src/storage.rs:14:#[derive(Clone, Debug)]
crates/amun-constitution/src/storage.rs:22:impl WALEntry {
crates/amun-constitution/src/storage.rs:3:use heapless::Vec;
crates/amun-constitution/src/storage.rs:5:#[derive(Clone, Copy, Debug, PartialEq, Eq)]
crates/amun-constitution/src/synchrony.rs:15:#[derive(Clone, Debug)]
crates/amun-constitution/src/synchrony.rs:22:impl SynchronyProof {
crates/amun-constitution/src/synchrony.rs:3:#[derive(Clone, Copy, Debug, PartialEq, Eq)]
crates/amun-constitution/src/synchrony.rs:9:#[derive(Clone, Copy, Debug)]
crates/amun-constitution/src/tests.rs:2:use crate::capacity::*;
crates/amun-constitution/src/tests.rs:3:use crate::liveness::*;
crates/amun-constitution/src/tests.rs:4:use crate::quorum_transition::*;
crates/amun-constitutional-authority-semantics/src/capability.rs:17:impl ArtifactDigest for AuthorityCapability {
crates/amun-constitutional-authority-semantics/src/capability.rs:1:use amun_constitution_builder::canonical_bytes::CanonicalSerialize;
crates/amun-constitutional-authority-semantics/src/capability.rs:23:impl AuthorityCapability {
crates/amun-constitutional-authority-semantics/src/capability.rs:2:use amun_constitution_builder::digest::ArtifactDigest;
crates/amun-constitutional-authority-semantics/src/capability.rs:3:use serde::{Deserialize, Serialize};
crates/amun-constitutional-authority-semantics/src/capability.rs:5:#[derive(Debug, Clone, Serialize, Deserialize, PartialEq)]
crates/amun-constitutional-authority-semantics/src/capability.rs:60:impl CanonicalSerialize for AuthorityCapability {
crates/amun-constitutional-authority-semantics/src/delegation.rs:1:use crate::capability::CapabilityWitness;
crates/amun-constitutional-authority-semantics/src/delegation.rs:2:use serde::{Deserialize, Serialize};
crates/amun-constitutional-authority-semantics/src/delegation.rs:4:#[derive(Debug, Clone, Serialize, Deserialize, PartialEq)]
crates/amun-constitutional-authority-semantics/src/delegation.rs:9:impl DelegationChain {
crates/amun-constitutional-authority-semantics/src/institution.rs:16:#[derive(Debug, Clone, Serialize, Deserialize, PartialEq)]
crates/amun-constitutional-authority-semantics/src/institution.rs:1:use crate::capability::AuthorityCapability;
crates/amun-constitutional-authority-semantics/src/institution.rs:2:use amun_peer_identity::ConstitutionalPeerId;
crates/amun-constitutional-authority-semantics/src/institution.rs:3:use serde::{Deserialize, Serialize};
crates/amun-constitutional-authority-semantics/src/institution.rs:8:#[derive(Debug, Clone, Serialize, Deserialize, PartialEq)]
crates/amun-constitutional-authority-semantics/src/lib.rs:10:pub mod institution;
crates/amun-constitutional-authority-semantics/src/lib.rs:11:pub mod revocation;
crates/amun-constitutional-authority-semantics/src/lib.rs:13:pub use capability::{AuthorityCapability, CapabilityWitness};
crates/amun-constitutional-authority-semantics/src/lib.rs:14:pub use delegation::{DelegationChain, DelegationProof};
crates/amun-constitutional-authority-semantics/src/lib.rs:15:pub use institution::{InstitutionalActor, InstitutionalWitness};
crates/amun-constitutional-authority-semantics/src/lib.rs:16:pub use revocation::{RevocationRegistry, RevocationWitness};
crates/amun-constitutional-authority-semantics/src/lib.rs:8:pub mod capability;
crates/amun-constitutional-authority-semantics/src/lib.rs:9:pub mod delegation;
crates/amun-constitutional-authority-semantics/src/revocation.rs:13:#[derive(Debug, Clone, Serialize, Deserialize, Default)]
crates/amun-constitutional-authority-semantics/src/revocation.rs:18:impl RevocationRegistry {
crates/amun-constitutional-authority-semantics/src/revocation.rs:1:use serde::{Deserialize, Serialize};
crates/amun-constitutional-authority-semantics/src/revocation.rs:2:use std::collections::BTreeSet;
crates/amun-constitutional-authority-semantics/src/revocation.rs:5:#[derive(Debug, Clone, Serialize, Deserialize, PartialEq)]
crates/amun-constitutional-authority-semantics/tests/authority_tests.rs:1:use amun_constitutional_authority_semantics::capability::{AuthorityCapability, CapabilityWitness};
crates/amun-constitutional-authority-semantics/tests/authority_tests.rs:2:use amun_constitutional_authority_semantics::delegation::DelegationChain;
crates/amun-constitutional-authority-semantics/tests/authority_tests.rs:3:use amun_constitutional_authority_semantics::revocation::{RevocationRegistry, RevocationWitness};
crates/amun-constitutional-authority-semantics/tests/authority_tests.rs:4:use amun_constitutional_signing::ConstitutionalKeyPair;
crates/amun-constitutional-authority/src/certificate.rs:125:    /// because those fields depend on the identity itself for root
crates/amun-constitutional-authority/src/certificate.rs:13:#[derive(Debug, Clone, Serialize, Deserialize, PartialEq)]
crates/amun-constitutional-authority/src/certificate.rs:141:impl CanonicalSerialize for ConstitutionalCertificate {
crates/amun-constitutional-authority/src/certificate.rs:28:impl ArtifactDigest for ConstitutionalCertificate {
crates/amun-constitutional-authority/src/certificate.rs:41:impl ConstitutionalCertificate {
crates/amun-constitutional-authority/src/certificate.rs:5:use amun_constitution_builder::{canonical_bytes::CanonicalSerialize, digest::ArtifactDigest};
crates/amun-constitutional-authority/src/certificate.rs:6:use serde::{Deserialize, Serialize};
crates/amun-constitutional-authority/src/certificate.rs:8:/// A constitutional certificate whose identity is derived from a
crates/amun-constitutional-authority/src/chain.rs:14:impl CertificateChain {
crates/amun-constitutional-authority/src/chain.rs:5:use crate::certificate::ConstitutionalCertificate;
crates/amun-constitutional-authority/src/chain.rs:6:use crate::revocation::RevocationRegistry;
crates/amun-constitutional-authority/src/chain.rs:7:use amun_constitutional_signing::SignedArtifact;
crates/amun-constitutional-authority/src/lib.rs:20:pub mod certificate;
crates/amun-constitutional-authority/src/lib.rs:21:pub mod chain;
crates/amun-constitutional-authority/src/lib.rs:22:pub mod revocation;
crates/amun-constitutional-authority/src/lib.rs:23:pub mod rotation;
crates/amun-constitutional-authority/src/lib.rs:24:pub mod trust;
crates/amun-constitutional-authority/src/lib.rs:26:pub use certificate::ConstitutionalCertificate;
crates/amun-constitutional-authority/src/lib.rs:27:pub use chain::CertificateChain;
crates/amun-constitutional-authority/src/lib.rs:28:pub use revocation::RevocationRegistry;
crates/amun-constitutional-authority/src/lib.rs:29:pub use rotation::KeyRotationLaw;
crates/amun-constitutional-authority/src/lib.rs:30:pub use trust::TrustAnchor;
crates/amun-constitutional-authority/src/revocation.rs:12:#[derive(Debug, Clone, Serialize, Deserialize, Default)]
crates/amun-constitutional-authority/src/revocation.rs:17:impl RevocationRegistry {
crates/amun-constitutional-authority/src/revocation.rs:5:use serde::{Deserialize, Serialize};
crates/amun-constitutional-authority/src/revocation.rs:6:use std::collections::BTreeSet;
crates/amun-constitutional-authority/src/rotation.rs:11:impl KeyRotationLaw {
crates/amun-constitutional-authority/src/rotation.rs:5:use crate::certificate::ConstitutionalCertificate;
crates/amun-constitutional-authority/src/rotation.rs:6:use amun_constitutional_signing::{ConstitutionalKeyPair, SignedArtifact};
crates/amun-constitutional-authority/src/trust.rs:16:impl TrustAnchor {
crates/amun-constitutional-authority/src/trust.rs:5:use crate::certificate::ConstitutionalCertificate;
crates/amun-constitutional-authority/src/trust.rs:6:use amun_constitutional_signing::SignedArtifact;
crates/amun-constitutional-authority/tests/authority_tests.rs:1:use amun_constitution_builder::digest::ArtifactDigest;
crates/amun-constitutional-authority/tests/authority_tests.rs:2:use amun_constitutional_authority::{
crates/amun-constitutional-authority/tests/authority_tests.rs:5:use amun_constitutional_signing::{ConstitutionalKeyPair, SignedArtifact};
crates/amun-constitutional-block/src/block.rs:1:use amun_constitutional_commitments::SparseMerkleTree;
crates/amun-constitutional-block/src/block.rs:21:impl ConstitutionalBlock {
crates/amun-constitutional-block/src/block.rs:2:use amun_constitutional_kernel::receipt::ExecutionReceipt;
crates/amun-constitutional-block/src/block.rs:3:use serde::{Deserialize, Serialize};
crates/amun-constitutional-block/src/block.rs:5:#[derive(Debug, Clone, Serialize, Deserialize, PartialEq)]
crates/amun-constitutional-block/src/block.rs:71:impl BlockBuilder {
crates/amun-constitutional-block/src/chain.rs:12:impl Blockchain {
crates/amun-constitutional-block/src/chain.rs:59:impl Blockchain {
crates/amun-constitutional-block/src/chain.rs:5:use crate::block::ConstitutionalBlock;
crates/amun-constitutional-block/src/chain.rs:7:#[derive(Debug, Clone, Default)]
crates/amun-constitutional-block/src/finalizer.rs:18:impl BlockFinalizer {
crates/amun-constitutional-block/src/finalizer.rs:1:use crate::block::ConstitutionalBlock;
crates/amun-constitutional-block/src/finalizer.rs:2:use crate::chain::Blockchain;
crates/amun-constitutional-block/src/finalizer.rs:3:use amun_consensus::action::ActionLog;
crates/amun-constitutional-block/src/finalizer.rs:4:use amun_constitutional_state::ConstitutionalStateRuntime;
crates/amun-constitutional-block/src/finalizer.rs:6:#[derive(Debug, Clone)]
crates/amun-constitutional-block/src/lib.rs:104:use amun_constitutional_state::CertificateInclusionProof;
crates/amun-constitutional-block/src/lib.rs:32:pub mod block;
crates/amun-constitutional-block/src/lib.rs:33:pub mod chain;
crates/amun-constitutional-block/src/lib.rs:34:pub mod finalizer;
crates/amun-constitutional-block/src/lib.rs:36:pub use block::{BlockBuilder, ConstitutionalBlock};
crates/amun-constitutional-block/src/lib.rs:37:pub use chain::Blockchain;
crates/amun-constitutional-block/src/lib.rs:39:use amun_constitutional_state::{ConstitutionalStateRuntime, ReplayCertificate};
crates/amun-constitutional-block/src/lib.rs:75:use amun_constitutional_state::StateTransitionRecord;
crates/amun-constitutional-block/tests/block_tests.rs:169:    use amun_constitutional_block::verify_block_provenance;
crates/amun-constitutional-block/tests/block_tests.rs:170:    use amun_constitutional_state::ConstitutionalStateRuntime;
crates/amun-constitutional-block/tests/block_tests.rs:197:    use amun_constitutional_block::verify_block_provenance;
crates/amun-constitutional-block/tests/block_tests.rs:198:    use amun_constitutional_state::ConstitutionalStateRuntime;
crates/amun-constitutional-block/tests/block_tests.rs:1:use amun_constitutional_block::{Blockchain, ConstitutionalBlock};
crates/amun-constitutional-block/tests/block_tests.rs:225:    use amun_constitutional_block::verify_block_provenance;
crates/amun-constitutional-block/tests/block_tests.rs:226:    use amun_constitutional_state::ConstitutionalStateRuntime;
crates/amun-constitutional-block/tests/block_tests.rs:253:    use amun_constitutional_block::verify_full_replay;
crates/amun-constitutional-block/tests/block_tests.rs:254:    use amun_constitutional_state::ConstitutionalStateRuntime;
crates/amun-constitutional-block/tests/block_tests.rs:282:    use amun_constitutional_block::verify_full_replay;
crates/amun-constitutional-block/tests/block_tests.rs:283:    use amun_constitutional_state::ConstitutionalStateRuntime;
crates/amun-constitutional-block/tests/block_tests.rs:2:use amun_constitutional_commitments::SparseMerkleTree;
crates/amun-constitutional-block/tests/block_tests.rs:314:    use amun_constitutional_block::verify_full_replay;
crates/amun-constitutional-block/tests/block_tests.rs:315:    use amun_constitutional_state::ConstitutionalStateRuntime;
crates/amun-constitutional-block/tests/block_tests.rs:344:    use amun_constitutional_block::verify_light_client_proof;
crates/amun-constitutional-block/tests/block_tests.rs:345:    use amun_constitutional_state::ConstitutionalStateRuntime;
crates/amun-constitutional-block/tests/block_tests.rs:374:    use amun_constitutional_block::verify_light_client_proof;
crates/amun-constitutional-block/tests/block_tests.rs:375:    use amun_constitutional_state::ConstitutionalStateRuntime;
crates/amun-constitutional-block/tests/block_tests.rs:3:use amun_constitutional_kernel::receipt::ExecutionReceipt;
crates/amun-constitutional-block/tests/block_tests.rs:407:    use amun_constitutional_block::verify_light_client_proof;
crates/amun-constitutional-block/tests/block_tests.rs:408:    use amun_constitutional_state::ConstitutionalStateRuntime;
crates/amun-constitutional-block/tests/block_tests.rs:443:    use amun_constitutional_block::verify_light_client_proof;
crates/amun-constitutional-block/tests/block_tests.rs:444:    use amun_constitutional_state::ConstitutionalStateRuntime;
crates/amun-constitutional-block/tests/finalizer_tests.rs:1:use amun_consensus::action::{ActionLog, ConsensusAction};
crates/amun-constitutional-block/tests/finalizer_tests.rs:2:use amun_constitutional_block::{
crates/amun-constitutional-block/tests/finalizer_tests.rs:6:use amun_constitutional_state::ConstitutionalStateRuntime;
crates/amun-constitutional-block/tests/replay_tests.rs:1:use amun_consensus::action::{ActionLog, ConsensusAction};
crates/amun-constitutional-block/tests/replay_tests.rs:2:use amun_constitutional_block::{
crates/amun-constitutional-commitment/src/apphash.rs:1:use crate::commitment::ConstitutionalCommitment;
crates/amun-constitutional-commitment/src/apphash.rs:2:use crate::roots::commitment_root;
crates/amun-constitutional-commitment/src/apphash.rs:3:use crate::Hash32;
crates/amun-constitutional-commitment/src/apphash.rs:7:impl AppHashPipeline {
crates/amun-constitutional-commitment/src/commitment.rs:1:use crate::Hash32;
crates/amun-constitutional-commitment/src/commitment.rs:2:use serde::Serialize;
crates/amun-constitutional-commitment/src/commitment.rs:4:#[derive(Debug, Clone, PartialEq, Serialize)]
crates/amun-constitutional-commitment/src/economic_error.rs:1:use thiserror::Error;
crates/amun-constitutional-commitment/src/economic_error.rs:3:#[derive(Error, Debug, PartialEq)]
crates/amun-constitutional-commitment/src/economic_snapshot.rs:1:#[derive(Debug, Clone, Default, PartialEq, Eq)]
crates/amun-constitutional-commitment/src/economic_tree.rs:1:use crate::economic_error::EconomicError;
crates/amun-constitutional-commitment/src/economic_tree.rs:2:use crate::economic_snapshot::EconomicSnapshot;
crates/amun-constitutional-commitment/src/economic_tree.rs:3:use crate::Hash32;
crates/amun-constitutional-commitment/src/economic_tree.rs:43:impl EconomicTree {
crates/amun-constitutional-commitment/src/endblock.rs:1:use crate::commitment::ConstitutionalCommitment;
crates/amun-constitutional-commitment/src/endblock.rs:2:use crate::economic_snapshot::EconomicSnapshot;
crates/amun-constitutional-commitment/src/endblock.rs:3:use crate::economic_tree::EconomicTree;
crates/amun-constitutional-commitment/src/endblock.rs:4:use crate::roots::compute_constitutional_root;
crates/amun-constitutional-commitment/src/endblock.rs:5:use crate::Hash32;
crates/amun-constitutional-commitment/src/endblock.rs:9:impl EndBlockPipeline {
crates/amun-constitutional-commitment/src/lib.rs:10:pub mod serializer;
crates/amun-constitutional-commitment/src/lib.rs:11:pub mod state;
crates/amun-constitutional-commitment/src/lib.rs:12:pub mod verify;
crates/amun-constitutional-commitment/src/lib.rs:14:pub use apphash::AppHashPipeline;
crates/amun-constitutional-commitment/src/lib.rs:15:pub use commitment::ConstitutionalCommitment;
crates/amun-constitutional-commitment/src/lib.rs:16:pub use economic_error::EconomicError;
crates/amun-constitutional-commitment/src/lib.rs:17:pub use economic_snapshot::EconomicSnapshot;
crates/amun-constitutional-commitment/src/lib.rs:18:pub use economic_tree::EconomicTree;
crates/amun-constitutional-commitment/src/lib.rs:19:pub use endblock::EndBlockPipeline;
crates/amun-constitutional-commitment/src/lib.rs:1:pub mod apphash;
crates/amun-constitutional-commitment/src/lib.rs:20:pub use roots::{commitment_root, compute_constitutional_root};
crates/amun-constitutional-commitment/src/lib.rs:21:pub use roots_bundle::ConstitutionalRoots;
crates/amun-constitutional-commitment/src/lib.rs:22:pub use rpc::ConstitutionalStatus;
crates/amun-constitutional-commitment/src/lib.rs:23:pub use serializer::serialize_v1;
crates/amun-constitutional-commitment/src/lib.rs:24:pub use state::ConstitutionalState;
crates/amun-constitutional-commitment/src/lib.rs:25:pub use verify::{VerificationResult, Verifier};
crates/amun-constitutional-commitment/src/lib.rs:2:pub mod commitment;
crates/amun-constitutional-commitment/src/lib.rs:3:pub mod economic_error;
crates/amun-constitutional-commitment/src/lib.rs:4:pub mod economic_snapshot;
crates/amun-constitutional-commitment/src/lib.rs:5:pub mod economic_tree;
crates/amun-constitutional-commitment/src/lib.rs:6:pub mod endblock;
crates/amun-constitutional-commitment/src/lib.rs:7:pub mod roots;
crates/amun-constitutional-commitment/src/lib.rs:8:pub mod roots_bundle;
crates/amun-constitutional-commitment/src/lib.rs:9:pub mod rpc;
crates/amun-constitutional-commitment/src/roots.rs:1:use crate::commitment::ConstitutionalCommitment;
crates/amun-constitutional-commitment/src/roots.rs:2:use crate::serializer::serialize_v1;
crates/amun-constitutional-commitment/src/roots.rs:3:use crate::Hash32;
crates/amun-constitutional-commitment/src/roots_bundle.rs:16:impl ConstitutionalRoots {
crates/amun-constitutional-commitment/src/roots_bundle.rs:1:use crate::commitment::ConstitutionalCommitment;
crates/amun-constitutional-commitment/src/roots_bundle.rs:2:use crate::roots::{commitment_root, compute_constitutional_root};
crates/amun-constitutional-commitment/src/roots_bundle.rs:3:use crate::Hash32;
crates/amun-constitutional-commitment/src/rpc.rs:1:use crate::commitment::ConstitutionalCommitment;
crates/amun-constitutional-commitment/src/rpc.rs:21:impl ConstitutionalStatus {
crates/amun-constitutional-commitment/src/rpc.rs:2:use crate::Hash32;
crates/amun-constitutional-commitment/src/rpc.rs:3:use serde::Serialize;
crates/amun-constitutional-commitment/src/rpc.rs:5:#[derive(Debug, Serialize)]
crates/amun-constitutional-commitment/src/serializer.rs:1:use crate::commitment::ConstitutionalCommitment;
crates/amun-constitutional-commitment/src/state.rs:1:use crate::commitment::ConstitutionalCommitment;
crates/amun-constitutional-commitment/src/state.rs:2:use crate::serializer::{serialize_v1, SERIALIZED_LENGTH};
crates/amun-constitutional-commitment/src/state.rs:8:impl ConstitutionalState {
crates/amun-constitutional-commitment/src/verify.rs:17:impl Verifier {
crates/amun-constitutional-commitment/src/verify.rs:1:use crate::commitment::ConstitutionalCommitment;
crates/amun-constitutional-commitment/src/verify.rs:2:use crate::roots::{commitment_root, compute_constitutional_root};
crates/amun-constitutional-commitment/src/verify.rs:3:use crate::Hash32;
crates/amun-constitutional-commitment/src/verify.rs:7:#[derive(Debug, PartialEq)]
crates/amun-constitutional-commitment/tests/determinism.rs:1:use amun_constitutional_commitment::{
crates/amun-constitutional-commitment/tests/economic_tree.rs:1:use amun_constitutional_commitment::{
crates/amun-constitutional-commitment/tests/endblock_pipeline.rs:1:use amun_constitutional_commitment::{AppHashPipeline, EconomicSnapshot, EndBlockPipeline, Hash32};
crates/amun-constitutional-commitment/tests/rpc.rs:1:use amun_constitutional_commitment::{
crates/amun-constitutional-commitment/tests/state.rs:1:use amun_constitutional_commitment::{
crates/amun-constitutional-commitment/tests/verify.rs:1:use amun_constitutional_commitment::{
crates/amun-constitutional-commitments/src/lib.rs:5:pub mod smt;
crates/amun-constitutional-commitments/src/lib.rs:6:pub use smt::{MerkleProof, ProofType, SparseMerkleTree};
crates/amun-constitutional-commitments/src/smt.rs:13:#[derive(Debug, Clone, PartialEq, Eq, serde::Serialize, serde::Deserialize)]
crates/amun-constitutional-commitments/src/smt.rs:32:impl SparseMerkleTree {
crates/amun-constitutional-commitments/src/smt.rs:5:use std::collections::BTreeMap;
crates/amun-constitutional-commitments/src/smt.rs:7:#[derive(Debug, Clone, PartialEq, Eq, serde::Serialize, serde::Deserialize)]
crates/amun-constitutional-commitments/tests/commitment_tests.rs:1:use amun_constitutional_commitments::SparseMerkleTree;
crates/amun-constitutional-enforcement/src/constitutional_evidence.rs:104:#[derive(Debug, Clone, Serialize, Deserialize)]
crates/amun-constitutional-enforcement/src/constitutional_evidence.rs:116:#[derive(Debug, Clone, Serialize, Deserialize)]
crates/amun-constitutional-enforcement/src/constitutional_evidence.rs:11:#[derive(Debug, Clone, Serialize, Deserialize)]
crates/amun-constitutional-enforcement/src/constitutional_evidence.rs:125:#[derive(Debug, Clone, Serialize, Deserialize)]
crates/amun-constitutional-enforcement/src/constitutional_evidence.rs:134:#[derive(Debug, Clone, Serialize, Deserialize)]
crates/amun-constitutional-enforcement/src/constitutional_evidence.rs:146:impl ConstitutionalEvidenceBuilder {
crates/amun-constitutional-enforcement/src/constitutional_evidence.rs:171:mod tests {
crates/amun-constitutional-enforcement/src/constitutional_evidence.rs:172:    use super::*;
crates/amun-constitutional-enforcement/src/constitutional_evidence.rs:213:        // All fields must be explicitly set — no Default derive
crates/amun-constitutional-enforcement/src/constitutional_evidence.rs:34:impl ConstitutionalEvidence {
crates/amun-constitutional-enforcement/src/constitutional_evidence.rs:7:use serde::{Deserialize, Serialize};
crates/amun-constitutional-enforcement/src/evidence_providers.rs:110:mod tests {
crates/amun-constitutional-enforcement/src/evidence_providers.rs:111:    use super::*;
crates/amun-constitutional-enforcement/src/evidence_providers.rs:13:impl ExecutionEvidenceProvider {
crates/amun-constitutional-enforcement/src/evidence_providers.rs:40:impl ReplayEvidenceProvider {
crates/amun-constitutional-enforcement/src/evidence_providers.rs:56:impl GovernanceEvidenceProvider {
crates/amun-constitutional-enforcement/src/evidence_providers.rs:67:impl QcEvidenceProvider {
crates/amun-constitutional-enforcement/src/evidence_providers.rs:6:use crate::constitutional_evidence::{
crates/amun-constitutional-enforcement/src/evidence_records.rs:121:impl ConstitutionalEvidenceRecord {
crates/amun-constitutional-enforcement/src/evidence_records.rs:174:mod tests {
crates/amun-constitutional-enforcement/src/evidence_records.rs:175:    use super::*;
crates/amun-constitutional-enforcement/src/evidence_records.rs:19:impl SignatureEvidence {
crates/amun-constitutional-enforcement/src/evidence_records.rs:30:#[derive(Debug, Clone, Serialize, Deserialize)]
crates/amun-constitutional-enforcement/src/evidence_records.rs:40:impl DoubleSpendEvidence {
crates/amun-constitutional-enforcement/src/evidence_records.rs:51:#[derive(Debug, Clone, Serialize, Deserialize)]
crates/amun-constitutional-enforcement/src/evidence_records.rs:62:impl GovernanceEvidence {
crates/amun-constitutional-enforcement/src/evidence_records.rs:6:use serde::{Deserialize, Serialize};
crates/amun-constitutional-enforcement/src/evidence_records.rs:73:#[derive(Debug, Clone, Serialize, Deserialize)]
crates/amun-constitutional-enforcement/src/evidence_records.rs:85:impl ReplayEvidence {
crates/amun-constitutional-enforcement/src/evidence_records.rs:97:#[derive(Debug, Clone, Serialize, Deserialize)]
crates/amun-constitutional-enforcement/src/evidence_records.rs:9:#[derive(Debug, Clone, Serialize, Deserialize)]
crates/amun-constitutional-enforcement/src/lib.rs:231:mod tests {
crates/amun-constitutional-enforcement/src/lib.rs:232:    use super::*;
crates/amun-constitutional-enforcement/src/lib.rs:32:pub mod constitutional_evidence;
crates/amun-constitutional-enforcement/src/lib.rs:33:pub mod evidence_providers;
crates/amun-constitutional-enforcement/src/lib.rs:34:pub mod evidence_records;
crates/amun-constitutional-enforcement/src/lib.rs:35:pub mod proof_engine;
crates/amun-constitutional-enforcement/src/lib.rs:36:pub mod state_transition;
crates/amun-constitutional-enforcement/src/lib.rs:38:use serde::{Deserialize, Serialize};
crates/amun-constitutional-enforcement/src/lib.rs:40:#[derive(Debug, Clone, Serialize, Deserialize, PartialEq, Eq)]
crates/amun-constitutional-enforcement/src/lib.rs:48:#[derive(Debug, Clone, Serialize, Deserialize, PartialEq, Eq)]
crates/amun-constitutional-enforcement/src/lib.rs:55:#[derive(Debug, Clone, Serialize, Deserialize, PartialEq, Eq, Hash)]
crates/amun-constitutional-enforcement/src/lib.rs:69:#[derive(Debug, Default)]
crates/amun-constitutional-enforcement/src/lib.rs:77:impl ConstitutionalEnforcementKernel {
crates/amun-constitutional-enforcement/src/proof_engine.rs:11:impl ConstitutionalProofEngine {
crates/amun-constitutional-enforcement/src/proof_engine.rs:218:mod tests {
crates/amun-constitutional-enforcement/src/proof_engine.rs:219:    use super::*;
crates/amun-constitutional-enforcement/src/proof_engine.rs:6:use crate::{ConstitutionalLaw, ConstitutionalVerdict, ConstitutionalViolation};
crates/amun-constitutional-enforcement/src/state_transition.rs:10:#[derive(Debug, Clone)]
crates/amun-constitutional-enforcement/src/state_transition.rs:123:mod tests {
crates/amun-constitutional-enforcement/src/state_transition.rs:124:    use super::*;
crates/amun-constitutional-enforcement/src/state_transition.rs:26:impl StateTransitionResult {
crates/amun-constitutional-enforcement/src/state_transition.rs:7:use crate::{ConstitutionalLaw, ConstitutionalVerdict, ConstitutionalViolation};
crates/amun-constitutional-evidence/src/lib.rs:15:use amun_kernel_types::epoch::Epoch;
crates/amun-constitutional-evidence/src/lib.rs:16:use amun_quorum_certificate::QuorumCertificate;
crates/amun-constitutional-evidence/src/lib.rs:17:use amun_validator_attestation::validator_set::ValidatorSet;
crates/amun-constitutional-evidence/src/lib.rs:24:#[derive(Debug, Clone)]
crates/amun-constitutional-evidence/src/lib.rs:33:#[derive(Debug, Clone)]
crates/amun-constitutional-evidence/src/lib.rs:88:mod tests {
crates/amun-constitutional-evidence/src/lib.rs:89:    use super::*;
crates/amun-constitutional-geometry/src/curvature.rs:11:impl LegitimacyCurvature {
crates/amun-constitutional-geometry/src/curvature.rs:24:#[derive(Debug, Clone)]
crates/amun-constitutional-geometry/src/curvature.rs:31:impl ReplayCurvature {
crates/amun-constitutional-geometry/src/curvature.rs:3:#[derive(Debug, Clone)]
crates/amun-constitutional-geometry/src/curvature.rs:48:#[derive(Debug, Clone)]
crates/amun-constitutional-geometry/src/curvature.rs:56:#[derive(Debug, Clone, PartialEq, Eq)]
crates/amun-constitutional-geometry/src/curvature.rs:64:impl CausalCurvature {
crates/amun-constitutional-geometry/src/directed_metric.rs:28:impl DirectedMetric {
crates/amun-constitutional-geometry/src/directed_metric.rs:4:#[derive(Debug, Clone)]
crates/amun-constitutional-geometry/src/emergent_horizons.rs:1:use super::metric_tensor::MetricTensorField;
crates/amun-constitutional-geometry/src/emergent_horizons.rs:21:#[derive(Debug, Clone, PartialEq, Eq)]
crates/amun-constitutional-geometry/src/emergent_horizons.rs:37:impl EmergentHorizon {
crates/amun-constitutional-geometry/src/emergent_horizons.rs:7:#[derive(Debug, Clone)]
crates/amun-constitutional-geometry/src/fields.rs:11:#[derive(Debug, Clone, PartialEq, Eq)]
crates/amun-constitutional-geometry/src/fields.rs:1:use super::metrics::DistanceTensor;
crates/amun-constitutional-geometry/src/fields.rs:21:#[derive(Debug, Clone)]
crates/amun-constitutional-geometry/src/fields.rs:28:impl LegitimacyGradient {
crates/amun-constitutional-geometry/src/fields.rs:4:#[derive(Debug, Clone)]
crates/amun-constitutional-geometry/src/fields.rs:54:#[derive(Debug, Clone)]
crates/amun-constitutional-geometry/src/fields.rs:62:impl EntropyField {
crates/amun-constitutional-geometry/src/flow_dynamics.rs:1:use super::metric_tensor::MetricTensorField;
crates/amun-constitutional-geometry/src/flow_dynamics.rs:21:#[derive(Debug, Clone)]
crates/amun-constitutional-geometry/src/flow_dynamics.rs:40:impl ConstitutionalFlow {
crates/amun-constitutional-geometry/src/flow_dynamics.rs:7:#[derive(Debug, Clone)]
crates/amun-constitutional-geometry/src/geodesics.rs:16:impl ConstitutionalGeodesic {
crates/amun-constitutional-geometry/src/geodesics.rs:1:use super::emergent_horizons::EmergentHorizon;
crates/amun-constitutional-geometry/src/geodesics.rs:6:#[derive(Debug, Clone)]
crates/amun-constitutional-geometry/src/horizons.rs:11:#[derive(Debug, Clone, PartialEq, Eq)]
crates/amun-constitutional-geometry/src/horizons.rs:27:impl CausalHorizon {
crates/amun-constitutional-geometry/src/horizons.rs:3:#[derive(Debug, Clone)]
crates/amun-constitutional-geometry/src/lib.rs:10:pub mod geodesics;
crates/amun-constitutional-geometry/src/lib.rs:11:pub mod horizons;
crates/amun-constitutional-geometry/src/lib.rs:12:pub mod metric_tensor;
crates/amun-constitutional-geometry/src/lib.rs:13:pub mod metrics;
crates/amun-constitutional-geometry/src/lib.rs:14:pub mod stability;
crates/amun-constitutional-geometry/src/lib.rs:15:pub mod trajectories;
crates/amun-constitutional-geometry/src/lib.rs:17:pub use curvature::{CausalCurvature, LegitimacyCurvature, ReplayCurvature};
crates/amun-constitutional-geometry/src/lib.rs:18:pub use directed_metric::DirectedMetric;
crates/amun-constitutional-geometry/src/lib.rs:19:pub use emergent_horizons::{EmergentHorizon, SingularityType};
crates/amun-constitutional-geometry/src/lib.rs:20:pub use fields::{ConstitutionalField, EntropyField, LegitimacyGradient};
crates/amun-constitutional-geometry/src/lib.rs:21:pub use flow_dynamics::{ConstitutionalFlow, ConstitutionalForce};
crates/amun-constitutional-geometry/src/lib.rs:22:pub use geodesics::ConstitutionalGeodesic;
crates/amun-constitutional-geometry/src/lib.rs:23:pub use horizons::CausalHorizon;
crates/amun-constitutional-geometry/src/lib.rs:24:pub use metric_tensor::MetricTensorField;
crates/amun-constitutional-geometry/src/lib.rs:25:pub use metrics::{ConstitutionalDistance, DistanceTensor};
crates/amun-constitutional-geometry/src/lib.rs:26:pub use stability::{StabilityAttractor, StabilityBasin};
crates/amun-constitutional-geometry/src/lib.rs:27:pub use trajectories::EvolutionaryTrajectory;
crates/amun-constitutional-geometry/src/lib.rs:5:pub mod curvature;
crates/amun-constitutional-geometry/src/lib.rs:6:pub mod directed_metric;
crates/amun-constitutional-geometry/src/lib.rs:7:pub mod emergent_horizons;
crates/amun-constitutional-geometry/src/lib.rs:8:pub mod fields;
crates/amun-constitutional-geometry/src/lib.rs:9:pub mod flow_dynamics;
crates/amun-constitutional-geometry/src/metric_tensor.rs:20:impl MetricTensorField {
crates/amun-constitutional-geometry/src/metric_tensor.rs:4:/// itself changes depending on where the civilization is located.
crates/amun-constitutional-geometry/src/metric_tensor.rs:5:#[derive(Debug, Clone)]
crates/amun-constitutional-geometry/src/metric_tensor.rs:7:    /// The point in constitutional space where this tensor is evaluated
crates/amun-constitutional-geometry/src/metrics.rs:1:use amun_civilizational_relations::relation::CivilizationalRelation;
crates/amun-constitutional-geometry/src/metrics.rs:25:impl Default for DistanceTensor {
crates/amun-constitutional-geometry/src/metrics.rs:2:use amun_snapshot_engine::ConstitutionalIdentity;
crates/amun-constitutional-geometry/src/metrics.rs:31:impl DistanceTensor {
crates/amun-constitutional-geometry/src/metrics.rs:64:#[derive(Debug, Clone)]
crates/amun-constitutional-geometry/src/metrics.rs:74:impl ConstitutionalDistance {
crates/amun-constitutional-geometry/src/metrics.rs:7:#[derive(Debug, Clone)]
crates/amun-constitutional-geometry/src/stability.rs:12:impl StabilityBasin {
crates/amun-constitutional-geometry/src/stability.rs:2:/// where civilizations remain stable without external intervention.
crates/amun-constitutional-geometry/src/stability.rs:37:#[derive(Debug, Clone)]
crates/amun-constitutional-geometry/src/stability.rs:3:#[derive(Debug, Clone)]
crates/amun-constitutional-geometry/src/stability.rs:45:#[derive(Debug, Clone, PartialEq, Eq)]
crates/amun-constitutional-geometry/src/stability.rs:59:impl StabilityAttractor {
crates/amun-constitutional-geometry/src/trajectories.rs:17:impl EvolutionaryTrajectory {
crates/amun-constitutional-geometry/src/trajectories.rs:1:use super::horizons::CausalHorizon;
crates/amun-constitutional-geometry/src/trajectories.rs:2:use super::metrics::DistanceTensor;
crates/amun-constitutional-geometry/src/trajectories.rs:6:#[derive(Debug, Clone)]
crates/amun-constitutional-governance/src/amendment.rs:22:impl AmendmentLifecycle {
crates/amun-constitutional-governance/src/amendment.rs:5:use crate::quorum::QuorumPolicy;
crates/amun-constitutional-governance/src/amendment.rs:6:use crate::voting::Proposal;
crates/amun-constitutional-governance/src/capability.rs:21:impl ArtifactDigest for Capability {
crates/amun-constitutional-governance/src/capability.rs:34:impl Capability {
crates/amun-constitutional-governance/src/capability.rs:5:use amun_constitution_builder::{canonical_bytes::CanonicalSerialize, digest::ArtifactDigest};
crates/amun-constitutional-governance/src/capability.rs:6:use serde::{Deserialize, Serialize};
crates/amun-constitutional-governance/src/capability.rs:72:impl CanonicalSerialize for Capability {
crates/amun-constitutional-governance/src/capability.rs:8:#[derive(Debug, Clone, Serialize, Deserialize, PartialEq)]
crates/amun-constitutional-governance/src/delegation.rs:5:use crate::capability::Capability;
crates/amun-constitutional-governance/src/delegation.rs:6:use amun_constitutional_signing::SignedArtifact;
crates/amun-constitutional-governance/src/lib.rs:17:pub mod amendment;
crates/amun-constitutional-governance/src/lib.rs:18:pub mod capability;
crates/amun-constitutional-governance/src/lib.rs:19:pub mod delegation;
crates/amun-constitutional-governance/src/lib.rs:20:pub mod quorum;
crates/amun-constitutional-governance/src/lib.rs:21:pub mod voting;
crates/amun-constitutional-governance/src/lib.rs:23:pub use amendment::AmendmentLifecycle;
crates/amun-constitutional-governance/src/lib.rs:24:pub use capability::{Capability, CapabilityCertificate};
crates/amun-constitutional-governance/src/lib.rs:25:pub use delegation::DelegateCertificate;
crates/amun-constitutional-governance/src/lib.rs:26:pub use quorum::QuorumPolicy;
crates/amun-constitutional-governance/src/lib.rs:27:pub use voting::{Ballot, Proposal, Tally};
crates/amun-constitutional-governance/src/quorum.rs:18:impl QuorumPolicy {
crates/amun-constitutional-governance/src/quorum.rs:5:use serde::{Deserialize, Serialize};
crates/amun-constitutional-governance/src/quorum.rs:8:#[derive(Debug, Clone, Serialize, Deserialize, PartialEq)]
crates/amun-constitutional-governance/src/voting.rs:12:#[derive(Debug, Clone, Serialize, Deserialize, PartialEq)]
crates/amun-constitutional-governance/src/voting.rs:23:impl ArtifactDigest for Proposal {
crates/amun-constitutional-governance/src/voting.rs:29:impl Proposal {
crates/amun-constitutional-governance/src/voting.rs:5:use crate::quorum::QuorumPolicy;
crates/amun-constitutional-governance/src/voting.rs:64:impl CanonicalSerialize for Proposal {
crates/amun-constitutional-governance/src/voting.rs:6:use amun_constitution_builder::canonical_bytes::CanonicalSerialize;
crates/amun-constitutional-governance/src/voting.rs:71:#[derive(Debug, Clone, Serialize, Deserialize, PartialEq)]
crates/amun-constitutional-governance/src/voting.rs:7:use amun_constitution_builder::digest::ArtifactDigest;
crates/amun-constitutional-governance/src/voting.rs:80:#[derive(Debug, Clone, Serialize, Deserialize, PartialEq)]
crates/amun-constitutional-governance/src/voting.rs:88:impl Tally {
crates/amun-constitutional-governance/src/voting.rs:8:use serde::{Deserialize, Serialize};
crates/amun-constitutional-governance/src/voting.rs:9:use std::collections::BTreeMap;
crates/amun-constitutional-governance/tests/governance_tests.rs:1:use amun_constitution_builder::digest::ArtifactDigest;
crates/amun-constitutional-governance/tests/governance_tests.rs:2:use amun_constitutional_governance::amendment::AmendmentLifecycle;
crates/amun-constitutional-governance/tests/governance_tests.rs:3:use amun_constitutional_governance::capability::Capability;
crates/amun-constitutional-governance/tests/governance_tests.rs:4:use amun_constitutional_governance::delegation::{self, DelegateCertificate};
crates/amun-constitutional-governance/tests/governance_tests.rs:5:use amun_constitutional_governance::quorum::QuorumPolicy;
crates/amun-constitutional-governance/tests/governance_tests.rs:6:use amun_constitutional_governance::voting::{Ballot, Proposal, Tally};
crates/amun-constitutional-governance/tests/governance_tests.rs:7:use amun_constitutional_signing::ConstitutionalKeyPair;
crates/amun-constitutional-integration/src/bin/n47_8_production_replay.rs:1:use amun_constitutional_integration::ConstitutionalBridge;
crates/amun-constitutional-integration/src/bin/n47_8_production_replay.rs:2:use amun_constitutional_proof::{CertificationEvaluator, ReportGenerator};
crates/amun-constitutional-integration/src/bin/n47_8_production_replay.rs:3:use amun_verification_kernel::VerificationCertificate;
crates/amun-constitutional-integration/src/bin/n47_8_production_replay.rs:4:use std::collections::HashMap;
crates/amun-constitutional-integration/src/bin/n47_8_production_replay.rs:5:use std::fs;
crates/amun-constitutional-integration/src/bin/n47_8_production_replay.rs:6:use std::path::{Path, PathBuf};
crates/amun-constitutional-integration/src/lib.rs:12:impl ConstitutionalBridge {
crates/amun-constitutional-integration/src/lib.rs:1:use amun_constitutional_proof::{
crates/amun-constitutional-integration/src/lib.rs:416:mod tests {
crates/amun-constitutional-integration/src/lib.rs:417:    use super::*;
crates/amun-constitutional-integration/src/lib.rs:418:    use amun_verification_kernel::{
crates/amun-constitutional-integration/src/lib.rs:7:use amun_verification_kernel::VerificationCertificate;
crates/amun-constitutional-integration/src/lib.rs:8:use std::collections::HashMap;
crates/amun-constitutional-kernel/src/amendment.rs:10:use amun_constitutional_governance::voting::Tally;
crates/amun-constitutional-kernel/src/amendment.rs:11:use std::collections::BTreeMap;
crates/amun-constitutional-kernel/src/amendment.rs:16:impl AmendmentActivator {
crates/amun-constitutional-kernel/src/amendment.rs:5:use crate::context::ExecutionContext;
crates/amun-constitutional-kernel/src/amendment.rs:6:use crate::enforcer::CapabilityEnforcer;
crates/amun-constitutional-kernel/src/amendment.rs:7:use crate::state_machine::ConstitutionalStateMachine;
crates/amun-constitutional-kernel/src/amendment.rs:8:use amun_constitutional_governance::amendment::AmendmentLifecycle;
crates/amun-constitutional-kernel/src/amendment.rs:9:use amun_constitutional_governance::capability::Capability;
crates/amun-constitutional-kernel/src/context.rs:10:#[derive(Debug, Clone, Serialize, Deserialize)]
crates/amun-constitutional-kernel/src/context.rs:20:impl ExecutionContext {
crates/amun-constitutional-kernel/src/context.rs:5:use amun_constitutional_authority::ConstitutionalCertificate;
crates/amun-constitutional-kernel/src/context.rs:6:use serde::{Deserialize, Serialize};
crates/amun-constitutional-kernel/src/enforcer.rs:12:impl CapabilityEnforcer {
crates/amun-constitutional-kernel/src/enforcer.rs:5:use crate::context::ExecutionContext;
crates/amun-constitutional-kernel/src/enforcer.rs:6:use amun_constitutional_governance::capability::Capability;
crates/amun-constitutional-kernel/src/lib.rs:17:pub mod amendment;
crates/amun-constitutional-kernel/src/lib.rs:18:pub mod context;
crates/amun-constitutional-kernel/src/lib.rs:19:pub mod enforcer;
crates/amun-constitutional-kernel/src/lib.rs:20:pub mod receipt;
crates/amun-constitutional-kernel/src/lib.rs:21:pub mod state_machine;
crates/amun-constitutional-kernel/src/lib.rs:23:pub use amendment::AmendmentActivator;
crates/amun-constitutional-kernel/src/lib.rs:24:pub use context::ExecutionContext;
crates/amun-constitutional-kernel/src/lib.rs:25:pub use enforcer::CapabilityEnforcer;
crates/amun-constitutional-kernel/src/lib.rs:26:pub use receipt::ExecutionReceipt;
crates/amun-constitutional-kernel/src/lib.rs:27:pub use state_machine::ConstitutionalStateMachine;
crates/amun-constitutional-kernel/src/receipt.rs:10:#[derive(Debug, Clone, Serialize, Deserialize, PartialEq)]
crates/amun-constitutional-kernel/src/receipt.rs:20:impl ArtifactDigest for ExecutionReceipt {
crates/amun-constitutional-kernel/src/receipt.rs:26:impl ExecutionReceipt {
crates/amun-constitutional-kernel/src/receipt.rs:5:use amun_constitution_builder::{canonical_bytes::CanonicalSerialize, digest::ArtifactDigest};
crates/amun-constitutional-kernel/src/receipt.rs:61:impl CanonicalSerialize for ExecutionReceipt {
crates/amun-constitutional-kernel/src/receipt.rs:6:use serde::{Deserialize, Serialize};
crates/amun-constitutional-kernel/src/state_machine.rs:12:#[derive(Debug, Clone, Serialize, Deserialize, PartialEq)]
crates/amun-constitutional-kernel/src/state_machine.rs:18:impl ConstitutionalState {
crates/amun-constitutional-kernel/src/state_machine.rs:38:impl Default for ConstitutionalState {
crates/amun-constitutional-kernel/src/state_machine.rs:48:impl ConstitutionalStateMachine {
crates/amun-constitutional-kernel/src/state_machine.rs:5:use crate::context::ExecutionContext;
crates/amun-constitutional-kernel/src/state_machine.rs:6:use crate::receipt::ExecutionReceipt;
crates/amun-constitutional-kernel/src/state_machine.rs:7:use amun_constitutional_governance::capability::Capability;
crates/amun-constitutional-kernel/src/state_machine.rs:81:impl Default for ConstitutionalStateMachine {
crates/amun-constitutional-kernel/src/state_machine.rs:8:use serde::{Deserialize, Serialize};
crates/amun-constitutional-kernel/src/state_machine.rs:9:use std::collections::BTreeMap;
crates/amun-constitutional-kernel/tests/kernel_tests.rs:10:use std::collections::BTreeMap;
crates/amun-constitutional-kernel/tests/kernel_tests.rs:181:    // Now use the amendment lifecycle and activate it through the kernel
crates/amun-constitutional-kernel/tests/kernel_tests.rs:184:        "use proposal and ballot types".into(),
crates/amun-constitutional-kernel/tests/kernel_tests.rs:191:    // For the purpose of this test we reuse the independent tally that passed
crates/amun-constitutional-kernel/tests/kernel_tests.rs:1:use amun_constitutional_authority::ConstitutionalCertificate;
crates/amun-constitutional-kernel/tests/kernel_tests.rs:2:use amun_constitutional_governance::amendment::AmendmentLifecycle;
crates/amun-constitutional-kernel/tests/kernel_tests.rs:3:use amun_constitutional_governance::capability::Capability;
crates/amun-constitutional-kernel/tests/kernel_tests.rs:4:use amun_constitutional_governance::quorum::QuorumPolicy;
crates/amun-constitutional-kernel/tests/kernel_tests.rs:5:use amun_constitutional_governance::voting::{Ballot, Proposal, Tally};
crates/amun-constitutional-kernel/tests/kernel_tests.rs:6:use amun_constitutional_kernel::{
crates/amun-constitutional-kernel/tests/kernel_tests.rs:9:use amun_constitutional_signing::ConstitutionalKeyPair;
crates/amun-constitutional-proof/src/article_i_certificate.rs:12:#[derive(Debug, Clone, PartialEq, Eq)]
crates/amun-constitutional-proof/src/article_i_certificate.rs:1:use crate::{ObligationKind, ObligationRegistry, ObligationSeverity};
crates/amun-constitutional-proof/src/article_i_certificate.rs:20:    pub total_derived: usize,
crates/amun-constitutional-proof/src/article_i_certificate.rs:28:impl ArticleICertificate {
crates/amun-constitutional-proof/src/article_i_certificate.rs:2:use std::collections::HashMap;
crates/amun-constitutional-proof/src/article_i_certificate.rs:44:        let mut derived = 0;
crates/amun-constitutional-proof/src/article_i_certificate.rs:54:                ObligationKind::Derived => derived += 1,
crates/amun-constitutional-proof/src/article_i_certificate.rs:75:        let derived_ok = graph.validate_derived_terminate_in_primary(&kinds).is_ok();
crates/amun-constitutional-proof/src/article_i_certificate.rs:76:        let graph_valid = cycle_free && derived_ok;
crates/amun-constitutional-proof/src/article_i_certificate.rs:89:            total_derived: derived,
crates/amun-constitutional-proof/src/article_iii_certificate.rs:11:#[derive(Debug, Clone, PartialEq, Eq)]
crates/amun-constitutional-proof/src/article_iii_certificate.rs:1:use crate::EvidenceArchive;
crates/amun-constitutional-proof/src/article_iii_certificate.rs:22:impl ArticleIIICertificate {
crates/amun-constitutional-proof/src/certification.rs:13:#[derive(Debug, Clone, PartialEq, Eq, Serialize, Deserialize)]
crates/amun-constitutional-proof/src/certification.rs:1:use crate::{ConstitutionalVerdict, EvidenceArchive, ObligationRegistry, VerdictResult};
crates/amun-constitutional-proof/src/certification.rs:20:#[derive(Debug, Clone, PartialEq, Eq, Serialize, Deserialize)]
crates/amun-constitutional-proof/src/certification.rs:2:use serde::{Deserialize, Serialize};
crates/amun-constitutional-proof/src/certification.rs:34:impl CertificationEvaluator {
crates/amun-constitutional-proof/src/certification.rs:4:#[derive(Debug, Clone, PartialEq, Eq, Serialize, Deserialize)]
crates/amun-constitutional-proof/src/constitutional_verdict.rs:13:#[derive(Debug, Clone, PartialEq, Eq, Serialize, Deserialize)]
crates/amun-constitutional-proof/src/constitutional_verdict.rs:2:use blake3::Hasher;
crates/amun-constitutional-proof/src/constitutional_verdict.rs:37:impl ConstitutionalVerdict {
crates/amun-constitutional-proof/src/constitutional_verdict.rs:3:use serde::{Deserialize, Serialize};
crates/amun-constitutional-proof/src/constitutional_verdict.rs:5:use crate::{ObligationResult, ObligationResultStatus, VerdictResult};
crates/amun-constitutional-proof/src/dependency_graph.rs:12:impl DependencyGraph {
crates/amun-constitutional-proof/src/dependency_graph.rs:1:use std::collections::{HashMap, HashSet, VecDeque};
crates/amun-constitutional-proof/src/dependency_graph.rs:3:use crate::{ObligationId, RegistryError};
crates/amun-constitutional-proof/src/dependency_graph.rs:5:#[derive(Debug, Clone, Default)]
crates/amun-constitutional-proof/src/dependency_graph.rs:79:    pub fn validate_derived_terminate_in_primary(
crates/amun-constitutional-proof/src/evidence_archive.rs:13:#[derive(Debug, Clone, Default)]
crates/amun-constitutional-proof/src/evidence_archive.rs:18:impl EvidenceArchive {
crates/amun-constitutional-proof/src/evidence_archive.rs:1:use std::collections::BTreeMap;
crates/amun-constitutional-proof/src/evidence_archive.rs:3:use crate::{EvidenceRecord, EvidenceStatus, EvidenceType, ObligationId};
crates/amun-constitutional-proof/src/evidence_lineage.rs:11:impl EvidenceLineage {
crates/amun-constitutional-proof/src/evidence_lineage.rs:1:use serde::{Deserialize, Serialize};
crates/amun-constitutional-proof/src/evidence_lineage.rs:3:/// Links a derived piece of evidence back to its parent.
crates/amun-constitutional-proof/src/evidence_lineage.rs:4:#[derive(Debug, Clone, PartialEq, Eq, Serialize, Deserialize)]
crates/amun-constitutional-proof/src/evidence_record.rs:1:use serde::{Deserialize, Serialize};
crates/amun-constitutional-proof/src/evidence_record.rs:23:impl EvidenceRecord {
crates/amun-constitutional-proof/src/evidence_record.rs:3:use crate::{EvidenceLineage, EvidenceStatus, EvidenceType, ObligationId, Reproducibility};
crates/amun-constitutional-proof/src/evidence_record.rs:9:#[derive(Debug, Clone, PartialEq, Eq, Serialize, Deserialize)]
crates/amun-constitutional-proof/src/evidence_status.rs:1:use serde::{Deserialize, Serialize};
crates/amun-constitutional-proof/src/evidence_status.rs:4:#[derive(Debug, Clone, Copy, PartialEq, Eq, Serialize, Deserialize)]
crates/amun-constitutional-proof/src/evidence_type.rs:1:use serde::{Deserialize, Serialize};
crates/amun-constitutional-proof/src/evidence_type.rs:4:#[derive(Debug, Clone, Copy, PartialEq, Eq, Hash, Serialize, Deserialize)]
crates/amun-constitutional-proof/src/failure_reason.rs:12:impl FailureReason {
crates/amun-constitutional-proof/src/failure_reason.rs:13:    pub fn new(code: impl Into<String>, description: impl Into<String>) -> Self {
crates/amun-constitutional-proof/src/failure_reason.rs:1:use serde::{Deserialize, Serialize};
crates/amun-constitutional-proof/src/failure_reason.rs:4:#[derive(Debug, Clone, PartialEq, Eq, Serialize, Deserialize)]
crates/amun-constitutional-proof/src/lib.rs:1028:            "derived from parent".into(),
crates/amun-constitutional-proof/src/lib.rs:1066:            "derived".into(),
crates/amun-constitutional-proof/src/lib.rs:1198:            "derived".into(),
crates/amun-constitutional-proof/src/lib.rs:1232:            "derived".into(),
crates/amun-constitutional-proof/src/lib.rs:196:    fn n47_1_s1_create_derived_with_deps() {
crates/amun-constitutional-proof/src/lib.rs:315:    fn n47_1_s2_derived_terminates_in_primary() {
crates/amun-constitutional-proof/src/lib.rs:318:        let derived = make_id(ObligationNamespace::Cluster, 1);
crates/amun-constitutional-proof/src/lib.rs:322:        kinds.insert(derived.clone(), ObligationKind::Derived);
crates/amun-constitutional-proof/src/lib.rs:324:        graph.add_edge(derived.clone(), primary.clone());
crates/amun-constitutional-proof/src/lib.rs:325:        assert!(graph.validate_derived_terminate_in_primary(&kinds).is_ok());
crates/amun-constitutional-proof/src/lib.rs:32:mod article_i_certificate;
crates/amun-constitutional-proof/src/lib.rs:33:mod article_iii_certificate;
crates/amun-constitutional-proof/src/lib.rs:340:        let result = graph.validate_derived_terminate_in_primary(&kinds);
crates/amun-constitutional-proof/src/lib.rs:34:mod certification;
crates/amun-constitutional-proof/src/lib.rs:35:mod constitutional_verdict;
crates/amun-constitutional-proof/src/lib.rs:36:mod dependency_graph;
crates/amun-constitutional-proof/src/lib.rs:37:mod evidence_archive;
crates/amun-constitutional-proof/src/lib.rs:38:mod evidence_lineage;
crates/amun-constitutional-proof/src/lib.rs:39:mod evidence_record;
crates/amun-constitutional-proof/src/lib.rs:40:mod evidence_status;
crates/amun-constitutional-proof/src/lib.rs:41:mod evidence_type;
crates/amun-constitutional-proof/src/lib.rs:42:mod failure_reason;
crates/amun-constitutional-proof/src/lib.rs:43:mod obligation_id;
crates/amun-constitutional-proof/src/lib.rs:44:mod obligation_kind;
crates/amun-constitutional-proof/src/lib.rs:45:mod obligation_namespace;
crates/amun-constitutional-proof/src/lib.rs:46:mod obligation_registry;
crates/amun-constitutional-proof/src/lib.rs:47:mod obligation_result;
crates/amun-constitutional-proof/src/lib.rs:48:mod obligation_result_status;
crates/amun-constitutional-proof/src/lib.rs:492:        assert_eq!(c.total_derived, 0);
crates/amun-constitutional-proof/src/lib.rs:49:mod obligation_severity;
crates/amun-constitutional-proof/src/lib.rs:50:mod obligation_status;
crates/amun-constitutional-proof/src/lib.rs:51:mod proof_obligation;
crates/amun-constitutional-proof/src/lib.rs:52:mod publication_package;
crates/amun-constitutional-proof/src/lib.rs:53:mod registry_error;
crates/amun-constitutional-proof/src/lib.rs:54:mod report_generator;
crates/amun-constitutional-proof/src/lib.rs:55:mod reproducibility;
crates/amun-constitutional-proof/src/lib.rs:56:mod verdict_evaluator;
crates/amun-constitutional-proof/src/lib.rs:57:mod verdict_result;
crates/amun-constitutional-proof/src/lib.rs:59:pub use article_i_certificate::*;
crates/amun-constitutional-proof/src/lib.rs:60:pub use article_iii_certificate::*;
crates/amun-constitutional-proof/src/lib.rs:61:pub use certification::*;
crates/amun-constitutional-proof/src/lib.rs:62:pub use constitutional_verdict::*;
crates/amun-constitutional-proof/src/lib.rs:63:pub use dependency_graph::*;
crates/amun-constitutional-proof/src/lib.rs:64:pub use evidence_archive::*;
crates/amun-constitutional-proof/src/lib.rs:65:pub use evidence_lineage::*;
crates/amun-constitutional-proof/src/lib.rs:66:pub use evidence_record::*;
crates/amun-constitutional-proof/src/lib.rs:67:pub use evidence_status::*;
crates/amun-constitutional-proof/src/lib.rs:68:pub use evidence_type::*;
crates/amun-constitutional-proof/src/lib.rs:69:pub use failure_reason::*;
crates/amun-constitutional-proof/src/lib.rs:70:pub use obligation_id::*;
crates/amun-constitutional-proof/src/lib.rs:71:pub use obligation_kind::*;
crates/amun-constitutional-proof/src/lib.rs:72:pub use obligation_namespace::*;
crates/amun-constitutional-proof/src/lib.rs:73:pub use obligation_registry::*;
crates/amun-constitutional-proof/src/lib.rs:74:pub use obligation_result::*;
crates/amun-constitutional-proof/src/lib.rs:75:pub use obligation_result_status::*;
crates/amun-constitutional-proof/src/lib.rs:76:pub use obligation_severity::*;
crates/amun-constitutional-proof/src/lib.rs:77:pub use obligation_status::*;
crates/amun-constitutional-proof/src/lib.rs:78:pub use proof_obligation::*;
crates/amun-constitutional-proof/src/lib.rs:79:pub use publication_package::*;
crates/amun-constitutional-proof/src/lib.rs:80:pub use registry_error::*;
crates/amun-constitutional-proof/src/lib.rs:81:pub use report_generator::*;
crates/amun-constitutional-proof/src/lib.rs:82:pub use reproducibility::*;
crates/amun-constitutional-proof/src/lib.rs:83:pub use verdict_evaluator::*;
crates/amun-constitutional-proof/src/lib.rs:84:pub use verdict_result::*;
crates/amun-constitutional-proof/src/lib.rs:87:mod tests {
crates/amun-constitutional-proof/src/lib.rs:88:    use super::*;
crates/amun-constitutional-proof/src/lib.rs:89:    use std::collections::HashMap;
crates/amun-constitutional-proof/src/obligation_id.rs:15:impl ObligationId {
crates/amun-constitutional-proof/src/obligation_id.rs:1:use crate::{ObligationNamespace, RegistryError};
crates/amun-constitutional-proof/src/obligation_id.rs:2:use serde::{Deserialize, Serialize};
crates/amun-constitutional-proof/src/obligation_id.rs:32:impl std::fmt::Display for ObligationId {
crates/amun-constitutional-proof/src/obligation_id.rs:38:impl Serialize for ObligationId {
crates/amun-constitutional-proof/src/obligation_id.rs:3:use std::str::FromStr;
crates/amun-constitutional-proof/src/obligation_id.rs:44:impl<'de> Deserialize<'de> for ObligationId {
crates/amun-constitutional-proof/src/obligation_id.rs:51:impl FromStr for ObligationId {
crates/amun-constitutional-proof/src/obligation_id.rs:9:#[derive(Debug, Clone, PartialEq, Eq, PartialOrd, Ord, Hash)]
crates/amun-constitutional-proof/src/obligation_kind.rs:1:use serde::{Deserialize, Serialize};
crates/amun-constitutional-proof/src/obligation_kind.rs:3:/// Whether an obligation is a primary claim (proved directly) or derived from others.
crates/amun-constitutional-proof/src/obligation_kind.rs:4:#[derive(Debug, Clone, Copy, PartialEq, Eq, Serialize, Deserialize)]
crates/amun-constitutional-proof/src/obligation_kind.rs:8:    #[serde(rename = "derived")]
crates/amun-constitutional-proof/src/obligation_namespace.rs:1:use crate::RegistryError;
crates/amun-constitutional-proof/src/obligation_namespace.rs:25:impl std::fmt::Display for ObligationNamespace {
crates/amun-constitutional-proof/src/obligation_namespace.rs:2:use serde::{Deserialize, Serialize};
crates/amun-constitutional-proof/src/obligation_namespace.rs:41:impl TryFrom<&str> for ObligationNamespace {
crates/amun-constitutional-proof/src/obligation_namespace.rs:5:#[derive(Debug, Clone, Copy, PartialEq, Eq, PartialOrd, Ord, Hash, Serialize, Deserialize)]
crates/amun-constitutional-proof/src/obligation_registry.rs:128:impl Default for ObligationRegistry {
crates/amun-constitutional-proof/src/obligation_registry.rs:15:impl ObligationRegistry {
crates/amun-constitutional-proof/src/obligation_registry.rs:1:use std::collections::BTreeMap;
crates/amun-constitutional-proof/src/obligation_registry.rs:3:use crate::{
crates/amun-constitutional-proof/src/obligation_registry.rs:50:        self.graph.validate_derived_terminate_in_primary(&kinds)?;
crates/amun-constitutional-proof/src/obligation_registry.rs:76:    pub fn all_obligations(&self) -> impl Iterator<Item = &ProofObligation> {
crates/amun-constitutional-proof/src/obligation_registry.rs:8:#[derive(Debug, Clone)]
crates/amun-constitutional-proof/src/obligation_result.rs:1:use serde::{Deserialize, Serialize};
crates/amun-constitutional-proof/src/obligation_result.rs:20:impl ObligationResult {
crates/amun-constitutional-proof/src/obligation_result.rs:3:use crate::{FailureReason, ObligationId, ObligationResultStatus};
crates/amun-constitutional-proof/src/obligation_result.rs:6:#[derive(Debug, Clone, PartialEq, Eq, Serialize, Deserialize)]
crates/amun-constitutional-proof/src/obligation_result_status.rs:1:use serde::{Deserialize, Serialize};
crates/amun-constitutional-proof/src/obligation_result_status.rs:4:#[derive(Debug, Clone, Copy, PartialEq, Eq, Serialize, Deserialize)]
crates/amun-constitutional-proof/src/obligation_severity.rs:1:use serde::{Deserialize, Serialize};
crates/amun-constitutional-proof/src/obligation_severity.rs:4:#[derive(Debug, Clone, Copy, PartialEq, Eq, PartialOrd, Ord, Serialize, Deserialize)]
crates/amun-constitutional-proof/src/obligation_status.rs:1:use crate::ObligationId;
crates/amun-constitutional-proof/src/obligation_status.rs:2:use serde::{Deserialize, Serialize};
crates/amun-constitutional-proof/src/obligation_status.rs:5:#[derive(Debug, Clone, PartialEq, Eq, Serialize, Deserialize)]
crates/amun-constitutional-proof/src/proof_obligation.rs:10:#[derive(Debug, Clone, PartialEq, Eq, Serialize, Deserialize)]
crates/amun-constitutional-proof/src/proof_obligation.rs:1:use serde::{Deserialize, Serialize};
crates/amun-constitutional-proof/src/proof_obligation.rs:24:impl ProofObligation {
crates/amun-constitutional-proof/src/proof_obligation.rs:29:        description: impl Into<String>,
crates/amun-constitutional-proof/src/proof_obligation.rs:30:        formal_statement: impl Into<String>,
crates/amun-constitutional-proof/src/proof_obligation.rs:32:        phase: impl Into<String>,
crates/amun-constitutional-proof/src/proof_obligation.rs:3:use crate::{ObligationId, ObligationKind, ObligationSeverity, ObligationStatus};
crates/amun-constitutional-proof/src/publication_package.rs:11:#[derive(Debug, Clone, Serialize, Deserialize)]
crates/amun-constitutional-proof/src/publication_package.rs:1:use blake3::Hasher;
crates/amun-constitutional-proof/src/publication_package.rs:2:use serde::{Deserialize, Serialize};
crates/amun-constitutional-proof/src/publication_package.rs:33:#[derive(Debug, Clone, Serialize, Deserialize)]
crates/amun-constitutional-proof/src/publication_package.rs:40:#[derive(Debug, Clone, Serialize, Deserialize)]
crates/amun-constitutional-proof/src/publication_package.rs:49:impl PublicationPackage {
crates/amun-constitutional-proof/src/publication_package.rs:4:use crate::{ConstitutionalReport, ConstitutionalVerdict};
crates/amun-constitutional-proof/src/registry_error.rs:1:use crate::ObligationId;
crates/amun-constitutional-proof/src/registry_error.rs:22:    #[error("derived obligation does not terminate in primary: {0}")]
crates/amun-constitutional-proof/src/registry_error.rs:2:use thiserror::Error;
crates/amun-constitutional-proof/src/registry_error.rs:5:#[derive(Debug, Clone, PartialEq, Eq, Error)]
crates/amun-constitutional-proof/src/report_generator.rs:1:use serde::{Deserialize, Serialize};
crates/amun-constitutional-proof/src/report_generator.rs:22:impl ReportGenerator {
crates/amun-constitutional-proof/src/report_generator.rs:3:use crate::{ConstitutionalVerdict, EvidenceArchive, ObligationRegistry, VerdictResult};
crates/amun-constitutional-proof/src/report_generator.rs:7:#[derive(Debug, Clone, Serialize, Deserialize)]
crates/amun-constitutional-proof/src/reproducibility.rs:11:impl Reproducibility {
crates/amun-constitutional-proof/src/reproducibility.rs:1:use serde::{Deserialize, Serialize};
crates/amun-constitutional-proof/src/reproducibility.rs:4:#[derive(Debug, Clone, PartialEq, Eq, Serialize, Deserialize)]
crates/amun-constitutional-proof/src/verdict_evaluator.rs:17:impl VerdictEvaluator {
crates/amun-constitutional-proof/src/verdict_evaluator.rs:2:use crate::{
crates/amun-constitutional-proof/src/verdict_result.rs:1:use serde::{Deserialize, Serialize};
crates/amun-constitutional-proof/src/verdict_result.rs:4:#[derive(Debug, Clone, PartialEq, Eq, Serialize, Deserialize)]
crates/amun-constitutional-quarantine/src/levels.rs:13:#[derive(Debug, Clone, PartialEq, Eq)]
crates/amun-constitutional-quarantine/src/levels.rs:1:use amun_civilizational_relations::relation::CivilizationalRelation;
crates/amun-constitutional-quarantine/src/levels.rs:21:#[derive(Debug, Clone, PartialEq, Eq)]
crates/amun-constitutional-quarantine/src/levels.rs:3:#[derive(Debug, Clone, PartialEq, Eq, PartialOrd, Ord)]
crates/amun-constitutional-quarantine/src/lib.rs:1:pub mod levels;
crates/amun-constitutional-quarantine/src/lib.rs:2:pub mod pipeline;
crates/amun-constitutional-quarantine/src/lib.rs:3:pub mod rehabilitation;
crates/amun-constitutional-quarantine/src/lib.rs:5:pub use levels::{QuarantineLevel, QuarantineZone};
crates/amun-constitutional-quarantine/src/lib.rs:6:pub use pipeline::QuarantinePipeline;
crates/amun-constitutional-quarantine/src/lib.rs:7:pub use rehabilitation::RehabilitationPath;
crates/amun-constitutional-quarantine/src/pipeline.rs:10:impl QuarantinePipeline {
crates/amun-constitutional-quarantine/src/pipeline.rs:1:use super::levels::{QuarantineLevel, QuarantineZone, VerificationRecord};
crates/amun-constitutional-quarantine/src/pipeline.rs:2:use amun_civilizational_relations::relation::CivilizationalRelation;
crates/amun-constitutional-quarantine/src/pipeline.rs:4:#[derive(Debug, Clone, PartialEq, Eq)]
crates/amun-constitutional-quarantine/src/rehabilitation.rs:12:#[derive(Debug, Clone)]
crates/amun-constitutional-quarantine/src/rehabilitation.rs:1:use super::levels::QuarantineLevel;
crates/amun-constitutional-quarantine/src/rehabilitation.rs:22:impl RehabilitationPath {
crates/amun-constitutional-quarantine/src/rehabilitation.rs:5:#[derive(Debug, Clone)]
crates/amun-constitutional-runtime/src/block_validator.rs:11:#[derive(Debug, Clone, PartialEq, Eq)]
crates/amun-constitutional-runtime/src/block_validator.rs:141:        // Register a resource that will cause R1 violation if duplicated
crates/amun-constitutional-runtime/src/block_validator.rs:1:use amun_bytecode::program::ConstitutionalProgram;
crates/amun-constitutional-runtime/src/block_validator.rs:26:impl ConstitutionalBlockValidator {
crates/amun-constitutional-runtime/src/block_validator.rs:2:use amun_invariant_engine::invariant_types::InvariantDeclaration;
crates/amun-constitutional-runtime/src/block_validator.rs:3:use amun_proof_archive::hot_store::HotProofStore;
crates/amun-constitutional-runtime/src/block_validator.rs:4:use amun_proof_archive::proof_archive::ProofArchive;
crates/amun-constitutional-runtime/src/block_validator.rs:5:use amun_resource_core::ResourceRegistry;
crates/amun-constitutional-runtime/src/block_validator.rs:6:use amun_vm_kernel::execution_context::ExecutionContext;
crates/amun-constitutional-runtime/src/block_validator.rs:87:mod tests {
crates/amun-constitutional-runtime/src/block_validator.rs:88:    use super::*;
crates/amun-constitutional-runtime/src/block_validator.rs:89:    use amun_bytecode::opcodes::OpCode;
crates/amun-constitutional-runtime/src/block_validator.rs:8:use crate::runtime_pipeline::{ConstitutionalRuntime, PipelineResult};
crates/amun-constitutional-runtime/src/block_validator.rs:90:    use amun_resource_core::{
crates/amun-constitutional-runtime/src/certificate_chain.rs:100:    use crate::block_validator::BlockValidationResult;
crates/amun-constitutional-runtime/src/certificate_chain.rs:101:    use crate::finality_certificate::ConstitutionalFinalityCertificate;
crates/amun-constitutional-runtime/src/certificate_chain.rs:102:    use amun_resource_core::ResourceId;
crates/amun-constitutional-runtime/src/certificate_chain.rs:103:    use amun_transition_proof::transition_proof::TransitionProof;
crates/amun-constitutional-runtime/src/certificate_chain.rs:10:impl CertificateChain {
crates/amun-constitutional-runtime/src/certificate_chain.rs:1:use serde::{Deserialize, Serialize};
crates/amun-constitutional-runtime/src/certificate_chain.rs:3:#[derive(Debug, Clone, PartialEq, Eq, Serialize, Deserialize)]
crates/amun-constitutional-runtime/src/certificate_chain.rs:98:mod tests {
crates/amun-constitutional-runtime/src/certificate_chain.rs:99:    use super::*;
crates/amun-constitutional-runtime/src/finality_certificate.rs:135:mod tests {
crates/amun-constitutional-runtime/src/finality_certificate.rs:136:    use super::*;
crates/amun-constitutional-runtime/src/finality_certificate.rs:137:    use crate::block_validator::{BlockValidationResult, ConstitutionalBlockValidator};
crates/amun-constitutional-runtime/src/finality_certificate.rs:138:    use amun_bytecode::opcodes::OpCode;
crates/amun-constitutional-runtime/src/finality_certificate.rs:139:    use amun_bytecode::program::ConstitutionalProgram;
crates/amun-constitutional-runtime/src/finality_certificate.rs:140:    use amun_resource_core::{ResourceId, ResourceRegistry};
crates/amun-constitutional-runtime/src/finality_certificate.rs:141:    use amun_vm_kernel::execution_context::ExecutionContext;
crates/amun-constitutional-runtime/src/finality_certificate.rs:1:use amun_transition_proof::transition_proof::TransitionProof;
crates/amun-constitutional-runtime/src/finality_certificate.rs:22:impl ConstitutionalFinalityCertificate {
crates/amun-constitutional-runtime/src/finality_certificate.rs:2:use serde::{Deserialize, Serialize};
crates/amun-constitutional-runtime/src/finality_certificate.rs:4:use crate::block_validator::BlockValidationResult;
crates/amun-constitutional-runtime/src/finality_certificate.rs:6:#[derive(Debug, Clone, PartialEq, Eq, Serialize, Deserialize)]
crates/amun-constitutional-runtime/src/history_root.rs:17:impl ConstitutionalHistoryRoot {
crates/amun-constitutional-runtime/src/history_root.rs:1:use crate::certificate_chain::CertificateChain;
crates/amun-constitutional-runtime/src/history_root.rs:2:use serde::{Deserialize, Serialize};
crates/amun-constitutional-runtime/src/history_root.rs:6:#[derive(Debug, Clone, PartialEq, Eq, Serialize, Deserialize)]
crates/amun-constitutional-runtime/src/history_root.rs:89:mod tests {
crates/amun-constitutional-runtime/src/history_root.rs:90:    use super::*;
crates/amun-constitutional-runtime/src/history_root.rs:91:    use crate::block_validator::BlockValidationResult;
crates/amun-constitutional-runtime/src/history_root.rs:92:    use crate::certificate_chain::CertificateChain;
crates/amun-constitutional-runtime/src/history_root.rs:93:    use crate::finality_certificate::ConstitutionalFinalityCertificate;
crates/amun-constitutional-runtime/src/history_root.rs:94:    use amun_resource_core::ResourceId;
crates/amun-constitutional-runtime/src/history_root.rs:95:    use amun_transition_proof::transition_proof::TransitionProof;
crates/amun-constitutional-runtime/src/lib.rs:32:pub mod block_validator;
crates/amun-constitutional-runtime/src/lib.rs:33:pub mod certificate_chain;
crates/amun-constitutional-runtime/src/lib.rs:34:pub mod finality_certificate;
crates/amun-constitutional-runtime/src/lib.rs:35:pub mod history_root;
crates/amun-constitutional-runtime/src/lib.rs:36:pub mod runtime_pipeline;
crates/amun-constitutional-runtime/src/lib.rs:37:pub use block_validator::*;
crates/amun-constitutional-runtime/src/lib.rs:38:pub use certificate_chain::*;
crates/amun-constitutional-runtime/src/lib.rs:39:pub use finality_certificate::*;
crates/amun-constitutional-runtime/src/lib.rs:40:pub use history_root::*;
crates/amun-constitutional-runtime/src/lib.rs:41:pub use runtime_pipeline::*;
crates/amun-constitutional-runtime/src/runtime_pipeline.rs:10:use amun_transition_proof::transition_proof::TransitionProof;
crates/amun-constitutional-runtime/src/runtime_pipeline.rs:11:use amun_vm_kernel::execution_context::ExecutionContext;
crates/amun-constitutional-runtime/src/runtime_pipeline.rs:12:use amun_vm_kernel::vm_kernel::{CommitResult, VMKernel};
crates/amun-constitutional-runtime/src/runtime_pipeline.rs:15:#[derive(Debug, Clone, PartialEq, Eq)]
crates/amun-constitutional-runtime/src/runtime_pipeline.rs:163:        use amun_pccv::transition_proof_engine::TransitionProofEngine as PCCVEngine;
crates/amun-constitutional-runtime/src/runtime_pipeline.rs:1:use amun_bytecode::interpreter::{Interpreter, InterpreterResult};
crates/amun-constitutional-runtime/src/runtime_pipeline.rs:226:mod tests {
crates/amun-constitutional-runtime/src/runtime_pipeline.rs:227:    use super::*;
crates/amun-constitutional-runtime/src/runtime_pipeline.rs:228:    use amun_bytecode::opcodes::OpCode;
crates/amun-constitutional-runtime/src/runtime_pipeline.rs:229:    use amun_resource_core::ResourceId;
crates/amun-constitutional-runtime/src/runtime_pipeline.rs:230:    use amun_resource_core::{ResourceArchetype, ResourceLineage, ResourceMetadata, ResourceState};
crates/amun-constitutional-runtime/src/runtime_pipeline.rs:2:use amun_bytecode::program::ConstitutionalProgram;
crates/amun-constitutional-runtime/src/runtime_pipeline.rs:33:impl ConstitutionalRuntime {
crates/amun-constitutional-runtime/src/runtime_pipeline.rs:3:use amun_evidence_engine::evidence_types::ConstitutionalEvidence;
crates/amun-constitutional-runtime/src/runtime_pipeline.rs:4:use amun_invariant_engine::invariant_engine::InvariantEngine;
crates/amun-constitutional-runtime/src/runtime_pipeline.rs:5:use amun_invariant_engine::invariant_types::InvariantDeclaration;
crates/amun-constitutional-runtime/src/runtime_pipeline.rs:6:use amun_proof_archive::hot_store::HotProofStore;
crates/amun-constitutional-runtime/src/runtime_pipeline.rs:7:use amun_proof_archive::proof_archive::ProofArchive;
crates/amun-constitutional-runtime/src/runtime_pipeline.rs:8:use amun_resource_core::{ResourceMetadata, ResourceRegistry};
crates/amun-constitutional-runtime/src/runtime_pipeline.rs:9:use amun_transition_proof::proof_builder::ProofBuilder;
crates/amun-constitutional-semantics/src/lib.rs:109:mod tests {
crates/amun-constitutional-semantics/src/lib.rs:110:    use super::*;
crates/amun-constitutional-semantics/src/lib.rs:111:    use amun_transcript_semantics::{ConsensusEvent, ConsensusEventType};
crates/amun-constitutional-semantics/src/lib.rs:112:use amun_transcript_semantics::EventIdentity;
crates/amun-constitutional-semantics/src/lib.rs:11:#[derive(Debug, Clone, PartialEq, Eq)] pub enum AccumulatorType { Sequential, MerkleTree, RSAAccumulator }
crates/amun-constitutional-semantics/src/lib.rs:12:#[derive(Debug, Clone, PartialEq, Eq)]
crates/amun-constitutional-semantics/src/lib.rs:14:impl TranscriptCommitment {
crates/amun-constitutional-semantics/src/lib.rs:27:#[derive(Debug, Clone, Copy, PartialEq, Eq, PartialOrd, Ord)] pub enum EventFinality { Tentative, QuorumAccepted, Finalized, ReplayCertified }
crates/amun-constitutional-semantics/src/lib.rs:28:impl EventFinality {
crates/amun-constitutional-semantics/src/lib.rs:32:#[derive(Debug, Clone, PartialEq, Eq)] pub struct FinalizedEvent { pub event: TranscriptEntry, pub finality: EventFinality, pub finalized_at_sequence: Option<u64>, pub commitment_root: Option<[u8; 32]> }
crates/amun-constitutional-semantics/src/lib.rs:33:impl FinalizedEvent {
crates/amun-constitutional-semantics/src/lib.rs:40:#[derive(Debug, Clone, PartialEq, Eq)] pub enum AuthorityProof { SingleSignature { validator_id: u64, signature: [u8; 64] }, ThresholdSignature { signer_ids: Vec<u64>, aggregate_signature: [u8; 96] }, ConstitutionalGrant { grant_proof: [u8; 32] }, SelfCertifying { derivation_proof: [u8; 32] } }
crates/amun-constitutional-semantics/src/lib.rs:41:#[derive(Debug, Clone, PartialEq, Eq)] pub struct AuthorityBinding { pub authority: EventAuthority, pub authority_set_root: [u8; 32], pub authority_epoch: [u8; 32], pub authority_proof: AuthorityProof }
crates/amun-constitutional-semantics/src/lib.rs:42:impl AuthorityBinding {
crates/amun-constitutional-semantics/src/lib.rs:48:#[derive(Debug, Clone, PartialEq, Eq)] pub struct NormalizedWitness { pub domain: ReplayDomain, pub sequence: u64, pub witness_hash: [u8; 32] }
crates/amun-constitutional-semantics/src/lib.rs:49:#[derive(Debug, Clone, PartialEq, Eq)] pub struct WitnessNormalization { pub witnesses: Vec<NormalizedWitness>, pub normalization_root: [u8; 32], pub normalization_version: u32 }
crates/amun-constitutional-semantics/src/lib.rs:50:impl WitnessNormalization {
crates/amun-constitutional-semantics/src/lib.rs:5:use alloc::vec::Vec;
crates/amun-constitutional-semantics/src/lib.rs:62:#[derive(Debug, Clone, PartialEq, Eq)] pub struct ReplayPolicy { pub authority: EventAuthority, pub replay_required: bool, pub divergence_is_violation: bool, pub contributes_to_causality: bool, pub can_be_checkpoint: bool, pub requires_certification: bool }
crates/amun-constitutional-semantics/src/lib.rs:63:impl ReplayPolicy {
crates/amun-constitutional-semantics/src/lib.rs:66:        use sha2::{Sha256, Digest};
crates/amun-constitutional-semantics/src/lib.rs:6:use amun_replay_semantics::{ReplayDomain, ReplayBoundary, ReplayFailure};
crates/amun-constitutional-semantics/src/lib.rs:7:use amun_transcript_semantics::{EventAuthority, TranscriptEntry};
crates/amun-constitutional-semantics/src/lib.rs:8:use sha2::{Sha256, Digest};
crates/amun-constitutional-semantics/src/lib.rs:93:#[derive(Debug, Clone, PartialEq, Eq)] pub struct ContinuityResult { pub is_continuous: bool, pub first_sequence: u64, pub last_sequence: u64, pub gaps: Vec<(u64, u64)>, pub violations: Vec<ContinuityViolation> }
crates/amun-constitutional-semantics/src/lib.rs:94:#[derive(Debug, Clone, PartialEq, Eq)] pub enum ContinuityViolation { Gap { missing_from: u64, missing_to: u64 }, HiddenBranch { branch_root: [u8; 32], first_sequence: u64 }, EquivocationWindow { start: u64, end: u64, first_hash: [u8; 32], second_hash: [u8; 32] }, OrphanSegment { segment_root: [u8; 32], start_sequence: u64, end_sequence: u64 } }
crates/amun-constitutional-semantics/src/lib.rs:96:pub mod laws {
crates/amun-constitutional-semantics/src/lib.rs:97:    use super::*;
crates/amun-constitutional-signing/src/keys.rs:10:impl ConstitutionalKeyPair {
crates/amun-constitutional-signing/src/keys.rs:1:use ed25519_dalek::{Signature, SigningKey, VerifyingKey};
crates/amun-constitutional-signing/src/keys.rs:27:        use ed25519_dalek::Signer;
crates/amun-constitutional-signing/src/keys.rs:2:use rand::rngs::OsRng;
crates/amun-constitutional-signing/src/keys.rs:3:use rand::RngCore;
crates/amun-constitutional-signing/src/lib.rs:10:pub use signature::ConstitutionalSignature;
crates/amun-constitutional-signing/src/lib.rs:11:pub use signed_artifact::SignedArtifact;
crates/amun-constitutional-signing/src/lib.rs:5:pub mod keys;
crates/amun-constitutional-signing/src/lib.rs:6:pub mod signature;
crates/amun-constitutional-signing/src/lib.rs:7:pub mod signed_artifact;
crates/amun-constitutional-signing/src/lib.rs:9:pub use keys::ConstitutionalKeyPair;
crates/amun-constitutional-signing/src/signature.rs:13:impl ConstitutionalSignature {
crates/amun-constitutional-signing/src/signature.rs:1:use ed25519_dalek::Signature;
crates/amun-constitutional-signing/src/signature.rs:35:impl serde::Serialize for ConstitutionalSignature {
crates/amun-constitutional-signing/src/signature.rs:37:        use serde::ser::SerializeStruct;
crates/amun-constitutional-signing/src/signature.rs:3:#[derive(Debug, Clone, PartialEq)]
crates/amun-constitutional-signing/src/signature.rs:49:impl<'de> serde::Deserialize<'de> for ConstitutionalSignature {
crates/amun-constitutional-signing/src/signature.rs:51:        #[derive(serde::Deserialize)]
crates/amun-constitutional-signing/src/signature.rs:77:impl ConstitutionalSignature {
crates/amun-constitutional-signing/src/signed_artifact.rs:13:impl<T: ArtifactDigest> SignedArtifact<T> {
crates/amun-constitutional-signing/src/signed_artifact.rs:1:use crate::keys::ConstitutionalKeyPair;
crates/amun-constitutional-signing/src/signed_artifact.rs:2:use crate::signature::ConstitutionalSignature;
crates/amun-constitutional-signing/src/signed_artifact.rs:3:use amun_constitution_builder::digest::ArtifactDigest;
crates/amun-constitutional-signing/src/signed_artifact.rs:40:// Manual PartialEq + Debug to satisfy DelegationChain derives
crates/amun-constitutional-signing/src/signed_artifact.rs:41:impl<T: ArtifactDigest + PartialEq> PartialEq for SignedArtifact<T> {
crates/amun-constitutional-signing/src/signed_artifact.rs:49:impl<T: ArtifactDigest + std::fmt::Debug> std::fmt::Debug for SignedArtifact<T> {
crates/amun-constitutional-signing/src/signed_artifact.rs:4:use ed25519_dalek::{Verifier, VerifyingKey};
crates/amun-constitutional-signing/src/signed_artifact.rs:5:use serde::{Deserialize, Serialize};
crates/amun-constitutional-signing/src/signed_artifact.rs:7:#[derive(Clone, Serialize, Deserialize)]
crates/amun-constitutional-signing/tests/signing_tests.rs:1:use amun_constitution_builder::{
crates/amun-constitutional-signing/tests/signing_tests.rs:4:use amun_constitutional_signing::{ConstitutionalKeyPair, SignedArtifact};
crates/amun-constitutional-sim/src/divergence.rs:1:use crate::state::SimulationState;
crates/amun-constitutional-sim/src/divergence.rs:5:impl DivergenceEngine {
crates/amun-constitutional-sim/src/effectiveness.rs:1:use crate::state::{LegitimacyClaim, SimulationState};
crates/amun-constitutional-sim/src/effectiveness.rs:2:use crate::types::ClaimAction;
crates/amun-constitutional-sim/src/effectiveness.rs:6:impl EffectivenessEngine {
crates/amun-constitutional-sim/src/evolution.rs:1:use crate::state::SimulationState;
crates/amun-constitutional-sim/src/evolution.rs:2:use crate::types::ClaimAction;
crates/amun-constitutional-sim/src/evolution.rs:3:use rand::rngs::StdRng;
crates/amun-constitutional-sim/src/evolution.rs:4:use rand::Rng;
crates/amun-constitutional-sim/src/evolution.rs:5:use rand::SeedableRng;
crates/amun-constitutional-sim/src/evolution.rs:9:impl EvolutionOperator {
crates/amun-constitutional-sim/src/lib.rs:10:pub mod state;
crates/amun-constitutional-sim/src/lib.rs:11:pub mod types;
crates/amun-constitutional-sim/src/lib.rs:13:pub use divergence::DivergenceEngine;
crates/amun-constitutional-sim/src/lib.rs:14:pub use effectiveness::EffectivenessEngine;
crates/amun-constitutional-sim/src/lib.rs:15:pub use evolution::EvolutionOperator;
crates/amun-constitutional-sim/src/lib.rs:16:pub use observables::Observables;
crates/amun-constitutional-sim/src/lib.rs:17:pub use protocol::ExperimentalProtocol;
crates/amun-constitutional-sim/src/lib.rs:18:pub use runner::{SimulationRunner, SimulationStep};
crates/amun-constitutional-sim/src/lib.rs:19:pub use state::SimulationState;
crates/amun-constitutional-sim/src/lib.rs:20:pub use types::{ClaimAction, Jurisdiction};
crates/amun-constitutional-sim/src/lib.rs:4:pub mod divergence;
crates/amun-constitutional-sim/src/lib.rs:5:pub mod effectiveness;
crates/amun-constitutional-sim/src/lib.rs:6:pub mod evolution;
crates/amun-constitutional-sim/src/lib.rs:7:pub mod observables;
crates/amun-constitutional-sim/src/lib.rs:8:pub mod protocol;
crates/amun-constitutional-sim/src/lib.rs:9:pub mod runner;
crates/amun-constitutional-sim/src/observables.rs:1:use crate::state::SimulationState;
crates/amun-constitutional-sim/src/observables.rs:5:impl Observables {
crates/amun-constitutional-sim/src/protocol.rs:1:use serde::{Deserialize, Serialize};
crates/amun-constitutional-sim/src/protocol.rs:3:#[derive(Debug, Clone, Serialize, Deserialize)]
crates/amun-constitutional-sim/src/runner.rs:1:use crate::divergence::DivergenceEngine;
crates/amun-constitutional-sim/src/runner.rs:21:impl SimulationRunner {
crates/amun-constitutional-sim/src/runner.rs:2:use crate::effectiveness::EffectivenessEngine;
crates/amun-constitutional-sim/src/runner.rs:3:use crate::evolution::EvolutionOperator;
crates/amun-constitutional-sim/src/runner.rs:4:use crate::observables::Observables;
crates/amun-constitutional-sim/src/runner.rs:5:use crate::protocol::ExperimentalProtocol;
crates/amun-constitutional-sim/src/runner.rs:6:use crate::state::SimulationState;
crates/amun-constitutional-sim/src/runner.rs:7:use serde::{Deserialize, Serialize};
crates/amun-constitutional-sim/src/runner.rs:9:#[derive(Debug, Clone, Serialize, Deserialize)]
crates/amun-constitutional-sim/src/state.rs:17:#[derive(Debug, Clone, Serialize, Deserialize)]
crates/amun-constitutional-sim/src/state.rs:1:use crate::types::{ClaimAction, Jurisdiction};
crates/amun-constitutional-sim/src/state.rs:23:#[derive(Debug, Clone, Serialize, Deserialize)]
crates/amun-constitutional-sim/src/state.rs:2:use rand::rngs::StdRng;
crates/amun-constitutional-sim/src/state.rs:33:impl SimulationState {
crates/amun-constitutional-sim/src/state.rs:3:use rand::Rng;
crates/amun-constitutional-sim/src/state.rs:4:use rand::SeedableRng;
crates/amun-constitutional-sim/src/state.rs:5:use serde::{Deserialize, Serialize};
crates/amun-constitutional-sim/src/state.rs:7:#[derive(Debug, Clone, Serialize, Deserialize)]
crates/amun-constitutional-sim/src/types.rs:14:#[derive(Debug, Clone, Serialize, Deserialize)]
crates/amun-constitutional-sim/src/types.rs:19:impl Jurisdiction {
crates/amun-constitutional-sim/src/types.rs:1:use serde::{Deserialize, Serialize};
crates/amun-constitutional-sim/src/types.rs:2:use std::collections::HashSet;
crates/amun-constitutional-sim/src/types.rs:4:#[derive(Debug, Clone, Serialize, Deserialize, PartialEq)]
crates/amun-constitutional-sim/tests/phase_116_engineering_map.rs:1:use amun_constitutional_sim::{ExperimentalProtocol, SimulationRunner};
crates/amun-constitutional-sim/tests/phase_116_interactions.rs:2:use amun_constitutional_sim::{ExperimentalProtocol, SimulationRunner};
crates/amun-constitutional-sim/tests/phase_116_main_effects.rs:1:use amun_constitutional_sim::{ExperimentalProtocol, SimulationRunner};
crates/amun-constitutional-sim/tests/quick_validation.rs:1:use amun_constitutional_sim::{EffectivenessEngine, SimulationState};
crates/amun-constitutional-sim/tests/recalibrated_n100.rs:1:use amun_constitutional_sim::{ExperimentalProtocol, SimulationRunner};
crates/amun-constitutional-sim/tests/recalibrated_ratio.rs:1:use amun_constitutional_sim::{ExperimentalProtocol, SimulationRunner};
crates/amun-constitutional-sim/tests/recalibrated_tests.rs:1:use amun_constitutional_sim::{ExperimentalProtocol, SimulationRunner};
crates/amun-constitutional-sim/tests/recognition_erosion.rs:1:use amun_constitutional_sim::{ExperimentalProtocol, SimulationRunner};
crates/amun-constitutional-state/src/lib.rs:100:    use super::*;
crates/amun-constitutional-state/src/lib.rs:14:#[derive(Debug, Clone, Serialize, Deserialize)]
crates/amun-constitutional-state/src/lib.rs:196:#[derive(Debug, Clone, Serialize, Deserialize)]
crates/amun-constitutional-state/src/lib.rs:1:use amun_constitutional_commitments::SparseMerkleTree;
crates/amun-constitutional-state/src/lib.rs:205:impl ConstitutionalStateRuntime {
crates/amun-constitutional-state/src/lib.rs:20:#[derive(Debug, Clone)]
crates/amun-constitutional-state/src/lib.rs:234:impl ReplayCertificate {
crates/amun-constitutional-state/src/lib.rs:245:mod certificate_tests {
crates/amun-constitutional-state/src/lib.rs:246:    use super::*;
crates/amun-constitutional-state/src/lib.rs:26:impl ConstitutionalStateRuntime {
crates/amun-constitutional-state/src/lib.rs:277:impl ReplayCertificate {
crates/amun-constitutional-state/src/lib.rs:2:use serde::{Deserialize, Serialize};
crates/amun-constitutional-state/src/lib.rs:302:mod n1_tests {
crates/amun-constitutional-state/src/lib.rs:303:    use super::*;
crates/amun-constitutional-state/src/lib.rs:356:impl ConstitutionalStateRuntime {
crates/amun-constitutional-state/src/lib.rs:370:mod n3_tests {
crates/amun-constitutional-state/src/lib.rs:371:    use super::*;
crates/amun-constitutional-state/src/lib.rs:3:use std::collections::BTreeMap;
crates/amun-constitutional-state/src/lib.rs:402:use amun_constitutional_commitments::smt::MerkleProof;
crates/amun-constitutional-state/src/lib.rs:406:#[derive(Debug, Clone, Serialize, Deserialize)]
crates/amun-constitutional-state/src/lib.rs:414:impl ConstitutionalStateRuntime {
crates/amun-constitutional-state/src/lib.rs:440:impl CertificateInclusionProof {
crates/amun-constitutional-state/src/lib.rs:453:mod n7_tests {
crates/amun-constitutional-state/src/lib.rs:454:    use super::*;
crates/amun-constitutional-state/src/lib.rs:5:pub mod keys {
crates/amun-constitutional-state/src/lib.rs:92:impl Default for ConstitutionalStateRuntime {
crates/amun-constitutional-state/src/lib.rs:99:mod tests {
crates/amun-constitutional-treaties/src/covenant.rs:3:#[derive(Debug, Clone, PartialEq, Eq)]
crates/amun-constitutional-treaties/src/lib.rs:3:pub mod covenant;
crates/amun-constitutional-treaties/src/lib.rs:4:pub mod treaty;
crates/amun-constitutional-treaties/src/lib.rs:6:pub use covenant::InteroperabilityCovenant;
crates/amun-constitutional-treaties/src/lib.rs:7:pub use treaty::{ConstitutionalTreaty, TreatyStatus, TreatyType};
crates/amun-constitutional-treaties/src/treaty.rs:12:#[derive(Debug, Clone, PartialEq, Eq)]
crates/amun-constitutional-treaties/src/treaty.rs:26:#[derive(Debug, Clone, PartialEq, Eq)]
crates/amun-constitutional-treaties/src/treaty.rs:2:#[derive(Debug, Clone, PartialEq, Eq)]
crates/amun-constitutional-verifier/src/lib.rs:11:impl Default for ConstitutionalVerifier {
crates/amun-constitutional-verifier/src/lib.rs:17:impl ConstitutionalVerifier {
crates/amun-constitutional-verifier/src/result.rs:16:#[derive(Debug, Clone)]
crates/amun-constitutional-verifier/src/result.rs:1:#[derive(Debug, Clone, PartialEq, Eq)]
crates/amun-constitutional-verifier/src/result.rs:25:impl VerificationResult {
crates/amun-constitutional-verifier/src/verifier.rs:1:use amun_consensus_messages::ConsensusVote;
crates/amun-constitutional-verifier/src/verifier.rs:2:use amun_quorum_certificate::QuorumCertificate;
crates/amun-constitutional-verifier/src/verifier.rs:3:use amun_validator_attestation::ValidatorSet;
crates/amun-constitutional-verifier/src/verifier.rs:60:    use std::collections::HashSet;
crates/amun-constitutional-verifier/src/verifier.rs:92:mod tests {
crates/amun-constitutional-verifier/src/verifier.rs:93:    use super::*;
crates/amun-constitutional-verifier/src/verifier.rs:94:    use amun_chain_position::ChainPosition;
crates/amun-constitutional-verifier/src/verifier.rs:95:    use amun_consensus_messages::ConsensusPhase;
crates/amun-constitutional-verifier/src/verifier.rs:96:    use amun_validator_attestation::validator_set::ValidatorInfo;
crates/amun-constitutional/src/architectural_invariants.rs:105:/// Constitutional state identity is derived exclusively from
crates/amun-constitutional/src/architectural_invariants.rs:114:    "State identity is replay-derived, not storage-derived.";
crates/amun-constitutional/src/architectural_invariants.rs:118:/// Snapshot restoration validity is derived from replay lineage,
crates/amun-constitutional/src/architectural_invariants.rs:127:    "Restoration validity is lineage-derived, not storage-derived.";
crates/amun-constitutional/src/architectural_invariants.rs:145:/// Constitutional validity is causally derived, not temporally derived.
crates/amun-constitutional/src/architectural_invariants.rs:153:    "Constitutional validity is causally derived, not temporally derived.";
crates/amun-constitutional/src/architectural_invariants.rs:326:/// invariants — not because enough entities approved it.
crates/amun-constitutional/src/architectural_invariants.rs:417:mod tests {
crates/amun-constitutional/src/architectural_invariants.rs:418:    use super::*;
crates/amun-constitutional/src/artifact_graph.rs:102:impl ArtifactGraph {
crates/amun-constitutional/src/artifact_graph.rs:149:mod tests {
crates/amun-constitutional/src/artifact_graph.rs:14:use crate::constitutional_failure::{
crates/amun-constitutional/src/artifact_graph.rs:150:    use super::*;
crates/amun-constitutional/src/artifact_graph.rs:17:use crate::kernel_types::ConstitutionalHash;
crates/amun-constitutional/src/artifact_graph.rs:18:use crate::prelude::*;
crates/amun-constitutional/src/artifact_graph.rs:20:#[derive(Debug, Clone, Copy, PartialEq, Eq)]
crates/amun-constitutional/src/artifact_graph.rs:31:#[derive(Debug, Clone, PartialEq, Eq)]
crates/amun-constitutional/src/artifact_graph.rs:49:impl EdgeVerification {
crates/amun-constitutional/src/artifact_graph.rs:58:#[derive(Debug, Clone, PartialEq, Eq)]
crates/amun-constitutional/src/artifact_graph.rs:66:impl ArtifactEdge {
crates/amun-constitutional/src/artifact_graph.rs:97:#[derive(Debug, Clone, Default)]
crates/amun-constitutional/src/canonical_serialize.rs:12:use crate::prelude::*;
crates/amun-constitutional/src/canonical_serialize.rs:141:mod tests {
crates/amun-constitutional/src/canonical_serialize.rs:142:    use super::*;
crates/amun-constitutional/src/canonical_serialize.rs:15:pub trait CanonicalEncode {
crates/amun-constitutional/src/canonical_serialize.rs:21:pub trait CanonicalDecode: Sized {
crates/amun-constitutional/src/canonical_witness.rs:13:use crate::constitutional_witness::WitnessEntry;
crates/amun-constitutional/src/canonical_witness.rs:142:        use crate::constitutional_witness::ConstitutionalWitness;
crates/amun-constitutional/src/canonical_witness.rs:14:use crate::witness_type::WitnessType;
crates/amun-constitutional/src/canonical_witness.rs:155:        use crate::constitutional_witness::ConstitutionalWitness;
crates/amun-constitutional/src/canonical_witness.rs:87:mod tests {
crates/amun-constitutional/src/canonical_witness.rs:88:    use super::*;
crates/amun-constitutional/src/causal_edge.rs:10:use crate::constitutional_failure::{
crates/amun-constitutional/src/causal_edge.rs:124:impl CausalEdge {
crates/amun-constitutional/src/causal_edge.rs:13:use crate::constitutional_hasher::ConstitutionalHasher;
crates/amun-constitutional/src/causal_edge.rs:14:use crate::constitutional_object::{ConstitutionalIdentity, ConstitutionalObject};
crates/amun-constitutional/src/causal_edge.rs:15:use crate::hash_domains;
crates/amun-constitutional/src/causal_edge.rs:162:mod tests {
crates/amun-constitutional/src/causal_edge.rs:163:    use super::*;
crates/amun-constitutional/src/causal_edge.rs:16:use crate::kernel_types::ConstitutionalHash;
crates/amun-constitutional/src/causal_edge.rs:23:#[derive(Debug, Clone, PartialEq, Eq)]
crates/amun-constitutional/src/causal_edge.rs:42:    /// The context where this causal relationship holds.
crates/amun-constitutional/src/causal_edge.rs:46:impl ConstitutionalIdentity for CausalEdge {
crates/amun-constitutional/src/causal_edge.rs:61:impl ConstitutionalObject for CausalEdge {
crates/amun-constitutional/src/causal_edge.rs:9:use crate::causality_type::CausalityType;
crates/amun-constitutional/src/causality_chain.rs:10:use crate::causal_edge::CausalEdge;
crates/amun-constitutional/src/causality_chain.rs:11:use crate::constitutional_failure::{
crates/amun-constitutional/src/causality_chain.rs:14:use crate::constitutional_hasher::ConstitutionalHasher;
crates/amun-constitutional/src/causality_chain.rs:158:impl CausalityChain {
crates/amun-constitutional/src/causality_chain.rs:15:use crate::constitutional_object::{ConstitutionalIdentity, ConstitutionalObject};
crates/amun-constitutional/src/causality_chain.rs:16:use crate::hash_domains;
crates/amun-constitutional/src/causality_chain.rs:17:use crate::kernel_types::ConstitutionalHash;
crates/amun-constitutional/src/causality_chain.rs:18:use crate::prelude::*;
crates/amun-constitutional/src/causality_chain.rs:194:mod tests {
crates/amun-constitutional/src/causality_chain.rs:195:    use super::*;
crates/amun-constitutional/src/causality_chain.rs:196:    use crate::causal_edge::CausalEdge;
crates/amun-constitutional/src/causality_chain.rs:26:#[derive(Debug, Clone, PartialEq, Eq)]
crates/amun-constitutional/src/causality_chain.rs:46:impl ConstitutionalIdentity for CausalityChain {
crates/amun-constitutional/src/causality_chain.rs:61:impl ConstitutionalObject for CausalityChain {
crates/amun-constitutional/src/causality_type.rs:13:use crate::constitutional_hasher::ConstitutionalHasher;
crates/amun-constitutional/src/causality_type.rs:14:use crate::hash_domains;
crates/amun-constitutional/src/causality_type.rs:15:use crate::kernel_types::ConstitutionalHash;
crates/amun-constitutional/src/causality_type.rs:18:#[derive(Debug, Clone, Copy, PartialEq, Eq)]
crates/amun-constitutional/src/causality_type.rs:25:    /// Example: receipt is admissible because commitment is admissible.
crates/amun-constitutional/src/causality_type.rs:26:    AdmissibilityCause = 0x02,
crates/amun-constitutional/src/causality_type.rs:32:    /// B's state is derived from A's state via replay.
crates/amun-constitutional/src/causality_type.rs:33:    /// Example: post-transition state is causally derived from pre-transition state.
crates/amun-constitutional/src/causality_type.rs:38:    RevisionCause = 0x05,
crates/amun-constitutional/src/causality_type.rs:42:    CertificationCause = 0x06,
crates/amun-constitutional/src/causality_type.rs:46:    SupersessionCause = 0x07,
crates/amun-constitutional/src/causality_type.rs:57:impl CausalityType {
crates/amun-constitutional/src/causality_type.rs:93:mod tests {
crates/amun-constitutional/src/causality_type.rs:94:    use super::*;
crates/amun-constitutional/src/certificate_scope.rs:16:use crate::constitutional_hasher::ConstitutionalHasher;
crates/amun-constitutional/src/certificate_scope.rs:171:mod tests {
crates/amun-constitutional/src/certificate_scope.rs:172:    use super::*;
crates/amun-constitutional/src/certificate_scope.rs:17:use crate::hash_domains;
crates/amun-constitutional/src/certificate_scope.rs:18:use crate::kernel_types::ConstitutionalHash;
crates/amun-constitutional/src/certificate_scope.rs:19:use crate::replay_outcome::ReplayOutcome;
crates/amun-constitutional/src/certificate_scope.rs:22:#[derive(Debug, Clone, Copy, PartialEq, Eq)]
crates/amun-constitutional/src/certificate_scope.rs:45:#[derive(Debug, Clone, PartialEq, Eq)]
crates/amun-constitutional/src/certificate_scope.rs:69:impl CertificateScope {
crates/amun-constitutional/src/constitutional_failure.rs:11:pub mod failure_domain {
crates/amun-constitutional/src/constitutional_failure.rs:1:use crate::constitutional_hasher::ConstitutionalHasher;
crates/amun-constitutional/src/constitutional_failure.rs:21:pub mod failure_type {
crates/amun-constitutional/src/constitutional_failure.rs:220:mod tests {
crates/amun-constitutional/src/constitutional_failure.rs:221:    use super::*;
crates/amun-constitutional/src/constitutional_failure.rs:2:use crate::kernel_types::ConstitutionalHash;
crates/amun-constitutional/src/constitutional_failure.rs:34:#[derive(Debug, Clone, PartialEq, Eq)]
crates/amun-constitutional/src/constitutional_failure.rs:3:use crate::prelude::*;
crates/amun-constitutional/src/constitutional_failure.rs:58:impl ConstitutionalFailure {
crates/amun-constitutional/src/constitutional_failure.rs:5:pub mod severity {
crates/amun-constitutional/src/constitutional_hasher.rs:10:impl ConstitutionalHasher {
crates/amun-constitutional/src/constitutional_hasher.rs:1:use sha2::{Digest, Sha256};
crates/amun-constitutional/src/constitutional_hasher.rs:5:#[derive(Clone)]
crates/amun-constitutional/src/constitutional_hasher.rs:78:mod tests {
crates/amun-constitutional/src/constitutional_hasher.rs:79:    use super::*;
crates/amun-constitutional/src/constitutional_object.rs:1:use crate::constitutional_failure::ConstitutionalFailure;
crates/amun-constitutional/src/constitutional_object.rs:20:pub trait ConstitutionalIdentity {
crates/amun-constitutional/src/constitutional_object.rs:3:pub trait ConstitutionalObject {
crates/amun-constitutional/src/constitutional_witness.rs:106:impl ConstitutionalObject for ConstitutionalWitness {
crates/amun-constitutional/src/constitutional_witness.rs:10:use crate::constitutional_failure::{
crates/amun-constitutional/src/constitutional_witness.rs:13:use crate::constitutional_hasher::ConstitutionalHasher;
crates/amun-constitutional/src/constitutional_witness.rs:14:use crate::constitutional_object::{ConstitutionalIdentity, ConstitutionalObject};
crates/amun-constitutional/src/constitutional_witness.rs:15:use crate::hash_domains;
crates/amun-constitutional/src/constitutional_witness.rs:16:use crate::kernel_types::ConstitutionalHash;
crates/amun-constitutional/src/constitutional_witness.rs:17:use crate::prelude::*;
crates/amun-constitutional/src/constitutional_witness.rs:18:use crate::witness_type::WitnessType;
crates/amun-constitutional/src/constitutional_witness.rs:198:impl ConstitutionalWitness {
crates/amun-constitutional/src/constitutional_witness.rs:21:#[derive(Debug, Clone, PartialEq, Eq)]
crates/amun-constitutional/src/constitutional_witness.rs:251:mod tests {
crates/amun-constitutional/src/constitutional_witness.rs:252:    use super::*;
crates/amun-constitutional/src/constitutional_witness.rs:31:impl WitnessEntry {
crates/amun-constitutional/src/constitutional_witness.rs:65:#[derive(Debug, Clone, PartialEq, Eq)]
crates/amun-constitutional/src/constitutional_witness.rs:91:impl ConstitutionalIdentity for ConstitutionalWitness {
crates/amun-constitutional/src/continuation_chain.rs:12:use crate::constitutional_failure::{
crates/amun-constitutional/src/continuation_chain.rs:130:impl ContinuationChain {
crates/amun-constitutional/src/continuation_chain.rs:15:use crate::constitutional_hasher::ConstitutionalHasher;
crates/amun-constitutional/src/continuation_chain.rs:16:use crate::constitutional_object::{ConstitutionalIdentity, ConstitutionalObject};
crates/amun-constitutional/src/continuation_chain.rs:17:use crate::hash_domains;
crates/amun-constitutional/src/continuation_chain.rs:189:mod tests {
crates/amun-constitutional/src/continuation_chain.rs:18:use crate::kernel_types::ConstitutionalHash;
crates/amun-constitutional/src/continuation_chain.rs:190:    use super::*;
crates/amun-constitutional/src/continuation_chain.rs:191:    use crate::snapshot::ConstitutionalSnapshot;
crates/amun-constitutional/src/continuation_chain.rs:192:    use crate::snapshot_scope::RestorationOutcome;
crates/amun-constitutional/src/continuation_chain.rs:19:use crate::restoration_point::RestorationPoint;
crates/amun-constitutional/src/continuation_chain.rs:24:///   - The restoration point (where replay resumes)
crates/amun-constitutional/src/continuation_chain.rs:29:#[derive(Debug, Clone, PartialEq, Eq)]
crates/amun-constitutional/src/continuation_chain.rs:59:impl ConstitutionalIdentity for ContinuationChain {
crates/amun-constitutional/src/continuation_chain.rs:74:impl ConstitutionalObject for ContinuationChain {
crates/amun-constitutional/src/continuation_chain.rs:9://!   transcript position where the snapshot ended, preserving
crates/amun-constitutional/src/cycle_detection.rs:107:mod tests {
crates/amun-constitutional/src/cycle_detection.rs:108:    use super::*;
crates/amun-constitutional/src/cycle_detection.rs:109:    use crate::causality_type::CausalityType;
crates/amun-constitutional/src/cycle_detection.rs:11:#[derive(Debug, Clone, PartialEq, Eq)]
crates/amun-constitutional/src/cycle_detection.rs:23:impl CycleDetectionResult {
crates/amun-constitutional/src/cycle_detection.rs:34:    use crate::prelude::*;
crates/amun-constitutional/src/cycle_detection.rs:6:use crate::causal_edge::CausalEdge;
crates/amun-constitutional/src/cycle_detection.rs:7:use crate::kernel_types::ConstitutionalHash;
crates/amun-constitutional/src/cycle_detection.rs:8:use crate::prelude::*;
crates/amun-constitutional/src/divergence_point.rs:10:use crate::constitutional_object::{ConstitutionalIdentity, ConstitutionalObject};
crates/amun-constitutional/src/divergence_point.rs:11:use crate::divergence_type::DivergenceType;
crates/amun-constitutional/src/divergence_point.rs:12:use crate::hash_domains;
crates/amun-constitutional/src/divergence_point.rs:133:impl DivergencePoint {
crates/amun-constitutional/src/divergence_point.rs:13:use crate::kernel_types::ConstitutionalHash;
crates/amun-constitutional/src/divergence_point.rs:14:use crate::prelude::*;
crates/amun-constitutional/src/divergence_point.rs:16:/// The point in the transcript where replay diverged.
crates/amun-constitutional/src/divergence_point.rs:177:mod tests {
crates/amun-constitutional/src/divergence_point.rs:178:    use super::*;
crates/amun-constitutional/src/divergence_point.rs:1://! DivergencePoint — the constitutional position where replay diverged.
crates/amun-constitutional/src/divergence_point.rs:21:#[derive(Debug, Clone, PartialEq, Eq)]
crates/amun-constitutional/src/divergence_point.rs:31:    /// The transcript position where divergence was detected.
crates/amun-constitutional/src/divergence_point.rs:43:    /// The context where divergence occurred.
crates/amun-constitutional/src/divergence_point.rs:59:impl ConstitutionalIdentity for DivergencePoint {
crates/amun-constitutional/src/divergence_point.rs:6:use crate::constitutional_failure::{
crates/amun-constitutional/src/divergence_point.rs:74:impl ConstitutionalObject for DivergencePoint {
crates/amun-constitutional/src/divergence_point.rs:9:use crate::constitutional_hasher::ConstitutionalHasher;
crates/amun-constitutional/src/divergence_resolution.rs:10:use crate::constitutional_object::{ConstitutionalIdentity, ConstitutionalObject};
crates/amun-constitutional/src/divergence_resolution.rs:11:use crate::hash_domains;
crates/amun-constitutional/src/divergence_resolution.rs:12:use crate::kernel_types::ConstitutionalHash;
crates/amun-constitutional/src/divergence_resolution.rs:140:impl DivergenceResolution {
crates/amun-constitutional/src/divergence_resolution.rs:15:#[derive(Debug, Clone, Copy, PartialEq, Eq)]
crates/amun-constitutional/src/divergence_resolution.rs:174:mod tests {
crates/amun-constitutional/src/divergence_resolution.rs:175:    use super::*;
crates/amun-constitutional/src/divergence_resolution.rs:27:impl ResolutionType {
crates/amun-constitutional/src/divergence_resolution.rs:36:#[derive(Debug, Clone, PartialEq, Eq)]
crates/amun-constitutional/src/divergence_resolution.rs:58:    /// The context where resolution occurred.
crates/amun-constitutional/src/divergence_resolution.rs:68:impl ConstitutionalIdentity for DivergenceResolution {
crates/amun-constitutional/src/divergence_resolution.rs:6:use crate::constitutional_failure::{
crates/amun-constitutional/src/divergence_resolution.rs:83:impl ConstitutionalObject for DivergenceResolution {
crates/amun-constitutional/src/divergence_resolution.rs:9:use crate::constitutional_hasher::ConstitutionalHasher;
crates/amun-constitutional/src/divergence_type.rs:12:#[derive(Debug, Clone, Copy, PartialEq, Eq)]
crates/amun-constitutional/src/divergence_type.rs:39:impl DivergenceType {
crates/amun-constitutional/src/divergence_type.rs:71:mod tests {
crates/amun-constitutional/src/divergence_type.rs:72:    use super::*;
crates/amun-constitutional/src/divergence_type.rs:7:use crate::constitutional_hasher::ConstitutionalHasher;
crates/amun-constitutional/src/divergence_type.rs:8:use crate::hash_domains;
crates/amun-constitutional/src/divergence_type.rs:9:use crate::kernel_types::ConstitutionalHash;
crates/amun-constitutional/src/execution_boundary.rs:121:impl ExecutionBoundary {
crates/amun-constitutional/src/execution_boundary.rs:172:mod tests {
crates/amun-constitutional/src/execution_boundary.rs:173:    use super::*;
crates/amun-constitutional/src/execution_boundary.rs:174:    use crate::execution_context::ExecutionContext;
crates/amun-constitutional/src/execution_boundary.rs:175:    use crate::execution_limits::ExecutionLimits;
crates/amun-constitutional/src/execution_boundary.rs:1:use crate::constitutional_failure::{
crates/amun-constitutional/src/execution_boundary.rs:29:impl ConstitutionalIdentity for ExecutionBoundary {
crates/amun-constitutional/src/execution_boundary.rs:44:impl ConstitutionalObject for ExecutionBoundary {
crates/amun-constitutional/src/execution_boundary.rs:4:use crate::constitutional_hasher::ConstitutionalHasher;
crates/amun-constitutional/src/execution_boundary.rs:5:use crate::constitutional_object::{ConstitutionalIdentity, ConstitutionalObject};
crates/amun-constitutional/src/execution_boundary.rs:6:use crate::execution_limits::ExecutionLimits;
crates/amun-constitutional/src/execution_boundary.rs:8:#[derive(Debug, Clone, PartialEq, Eq)]
crates/amun-constitutional/src/execution_context.rs:128:mod tests {
crates/amun-constitutional/src/execution_context.rs:129:    use super::*;
crates/amun-constitutional/src/execution_context.rs:1:use crate::constitutional_failure::{
crates/amun-constitutional/src/execution_context.rs:22:impl ConstitutionalIdentity for ExecutionContext {
crates/amun-constitutional/src/execution_context.rs:37:impl ConstitutionalObject for ExecutionContext {
crates/amun-constitutional/src/execution_context.rs:4:use crate::constitutional_hasher::ConstitutionalHasher;
crates/amun-constitutional/src/execution_context.rs:5:use crate::constitutional_object::{ConstitutionalIdentity, ConstitutionalObject};
crates/amun-constitutional/src/execution_context.rs:7:#[derive(Debug, Clone, PartialEq, Eq)]
crates/amun-constitutional/src/execution_context.rs:88:impl ExecutionContext {
crates/amun-constitutional/src/execution_journal.rs:133:#[derive(Debug, Clone, PartialEq, Eq)]
crates/amun-constitutional/src/execution_journal.rs:147:impl ConstitutionalIdentity for ExecutionJournal {
crates/amun-constitutional/src/execution_journal.rs:162:impl ConstitutionalObject for ExecutionJournal {
crates/amun-constitutional/src/execution_journal.rs:1:use crate::constitutional_failure::{
crates/amun-constitutional/src/execution_journal.rs:212:impl ExecutionJournal {
crates/amun-constitutional/src/execution_journal.rs:25:impl ConstitutionalIdentity for JournalEntry {
crates/amun-constitutional/src/execution_journal.rs:281:mod tests {
crates/amun-constitutional/src/execution_journal.rs:282:    use super::*;
crates/amun-constitutional/src/execution_journal.rs:283:    use crate::execution_context::ExecutionContext;
crates/amun-constitutional/src/execution_journal.rs:40:impl ConstitutionalObject for JournalEntry {
crates/amun-constitutional/src/execution_journal.rs:4:use crate::constitutional_hasher::ConstitutionalHasher;
crates/amun-constitutional/src/execution_journal.rs:5:use crate::constitutional_object::{ConstitutionalIdentity, ConstitutionalObject};
crates/amun-constitutional/src/execution_journal.rs:6:use crate::prelude::*;
crates/amun-constitutional/src/execution_journal.rs:8:#[derive(Debug, Clone, PartialEq, Eq)]
crates/amun-constitutional/src/execution_journal.rs:92:impl JournalEntry {
crates/amun-constitutional/src/execution_limits.rs:12:#[derive(Debug, Clone, PartialEq, Eq, Default)]
crates/amun-constitutional/src/execution_limits.rs:190:mod tests {
crates/amun-constitutional/src/execution_limits.rs:191:    use super::*;
crates/amun-constitutional/src/execution_limits.rs:19:#[derive(Debug, Clone, PartialEq, Eq, Default)]
crates/amun-constitutional/src/execution_limits.rs:1:use crate::constitutional_failure::{
crates/amun-constitutional/src/execution_limits.rs:24:#[derive(Debug, Clone, PartialEq, Eq, Default)]
crates/amun-constitutional/src/execution_limits.rs:28:#[derive(Debug, Clone, PartialEq, Eq, Default)]
crates/amun-constitutional/src/execution_limits.rs:33:#[derive(Debug, Clone, PartialEq, Eq)]
crates/amun-constitutional/src/execution_limits.rs:4:use crate::constitutional_hasher::ConstitutionalHasher;
crates/amun-constitutional/src/execution_limits.rs:51:impl ExecutionLimits {
crates/amun-constitutional/src/execution_limits.rs:6:#[derive(Debug, Clone, PartialEq, Eq, Default)]
crates/amun-constitutional/src/execution_receipt.rs:102:impl ConstitutionalObject for ExecutionReceipt {
crates/amun-constitutional/src/execution_receipt.rs:168:impl ExecutionReceipt {
crates/amun-constitutional/src/execution_receipt.rs:19:use crate::constitutional_failure::{
crates/amun-constitutional/src/execution_receipt.rs:216:mod tests {
crates/amun-constitutional/src/execution_receipt.rs:217:    use super::*;
crates/amun-constitutional/src/execution_receipt.rs:22:use crate::constitutional_hasher::ConstitutionalHasher;
crates/amun-constitutional/src/execution_receipt.rs:23:use crate::constitutional_object::{ConstitutionalIdentity, ConstitutionalObject};
crates/amun-constitutional/src/execution_receipt.rs:24:use crate::hash_domains::DOMAIN_EXECUTION_RECEIPT;
crates/amun-constitutional/src/execution_receipt.rs:25:use crate::kernel_types::ConstitutionalHash;
crates/amun-constitutional/src/execution_receipt.rs:26:use crate::replay_outcome::ReplayOutcome;
crates/amun-constitutional/src/execution_receipt.rs:46:#[derive(Debug, Clone, PartialEq, Eq)]
crates/amun-constitutional/src/execution_receipt.rs:87:impl ConstitutionalIdentity for ExecutionReceipt {
crates/amun-constitutional/src/hash_domain_registry.rs:18:pub mod constitutional_domains {
crates/amun-constitutional/src/hash_domain_registry.rs:61:/// Operational hash domains — for runtime use only.
crates/amun-constitutional/src/hash_domain_registry.rs:64:/// No constitutional object may use an operational domain.
crates/amun-constitutional/src/hash_domain_registry.rs:65:pub mod operational_domains {
crates/amun-constitutional/src/hash_domain_registry.rs:74:mod tests {
crates/amun-constitutional/src/hash_domain_registry.rs:75:    use super::*;
crates/amun-constitutional/src/hash_domains.rs:49:mod tests {
crates/amun-constitutional/src/hash_domains.rs:50:    use super::*;
crates/amun-constitutional/src/hash_domains.rs:51:    use crate::prelude::*;
crates/amun-constitutional/src/kernel_types.rs:13:#[derive(Debug, Clone, PartialEq, Eq)]
crates/amun-constitutional/src/kernel_types.rs:20:#[derive(Debug, Clone, PartialEq, Eq)]
crates/amun-constitutional/src/kernel_types.rs:27:impl Default for ReplayPolicy {
crates/amun-constitutional/src/kernel_types.rs:37:#[derive(Debug, Clone, PartialEq, Eq)]
crates/amun-constitutional/src/kernel_types.rs:5:#[derive(Debug, Clone, Copy, PartialEq, Eq)]
crates/amun-constitutional/src/lib.rs:100:pub use causal_edge::CausalEdge;
crates/amun-constitutional/src/lib.rs:101:pub use causality_chain::CausalityChain;
crates/amun-constitutional/src/lib.rs:102:pub use causality_type::CausalityType;
crates/amun-constitutional/src/lib.rs:103:pub use certificate_scope::{CertificateScope, ScopeRelationship};
crates/amun-constitutional/src/lib.rs:104:pub use constitutional_failure::{failure_domain, failure_type, severity, ConstitutionalFailure};
crates/amun-constitutional/src/lib.rs:105:pub use constitutional_hasher::ConstitutionalHasher;
crates/amun-constitutional/src/lib.rs:106:pub use constitutional_object::{ConstitutionalIdentity, ConstitutionalObject};
crates/amun-constitutional/src/lib.rs:107:pub use constitutional_witness::{ConstitutionalWitness, WitnessEntry};
crates/amun-constitutional/src/lib.rs:108:pub use continuation_chain::ContinuationChain;
crates/amun-constitutional/src/lib.rs:109:pub use cycle_detection::{detect_cycles, CycleDetectionResult};
crates/amun-constitutional/src/lib.rs:110:pub use divergence_point::DivergencePoint;
crates/amun-constitutional/src/lib.rs:111:pub use divergence_resolution::{DivergenceResolution, ResolutionType};
crates/amun-constitutional/src/lib.rs:112:pub use divergence_type::DivergenceType;
crates/amun-constitutional/src/lib.rs:113:pub use execution_boundary::ExecutionBoundary;
crates/amun-constitutional/src/lib.rs:114:pub use execution_context::ExecutionContext;
crates/amun-constitutional/src/lib.rs:115:pub use execution_journal::{ExecutionJournal, JournalEntry};
crates/amun-constitutional/src/lib.rs:116:pub use execution_limits::*;
crates/amun-constitutional/src/lib.rs:117:pub use execution_receipt::ExecutionReceipt;
crates/amun-constitutional/src/lib.rs:118:pub use hash_domain_registry::*;
crates/amun-constitutional/src/lib.rs:119:pub use hash_domains::*;
crates/amun-constitutional/src/lib.rs:120:pub use kernel_types::*;
crates/amun-constitutional/src/lib.rs:121:pub use replay_certificate::ReplayCertificate;
crates/amun-constitutional/src/lib.rs:122:pub use replay_outcome::ReplayOutcome;
crates/amun-constitutional/src/lib.rs:123:pub use restoration_point::RestorationPoint;
crates/amun-constitutional/src/lib.rs:124:pub use revision_migration::{MigrationPath, RevisionCompatibility, UpgradeProof};
crates/amun-constitutional/src/lib.rs:125:pub use schema_registry::*;
crates/amun-constitutional/src/lib.rs:126:pub use snapshot::ConstitutionalSnapshot;
crates/amun-constitutional/src/lib.rs:127:pub use snapshot_scope::{RestorationOutcome, SnapshotScope, SnapshotScopeRelationship};
crates/amun-constitutional/src/lib.rs:128:pub use state_anchor::ConstitutionalStateAnchor;
crates/amun-constitutional/src/lib.rs:129:pub use state_anchor_scope::{AnchorScopeRelationship, StateAnchorScope};
crates/amun-constitutional/src/lib.rs:130:pub use transition_commitment::TransitionCommitment;
crates/amun-constitutional/src/lib.rs:131:pub use transition_evidence::TransitionEvidence;
crates/amun-constitutional/src/lib.rs:132:pub use witness_type::WitnessType;
crates/amun-constitutional/src/lib.rs:38:pub mod architectural_invariants;
crates/amun-constitutional/src/lib.rs:39:pub mod constitutional_failure;
crates/amun-constitutional/src/lib.rs:40:pub mod constitutional_hasher;
crates/amun-constitutional/src/lib.rs:41:pub mod constitutional_object;
crates/amun-constitutional/src/lib.rs:42:pub mod execution_limits;
crates/amun-constitutional/src/lib.rs:43:pub mod hash_domain_registry;
crates/amun-constitutional/src/lib.rs:44:pub mod hash_domains;
crates/amun-constitutional/src/lib.rs:45:pub mod kernel_types;
crates/amun-constitutional/src/lib.rs:46:pub mod prelude;
crates/amun-constitutional/src/lib.rs:47:pub mod schema_registry;
crates/amun-constitutional/src/lib.rs:50:pub mod execution_boundary;
crates/amun-constitutional/src/lib.rs:51:pub mod execution_context;
crates/amun-constitutional/src/lib.rs:52:pub mod execution_journal;
crates/amun-constitutional/src/lib.rs:53:pub mod transition_commitment;
crates/amun-constitutional/src/lib.rs:54:pub mod transition_evidence;
crates/amun-constitutional/src/lib.rs:57:pub mod certificate_scope;
crates/amun-constitutional/src/lib.rs:58:pub mod execution_receipt;
crates/amun-constitutional/src/lib.rs:59:pub mod replay_certificate;
crates/amun-constitutional/src/lib.rs:60:pub mod replay_outcome;
crates/amun-constitutional/src/lib.rs:61:pub mod snapshot;
crates/amun-constitutional/src/lib.rs:62:pub mod snapshot_scope;
crates/amun-constitutional/src/lib.rs:63:pub mod state_anchor;
crates/amun-constitutional/src/lib.rs:64:pub mod state_anchor_scope;
crates/amun-constitutional/src/lib.rs:67:pub mod continuation_chain;
crates/amun-constitutional/src/lib.rs:68:pub mod restoration_point;
crates/amun-constitutional/src/lib.rs:71:pub mod divergence_point;
crates/amun-constitutional/src/lib.rs:72:pub mod divergence_resolution;
crates/amun-constitutional/src/lib.rs:73:pub mod divergence_type;
crates/amun-constitutional/src/lib.rs:76:pub mod causal_edge;
crates/amun-constitutional/src/lib.rs:77:pub mod causality_chain;
crates/amun-constitutional/src/lib.rs:78:pub mod causality_type;
crates/amun-constitutional/src/lib.rs:81:pub mod constitutional_witness;
crates/amun-constitutional/src/lib.rs:82:pub mod witness_type;
crates/amun-constitutional/src/lib.rs:85:pub mod canonical_witness;
crates/amun-constitutional/src/lib.rs:86:pub mod cycle_detection;
crates/amun-constitutional/src/lib.rs:89:pub mod canonical_serialize;
crates/amun-constitutional/src/lib.rs:90:pub mod revision_migration;
crates/amun-constitutional/src/lib.rs:93:pub mod artifact_graph;
crates/amun-constitutional/src/lib.rs:96:pub use architectural_invariants::*;
crates/amun-constitutional/src/lib.rs:97:pub use artifact_graph::{ArtifactEdge, ArtifactEdgeType, ArtifactGraph, EdgeVerification};
crates/amun-constitutional/src/lib.rs:98:pub use canonical_serialize::{CanonicalDecode, CanonicalEncode};
crates/amun-constitutional/src/lib.rs:99:pub use canonical_witness::{canonical_order, is_canonical, normalize};
crates/amun-constitutional/src/prelude.rs:2:pub use alloc::{
crates/amun-constitutional/src/prelude.rs:9:pub use std::{
crates/amun-constitutional/src/replay_certificate.rs:11:use crate::constitutional_hasher::ConstitutionalHasher;
crates/amun-constitutional/src/replay_certificate.rs:12:use crate::constitutional_object::{ConstitutionalIdentity, ConstitutionalObject};
crates/amun-constitutional/src/replay_certificate.rs:130:impl ReplayCertificate {
crates/amun-constitutional/src/replay_certificate.rs:13:use crate::hash_domains::DOMAIN_REPLAY_CERTIFICATE;
crates/amun-constitutional/src/replay_certificate.rs:14:use crate::kernel_types::ConstitutionalHash;
crates/amun-constitutional/src/replay_certificate.rs:15:use crate::prelude::*;
crates/amun-constitutional/src/replay_certificate.rs:17:#[derive(Debug, Clone, PartialEq, Eq)]
crates/amun-constitutional/src/replay_certificate.rs:195:mod tests {
crates/amun-constitutional/src/replay_certificate.rs:196:    use super::*;
crates/amun-constitutional/src/replay_certificate.rs:197:    use crate::replay_outcome::ReplayOutcome;
crates/amun-constitutional/src/replay_certificate.rs:32:impl ConstitutionalIdentity for ReplayCertificate {
crates/amun-constitutional/src/replay_certificate.rs:47:impl ConstitutionalObject for ReplayCertificate {
crates/amun-constitutional/src/replay_certificate.rs:7:use crate::certificate_scope::CertificateScope;
crates/amun-constitutional/src/replay_certificate.rs:8:use crate::constitutional_failure::{
crates/amun-constitutional/src/replay_outcome.rs:14:#[derive(Debug, Clone, Copy, PartialEq, Eq)]
crates/amun-constitutional/src/replay_outcome.rs:29:impl ReplayOutcome {
crates/amun-constitutional/src/replay_outcome.rs:50:mod tests {
crates/amun-constitutional/src/replay_outcome.rs:51:    use super::*;
crates/amun-constitutional/src/replay_outcome.rs:7:use crate::constitutional_hasher::ConstitutionalHasher;
crates/amun-constitutional/src/replay_outcome.rs:8:use crate::kernel_types::ConstitutionalHash;
crates/amun-constitutional/src/restoration_point.rs:12:use crate::constitutional_hasher::ConstitutionalHasher;
crates/amun-constitutional/src/restoration_point.rs:130:impl RestorationPoint {
crates/amun-constitutional/src/restoration_point.rs:13:use crate::constitutional_object::{ConstitutionalIdentity, ConstitutionalObject};
crates/amun-constitutional/src/restoration_point.rs:14:use crate::hash_domains;
crates/amun-constitutional/src/restoration_point.rs:15:use crate::kernel_types::ConstitutionalHash;
crates/amun-constitutional/src/restoration_point.rs:169:mod tests {
crates/amun-constitutional/src/restoration_point.rs:16:use crate::snapshot::ConstitutionalSnapshot;
crates/amun-constitutional/src/restoration_point.rs:170:    use super::*;
crates/amun-constitutional/src/restoration_point.rs:171:    use crate::snapshot::ConstitutionalSnapshot;
crates/amun-constitutional/src/restoration_point.rs:172:    use crate::snapshot_scope::RestorationOutcome;
crates/amun-constitutional/src/restoration_point.rs:1://! RestorationPoint — the constitutional position where replay resumes.
crates/amun-constitutional/src/restoration_point.rs:21:/// position where execution continues. This ensures that the
crates/amun-constitutional/src/restoration_point.rs:24:#[derive(Debug, Clone, PartialEq, Eq)]
crates/amun-constitutional/src/restoration_point.rs:3://! A restoration point defines exactly where in the replay lineage
crates/amun-constitutional/src/restoration_point.rs:40:    /// The transcript position where replay resumes.
crates/amun-constitutional/src/restoration_point.rs:58:impl ConstitutionalIdentity for RestorationPoint {
crates/amun-constitutional/src/restoration_point.rs:73:impl ConstitutionalObject for RestorationPoint {
crates/amun-constitutional/src/restoration_point.rs:9:use crate::constitutional_failure::{
crates/amun-constitutional/src/revision_migration.rs:112:mod tests {
crates/amun-constitutional/src/revision_migration.rs:113:    use super::*;
crates/amun-constitutional/src/revision_migration.rs:12:#[derive(Debug, Clone, Copy, PartialEq, Eq)]
crates/amun-constitutional/src/revision_migration.rs:32:#[derive(Debug, Clone, PartialEq, Eq)]
crates/amun-constitutional/src/revision_migration.rs:46:impl MigrationPath {
crates/amun-constitutional/src/revision_migration.rs:84:#[derive(Debug, Clone, PartialEq, Eq)]
crates/amun-constitutional/src/revision_migration.rs:96:impl UpgradeProof {
crates/amun-constitutional/src/revision_migration.rs:9:use crate::kernel_types::ConstitutionalHash;
crates/amun-constitutional/src/schema_registry.rs:158:mod tests {
crates/amun-constitutional/src/schema_registry.rs:159:    use super::*;
crates/amun-constitutional/src/schema_registry.rs:16:pub mod schema_ranges {
crates/amun-constitutional/src/schema_registry.rs:48:pub mod core_schemas {
crates/amun-constitutional/src/schema_registry.rs:49:    use super::schema_ranges;
crates/amun-constitutional/src/snapshot.rs:14:use crate::constitutional_failure::{
crates/amun-constitutional/src/snapshot.rs:178:impl ConstitutionalSnapshot {
crates/amun-constitutional/src/snapshot.rs:17:use crate::constitutional_hasher::ConstitutionalHasher;
crates/amun-constitutional/src/snapshot.rs:18:use crate::constitutional_object::{ConstitutionalIdentity, ConstitutionalObject};
crates/amun-constitutional/src/snapshot.rs:19:use crate::hash_domains;
crates/amun-constitutional/src/snapshot.rs:20:use crate::kernel_types::ConstitutionalHash;
crates/amun-constitutional/src/snapshot.rs:21:use crate::prelude::*;
crates/amun-constitutional/src/snapshot.rs:22:use crate::snapshot_scope::{RestorationOutcome, SnapshotScope};
crates/amun-constitutional/src/snapshot.rs:243:mod tests {
crates/amun-constitutional/src/snapshot.rs:244:    use super::*;
crates/amun-constitutional/src/snapshot.rs:38:#[derive(Debug, Clone, PartialEq, Eq)]
crates/amun-constitutional/src/snapshot.rs:64:impl ConstitutionalIdentity for ConstitutionalSnapshot {
crates/amun-constitutional/src/snapshot.rs:79:impl ConstitutionalObject for ConstitutionalSnapshot {
crates/amun-constitutional/src/snapshot.rs:7://! Snapshot identity is REPLAY-DERIVED, not storage-derived.
crates/amun-constitutional/src/snapshot.rs:8://! Snapshot restoration validity is LINEAGE-DERIVED, not storage-derived.
crates/amun-constitutional/src/snapshot_scope.rs:170:mod tests {
crates/amun-constitutional/src/snapshot_scope.rs:171:    use super::*;
crates/amun-constitutional/src/snapshot_scope.rs:18:use crate::constitutional_hasher::ConstitutionalHasher;
crates/amun-constitutional/src/snapshot_scope.rs:19:use crate::hash_domains;
crates/amun-constitutional/src/snapshot_scope.rs:20:use crate::kernel_types::ConstitutionalHash;
crates/amun-constitutional/src/snapshot_scope.rs:23:#[derive(Debug, Clone, Copy, PartialEq, Eq)]
crates/amun-constitutional/src/snapshot_scope.rs:38:#[derive(Debug, Clone, Copy, PartialEq, Eq)]
crates/amun-constitutional/src/snapshot_scope.rs:50:impl RestorationOutcome {
crates/amun-constitutional/src/snapshot_scope.rs:67:#[derive(Debug, Clone, PartialEq, Eq)]
crates/amun-constitutional/src/snapshot_scope.rs:87:impl SnapshotScope {
crates/amun-constitutional/src/state_anchor.rs:14://!   Constitutional state identity is derived exclusively from deterministic
crates/amun-constitutional/src/state_anchor.rs:162:impl ConstitutionalStateAnchor {
crates/amun-constitutional/src/state_anchor.rs:18:use crate::constitutional_failure::{
crates/amun-constitutional/src/state_anchor.rs:1://! ConstitutionalStateAnchor — immutable, replay-derived state attestation.
crates/amun-constitutional/src/state_anchor.rs:21:use crate::constitutional_hasher::ConstitutionalHasher;
crates/amun-constitutional/src/state_anchor.rs:226:mod tests {
crates/amun-constitutional/src/state_anchor.rs:227:    use super::*;
crates/amun-constitutional/src/state_anchor.rs:22:use crate::constitutional_object::{ConstitutionalIdentity, ConstitutionalObject};
crates/amun-constitutional/src/state_anchor.rs:23:use crate::hash_domains;
crates/amun-constitutional/src/state_anchor.rs:24:use crate::kernel_types::ConstitutionalHash;
crates/amun-constitutional/src/state_anchor.rs:25:use crate::prelude::*;
crates/amun-constitutional/src/state_anchor.rs:26:use crate::state_anchor_scope::StateAnchorScope;
crates/amun-constitutional/src/state_anchor.rs:28:/// An immutable constitutional attestation of replay-derived state.
crates/amun-constitutional/src/state_anchor.rs:33:#[derive(Debug, Clone, PartialEq, Eq)]
crates/amun-constitutional/src/state_anchor.rs:59:impl ConstitutionalIdentity for ConstitutionalStateAnchor {
crates/amun-constitutional/src/state_anchor.rs:74:impl ConstitutionalObject for ConstitutionalStateAnchor {
crates/amun-constitutional/src/state_anchor_scope.rs:138:mod tests {
crates/amun-constitutional/src/state_anchor_scope.rs:139:    use super::*;
crates/amun-constitutional/src/state_anchor_scope.rs:15:use crate::constitutional_hasher::ConstitutionalHasher;
crates/amun-constitutional/src/state_anchor_scope.rs:16:use crate::hash_domains;
crates/amun-constitutional/src/state_anchor_scope.rs:17:use crate::kernel_types::ConstitutionalHash;
crates/amun-constitutional/src/state_anchor_scope.rs:20:#[derive(Debug, Clone, Copy, PartialEq, Eq)]
crates/amun-constitutional/src/state_anchor_scope.rs:38:#[derive(Debug, Clone, PartialEq, Eq)]
crates/amun-constitutional/src/state_anchor_scope.rs:56:impl StateAnchorScope {
crates/amun-constitutional/src/transition_commitment.rs:120:mod tests {
crates/amun-constitutional/src/transition_commitment.rs:121:    use super::*;
crates/amun-constitutional/src/transition_commitment.rs:1:use crate::constitutional_failure::{
crates/amun-constitutional/src/transition_commitment.rs:23:impl ConstitutionalIdentity for TransitionCommitment {
crates/amun-constitutional/src/transition_commitment.rs:38:impl ConstitutionalObject for TransitionCommitment {
crates/amun-constitutional/src/transition_commitment.rs:4:use crate::constitutional_hasher::ConstitutionalHasher;
crates/amun-constitutional/src/transition_commitment.rs:5:use crate::constitutional_object::{ConstitutionalIdentity, ConstitutionalObject};
crates/amun-constitutional/src/transition_commitment.rs:7:#[derive(Debug, Clone, PartialEq, Eq)]
crates/amun-constitutional/src/transition_commitment.rs:90:impl TransitionCommitment {
crates/amun-constitutional/src/transition_evidence.rs:125:mod tests {
crates/amun-constitutional/src/transition_evidence.rs:126:    use super::*;
crates/amun-constitutional/src/transition_evidence.rs:1:use crate::constitutional_failure::{
crates/amun-constitutional/src/transition_evidence.rs:26:impl ConstitutionalIdentity for TransitionEvidence {
crates/amun-constitutional/src/transition_evidence.rs:41:impl ConstitutionalObject for TransitionEvidence {
crates/amun-constitutional/src/transition_evidence.rs:4:use crate::constitutional_hasher::ConstitutionalHasher;
crates/amun-constitutional/src/transition_evidence.rs:5:use crate::constitutional_object::{ConstitutionalIdentity, ConstitutionalObject};
crates/amun-constitutional/src/transition_evidence.rs:6:use crate::prelude::*;
crates/amun-constitutional/src/transition_evidence.rs:8:#[derive(Debug, Clone, PartialEq, Eq)]
crates/amun-constitutional/src/transition_evidence.rs:93:impl TransitionEvidence {
crates/amun-constitutional/src/witness_type.rs:12:#[derive(Debug, Clone, Copy, PartialEq, Eq)]
crates/amun-constitutional/src/witness_type.rs:34:impl WitnessType {
crates/amun-constitutional/src/witness_type.rs:62:mod tests {
crates/amun-constitutional/src/witness_type.rs:63:    use super::*;
crates/amun-constitutional/src/witness_type.rs:7:use crate::constitutional_hasher::ConstitutionalHasher;
crates/amun-constitutional/src/witness_type.rs:8:use crate::hash_domains;
crates/amun-constitutional/src/witness_type.rs:9:use crate::kernel_types::ConstitutionalHash;
crates/amun-contract-events/src/lib.rs:18:impl ContractStorage {
crates/amun-contract-events/src/lib.rs:1:use amun_resource_core::ResourceId;
crates/amun-contract-events/src/lib.rs:2:use sha2::{Digest, Sha256};
crates/amun-contract-events/src/lib.rs:3:use std::collections::BTreeMap;
crates/amun-contract-events/src/lib.rs:77:impl Default for ContractStorage {
crates/amun-contract-events/tests/n173_events_storage_tests.rs:1:use amun_contract_events::ContractStorage;
crates/amun-contract-events/tests/n173_events_storage_tests.rs:2:use amun_resource_core::ResourceId;
crates/amun-contract-fuzzing/src/lib.rs:177:impl Default for FuzzResult {
crates/amun-contract-fuzzing/src/lib.rs:17:impl FuzzResult {
crates/amun-contract-fuzzing/src/lib.rs:1:use amun_bytecode::OpCode;
crates/amun-contract-fuzzing/src/lib.rs:2:use amun_contract_integration::ContractExecutor;
crates/amun-contract-fuzzing/src/lib.rs:35:fn random_opcode(rng: &mut impl Rng) -> OpCode {
crates/amun-contract-fuzzing/src/lib.rs:3:use amun_contract_registry::ContractRegistry;
crates/amun-contract-fuzzing/src/lib.rs:46:fn random_program(rng: &mut impl Rng) -> Vec<OpCode> {
crates/amun-contract-fuzzing/src/lib.rs:4:use amun_resource_core::{ResourceId, ResourceRegistry};
crates/amun-contract-fuzzing/src/lib.rs:5:use rand::Rng;
crates/amun-contract-fuzzing/tests/n171_fuzzing_tests.rs:1:use amun_contract_fuzzing::*;
crates/amun-contract-integration/src/lib.rs:12:impl ContractDeployer {
crates/amun-contract-integration/src/lib.rs:1:use amun_bytecode::ConstitutionalProgram;
crates/amun-contract-integration/src/lib.rs:2:use amun_bytecode::OpCode;
crates/amun-contract-integration/src/lib.rs:3:use amun_gas_engine::GasEngine;
crates/amun-contract-integration/src/lib.rs:42:impl ContractExecutor {
crates/amun-contract-integration/src/lib.rs:4:use amun_resource_core::{
crates/amun-contract-integration/src/lib.rs:8:use amun_vm_kernel::execution_context::ExecutionContext;
crates/amun-contract-integration/src/lib.rs:94:        use sha2::{Digest, Sha256};
crates/amun-contract-integration/tests/n167_contract_integration_tests.rs:1:use amun_bytecode::{ConstitutionalProgram, OpCode};
crates/amun-contract-integration/tests/n167_contract_integration_tests.rs:2:use amun_contract_integration::{ContractDeployer, ContractExecutor};
crates/amun-contract-integration/tests/n167_contract_integration_tests.rs:3:use amun_resource_core::{ResourceId, ResourceRegistry};
crates/amun-contract-integration/tests/n169_contract_nft_defi_tests.rs:1:use amun_bytecode::OpCode;
crates/amun-contract-integration/tests/n169_contract_nft_defi_tests.rs:2:use amun_contract_registry::ContractRegistry;
crates/amun-contract-integration/tests/n169_contract_nft_defi_tests.rs:34:    reg.derive_from_collection(
crates/amun-contract-integration/tests/n169_contract_nft_defi_tests.rs:3:use amun_resource_core::{
crates/amun-contract-integration/tests/n172_cross_contract_tests.rs:1:use amun_bytecode::OpCode;
crates/amun-contract-integration/tests/n172_cross_contract_tests.rs:2:use amun_contract_registry::ContractRegistry;
crates/amun-contract-integration/tests/n172_cross_contract_tests.rs:3:use amun_resource_core::{ResourceId, ResourceRegistry};
crates/amun-contract-registry/src/lib.rs:10:#[derive(Debug, Clone, Copy, PartialEq, Eq, PartialOrd, Ord)]
crates/amun-contract-registry/src/lib.rs:110:impl ContractRegistry {
crates/amun-contract-registry/src/lib.rs:13:#[derive(Debug, Clone)]
crates/amun-contract-registry/src/lib.rs:1:use sha2::{Digest, Sha256};
crates/amun-contract-registry/src/lib.rs:25:impl Default for ContractRegistry {
crates/amun-contract-registry/src/lib.rs:2:use std::collections::BTreeMap;
crates/amun-contract-registry/src/lib.rs:31:impl ContractRegistry {
crates/amun-contract-registry/src/lib.rs:4:use amun_bytecode::OpCode;
crates/amun-contract-registry/src/lib.rs:5:use amun_resource_core::{
crates/amun-contract-sdk/src/lib.rs:11:impl AmunContractSdk {
crates/amun-contract-sdk/src/lib.rs:1:use amun_bytecode::OpCode;
crates/amun-contract-sdk/src/lib.rs:2:use amun_contract_integration::ContractExecutor;
crates/amun-contract-sdk/src/lib.rs:3:use amun_contract_registry::ContractRegistry;
crates/amun-contract-sdk/src/lib.rs:4:use amun_resource_core::{RegistryError, ResourceArchetype, ResourceId, ResourceRegistry};
crates/amun-contract-sdk/src/lib.rs:64:impl Default for AmunContractSdk {
crates/amun-contract-security/src/lib.rs:1:use amun_bytecode::OpCode;
crates/amun-contract-security/src/lib.rs:2:use amun_contract_integration::ContractExecutor;
crates/amun-contract-security/src/lib.rs:3:use amun_contract_registry::ContractRegistry;
crates/amun-contract-security/src/lib.rs:4:use amun_resource_core::{ResourceId, ResourceRegistry};
crates/amun-contract-security/tests/n170_security_audit_tests.rs:1:use amun_contract_security::*;
crates/amun-contract-templates/src/lib.rs:1:use amun_bytecode::OpCode;
crates/amun-contract-upgrade/src/lib.rs:14:impl ContractUpgrader {
crates/amun-contract-upgrade/src/lib.rs:1:use amun_bytecode::{ConstitutionalProgram, OpCode};
crates/amun-contract-upgrade/src/lib.rs:2:use amun_contract_registry::ContractRegistry;
crates/amun-contract-upgrade/src/lib.rs:3:use amun_resource_core::{RegistryError, ResourceArchetype, ResourceId, ResourceRegistry};
crates/amun-contract-upgrade/tests/n174_upgrade_tests.rs:1:use amun_bytecode::OpCode;
crates/amun-contract-upgrade/tests/n174_upgrade_tests.rs:2:use amun_contract_registry::ContractRegistry;
crates/amun-contract-upgrade/tests/n174_upgrade_tests.rs:3:use amun_contract_upgrade::ContractUpgrader;
crates/amun-contract-upgrade/tests/n174_upgrade_tests.rs:4:use amun_resource_core::ResourceId;
crates/amun-contract-upgrade/tests/n174_upgrade_tests.rs:5:use amun_resource_core::ResourceRegistry;
crates/amun-core-optimization/src/lib.rs:15:impl OptimizedRegistry {
crates/amun-core-optimization/src/lib.rs:1:use amun_resource_core::ResourceRegistry;
crates/amun-core-optimization/src/lib.rs:2:use std::collections::BTreeMap;
crates/amun-core-optimization/tests/n161_optimization_tests.rs:1:use amun_core_optimization::OptimizedRegistry;
crates/amun-core-optimization/tests/n161_optimization_tests.rs:2:use amun_resource_core::{
crates/amun-core-optimization/tests/n161_optimization_tests.rs:40:        reg.derive_from_collection(&col_id, meta.clone()).unwrap();
crates/amun-core-optimization/tests/n161_optimization_tests.rs:43:            .derive_from_collection(&col_id, meta)
crates/amun-core-optimization/tests/n161_optimization_tests.rs:6:use sha2::Digest;
crates/amun-core-optimization/tests/n161_optimization_tests.rs:7:use std::time::Instant;
crates/amun-crash-persistence/src/lib.rs:1:pub mod persistence;
crates/amun-crash-persistence/src/lib.rs:2:pub mod recovery;
crates/amun-crash-persistence/src/lib.rs:3:pub use persistence::CrashPersistence;
crates/amun-crash-persistence/src/lib.rs:4:pub use recovery::recover_from_wal;
crates/amun-crash-persistence/src/persistence.rs:1:use amun_wal::WriteAheadLog;
crates/amun-crash-persistence/src/persistence.rs:7:impl CrashPersistence {
crates/amun-crash-persistence/src/recovery.rs:1:use amun_crash_recovery::CrashRecovery;
crates/amun-crash-persistence/src/recovery.rs:2:use amun_wal::WriteAheadLog;
crates/amun-crash-recovery/src/checkpoint.rs:12:impl RecoveryCheckpoint {
crates/amun-crash-recovery/src/checkpoint.rs:1:use blake3::Hasher;
crates/amun-crash-recovery/src/checkpoint.rs:3:#[derive(Debug, Clone)]
crates/amun-crash-recovery/src/lib.rs:1:pub mod recovery;
crates/amun-crash-recovery/src/lib.rs:2:pub use recovery::CrashRecovery;
crates/amun-crash-recovery/src/recovery.rs:1:use amun_wal::WriteAheadLog;
crates/amun-crash-recovery/src/recovery.rs:7:impl CrashRecovery {
crates/amun-cross-contract/src/lib.rs:1:pub mod transfer_proof;
crates/amun-cross-contract/src/lib.rs:2:pub mod transfer_registry;
crates/amun-cross-contract/src/lib.rs:4:pub use transfer_proof::*;
crates/amun-cross-contract/src/lib.rs:5:pub use transfer_registry::*;
crates/amun-cross-contract/src/transfer_proof.rs:1:use amun_resource_core::ResourceId;
crates/amun-cross-contract/src/transfer_proof.rs:25:impl CrossContractTransferProof {
crates/amun-cross-contract/src/transfer_proof.rs:2:use serde::{Deserialize, Serialize};
crates/amun-cross-contract/src/transfer_proof.rs:7:#[derive(Debug, Clone, PartialEq, Eq, Serialize, Deserialize)]
crates/amun-cross-contract/src/transfer_registry.rs:13:impl TransferProofRegistry {
crates/amun-cross-contract/src/transfer_registry.rs:1:use std::collections::HashSet;
crates/amun-cross-contract/src/transfer_registry.rs:3:use amun_evidence_engine::evidence_types::ConstitutionalEvidence;
crates/amun-cross-contract/src/transfer_registry.rs:4:use amun_resource_core::ResourceId;
crates/amun-cross-contract/src/transfer_registry.rs:52:mod tests {
crates/amun-cross-contract/src/transfer_registry.rs:53:    use super::*;
crates/amun-cross-contract/src/transfer_registry.rs:54:    use amun_resource_core::ResourceId;
crates/amun-cross-contract/src/transfer_registry.rs:6:use crate::transfer_proof::CrossContractTransferProof;
crates/amun-cross-contract/src/transfer_registry.rs:8:#[derive(Debug, Clone, Default)]
crates/amun-crypto-hardening/src/anti_replay.rs:11:impl AntiReplayGuard {
crates/amun-crypto-hardening/src/anti_replay.rs:1:use std::collections::HashSet;
crates/amun-crypto-hardening/src/anti_replay.rs:49:mod tests {
crates/amun-crypto-hardening/src/anti_replay.rs:50:    use super::*;
crates/amun-crypto-hardening/src/anti_replay.rs:5:#[derive(Debug, Clone)]
crates/amun-crypto-hardening/src/key_rotation.rs:114:mod tests {
crates/amun-crypto-hardening/src/key_rotation.rs:115:    use super::*;
crates/amun-crypto-hardening/src/key_rotation.rs:116:    use crate::production_keys::ValidatorKeypair;
crates/amun-crypto-hardening/src/key_rotation.rs:13:impl KeyRotationCertificate {
crates/amun-crypto-hardening/src/key_rotation.rs:1:use serde::{Deserialize, Serialize};
crates/amun-crypto-hardening/src/key_rotation.rs:36:        use crate::production_keys::ValidatorPublicKey;
crates/amun-crypto-hardening/src/key_rotation.rs:3:#[derive(Debug, Clone, PartialEq, Eq, Serialize, Deserialize)]
crates/amun-crypto-hardening/src/key_rotation.rs:54:#[derive(Debug, Clone, Default, Serialize, Deserialize)]
crates/amun-crypto-hardening/src/key_rotation.rs:60:impl KeyRotationChain {
crates/amun-crypto-hardening/src/lib.rs:32:pub mod anti_replay;
crates/amun-crypto-hardening/src/lib.rs:33:pub mod key_rotation;
crates/amun-crypto-hardening/src/lib.rs:34:pub mod production_keys;
crates/amun-crypto-hardening/src/lib.rs:36:pub use anti_replay::*;
crates/amun-crypto-hardening/src/lib.rs:37:pub use key_rotation::*;
crates/amun-crypto-hardening/src/lib.rs:38:pub use production_keys::*;
crates/amun-crypto-hardening/src/production_keys.rs:13:impl ValidatorKeypair {
crates/amun-crypto-hardening/src/production_keys.rs:1:use ed25519_dalek::{Signature, Signer, SigningKey, Verifier, VerifyingKey};
crates/amun-crypto-hardening/src/production_keys.rs:2:use rand::rngs::OsRng;
crates/amun-crypto-hardening/src/production_keys.rs:35:#[derive(Debug, Clone, PartialEq, Eq, Serialize, Deserialize)]
crates/amun-crypto-hardening/src/production_keys.rs:3:use rand::RngCore;
crates/amun-crypto-hardening/src/production_keys.rs:40:impl ValidatorPublicKey {
crates/amun-crypto-hardening/src/production_keys.rs:4:use serde::{Deserialize, Serialize};
crates/amun-crypto-hardening/src/production_keys.rs:56:mod tests {
crates/amun-crypto-hardening/src/production_keys.rs:57:    use super::*;
crates/amun-crypto-hardening/src/production_keys.rs:5:use zeroize::{Zeroize, ZeroizeOnDrop};
crates/amun-crypto-hardening/src/production_keys.rs:7:#[derive(Zeroize, ZeroizeOnDrop)]
crates/amun-crypto/src/agility.rs:11:impl CryptoAgility {
crates/amun-crypto/src/agility.rs:1:#[derive(Clone, Debug, PartialEq, Eq)]
crates/amun-crypto/src/agility.rs:35:impl Default for CryptoAgility {
crates/amun-crypto/src/audit.rs:10:impl EntropyAudit {
crates/amun-crypto/src/audit.rs:1:use rand_core::OsRng;
crates/amun-crypto/src/audit.rs:2:use rand_core::RngCore;
crates/amun-crypto/src/audit.rs:32:impl Default for EntropyAudit {
crates/amun-crypto/src/ed25519.rs:18:impl Ed25519Signer {
crates/amun-crypto/src/ed25519.rs:1:use ed25519_dalek::{Signature, Signer, SigningKey, Verifier, VerifyingKey};
crates/amun-crypto/src/ed25519.rs:2:use rand_core::OsRng;
crates/amun-crypto/src/ed25519.rs:3:use zeroize::Zeroize;
crates/amun-crypto/src/ed25519.rs:5:#[derive(Debug, Clone, PartialEq, Eq)]
crates/amun-crypto/src/ed25519.rs:82:impl Zeroize for Ed25519Signer {
crates/amun-crypto/src/ed25519.rs:88:impl Drop for Ed25519Signer {
crates/amun-crypto/src/ed25519.rs:94:impl std::fmt::Debug for Ed25519Signer {
crates/amun-crypto/src/lib.rs:1:pub mod agility;
crates/amun-crypto/src/lib.rs:2:pub mod audit;
crates/amun-crypto/src/lib.rs:3:pub mod ed25519;
crates/amun-crypto/src/lib.rs:4:pub mod rotation;
crates/amun-crypto/src/lib.rs:6:pub use agility::CryptoAgility;
crates/amun-crypto/src/lib.rs:7:pub use audit::EntropyAudit;
crates/amun-crypto/src/lib.rs:8:pub use ed25519::Ed25519Signer;
crates/amun-crypto/src/lib.rs:9:pub use rotation::KeyRotation;
crates/amun-crypto/src/rotation.rs:9:impl KeyRotation {
crates/amun-defi-amm/src/lib.rs:12:impl Default for AmmEngine {
crates/amun-defi-amm/src/lib.rs:18:impl AmmEngine {
crates/amun-defi-amm/src/lib.rs:1:use amun_defi_core::DefiPool;
crates/amun-defi-amm/src/lib.rs:2:use amun_resource_core::{
crates/amun-defi-amm/src/lib.rs:6:use std::collections::BTreeMap;
crates/amun-defi-amm/src/lib.rs:72:        use sha2::{Digest, Sha256};
crates/amun-defi-amm/tests/n153_amm_tests.rs:1:use amun_defi_amm::AmmEngine;
crates/amun-defi-amm/tests/n153_amm_tests.rs:2:use amun_resource_core::ResourceRegistry;
crates/amun-defi-core/src/lib.rs:1:use amun_resource_core::ResourceId;
crates/amun-defi-core/src/lib.rs:20:impl DefiPool {
crates/amun-defi-core/src/lib.rs:2:use sha2::{Digest, Sha256};
crates/amun-defi-evidence/src/lib.rs:1:use sha2::{Digest, Sha256};
crates/amun-defi-evidence/src/lib.rs:5:impl DefiEvidence {
crates/amun-defi-evidence/tests/n153_evidence_tests.rs:1:use amun_defi_evidence::DefiEvidence;
crates/amun-defi-governance/src/lib.rs:12:impl Default for DefiParameters {
crates/amun-defi-governance/src/lib.rs:1:use sha2::{Digest, Sha256};
crates/amun-defi-governance/src/lib.rs:2:use std::collections::BTreeMap;
crates/amun-defi-governance/src/lib.rs:40:impl Default for GovernanceEngine {
crates/amun-defi-governance/src/lib.rs:46:impl GovernanceEngine {
crates/amun-defi-governance/tests/n157_governance_tests.rs:1:use amun_defi_governance::GovernanceEngine;
crates/amun-defi-lending-core/src/lib.rs:18:#[derive(Debug, Clone, Serialize, Deserialize)]
crates/amun-defi-lending-core/src/lib.rs:1:use amun_resource_core::ResourceId;
crates/amun-defi-lending-core/src/lib.rs:2:use serde::{Deserialize, Serialize};
crates/amun-defi-lending-core/src/lib.rs:30:impl InterestModel {
crates/amun-defi-lending-core/src/lib.rs:4:#[derive(Debug, Clone, Serialize, Deserialize)]
crates/amun-defi-lending-engine/src/lib.rs:12:impl Default for LendingEngine {
crates/amun-defi-lending-engine/src/lib.rs:18:impl LendingEngine {
crates/amun-defi-lending-engine/src/lib.rs:1:use amun_defi_lending_core::{CollateralPosition, InterestModel, LoanPosition};
crates/amun-defi-lending-engine/src/lib.rs:2:use amun_resource_core::{RegistryError, ResourceId, ResourceRegistry};
crates/amun-defi-lending-engine/src/lib.rs:3:use sha2::Digest;
crates/amun-defi-lending-engine/src/lib.rs:4:use std::collections::BTreeMap;
crates/amun-defi-lending-engine/tests/n154_lending_tests.rs:1:use amun_defi_lending_core::InterestModel;
crates/amun-defi-lending-engine/tests/n154_lending_tests.rs:2:use amun_defi_lending_engine::LendingEngine;
crates/amun-defi-lending-evidence/src/lib.rs:1:use sha2::{Digest, Sha256};
crates/amun-defi-lending-evidence/src/lib.rs:5:impl LendingEvidence {
crates/amun-defi-stablecoin/src/lib.rs:18:impl Default for StablecoinEngine {
crates/amun-defi-stablecoin/src/lib.rs:1:use amun_resource_core::{RegistryError, ResourceId, ResourceRegistry};
crates/amun-defi-stablecoin/src/lib.rs:24:impl StablecoinEngine {
crates/amun-defi-stablecoin/src/lib.rs:2:use sha2::{Digest, Sha256};
crates/amun-defi-stablecoin/src/lib.rs:3:use std::collections::BTreeMap;
crates/amun-defi-stablecoin/tests/n155_stablecoin_tests.rs:1:use amun_defi_stablecoin::StablecoinEngine;
crates/amun-defi-stablecoin/tests/n155_stablecoin_tests.rs:2:use amun_resource_core::ResourceRegistry;
crates/amun-defi-stress/src/lib.rs:18:impl Default for DefiStressResult {
crates/amun-defi-stress/src/lib.rs:1:use amun_defi_amm::AmmEngine;
crates/amun-defi-stress/src/lib.rs:24:impl DefiStressResult {
crates/amun-defi-stress/src/lib.rs:2:use amun_defi_lending_engine::LendingEngine;
crates/amun-defi-stress/src/lib.rs:3:use amun_defi_stablecoin::StablecoinEngine;
crates/amun-defi-stress/src/lib.rs:4:use amun_nft_collateral::NftCollateralEngine;
crates/amun-defi-stress/src/lib.rs:5:use amun_resource_core::{
crates/amun-defi-stress/src/lib.rs:9:use rand::Rng;
crates/amun-defi-stress/tests/n158_stress_tests.rs:1:use amun_defi_stress::*;
crates/amun-deterministic-allocator/src/arena.rs:53:impl Default for DeterministicArena {
crates/amun-deterministic-allocator/src/arena.rs:9:impl DeterministicArena {
crates/amun-deterministic-allocator/src/deterministic_map.rs:3:#[derive(Debug, Clone)]
crates/amun-deterministic-allocator/src/deterministic_map.rs:51:    pub fn iter(&self) -> impl Iterator<Item = (&K, &V)> + '_ {
crates/amun-deterministic-allocator/src/deterministic_map.rs:64:impl<K: Ord + Clone, V: Clone> Default for DeterministicMap<K, V> {
crates/amun-deterministic-allocator/src/deterministic_map.rs:8:impl<K: Ord + Clone, V: Clone> DeterministicMap<K, V> {
crates/amun-deterministic-allocator/src/deterministic_set.rs:10:impl<T: Ord + Clone> DeterministicSet<T> {
crates/amun-deterministic-allocator/src/deterministic_set.rs:1:use core::cmp::Ord;
crates/amun-deterministic-allocator/src/deterministic_set.rs:42:impl<T: Ord + Clone> Default for DeterministicSet<T> {
crates/amun-deterministic-allocator/src/deterministic_set.rs:5:#[derive(Debug, Clone)]
crates/amun-deterministic-allocator/src/lib.rs:1:pub mod arena;
crates/amun-deterministic-allocator/src/lib.rs:2:pub mod deterministic_map;
crates/amun-deterministic-allocator/src/lib.rs:3:pub mod deterministic_set;
crates/amun-deterministic-allocator/src/lib.rs:4:pub mod sorted_vec;
crates/amun-deterministic-allocator/src/lib.rs:5:pub use arena::DeterministicArena;
crates/amun-deterministic-allocator/src/lib.rs:6:pub use deterministic_map::DeterministicMap;
crates/amun-deterministic-allocator/src/lib.rs:7:pub use deterministic_set::DeterministicSet;
crates/amun-deterministic-allocator/src/lib.rs:8:pub use sorted_vec::SortedVec;
crates/amun-deterministic-allocator/src/sorted_vec.rs:10:impl<T: Ord + Clone> SortedVec<T> {
crates/amun-deterministic-allocator/src/sorted_vec.rs:1:use core::cmp::Ord;
crates/amun-deterministic-allocator/src/sorted_vec.rs:30:    pub fn iter(&self) -> impl Iterator<Item = &T> + '_ {
crates/amun-deterministic-allocator/src/sorted_vec.rs:47:impl<T: Ord + Clone> Default for SortedVec<T> {
crates/amun-deterministic-allocator/src/sorted_vec.rs:5:#[derive(Debug, Clone)]
crates/amun-deterministic-scheduler/src/budget.rs:3:#[derive(Debug, Clone)]
crates/amun-deterministic-scheduler/src/budget.rs:9:impl ResourceBudget {
crates/amun-deterministic-scheduler/src/lib.rs:1:pub mod budget;
crates/amun-deterministic-scheduler/src/lib.rs:2:pub mod queue;
crates/amun-deterministic-scheduler/src/lib.rs:3:pub mod scheduler;
crates/amun-deterministic-scheduler/src/lib.rs:5:pub use budget::ResourceBudget;
crates/amun-deterministic-scheduler/src/lib.rs:6:pub use queue::DeterministicQueue;
crates/amun-deterministic-scheduler/src/lib.rs:7:pub use scheduler::DeterministicScheduler;
crates/amun-deterministic-scheduler/src/queue.rs:10:#[derive(Debug, Clone)]
crates/amun-deterministic-scheduler/src/queue.rs:16:impl DeterministicQueue {
crates/amun-deterministic-scheduler/src/queue.rs:1:use std::collections::VecDeque;
crates/amun-deterministic-scheduler/src/queue.rs:3:#[derive(Debug, Clone, PartialEq, Eq)]
crates/amun-deterministic-scheduler/src/queue.rs:80:impl Default for DeterministicQueue {
crates/amun-deterministic-scheduler/src/scheduler.rs:151:#[derive(Debug, Clone)]
crates/amun-deterministic-scheduler/src/scheduler.rs:16:impl DeterministicScheduler {
crates/amun-deterministic-scheduler/src/scheduler.rs:1:use crate::budget::ResourceBudget;
crates/amun-deterministic-scheduler/src/scheduler.rs:2:use crate::queue::DeterministicQueue;
crates/amun-deterministic-scheduler/src/scheduler.rs:6:#[derive(Debug, Clone)]
crates/amun-deterministic-timer/src/lib.rs:1:pub mod timeout;
crates/amun-deterministic-timer/src/lib.rs:2:pub mod wheel;
crates/amun-deterministic-timer/src/lib.rs:4:pub use timeout::TimeoutLaw;
crates/amun-deterministic-timer/src/lib.rs:5:pub use wheel::DeterministicTimerWheel;
crates/amun-deterministic-timer/src/timeout.rs:1:#[derive(Debug, Clone)]
crates/amun-deterministic-timer/src/timeout.rs:9:impl TimeoutLaw {
crates/amun-deterministic-timer/src/wheel.rs:10:impl DeterministicTimerWheel {
crates/amun-deterministic-timer/src/wheel.rs:1:use std::collections::VecDeque;
crates/amun-deterministic-timer/src/wheel.rs:3:#[derive(Debug, Clone)]
crates/amun-deterministic-timer/src/wheel.rs:59:impl Default for DeterministicTimerWheel {
crates/amun-dual-verification/src/dual_verifier.rs:13:impl DualVerifier {
crates/amun-dual-verification/src/dual_verifier.rs:1:use amun_bytecode::program::ConstitutionalProgram;
crates/amun-dual-verification/src/dual_verifier.rs:2:use amun_constitutional_runtime::runtime_pipeline::{ConstitutionalRuntime, PipelineResult};
crates/amun-dual-verification/src/dual_verifier.rs:3:use amun_invariant_engine::invariant_types::InvariantDeclaration;
crates/amun-dual-verification/src/dual_verifier.rs:4:use amun_pccv::pccv_verifier::{PCCVResult, PCCVVerifier};
crates/amun-dual-verification/src/dual_verifier.rs:5:use amun_pccv::transition_proof_engine::TransitionProofEngine as PCCVEngine;
crates/amun-dual-verification/src/dual_verifier.rs:6:use amun_proof_archive::hot_store::HotProofStore;
crates/amun-dual-verification/src/dual_verifier.rs:7:use amun_proof_archive::proof_archive::ProofArchive;
crates/amun-dual-verification/src/dual_verifier.rs:8:use amun_resource_core::ResourceRegistry;
crates/amun-dual-verification/src/dual_verifier.rs:9:use amun_vm_kernel::execution_context::ExecutionContext;
crates/amun-dual-verification/src/lib.rs:1:pub mod dual_verifier;
crates/amun-dual-verification/src/lib.rs:2:pub use dual_verifier::*;
crates/amun-economic-law/src/anticartel.rs:12:impl AntiCartelLaw {
crates/amun-economic-law/src/anticartel.rs:6:impl Default for AntiCartelLaw {
crates/amun-economic-law/src/inflation.rs:13:impl InflationLaw {
crates/amun-economic-law/src/inflation.rs:7:impl Default for InflationLaw {
crates/amun-economic-law/src/lib.rs:1:pub mod anticartel;
crates/amun-economic-law/src/lib.rs:2:pub mod inflation;
crates/amun-economic-law/src/lib.rs:4:pub use anticartel::AntiCartelLaw;
crates/amun-economic-law/src/lib.rs:5:pub use inflation::InflationLaw;
crates/amun-economic-service/src/main.rs:1:use amun_tokenomics::EpochEconomics;
crates/amun-economic-service/src/main.rs:2:use amun_tokenomics_ledger::EconomicLedger;
crates/amun-economic-service/src/main.rs:3:use std::sync::{Arc, Mutex};
crates/amun-economic-service/src/main.rs:4:use std::thread;
crates/amun-economic-service/src/main.rs:5:use std::time::Duration;
crates/amun-economics/src/fee.rs:17:impl Default for FeeMarket {
crates/amun-economics/src/fee.rs:1:use crate::constants::BASE_FEE;
crates/amun-economics/src/fee.rs:2:use amun_failure::{AmunResult, ConstitutionalFault, FailureContext};
crates/amun-economics/src/fee.rs:6:impl FeeMarket {
crates/amun-economics/src/inflation.rs:10:impl Default for InflationCurve {
crates/amun-economics/src/inflation.rs:4:impl InflationCurve {
crates/amun-economics/src/lib.rs:10:pub use fee::FeeMarket;
crates/amun-economics/src/lib.rs:11:pub use inflation::InflationCurve;
crates/amun-economics/src/lib.rs:12:pub use reward::RewardDistributor;
crates/amun-economics/src/lib.rs:13:pub use token::Token;
crates/amun-economics/src/lib.rs:14:pub use treasury::Treasury;
crates/amun-economics/src/lib.rs:16:mod tests;
crates/amun-economics/src/lib.rs:3:pub mod constants;
crates/amun-economics/src/lib.rs:4:pub mod fee;
crates/amun-economics/src/lib.rs:5:pub mod inflation;
crates/amun-economics/src/lib.rs:6:pub mod reward;
crates/amun-economics/src/lib.rs:7:pub mod token;
crates/amun-economics/src/lib.rs:8:pub mod treasury;
crates/amun-economics/src/lib.rs:9:pub use constants::*;
crates/amun-economics/src/reward.rs:25:impl Default for RewardDistributor {
crates/amun-economics/src/reward.rs:4:impl RewardDistributor {
crates/amun-economics/src/tests.rs:2:use crate::*;
crates/amun-economics/src/token.rs:10:impl Token {
crates/amun-economics/src/token.rs:1:use crate::constants::*;
crates/amun-economics/src/token.rs:2:use amun_failure::{AmunResult, ConstitutionalFault, FailureContext};
crates/amun-economics/src/token.rs:3:#[derive(Clone, Copy, Debug, PartialEq, Eq)]
crates/amun-economics/src/treasury.rs:1:use amun_failure::{AmunResult, ConstitutionalFault, FailureContext};
crates/amun-economics/src/treasury.rs:28:impl Default for Treasury {
crates/amun-economics/src/treasury.rs:5:impl Treasury {
crates/amun-emergency/src/lib.rs:1:pub mod pause;
crates/amun-emergency/src/lib.rs:2:pub use pause::EmergencyPause;
crates/amun-emergency/src/pause.rs:1:pub struct EmergencyPause {
crates/amun-emergency/src/pause.rs:9:impl EmergencyPause {
crates/amun-entropy-transcript/src/lib.rs:1:pub mod source;
crates/amun-entropy-transcript/src/lib.rs:2:pub mod transcript;
crates/amun-entropy-transcript/src/lib.rs:4:pub use source::DeterministicEntropy;
crates/amun-entropy-transcript/src/lib.rs:5:pub use transcript::EntropyTranscript;
crates/amun-entropy-transcript/src/source.rs:18:impl DeterministicEntropy {
crates/amun-entropy-transcript/src/source.rs:1:use crate::transcript::EntropyTranscript;
crates/amun-entropy-transcript/src/source.rs:2:use blake3::Hasher;
crates/amun-entropy-transcript/src/source.rs:4:#[derive(Debug, Clone, Copy, PartialEq, Eq)]
crates/amun-entropy-transcript/src/transcript.rs:1:#[derive(Debug, Clone)]
crates/amun-entropy-transcript/src/transcript.rs:8:impl EntropyTranscript {
crates/amun-epoch-transition/src/lib.rs:1:pub mod transition;
crates/amun-epoch-transition/src/lib.rs:2:pub mod validator_rotation;
crates/amun-epoch-transition/src/lib.rs:4:pub use transition::EpochTransition;
crates/amun-epoch-transition/src/lib.rs:5:pub use validator_rotation::ValidatorRotation;
crates/amun-epoch-transition/src/transition.rs:15:impl EpochTransition {
crates/amun-epoch-transition/src/transition.rs:1:use amun_chain_position::ChainPosition;
crates/amun-epoch-transition/src/transition.rs:2:use blake3::Hasher;
crates/amun-epoch-transition/src/transition.rs:5:#[derive(Debug, Clone)]
crates/amun-epoch-transition/src/validator_rotation.rs:10:impl ValidatorRotation {
crates/amun-epoch-transition/src/validator_rotation.rs:1:use amun_validator_attestation::ValidatorSet;
crates/amun-epoch-transition/src/validator_rotation.rs:31:impl Default for ValidatorRotation {
crates/amun-epoch-transition/src/validator_rotation.rs:4:#[derive(Debug, Clone)]
crates/amun-evidence-engine/src/evidence_archive.rs:12:impl VMEvidenceArchive {
crates/amun-evidence-engine/src/evidence_archive.rs:1:use std::collections::BTreeMap;
crates/amun-evidence-engine/src/evidence_archive.rs:3:use crate::evidence_types::ConstitutionalEvidence;
crates/amun-evidence-engine/src/evidence_archive.rs:7:#[derive(Debug, Clone, Default)]
crates/amun-evidence-engine/src/evidence_engine.rs:1:use amun_resource_core::ResourceId;
crates/amun-evidence-engine/src/evidence_engine.rs:2:use amun_vm_kernel::pending_buffer::VMEvidence;
crates/amun-evidence-engine/src/evidence_engine.rs:4:use crate::evidence_archive::VMEvidenceArchive;
crates/amun-evidence-engine/src/evidence_engine.rs:51:mod tests {
crates/amun-evidence-engine/src/evidence_engine.rs:52:    use super::*;
crates/amun-evidence-engine/src/evidence_engine.rs:53:    use amun_resource_core::ResourceId;
crates/amun-evidence-engine/src/evidence_engine.rs:5:use crate::evidence_types::ConstitutionalEvidence;
crates/amun-evidence-engine/src/evidence_engine.rs:9:impl EvidenceEngine {
crates/amun-evidence-engine/src/evidence_types.rs:1:use amun_resource_core::ResourceId;
crates/amun-evidence-engine/src/evidence_types.rs:2:use serde::{Deserialize, Serialize};
crates/amun-evidence-engine/src/evidence_types.rs:33:impl ConstitutionalEvidence {
crates/amun-evidence-engine/src/evidence_types.rs:5:#[derive(Debug, Clone, PartialEq, Eq, Serialize, Deserialize)]
crates/amun-evidence-engine/src/lib.rs:1:pub mod evidence_archive;
crates/amun-evidence-engine/src/lib.rs:2:pub mod evidence_engine;
crates/amun-evidence-engine/src/lib.rs:3:pub mod evidence_types;
crates/amun-evidence-engine/src/lib.rs:5:pub use evidence_archive::*;
crates/amun-evidence-engine/src/lib.rs:6:pub use evidence_engine::*;
crates/amun-evidence-engine/src/lib.rs:7:pub use evidence_types::*;
crates/amun-evidence-finality/src/evidence_finality.rs:10:use serde::{Deserialize, Serialize};
crates/amun-evidence-finality/src/evidence_finality.rs:13:#[derive(Debug, Clone, PartialEq, Eq, Serialize, Deserialize)]
crates/amun-evidence-finality/src/evidence_finality.rs:145:impl EvidenceBackedConsensus {
crates/amun-evidence-finality/src/evidence_finality.rs:25:impl EvidenceVerifiedBlock {
crates/amun-evidence-finality/src/evidence_finality.rs:273:mod tests {
crates/amun-evidence-finality/src/evidence_finality.rs:274:    use super::*;
crates/amun-evidence-finality/src/evidence_finality.rs:275:    use amun_bytecode::opcodes::OpCode;
crates/amun-evidence-finality/src/evidence_finality.rs:276:    use amun_resource_core::ResourceId;
crates/amun-evidence-finality/src/evidence_finality.rs:2:use amun_bytecode::program::ConstitutionalProgram;
crates/amun-evidence-finality/src/evidence_finality.rs:3:use amun_constitutional_runtime::runtime_pipeline::{ConstitutionalRuntime, PipelineResult};
crates/amun-evidence-finality/src/evidence_finality.rs:4:use amun_evidence_engine::evidence_types::ConstitutionalEvidence;
crates/amun-evidence-finality/src/evidence_finality.rs:5:use amun_proof_archive::hot_store::HotProofStore;
crates/amun-evidence-finality/src/evidence_finality.rs:62:#[derive(Debug, Clone, PartialEq, Eq, Serialize, Deserialize)]
crates/amun-evidence-finality/src/evidence_finality.rs:6:use amun_proof_archive::proof_archive::ProofArchive;
crates/amun-evidence-finality/src/evidence_finality.rs:75:impl EvidenceBackedQC {
crates/amun-evidence-finality/src/evidence_finality.rs:7:use amun_replay_verifier::replay_verifier::{ReplayResult, ReplayVerifier};
crates/amun-evidence-finality/src/evidence_finality.rs:82:#[derive(Debug, Clone, PartialEq, Eq, Serialize, Deserialize)]
crates/amun-evidence-finality/src/evidence_finality.rs:8:use amun_resource_core::{ResourceId, ResourceRegistry};
crates/amun-evidence-finality/src/evidence_finality.rs:94:impl ConstitutionalFinalityCertificate {
crates/amun-evidence-finality/src/evidence_finality.rs:9:use amun_vm_kernel::execution_context::ExecutionContext;
crates/amun-evidence-finality/src/lib.rs:1:pub mod evidence_finality;
crates/amun-evidence-finality/src/lib.rs:2:pub use evidence_finality::*;
crates/amun-evidence-root/src/lib.rs:11:#[derive(Debug, Clone, PartialEq, Eq)]
crates/amun-evidence-root/src/lib.rs:121:mod tests {
crates/amun-evidence-root/src/lib.rs:122:    use super::*;
crates/amun-evidence-root/src/lib.rs:1:use blake3::Hasher;
crates/amun-evidence-root/src/lib.rs:22:impl EvidenceRoot {
crates/amun-evidence-root/src/lib.rs:70:#[derive(Debug, Clone, Default)]
crates/amun-evidence-root/src/lib.rs:75:impl EvidenceChain {
crates/amun-evidence-root/tests/n40_evidence_backed_block.rs:1:use amun_block_builder::BlockBuilder;
crates/amun-evidence-root/tests/n40_evidence_backed_block.rs:2:use amun_evidence_root::{EvidenceChain, EvidenceRoot};
crates/amun-evidence-root/tests/n40_evidence_backed_block.rs:3:use amun_mempool::Mempool;
crates/amun-evidence-root/tests/n40_evidence_backed_block.rs:4:use amun_transactions::{Transaction, TransactionPayload, TransferPayload};
crates/amun-evidence-root/tests/n40_evidence_backed_block.rs:5:use ed25519_dalek::SigningKey;
crates/amun-evidence/src/bin/evidence_service.rs:1:use std::env;
crates/amun-evidence/src/bin/evidence_service.rs:2:use std::fs;
crates/amun-evidence/src/bin/evidence_service.rs:3:use std::io::{Read, Write};
crates/amun-evidence/src/bin/evidence_service.rs:4:use std::net::{TcpListener, TcpStream};
crates/amun-evidence/src/bin/evidence_service.rs:5:use std::path::PathBuf;
crates/amun-evidence/src/bin/evidence_service.rs:6:use std::thread;
crates/amun-evidence/src/bin/evidence_service.rs:7:use std::time::Duration;
crates/amun-evidence/src/equivocation.rs:10:impl EquivocationProof {
crates/amun-evidence/src/evidence.rs:15:#[derive(Clone, Copy, Debug, PartialEq, Eq)]
crates/amun-evidence/src/evidence.rs:22:#[derive(Clone, Debug, PartialEq, Eq)]
crates/amun-evidence/src/evidence.rs:29:#[derive(Clone, Debug, PartialEq, Eq)]
crates/amun-evidence/src/evidence.rs:37:#[derive(Clone, Debug)]
crates/amun-evidence/src/evidence.rs:3:use amun_kernel_types::{BlockHash, Epoch, PublicKey, Round, Signature, StateCommitment};
crates/amun-evidence/src/evidence.rs:4:use heapless::Vec;
crates/amun-evidence/src/evidence.rs:51:#[derive(Clone, Debug)]
crates/amun-evidence/src/evidence.rs:60:impl Evidence {
crates/amun-evidence/src/evidence.rs:6:#[derive(Clone, Copy, Debug, PartialEq, Eq)]
crates/amun-evidence/src/lib.rs:1:pub mod equivocation;
crates/amun-evidence/src/lib.rs:2:pub mod slashing;
crates/amun-evidence/src/lib.rs:4:pub use equivocation::EquivocationProof;
crates/amun-evidence/src/lib.rs:5:pub use slashing::SlashingEngine;
crates/amun-evidence/src/slashing.rs:1:use crate::equivocation::EquivocationProof;
crates/amun-evidence/src/slashing.rs:45:impl Default for SlashingEngine {
crates/amun-evidence/src/slashing.rs:8:impl SlashingEngine {
crates/amun-evidence/src/tests.rs:2:    use crate::evidence::*;
crates/amun-evidence/src/tests.rs:3:    use amun_kernel_types::*;
crates/amun-evolution/src/certificate.rs:18:impl ConstitutionalPhysicsProof {
crates/amun-evolution/src/certificate.rs:1:use amun_canonical_codec::CanonicalHasher;
crates/amun-evolution/src/certificate.rs:2:use amun_lineage::record::{
crates/amun-evolution/src/certificate.rs:53:#[derive(Debug, Clone, PartialEq, Eq)]
crates/amun-evolution/src/certificate.rs:76:impl EvolutionActivationCertificate {
crates/amun-evolution/src/certificate.rs:8:#[derive(Debug, Clone, PartialEq, Eq)]
crates/amun-evolution/src/executor.rs:1:use super::certificate::EvolutionActivationCertificate;
crates/amun-evolution/src/executor.rs:24:#[derive(Debug, Clone, PartialEq, Eq)]
crates/amun-evolution/src/executor.rs:2:use amun_lineage::record::EvolutionRecord;
crates/amun-evolution/src/executor.rs:8:impl EvolutionExecutor {
crates/amun-evolution/src/lib.rs:10:pub use executor::{EvolutionError, EvolutionExecutor};
crates/amun-evolution/src/lib.rs:11:pub use signatures::{
crates/amun-evolution/src/lib.rs:15:pub use transition::{ConstitutionalCheckpoint, TransitionResult};
crates/amun-evolution/src/lib.rs:16:pub use validator::EvolutionValidator;
crates/amun-evolution/src/lib.rs:3:pub mod certificate;
crates/amun-evolution/src/lib.rs:4:pub mod executor;
crates/amun-evolution/src/lib.rs:5:pub mod signatures;
crates/amun-evolution/src/lib.rs:6:pub mod transition;
crates/amun-evolution/src/lib.rs:7:pub mod validator;
crates/amun-evolution/src/lib.rs:9:pub use certificate::{ConstitutionalPhysicsProof, EvolutionActivationCertificate};
crates/amun-evolution/src/signatures.rs:11:#[derive(Debug, Clone, PartialEq, Eq)]
crates/amun-evolution/src/signatures.rs:20:impl ConstitutionalSignature {
crates/amun-evolution/src/signatures.rs:4:use amun_canonical_codec::CanonicalHasher;
crates/amun-evolution/src/signatures.rs:54:#[derive(Debug, Clone, PartialEq, Eq)]
crates/amun-evolution/src/signatures.rs:63:impl AggregatedSignature {
crates/amun-evolution/src/transition.rs:19:impl ConstitutionalCheckpoint {
crates/amun-evolution/src/transition.rs:4:use amun_lineage::lineage::CivilizationId;
crates/amun-evolution/src/transition.rs:58:#[derive(Debug, Clone, PartialEq, Eq)]
crates/amun-evolution/src/transition.rs:6:use super::certificate::EvolutionActivationCertificate;
crates/amun-evolution/src/transition.rs:9:#[derive(Debug, Clone, PartialEq, Eq)]
crates/amun-evolution/src/validator.rs:1:use super::certificate::EvolutionActivationCertificate;
crates/amun-evolution/src/validator.rs:2:use amun_lineage::record::{
crates/amun-evolution/src/validator.rs:8:impl EvolutionValidator {
crates/amun-execution-receipt/src/lib.rs:105:#[derive(Debug, Clone)]
crates/amun-execution-receipt/src/lib.rs:110:impl CanonicalEncode for ExecutionTranscript {
crates/amun-execution-receipt/src/lib.rs:119:impl Default for ExecutionTranscript {
crates/amun-execution-receipt/src/lib.rs:125:impl ExecutionTranscript {
crates/amun-execution-receipt/src/lib.rs:13:use amun_kernel::canonical::{CanonicalEncode, CanonicalEncoder};
crates/amun-execution-receipt/src/lib.rs:14:use amun_kernel::hashing::domain_tags;
crates/amun-execution-receipt/src/lib.rs:17:#[derive(Debug, Clone, PartialEq, Eq)]
crates/amun-execution-receipt/src/lib.rs:27:impl CanonicalEncode for ExecutionStatus {
crates/amun-execution-receipt/src/lib.rs:39:#[derive(Debug, Clone, PartialEq, Eq)]
crates/amun-execution-receipt/src/lib.rs:51:impl CanonicalEncode for ExecutionReceipt {
crates/amun-execution-receipt/src/lib.rs:63:impl ExecutionReceipt {
crates/amun-execution/src/executor.rs:13:impl ExecutionContext {
crates/amun-execution/src/executor.rs:1:use amun_kernel_types::*;
crates/amun-execution/src/executor.rs:2:use amun_failure::{AmunResult, ConstitutionalFault, FailureContext};
crates/amun-execution/src/executor.rs:3:use crate::gas::GasMeter;
crates/amun-execution/src/executor.rs:4:use crate::wasm::VerifiedInterpreter;
crates/amun-execution/src/lib.rs:121:impl Default for ExecutionEngine {
crates/amun-execution/src/lib.rs:128:mod tests {
crates/amun-execution/src/lib.rs:129:    use super::*;
crates/amun-execution/src/lib.rs:130:    use amun_transactions::{TransactionPayload, TransferPayload};
crates/amun-execution/src/lib.rs:131:    use ed25519_dalek::SigningKey;
crates/amun-execution/src/lib.rs:14:impl ExecutionEngine {
crates/amun-execution/src/lib.rs:1:use amun_accounts::AccountStore;
crates/amun-execution/src/lib.rs:2:use amun_constitutional_commitment::EconomicSnapshot;
crates/amun-execution/src/lib.rs:3:use amun_tokenomics::policy;
crates/amun-execution/src/lib.rs:4:use amun_tokenomics_ledger::EconomicDelta;
crates/amun-execution/src/lib.rs:5:use amun_tokenomics_ledger::EconomicLedger;
crates/amun-execution/src/lib.rs:6:use amun_transactions::{Transaction, TransactionPayload, TransactionReceipt};
crates/amun-execution/src/lib.rs:8:#[derive(Debug, Clone)]
crates/amun-execution/src/tests.rs:2:use crate::wasm_profile::*;
crates/amun-execution/src/tests.rs:44:    use crate::wasm_deterministic::wasm_deterministic_subset;
crates/amun-execution/src/tests.rs:51:    use crate::wasm_deterministic::wasm_deterministic_subset;
crates/amun-execution/src/verified_interpreter.rs:14:pub mod proof_obligations {
crates/amun-execution/src/verified_interpreter.rs:26:impl VerifiedInterpreter {
crates/amun-execution/src/verified_interpreter.rs:3:use crate::wasm_profile::DeterministicWasmProfile;
crates/amun-execution/src/verified_interpreter.rs:4:use heapless::Vec;
crates/amun-execution/src/verified_interpreter.rs:6:#[derive(Debug)]
crates/amun-execution/src/wasm_deterministic.rs:3:pub mod wasm_deterministic_subset {
crates/amun-execution/src/wasm_profile.rs:23:impl InstructionGasTable {
crates/amun-execution/src/wasm_profile.rs:3:#[derive(Clone, Debug)]
crates/amun-execution/src/wasm_profile.rs:46:impl Default for InstructionGasTable {
crates/amun-execution/src/wasm_profile.rs:52:#[derive(Clone, Debug)]
crates/amun-execution/src/wasm_profile.rs:64:impl DeterministicWasmProfile {
crates/amun-experimental-framework/src/main.rs:11:use amun_vm_kernel::execution_context::ExecutionContext;
crates/amun-experimental-framework/src/main.rs:12:use std::time::Instant;
crates/amun-experimental-framework/src/main.rs:1:use amun_bytecode::opcodes::OpCode;
crates/amun-experimental-framework/src/main.rs:2:use amun_bytecode::program::ConstitutionalProgram;
crates/amun-experimental-framework/src/main.rs:35:fn measure_us(name: &str, warmup: u32, iterations: u32, mut f: impl FnMut()) -> Stats {
crates/amun-experimental-framework/src/main.rs:3:use amun_constitutional_runtime::runtime_pipeline::{ConstitutionalRuntime, PipelineResult};
crates/amun-experimental-framework/src/main.rs:401:            let _ = reg.consume_and_derive(
crates/amun-experimental-framework/src/main.rs:4:use amun_proof_archive::hot_store::HotProofStore;
crates/amun-experimental-framework/src/main.rs:5:use amun_proof_archive::proof_archive::ProofArchive;
crates/amun-experimental-framework/src/main.rs:6:use amun_replay_verifier::replay_verifier::ReplayVerifier;
crates/amun-experimental-framework/src/main.rs:7:use amun_resource_core::{
crates/amun-experimental-framework/src/main.rs:98:        reg.consume_and_derive(
crates/amun-explorer-api/src/errors.rs:13:#[derive(Debug, Serialize)]
crates/amun-explorer-api/src/errors.rs:19:impl ApiError {
crates/amun-explorer-api/src/errors.rs:1:use axum::{
crates/amun-explorer-api/src/errors.rs:37:impl IntoResponse for ApiError {
crates/amun-explorer-api/src/errors.rs:6:use serde::Serialize;
crates/amun-explorer-api/src/errors.rs:8:#[derive(Debug, Serialize)]
crates/amun-explorer-api/src/lib.rs:10:#[derive(Clone)]
crates/amun-explorer-api/src/lib.rs:16:#[derive(Serialize)]
crates/amun-explorer-api/src/lib.rs:1:use axum::http::Method;
crates/amun-explorer-api/src/lib.rs:23:#[derive(Serialize)]
crates/amun-explorer-api/src/lib.rs:2:use axum::{extract::State, routing::get, Json, Router};
crates/amun-explorer-api/src/lib.rs:3:use serde::Serialize;
crates/amun-explorer-api/src/lib.rs:4:use std::sync::{Arc, Mutex};
crates/amun-explorer-api/src/lib.rs:5:use tower_http::cors::{Any, CorsLayer};
crates/amun-explorer-api/src/lib.rs:7:use amun_chain_store::store::ChainStore;
crates/amun-explorer-api/src/lib.rs:8:use amun_consensus_network::engine::ConsensusEngine;
crates/amun-explorer-api/src/main.rs:1:use amun_chain_store::store::ChainStore;
crates/amun-explorer-api/src/main.rs:2:use amun_consensus_network::engine::ConsensusEngine;
crates/amun-explorer-api/src/main.rs:3:use amun_explorer_api::{serve, AppState};
crates/amun-explorer-api/src/main.rs:4:use std::sync::{Arc, Mutex};
crates/amun-explorer-api/src/routes/accounts.rs:1:use crate::services::account_service::AccountService;
crates/amun-explorer-api/src/routes/accounts.rs:2:use axum::{extract::Path, routing::get, Router};
crates/amun-explorer-api/src/routes/chain.rs:1:use crate::services::chain_service::ChainService;
crates/amun-explorer-api/src/routes/chain.rs:2:use axum::{extract::Path, routing::get, Router};
crates/amun-explorer-api/src/routes/constitutional.rs:1:use crate::services::constitutional_service::ConstitutionalService;
crates/amun-explorer-api/src/routes/constitutional.rs:2:use axum::{extract::Path, routing::get, Router};
crates/amun-explorer-api/src/routes/finality.rs:1:use crate::services::finality_service::FinalityService;
crates/amun-explorer-api/src/routes/finality.rs:2:use axum::{extract::Path, routing::get, Router};
crates/amun-explorer-api/src/server.rs:1:use crate::routes::{accounts, chain, constitutional, finality};
crates/amun-explorer-api/src/server.rs:2:use axum::Router;
crates/amun-explorer-api/src/services/account_service.rs:1:use crate::errors::{ApiError, ApiResult};
crates/amun-explorer-api/src/services/account_service.rs:2:use crate::types::AccountSummary;
crates/amun-explorer-api/src/services/account_service.rs:3:use axum::Json;
crates/amun-explorer-api/src/services/account_service.rs:7:impl AccountService {
crates/amun-explorer-api/src/services/chain_service.rs:16:        use amun_rpc::provider::MockProvider;
crates/amun-explorer-api/src/services/chain_service.rs:1:use crate::errors::{ApiError, ApiResult};
crates/amun-explorer-api/src/services/chain_service.rs:27:impl ChainService {
crates/amun-explorer-api/src/services/chain_service.rs:2:use crate::types::{BlockSummary, TransactionSummary};
crates/amun-explorer-api/src/services/chain_service.rs:3:use amun_rpc::provider::ChainDataProvider;
crates/amun-explorer-api/src/services/chain_service.rs:4:use axum::Json;
crates/amun-explorer-api/src/services/chain_service.rs:5:use std::sync::Arc;
crates/amun-explorer-api/src/services/constitutional_service.rs:1:use crate::errors::{ApiError, ApiResult};
crates/amun-explorer-api/src/services/constitutional_service.rs:2:use crate::types::{ConstitutionalDashboard, ConstitutionalVerdictSummary, EvidenceRecordSummary};
crates/amun-explorer-api/src/services/constitutional_service.rs:3:use axum::Json;
crates/amun-explorer-api/src/services/constitutional_service.rs:7:impl ConstitutionalService {
crates/amun-explorer-api/src/services/finality_service.rs:1:use crate::errors::{ApiError, ApiResult};
crates/amun-explorer-api/src/services/finality_service.rs:2:use crate::types::FinalityCertificateSummary;
crates/amun-explorer-api/src/services/finality_service.rs:3:use axum::Json;
crates/amun-explorer-api/src/services/finality_service.rs:7:impl FinalityService {
crates/amun-explorer-api/src/types.rs:15:#[derive(Debug, Clone, Serialize, Deserialize)]
crates/amun-explorer-api/src/types.rs:1:use serde::{Deserialize, Serialize};
crates/amun-explorer-api/src/types.rs:25:#[derive(Debug, Clone, Serialize, Deserialize)]
crates/amun-explorer-api/src/types.rs:33:#[derive(Debug, Clone, Serialize, Deserialize)]
crates/amun-explorer-api/src/types.rs:3:#[derive(Debug, Clone, Serialize, Deserialize)]
crates/amun-explorer-api/src/types.rs:42:#[derive(Debug, Clone, Serialize, Deserialize)]
crates/amun-explorer-api/src/types.rs:52:#[derive(Debug, Clone, Serialize, Deserialize)]
crates/amun-explorer-api/src/types.rs:61:#[derive(Debug, Clone, Serialize, Deserialize)]
crates/amun-failure-memory/src/lib.rs:1:pub mod ontology;
crates/amun-failure-memory/src/lib.rs:2:pub mod pattern;
crates/amun-failure-memory/src/lib.rs:4:pub use ontology::FailureOntology;
crates/amun-failure-memory/src/lib.rs:5:pub use pattern::{FailurePattern, FailureSeverity};
crates/amun-failure-memory/src/ontology.rs:10:impl FailureOntology {
crates/amun-failure-memory/src/ontology.rs:1:use crate::pattern::{FailurePattern, FailureSeverity};
crates/amun-failure-memory/src/ontology.rs:2:use blake3::Hasher;
crates/amun-failure-memory/src/ontology.rs:89:impl Default for FailureOntology {
crates/amun-failure-memory/src/pattern.rs:1:#[derive(Debug, Clone, PartialEq, Eq)]
crates/amun-failure-memory/src/pattern.rs:9:#[derive(Debug, Clone)]
crates/amun-failure/src/kernel_state.rs:16:impl KernelHealth {
crates/amun-failure/src/kernel_state.rs:4:use crate::taxonomy::{module_ids, operation_ids, AmunResult, ConstitutionalFault, FailureContext};
crates/amun-failure/src/kernel_state.rs:50:#[derive(Clone, Debug)]
crates/amun-failure/src/kernel_state.rs:59:impl QuarantineActions {
crates/amun-failure/src/kernel_state.rs:6:#[derive(Clone, Copy, Debug, PartialEq, Eq)]
crates/amun-failure/src/kernel_state.rs:71:#[derive(Clone, Debug)]
crates/amun-failure/src/kernel_state.rs:80:impl KernelState {
crates/amun-failure/src/lib.rs:10:pub use taxonomy::{
crates/amun-failure/src/lib.rs:15:mod tests;
crates/amun-failure/src/lib.rs:6:pub mod kernel_state;
crates/amun-failure/src/lib.rs:7:pub mod taxonomy;
crates/amun-failure/src/lib.rs:9:pub use kernel_state::{KernelHealth, KernelState, QuarantineActions};
crates/amun-failure/src/taxonomy.rs:134:#[derive(Clone, Copy, Debug, PartialEq, Eq)]
crates/amun-failure/src/taxonomy.rs:141:impl FailureContext {
crates/amun-failure/src/taxonomy.rs:3:#[derive(Clone, Copy, Debug, PartialEq, Eq)]
crates/amun-failure/src/taxonomy.rs:44:impl ConstitutionalFault {
crates/amun-failure/src/taxonomy.rs:66:#[derive(Clone, Copy, Debug, PartialEq, Eq, PartialOrd, Ord)]
crates/amun-failure/src/taxonomy.rs:74:#[derive(Clone, Copy, Debug, PartialEq, Eq)]
crates/amun-failure/src/taxonomy.rs:88:pub mod module_ids {
crates/amun-failure/src/taxonomy.rs:99:pub mod operation_ids {
crates/amun-failure/src/tests.rs:2:use crate::kernel_state::*;
crates/amun-failure/src/tests.rs:3:use crate::taxonomy::*;
crates/amun-faucet/src/main.rs:1:use axum::{Router, routing::post, Json};
crates/amun-faucet/src/main.rs:2:use serde::Deserialize;
crates/amun-faucet/src/main.rs:4:#[derive(Deserialize, Debug)]
crates/amun-finality-certificate/src/lib.rs:108:mod tests {
crates/amun-finality-certificate/src/lib.rs:109:    use super::*;
crates/amun-finality-certificate/src/lib.rs:22:impl ConstitutionalFinalityCertificate {
crates/amun-finality-certificate/src/lib.rs:4:use blake3::Hasher;
crates/amun-finality-certificate/src/lib.rs:5:use std::collections::HashMap;
crates/amun-finality-certificate/src/lib.rs:71:#[derive(Debug, Clone, Default)]
crates/amun-finality-certificate/src/lib.rs:77:impl FinalityChain {
crates/amun-finality-certificate/src/lib.rs:9:#[derive(Debug, Clone, PartialEq, Eq)]
crates/amun-finality-law/src/finality.rs:17:mod tests {
crates/amun-finality-law/src/finality.rs:18:    use super::*;
crates/amun-finality-law/src/finality.rs:19:    use amun_chain_position::ChainPosition;
crates/amun-finality-law/src/finality.rs:1:use amun_quorum_certificate::QuorumCertificate;
crates/amun-finality-law/src/finality.rs:20:    use amun_consensus_messages::{ConsensusPhase, ConsensusVote};
crates/amun-finality-law/src/lib.rs:1:pub mod finality;
crates/amun-finality-law/src/lib.rs:2:pub use finality::is_finalized_simple;
crates/amun-fork-choice-law/src/fork_choice.rs:1:use amun_quorum_certificate::QuorumCertificate;
crates/amun-fork-choice-law/src/fork_choice.rs:2:use std::collections::HashSet;
crates/amun-fork-choice-law/src/fork_choice.rs:51:mod tests {
crates/amun-fork-choice-law/src/fork_choice.rs:52:    use super::*;
crates/amun-fork-choice-law/src/fork_choice.rs:53:    use amun_chain_position::ChainPosition;
crates/amun-fork-choice-law/src/lib.rs:1:pub mod fork_choice;
crates/amun-fork-choice-law/src/lib.rs:2:pub use fork_choice::{find_chain, qc_extends, select_best_qc};
crates/amun-fork/src/lib.rs:1:pub mod rule;
crates/amun-fork/src/lib.rs:2:pub use rule::ForkChoiceRule;
crates/amun-fork/src/rule.rs:14:impl ForkChoiceRule {
crates/amun-fork/src/rule.rs:1:use blake3::Hasher;
crates/amun-fork/src/rule.rs:3:#[derive(Debug, Clone)]
crates/amun-formal/src/invariants.rs:3:impl FormalInvariants {
crates/amun-formal/src/lib.rs:1:pub mod invariants;
crates/amun-formal/src/lib.rs:2:pub use invariants::FormalInvariants;
crates/amun-gas-engine/src/gas_engine.rs:13:impl GasEngine {
crates/amun-gas-engine/src/gas_engine.rs:1:use crate::gas_meter::GasMeter;
crates/amun-gas-engine/src/gas_engine.rs:2:use amun_evidence_engine::evidence_types::ConstitutionalEvidence;
crates/amun-gas-engine/src/gas_engine.rs:3:use amun_resource_core::ResourceId;
crates/amun-gas-engine/src/gas_engine.rs:5:#[derive(Debug, Clone, PartialEq, Eq)]
crates/amun-gas-engine/src/gas_engine.rs:76:mod tests {
crates/amun-gas-engine/src/gas_engine.rs:77:    use super::*;
crates/amun-gas-engine/src/gas_engine.rs:78:    use amun_resource_core::ResourceId;
crates/amun-gas-engine/src/gas_meter.rs:10:impl GasMeter {
crates/amun-gas-engine/src/gas_meter.rs:1:use serde::{Deserialize, Serialize};
crates/amun-gas-engine/src/gas_meter.rs:3:#[derive(Debug, Clone, PartialEq, Eq, Serialize, Deserialize)]
crates/amun-gas-engine/src/gas_meter.rs:50:mod tests {
crates/amun-gas-engine/src/gas_meter.rs:51:    use super::*;
crates/amun-gas-engine/src/lib.rs:1:pub mod gas_engine;
crates/amun-gas-engine/src/lib.rs:2:pub mod gas_meter;
crates/amun-gas-engine/src/lib.rs:3:pub mod opcode_costs;
crates/amun-gas-engine/src/lib.rs:5:pub use gas_engine::*;
crates/amun-gas-engine/src/lib.rs:6:pub use gas_meter::*;
crates/amun-gas-engine/src/lib.rs:7:pub use opcode_costs::*;
crates/amun-gas-engine/src/opcode_costs.rs:1:use amun_bytecode::opcodes::OpCode;
crates/amun-gas-engine/src/opcode_costs.rs:43:mod tests {
crates/amun-gas-engine/src/opcode_costs.rs:44:    use super::*;
crates/amun-gas-engine/src/opcode_costs.rs:6:impl OpCodeCosts {
crates/amun-gas/src/lib.rs:1:pub mod meter;
crates/amun-gas/src/lib.rs:2:pub mod schedule;
crates/amun-gas/src/lib.rs:4:pub use meter::GasMeter;
crates/amun-gas/src/lib.rs:5:pub use schedule::GasSchedule;
crates/amun-gas/src/meter.rs:6:impl GasMeter {
crates/amun-gas/src/schedule.rs:3:impl GasSchedule {
crates/amun-genesis/src/block.rs:13:impl GenesisBlock {
crates/amun-genesis/src/block.rs:1:use blake3::Hasher;
crates/amun-genesis/src/block.rs:3:#[derive(Debug, Clone)]
crates/amun-genesis/src/constitution.rs:11:impl GenesisConstitution {
crates/amun-genesis/src/constitution.rs:1:use blake3::Hasher;
crates/amun-genesis/src/constitution.rs:3:#[derive(Debug, Clone)]
crates/amun-genesis/src/lib.rs:1:pub mod block;
crates/amun-genesis/src/lib.rs:2:pub mod constitution;
crates/amun-genesis/src/lib.rs:3:pub mod validator;
crates/amun-genesis/src/lib.rs:5:pub use block::GenesisBlock;
crates/amun-genesis/src/lib.rs:6:pub use constitution::GenesisConstitution;
crates/amun-genesis/src/lib.rs:7:pub use validator::GenesisValidator;
crates/amun-genesis/src/validator.rs:10:impl GenesisValidator {
crates/amun-genesis/src/validator.rs:1:use blake3::Hasher;
crates/amun-genesis/src/validator.rs:3:#[derive(Debug, Clone)]
crates/amun-gossip/src/broadcaster.rs:11:impl Broadcaster {
crates/amun-gossip/src/broadcaster.rs:1:use crate::constants::GOSSIP_ROUNDS;
crates/amun-gossip/src/broadcaster.rs:2:use crate::dedup::DedupCache;
crates/amun-gossip/src/broadcaster.rs:3:use crate::fanout::Fanout;
crates/amun-gossip/src/broadcaster.rs:42:impl Default for Broadcaster {
crates/amun-gossip/src/broadcaster.rs:4:use crate::topics::Topic;
crates/amun-gossip/src/dedup.rs:1:use crate::constants::DEDUP_CACHE_SIZE;
crates/amun-gossip/src/dedup.rs:2:use hashbrown::HashSet;
crates/amun-gossip/src/dedup.rs:35:impl Default for DedupCache {
crates/amun-gossip/src/dedup.rs:8:impl DedupCache {
crates/amun-gossip/src/fanout.rs:1:use crate::constants::GOSSIP_FANOUT;
crates/amun-gossip/src/fanout.rs:38:impl Default for Fanout {
crates/amun-gossip/src/fanout.rs:7:impl Fanout {
crates/amun-gossip/src/lib.rs:10:pub mod topics;
crates/amun-gossip/src/lib.rs:12:pub use broadcaster::Broadcaster;
crates/amun-gossip/src/lib.rs:13:pub use constants::*;
crates/amun-gossip/src/lib.rs:14:pub use dedup::DedupCache;
crates/amun-gossip/src/lib.rs:15:pub use fanout::Fanout;
crates/amun-gossip/src/lib.rs:16:pub use receiver::Receiver;
crates/amun-gossip/src/lib.rs:17:pub use retry::RetryManager;
crates/amun-gossip/src/lib.rs:18:pub use topics::Topic;
crates/amun-gossip/src/lib.rs:21:mod tests;
crates/amun-gossip/src/lib.rs:4:pub mod broadcaster;
crates/amun-gossip/src/lib.rs:5:pub mod constants;
crates/amun-gossip/src/lib.rs:6:pub mod dedup;
crates/amun-gossip/src/lib.rs:7:pub mod fanout;
crates/amun-gossip/src/lib.rs:8:pub mod receiver;
crates/amun-gossip/src/lib.rs:9:pub mod retry;
crates/amun-gossip/src/receiver.rs:1:use crate::dedup::DedupCache;
crates/amun-gossip/src/receiver.rs:2:use crate::topics::Topic;
crates/amun-gossip/src/receiver.rs:35:impl Default for Receiver {
crates/amun-gossip/src/receiver.rs:9:impl Receiver {
crates/amun-gossip/src/retry.rs:1:use crate::constants::GOSSIP_TIMEOUT_MS;
crates/amun-gossip/src/retry.rs:31:impl Default for RetryManager {
crates/amun-gossip/src/retry.rs:9:impl RetryManager {
crates/amun-gossip/src/tests.rs:2:use crate::*;
crates/amun-gossip/src/topics.rs:1:#[derive(Clone, Copy, Debug, PartialEq, Eq, Hash)]
crates/amun-gossip/src/topics.rs:9:impl Topic {
crates/amun-governance/src/lib.rs:10:mod tests;
crates/amun-governance/src/lib.rs:7:pub mod proposal;
crates/amun-governance/src/lib.rs:8:pub use proposal::{Proposal, ProposalStatus, ProposalType};
crates/amun-governance/src/proposal.rs:1:#[derive(Clone, Debug, PartialEq, Eq)]
crates/amun-governance/src/proposal.rs:25:impl Proposal {
crates/amun-governance/src/proposal.rs:7:#[derive(Clone, Debug, PartialEq, Eq)]
crates/amun-governance/src/tests.rs:2:use crate::*;
crates/amun-handle-resolver/src/handle_resolver.rs:10:impl HandleResolver {
crates/amun-handle-resolver/src/handle_resolver.rs:125:mod tests {
crates/amun-handle-resolver/src/handle_resolver.rs:126:    use super::*;
crates/amun-handle-resolver/src/handle_resolver.rs:127:    use amun_resource_core::{ResourceArchetype, ResourceLineage, ResourceMetadata, ResourceState};
crates/amun-handle-resolver/src/handle_resolver.rs:128:    use amun_vm_kernel::pending_buffer::PendingBuffer;
crates/amun-handle-resolver/src/handle_resolver.rs:1:use amun_evidence_engine::evidence_types::ConstitutionalEvidence;
crates/amun-handle-resolver/src/handle_resolver.rs:2:use amun_resource_core::{ResourceId, ResourceState};
crates/amun-handle-resolver/src/handle_resolver.rs:3:use amun_vm_kernel::pending_buffer::{Handle, PendingBuffer};
crates/amun-handle-resolver/src/handle_resolver.rs:4:use std::collections::HashSet;
crates/amun-handle-resolver/src/lib.rs:32:pub mod handle_resolver;
crates/amun-handle-resolver/src/lib.rs:33:pub use handle_resolver::*;
crates/amun-header-gossip/src/lib.rs:1:pub mod message;
crates/amun-header-gossip/src/lib.rs:2:pub mod observer;
crates/amun-header-gossip/src/lib.rs:3:pub mod session;
crates/amun-header-gossip/src/lib.rs:5:pub use message::*;
crates/amun-header-gossip/src/lib.rs:6:pub use observer::*;
crates/amun-header-gossip/src/lib.rs:7:pub use session::*;
crates/amun-header-gossip/src/message.rs:1:use serde::{Deserialize, Serialize};
crates/amun-header-gossip/src/message.rs:4:#[derive(Debug, Clone, Serialize, Deserialize)]
crates/amun-header-gossip/src/observer.rs:13:impl GossipObserver {
crates/amun-header-gossip/src/observer.rs:1:use crate::GossipMessage;
crates/amun-header-gossip/src/observer.rs:2:use amun_light_client::client::LightClient;
crates/amun-header-gossip/src/relay.rs:1:use crate::message::GossipMessage;
crates/amun-header-gossip/src/relay.rs:8:impl WitnessRelay {
crates/amun-header-gossip/src/session.rs:10:impl Default for GossipSession {
crates/amun-header-gossip/src/session.rs:4:impl GossipSession {
crates/amun-header-gossip/tests/gossip_tests.rs:1:use amun_header_gossip::message::GossipMessage;
crates/amun-host/src/accounting.rs:38:impl Default for ResourceAccountant {
crates/amun-host/src/accounting.rs:8:impl ResourceAccountant {
crates/amun-host/src/boundary.rs:3:impl HostBoundary {
crates/amun-host/src/lib.rs:1:pub mod accounting;
crates/amun-host/src/lib.rs:2:pub mod boundary;
crates/amun-host/src/lib.rs:3:pub mod nonce_store;
crates/amun-host/src/lib.rs:4:pub mod replay;
crates/amun-host/src/lib.rs:6:pub use accounting::ResourceAccountant;
crates/amun-host/src/lib.rs:7:pub use boundary::HostBoundary;
crates/amun-host/src/lib.rs:8:pub use nonce_store::NonceStore;
crates/amun-host/src/lib.rs:9:pub use replay::ReplayGuard;
crates/amun-host/src/nonce_store.rs:130:impl Default for NonceStore {
crates/amun-host/src/nonce_store.rs:13:impl NonceStore {
crates/amun-host/src/nonce_store.rs:1:use blake3::Hasher;
crates/amun-host/src/nonce_store.rs:2:use std::fs;
crates/amun-host/src/nonce_store.rs:3:use std::path::Path;
crates/amun-host/src/replay.rs:6:impl ReplayGuard {
crates/amun-http/src/cost.rs:8:impl RpcCostMeter {
crates/amun-http/src/lib.rs:1:pub mod cost;
crates/amun-http/src/lib.rs:2:pub mod server;
crates/amun-http/src/lib.rs:4:pub use cost::RpcCostMeter;
crates/amun-http/src/lib.rs:5:pub use server::HttpServer;
crates/amun-http/src/server.rs:10:use std::sync::Arc;
crates/amun-http/src/server.rs:116:impl HttpServer {
crates/amun-http/src/server.rs:11:use std::sync::Mutex;
crates/amun-http/src/server.rs:12:use std::time::Duration;
crates/amun-http/src/server.rs:13:use tokio::net::TcpListener;
crates/amun-http/src/server.rs:14:use tokio_rustls::TlsAcceptor;
crates/amun-http/src/server.rs:1:use amun_rpc::methods::RpcHandler;
crates/amun-http/src/server.rs:2:use amun_rpc::types::RpcRequest;
crates/amun-http/src/server.rs:36:#[derive(Clone)]
crates/amun-http/src/server.rs:3:use bytes::Bytes;
crates/amun-http/src/server.rs:41:impl Service<Request<Incoming>> for RequestHandler {
crates/amun-http/src/server.rs:4:use http_body_util::{BodyExt, Full, Limited};
crates/amun-http/src/server.rs:5:use hyper::body::Incoming;
crates/amun-http/src/server.rs:6:use hyper::service::Service;
crates/amun-http/src/server.rs:7:use hyper::{Request, Response, StatusCode};
crates/amun-http/src/server.rs:8:use std::future::Future;
crates/amun-http/src/server.rs:9:use std::pin::Pin;
crates/amun-identity/src/chain_id.rs:1:use amun_canonical::{CanonicalEncoder, SchemaVersion};
crates/amun-identity/src/chain_id.rs:9:impl ChainIdentity {
crates/amun-identity/src/lib.rs:1:pub mod chain_id;
crates/amun-identity/src/lib.rs:2:pub use chain_id::ChainIdentity;
crates/amun-invariant-engine/src/invariant_engine.rs:1:use amun_evidence_engine::evidence_types::ConstitutionalEvidence;
crates/amun-invariant-engine/src/invariant_engine.rs:2:use amun_resource_core::ResourceId;
crates/amun-invariant-engine/src/invariant_engine.rs:4:use crate::invariant_types::{InvariantDeclaration, InvariantResult, InvariantSeverity};
crates/amun-invariant-engine/src/invariant_engine.rs:70:mod tests {
crates/amun-invariant-engine/src/invariant_engine.rs:71:    use super::*;
crates/amun-invariant-engine/src/invariant_engine.rs:72:    use crate::invariant_types::{InvariantDeclaration, InvariantScope};
crates/amun-invariant-engine/src/invariant_engine.rs:73:    use amun_resource_core::ResourceId;
crates/amun-invariant-engine/src/invariant_engine.rs:9:impl InvariantEngine {
crates/amun-invariant-engine/src/invariant_types.rs:17:#[derive(Debug, Clone, Copy, PartialEq, Eq, Serialize, Deserialize)]
crates/amun-invariant-engine/src/invariant_types.rs:1:use serde::{Deserialize, Serialize};
crates/amun-invariant-engine/src/invariant_types.rs:30:#[derive(Debug, Clone, PartialEq, Eq, Serialize, Deserialize)]
crates/amun-invariant-engine/src/invariant_types.rs:39:#[derive(Debug, Clone, PartialEq, Eq, Serialize, Deserialize)]
crates/amun-invariant-engine/src/invariant_types.rs:4:#[derive(Debug, Clone, Copy, PartialEq, Eq, Serialize, Deserialize)]
crates/amun-invariant-engine/src/lib.rs:1:pub mod invariant_engine;
crates/amun-invariant-engine/src/lib.rs:2:pub mod invariant_types;
crates/amun-invariant-engine/src/lib.rs:4:pub use invariant_engine::*;
crates/amun-invariant-engine/src/lib.rs:5:pub use invariant_types::*;
crates/amun-invariants/src/kernel.rs:1:#[derive(Debug, Clone, PartialEq, Eq)]
crates/amun-invariants/src/kernel.rs:22:impl IrreducibleInvariants {
crates/amun-invariants/src/kernel.rs:8:#[derive(Debug, Clone)]
crates/amun-invariants/src/lib.rs:1:pub mod kernel;
crates/amun-invariants/src/lib.rs:2:pub mod registry;
crates/amun-invariants/src/lib.rs:3:pub mod status;
crates/amun-invariants/src/lib.rs:4:pub mod violation;
crates/amun-invariants/src/lib.rs:6:pub use kernel::{InvariantDef, InvariantSeverity, IrreducibleInvariants};
crates/amun-invariants/src/lib.rs:7:pub use registry::{InvariantHealth, InvariantRegistry};
crates/amun-invariants/src/lib.rs:8:pub use status::InvariantStatus;
crates/amun-invariants/src/lib.rs:9:pub use violation::ViolationRecord;
crates/amun-invariants/src/registry.rs:11:impl InvariantRegistry {
crates/amun-invariants/src/registry.rs:1:use crate::kernel::{InvariantDef, InvariantSeverity, IrreducibleInvariants};
crates/amun-invariants/src/registry.rs:2:use crate::status::InvariantStatus;
crates/amun-invariants/src/registry.rs:3:use crate::violation::ViolationRecord;
crates/amun-invariants/src/registry.rs:5:#[derive(Debug)]
crates/amun-invariants/src/registry.rs:86:#[derive(Debug, PartialEq, Eq)]
crates/amun-invariants/src/status.rs:12:impl InvariantStatus {
crates/amun-invariants/src/status.rs:1:use crate::violation::ViolationRecord;
crates/amun-invariants/src/status.rs:3:#[derive(Debug, Clone)]
crates/amun-invariants/src/violation.rs:1:#[derive(Debug, Clone)]
crates/amun-kernel-types/src/amounts.rs:10:#[derive(Clone, Copy, Debug, PartialEq, Eq, PartialOrd, Ord, Hash)]
crates/amun-kernel-types/src/amounts.rs:14:#[derive(Clone, Copy, Debug, PartialEq, Eq, PartialOrd, Ord, Hash)]
crates/amun-kernel-types/src/amounts.rs:18:#[derive(Clone, Copy, Debug, PartialEq, Eq, PartialOrd, Ord, Hash)]
crates/amun-kernel-types/src/amounts.rs:2:#[derive(Clone, Copy, Debug, PartialEq, Eq, PartialOrd, Ord, Hash)]
crates/amun-kernel-types/src/amounts.rs:6:#[derive(Clone, Copy, Debug, PartialEq, Eq, PartialOrd, Ord, Hash)]
crates/amun-kernel-types/src/capacity.rs:5:pub mod constitutional_capacity {
crates/amun-kernel-types/src/crypto.rs:11:impl Default for PublicKey {
crates/amun-kernel-types/src/crypto.rs:18:#[derive(Clone, Copy, Debug, PartialEq, Eq, Hash)]
crates/amun-kernel-types/src/crypto.rs:21:impl Signature {
crates/amun-kernel-types/src/crypto.rs:27:impl Default for Signature {
crates/amun-kernel-types/src/crypto.rs:2:#[derive(Clone, Copy, Debug, PartialEq, Eq, Hash)]
crates/amun-kernel-types/src/crypto.rs:5:impl PublicKey {
crates/amun-kernel-types/src/epoch.rs:1:use amun_failure::{module_ids, AmunResult, ConstitutionalFault, FailureContext};
crates/amun-kernel-types/src/epoch.rs:31:impl Default for Epoch {
crates/amun-kernel-types/src/epoch.rs:4:#[derive(Clone, Copy, Debug, PartialEq, Eq, PartialOrd, Ord, Hash)]
crates/amun-kernel-types/src/epoch.rs:7:impl Epoch {
crates/amun-kernel-types/src/hash.rs:100:impl<D> Default for Hash<D> {
crates/amun-kernel-types/src/hash.rs:17:impl AsRef<[u8]> for PublicHash32 {
crates/amun-kernel-types/src/hash.rs:1:use core::marker::PhantomData;
crates/amun-kernel-types/src/hash.rs:23:impl core::fmt::Debug for PublicHash32 {
crates/amun-kernel-types/src/hash.rs:29:#[derive(Clone, PartialEq, Eq, Zeroize)]
crates/amun-kernel-types/src/hash.rs:2:use zeroize::Zeroize;
crates/amun-kernel-types/src/hash.rs:31:#[derive(Default)]
crates/amun-kernel-types/src/hash.rs:34:impl SecretHash32 {
crates/amun-kernel-types/src/hash.rs:41:#[derive(Clone, Copy, PartialEq, Eq, PartialOrd, Ord, Hash, Default)]
crates/amun-kernel-types/src/hash.rs:44:impl CommitmentHash32 {
crates/amun-kernel-types/src/hash.rs:52:impl AsRef<[u8]> for CommitmentHash32 {
crates/amun-kernel-types/src/hash.rs:59:#[derive(Clone, Copy, PartialEq, Eq, PartialOrd, Ord, Hash)]
crates/amun-kernel-types/src/hash.rs:5:#[derive(Clone, Copy, PartialEq, Eq, PartialOrd, Ord, Hash, Default)]
crates/amun-kernel-types/src/hash.rs:65:#[derive(Clone, Copy, Debug, PartialEq, Eq)]
crates/amun-kernel-types/src/hash.rs:67:#[derive(Clone, Copy, Debug, PartialEq, Eq)]
crates/amun-kernel-types/src/hash.rs:69:#[derive(Clone, Copy, Debug, PartialEq, Eq)]
crates/amun-kernel-types/src/hash.rs:71:#[derive(Clone, Copy, Debug, PartialEq, Eq)]
crates/amun-kernel-types/src/hash.rs:73:#[derive(Clone, Copy, Debug, PartialEq, Eq)]
crates/amun-kernel-types/src/hash.rs:75:#[derive(Clone, Copy, Debug, PartialEq, Eq)]
crates/amun-kernel-types/src/hash.rs:77:#[derive(Clone, Copy, Debug, PartialEq, Eq)]
crates/amun-kernel-types/src/hash.rs:79:#[derive(Clone, Copy, Debug, PartialEq, Eq)]
crates/amun-kernel-types/src/hash.rs:82:impl<D> Hash<D> {
crates/amun-kernel-types/src/hash.rs:8:impl PublicHash32 {
crates/amun-kernel-types/src/hash.rs:94:impl<D> core::fmt::Debug for Hash<D> {
crates/amun-kernel-types/src/identity.rs:2:#[derive(Clone, Copy, Debug, PartialEq, Eq, PartialOrd, Ord, Hash, Default)]
crates/amun-kernel-types/src/identity.rs:5:impl ValidatorId {
crates/amun-kernel-types/src/lib.rs:10:pub mod crypto;
crates/amun-kernel-types/src/lib.rs:11:pub mod epoch;
crates/amun-kernel-types/src/lib.rs:12:pub mod hash;
crates/amun-kernel-types/src/lib.rs:13:pub mod identity;
crates/amun-kernel-types/src/lib.rs:14:pub mod round;
crates/amun-kernel-types/src/lib.rs:16:pub use amounts::{Amount, BlockHeight, ChainId, Gas, Nonce};
crates/amun-kernel-types/src/lib.rs:17:pub use capacity::constitutional_capacity;
crates/amun-kernel-types/src/lib.rs:18:pub use crypto::{PublicKey, Signature};
crates/amun-kernel-types/src/lib.rs:19:pub use epoch::Epoch;
crates/amun-kernel-types/src/lib.rs:20:pub use hash::{
crates/amun-kernel-types/src/lib.rs:25:pub use identity::ValidatorId;
crates/amun-kernel-types/src/lib.rs:26:pub use round::Round;
crates/amun-kernel-types/src/lib.rs:28:mod tests;
crates/amun-kernel-types/src/lib.rs:8:pub mod amounts;
crates/amun-kernel-types/src/lib.rs:9:pub mod capacity;
crates/amun-kernel-types/src/round.rs:1:use amun_failure::{module_ids, AmunResult, ConstitutionalFault, FailureContext};
crates/amun-kernel-types/src/round.rs:31:impl Default for Round {
crates/amun-kernel-types/src/round.rs:4:#[derive(Clone, Copy, Debug, PartialEq, Eq, PartialOrd, Ord, Hash)]
crates/amun-kernel-types/src/round.rs:7:impl Round {
crates/amun-kernel-types/src/tests.rs:2:use crate::*;
crates/amun-kernel/src/canonical.rs:103:impl<A: CanonicalEncode, B: CanonicalEncode> CanonicalEncode for (A, B) {
crates/amun-kernel/src/canonical.rs:111:#[derive(Clone, Copy, Debug, PartialEq, Eq)]
crates/amun-kernel/src/canonical.rs:114:impl<'a> CanonicalEncode for CanonicalBytes<'a> {
crates/amun-kernel/src/canonical.rs:132:impl CanonicalEncoder {
crates/amun-kernel/src/canonical.rs:182:mod tests {
crates/amun-kernel/src/canonical.rs:183:    use super::*;
crates/amun-kernel/src/canonical.rs:18:impl<T: CanonicalEncode + ?Sized> CanonicalEncode for &T {
crates/amun-kernel/src/canonical.rs:1:use sha2::{Digest, Sha256};
crates/amun-kernel/src/canonical.rs:25:impl<T: CanonicalEncode> CanonicalEncode for [T] {
crates/amun-kernel/src/canonical.rs:35:impl<T: CanonicalEncode> CanonicalEncode for Vec<T> {
crates/amun-kernel/src/canonical.rs:45:impl CanonicalEncode for u64 {
crates/amun-kernel/src/canonical.rs:50:impl CanonicalEncode for u32 {
crates/amun-kernel/src/canonical.rs:55:impl CanonicalEncode for u8 {
crates/amun-kernel/src/canonical.rs:60:impl CanonicalEncode for [u8; 32] {
crates/amun-kernel/src/canonical.rs:65:impl CanonicalEncode for [u8; 64] {
crates/amun-kernel/src/canonical.rs:70:impl CanonicalEncode for str {
crates/amun-kernel/src/canonical.rs:77:impl CanonicalEncode for String {
crates/amun-kernel/src/canonical.rs:7:pub trait CanonicalEncode {
crates/amun-kernel/src/canonical.rs:82:impl CanonicalEncode for bool {
crates/amun-kernel/src/canonical.rs:88:impl<T: CanonicalEncode> CanonicalEncode for Option<T> {
crates/amun-kernel/src/governance.rs:100:#[derive(Clone, Debug, PartialEq, Eq, PartialOrd, Ord)]
crates/amun-kernel/src/governance.rs:108:impl CanonicalEncode for AuthorityRole {
crates/amun-kernel/src/governance.rs:123:#[derive(Clone, Debug, PartialEq, Eq, PartialOrd, Ord)]
crates/amun-kernel/src/governance.rs:12:#[derive(Clone, Debug, PartialEq, Eq, PartialOrd, Ord)]
crates/amun-kernel/src/governance.rs:134:impl CanonicalEncode for FreezeBoundary {
crates/amun-kernel/src/governance.rs:144:#[derive(Clone, Debug, PartialEq, Eq, PartialOrd, Ord)]
crates/amun-kernel/src/governance.rs:153:impl CanonicalEncode for FreezeDomain {
crates/amun-kernel/src/governance.rs:169:#[derive(Clone, Debug, PartialEq, Eq, PartialOrd, Ord)]
crates/amun-kernel/src/governance.rs:175:impl AuthorityRegistry {
crates/amun-kernel/src/governance.rs:203:impl CanonicalEncode for AuthorityRegistry {
crates/amun-kernel/src/governance.rs:218:#[derive(Clone, Debug, PartialEq, Eq, PartialOrd, Ord)]
crates/amun-kernel/src/governance.rs:225:impl Attestation {
crates/amun-kernel/src/governance.rs:22:impl CanonicalEncode for Signature {
crates/amun-kernel/src/governance.rs:232:impl CanonicalEncode for Attestation {
crates/amun-kernel/src/governance.rs:243:#[derive(Clone, Debug, PartialEq, Eq, PartialOrd, Ord)]
crates/amun-kernel/src/governance.rs:256:impl Snapshot {
crates/amun-kernel/src/governance.rs:287:impl CanonicalEncode for Snapshot {
crates/amun-kernel/src/governance.rs:304:#[derive(Clone, Debug, PartialEq, Eq, PartialOrd, Ord)]
crates/amun-kernel/src/governance.rs:315:impl ReleaseSeal {
crates/amun-kernel/src/governance.rs:347:impl CanonicalEncode for ReleaseSeal {
crates/amun-kernel/src/governance.rs:4://! All governance operations must use CanonicalEncode for determinism.
crates/amun-kernel/src/governance.rs:53:/// The `id` is derived canonically: `id = H(public_key)` — role does NOT affect identity.
crates/amun-kernel/src/governance.rs:54:#[derive(Clone, Debug, PartialEq, Eq, PartialOrd, Ord)]
crates/amun-kernel/src/governance.rs:63:impl Authority {
crates/amun-kernel/src/governance.rs:64:    /// Create an authority with a deterministic, key-derived ID.
crates/amun-kernel/src/governance.rs:6:use crate::canonical::{CanonicalEncode, CanonicalEncoder};
crates/amun-kernel/src/governance.rs:7:use crate::hashing::domain_tags;
crates/amun-kernel/src/governance.rs:89:impl CanonicalEncode for Authority {
crates/amun-kernel/src/hashing.rs:1:pub mod domain_tags {
crates/amun-kernel/src/lib.rs:10:pub mod hashing;
crates/amun-kernel/src/lib.rs:11:pub mod version;
crates/amun-kernel/src/lib.rs:14:pub use canonical::{CanonicalEncode, CanonicalEncoder};
crates/amun-kernel/src/lib.rs:15:pub use hashing::domain_tags;
crates/amun-kernel/src/lib.rs:16:pub use version::PROTOCOL_VERSION;
crates/amun-kernel/src/lib.rs:17:pub mod governance;
crates/amun-kernel/src/lib.rs:9:pub mod canonical;
crates/amun-keystore/src/cipher.rs:2:use argon2::Argon2;
crates/amun-keystore/src/cipher.rs:3:use chacha20poly1305::{
crates/amun-keystore/src/cipher.rs:7:use rand_core::RngCore;
crates/amun-keystore/src/cipher.rs:8:use zeroize::Zeroize;
crates/amun-keystore/src/lib.rs:1:pub mod cipher;
crates/amun-keystore/src/lib.rs:2:pub mod store;
crates/amun-keystore/src/lib.rs:4:pub use cipher::{decrypt_secret, encrypt_secret};
crates/amun-keystore/src/lib.rs:5:pub use store::KeyStore;
crates/amun-keystore/src/store.rs:16:impl KeyStore {
crates/amun-keystore/src/store.rs:1:use crate::cipher;
crates/amun-keystore/src/store.rs:2:use serde::{Deserialize, Serialize};
crates/amun-keystore/src/store.rs:3:use zeroize::Zeroize;
crates/amun-keystore/src/store.rs:5:#[derive(Serialize, Deserialize)]
crates/amun-keystore/src/store.rs:62:impl Drop for KeyStore {
crates/amun-light-client/src/client.rs:2:#[derive(Debug, Clone)]
crates/amun-light-client/src/client.rs:8:impl LightClient {
crates/amun-light-client/src/constitutional_client.rs:102:mod tests {
crates/amun-light-client/src/constitutional_client.rs:103:    use super::*;
crates/amun-light-client/src/constitutional_client.rs:104:    use amun_constitutional_runtime::block_validator::BlockValidationResult;
crates/amun-light-client/src/constitutional_client.rs:105:    use amun_constitutional_runtime::certificate_chain::CertificateChain;
crates/amun-light-client/src/constitutional_client.rs:106:    use amun_constitutional_runtime::finality_certificate::ConstitutionalFinalityCertificate;
crates/amun-light-client/src/constitutional_client.rs:107:    use amun_constitutional_runtime::history_root::ConstitutionalHistoryRoot;
crates/amun-light-client/src/constitutional_client.rs:108:    use amun_resource_core::ResourceId;
crates/amun-light-client/src/constitutional_client.rs:109:    use amun_transition_proof::transition_proof::TransitionProof;
crates/amun-light-client/src/constitutional_client.rs:1:use serde::{Deserialize, Serialize};
crates/amun-light-client/src/constitutional_client.rs:24:impl ConstitutionalLightClient {
crates/amun-light-client/src/constitutional_client.rs:3:use amun_constitutional_runtime::certificate_chain::CertificateChain;
crates/amun-light-client/src/constitutional_client.rs:4:use amun_constitutional_runtime::finality_certificate::ConstitutionalFinalityCertificate;
crates/amun-light-client/src/constitutional_client.rs:5:use amun_constitutional_runtime::history_root::ConstitutionalHistoryRoot;
crates/amun-light-client/src/constitutional_client.rs:7:#[derive(Debug, Clone, PartialEq, Eq, Serialize, Deserialize)]
crates/amun-light-client/src/constitutional_client.rs:95:impl Default for ConstitutionalLightClient {
crates/amun-light-client/src/lib.rs:1:pub mod client;
crates/amun-light-client/src/lib.rs:2:pub mod constitutional_client;
crates/amun-light-client/src/lib.rs:3:pub mod sync;
crates/amun-light-client/src/lib.rs:5:pub use client::*;
crates/amun-light-client/src/lib.rs:6:pub use constitutional_client::*;
crates/amun-light-client/src/lib.rs:7:pub use sync::*;
crates/amun-light-client/src/sync.rs:2:#[derive(Debug, Clone)]
crates/amun-light-client/src/sync.rs:8:impl SyncBatch {
crates/amun-light-client/tests/light_client_tests.rs:1:use amun_constitutional_runtime::block_validator::BlockValidationResult;
crates/amun-light-client/tests/light_client_tests.rs:2:use amun_constitutional_runtime::certificate_chain::CertificateChain;
crates/amun-light-client/tests/light_client_tests.rs:3:use amun_constitutional_runtime::finality_certificate::ConstitutionalFinalityCertificate;
crates/amun-light-client/tests/light_client_tests.rs:4:use amun_constitutional_runtime::history_root::ConstitutionalHistoryRoot;
crates/amun-light-client/tests/light_client_tests.rs:5:use amun_light_client::constitutional_client::{
crates/amun-light-client/tests/light_client_tests.rs:8:use amun_resource_core::ResourceId;
crates/amun-light-client/tests/light_client_tests.rs:9:use amun_transition_proof::transition_proof::TransitionProof;
crates/amun-lineage-law/src/ancestry.rs:14:impl ProtocolAncestry {
crates/amun-lineage-law/src/ancestry.rs:1:use super::lineage::LineageProof;
crates/amun-lineage-law/src/ancestry.rs:47:#[derive(Debug, Clone)]
crates/amun-lineage-law/src/ancestry.rs:4:#[derive(Debug, Clone)]
crates/amun-lineage-law/src/ancestry.rs:55:impl AncestryChain {
crates/amun-lineage-law/src/ancestry.rs:81:        use sha2::{Digest, Sha256};
crates/amun-lineage-law/src/compatibility.rs:18:impl CompatibilityTheorem {
crates/amun-lineage-law/src/compatibility.rs:1:use super::lineage::LineageProof;
crates/amun-lineage-law/src/compatibility.rs:2:use super::migration::MigrationWitness;
crates/amun-lineage-law/src/compatibility.rs:53:        use sha2::{Digest, Sha256};
crates/amun-lineage-law/src/compatibility.rs:6:#[derive(Debug, Clone)]
crates/amun-lineage-law/src/compatibility.rs:70:#[derive(Debug, Clone, PartialEq, Eq)]
crates/amun-lineage-law/src/compatibility.rs:84:impl CompatibilityVerdict {
crates/amun-lineage-law/src/lib.rs:10:pub use lineage::{LineageCertificate, LineageProof, LineageVerification};
crates/amun-lineage-law/src/lib.rs:11:pub use migration::{MigrationCertificate, MigrationRules, MigrationWitness};
crates/amun-lineage-law/src/lib.rs:3:pub mod ancestry;
crates/amun-lineage-law/src/lib.rs:4:pub mod compatibility;
crates/amun-lineage-law/src/lib.rs:5:pub mod lineage;
crates/amun-lineage-law/src/lib.rs:6:pub mod migration;
crates/amun-lineage-law/src/lib.rs:8:pub use ancestry::{AncestryChain, ProtocolAncestry};
crates/amun-lineage-law/src/lib.rs:9:pub use compatibility::{CompatibilityTheorem, CompatibilityVerdict};
crates/amun-lineage-law/src/lineage.rs:1:use sha2::{Digest, Sha256};
crates/amun-lineage-law/src/lineage.rs:22:impl LineageProof {
crates/amun-lineage-law/src/lineage.rs:63:#[derive(Debug, Clone)]
crates/amun-lineage-law/src/lineage.rs:6:#[derive(Debug, Clone)]
crates/amun-lineage-law/src/lineage.rs:70:impl LineageCertificate {
crates/amun-lineage-law/src/lineage.rs:97:impl LineageVerification {
crates/amun-lineage-law/src/migration.rs:103:impl MigrationRules {
crates/amun-lineage-law/src/migration.rs:1:use sha2::{Digest, Sha256};
crates/amun-lineage-law/src/migration.rs:22:impl MigrationWitness {
crates/amun-lineage-law/src/migration.rs:60:#[derive(Debug, Clone)]
crates/amun-lineage-law/src/migration.rs:67:impl MigrationCertificate {
crates/amun-lineage-law/src/migration.rs:6:#[derive(Debug, Clone)]
crates/amun-lineage-law/src/migration.rs:93:#[derive(Debug, Clone)]
crates/amun-lineage/src/compatibility.rs:12:impl CompatibilityClass {
crates/amun-lineage/src/compatibility.rs:1:#[derive(Debug, Clone, Copy, PartialEq, Eq)]
crates/amun-lineage/src/compatibility.rs:46:#[derive(Debug, Clone, PartialEq, Eq)]
crates/amun-lineage/src/lib.rs:11:pub use record::{
crates/amun-lineage/src/lib.rs:15:pub use serialization::ConstitutionalEncode;
crates/amun-lineage/src/lib.rs:1:pub mod compatibility;
crates/amun-lineage/src/lib.rs:2:pub mod lineage;
crates/amun-lineage/src/lib.rs:3:pub mod record;
crates/amun-lineage/src/lib.rs:4:pub mod serialization;
crates/amun-lineage/src/lib.rs:6:pub use compatibility::{CompatibilityClass, CompatibilityDeclaration};
crates/amun-lineage/src/lib.rs:7:pub use lineage::{
crates/amun-lineage/src/lineage.rs:12:impl LineageId {
crates/amun-lineage/src/lineage.rs:1:use amun_canonical_codec::CanonicalHasher;
crates/amun-lineage/src/lineage.rs:2:use std::collections::{HashMap, HashSet};
crates/amun-lineage/src/lineage.rs:36:#[derive(Debug, Clone, PartialEq, Eq)]
crates/amun-lineage/src/lineage.rs:44:#[derive(Debug, Clone, PartialEq, Eq)]
crates/amun-lineage/src/lineage.rs:55:#[derive(Debug, Clone, PartialEq, Eq)]
crates/amun-lineage/src/lineage.rs:63:#[derive(Debug, Clone)]
crates/amun-lineage/src/lineage.rs:6:#[derive(Debug, Clone, Copy, PartialEq, Eq, Hash)]
crates/amun-lineage/src/lineage.rs:70:#[derive(Debug, Clone, PartialEq, Eq)]
crates/amun-lineage/src/lineage.rs:78:impl Default for LineageGraph {
crates/amun-lineage/src/lineage.rs:84:impl LineageGraph {
crates/amun-lineage/src/lineage.rs:9:#[derive(Debug, Clone, Copy, PartialEq, Eq, Hash)]
crates/amun-lineage/src/record.rs:104:impl ContinuityClass {
crates/amun-lineage/src/record.rs:117:#[derive(Debug, Clone, PartialEq, Eq)]
crates/amun-lineage/src/record.rs:128:impl EvolutionRecord {
crates/amun-lineage/src/record.rs:14:impl ReplayGuarantee {
crates/amun-lineage/src/record.rs:165:#[derive(Debug, Clone, PartialEq, Eq)]
crates/amun-lineage/src/record.rs:177:impl EvolutionProof {
crates/amun-lineage/src/record.rs:1:use super::compatibility::CompatibilityClass;
crates/amun-lineage/src/record.rs:28:#[derive(Debug, Clone, Copy, PartialEq, Eq)]
crates/amun-lineage/src/record.rs:2:use amun_canonical_codec::CanonicalHasher;
crates/amun-lineage/src/record.rs:36:impl SnapshotGuarantee {
crates/amun-lineage/src/record.rs:50:#[derive(Debug, Clone, Copy, PartialEq, Eq)]
crates/amun-lineage/src/record.rs:58:impl ProofGuarantee {
crates/amun-lineage/src/record.rs:6:#[derive(Debug, Clone, Copy, PartialEq, Eq)]
crates/amun-lineage/src/record.rs:72:#[derive(Debug, Clone, Copy, PartialEq, Eq)]
crates/amun-lineage/src/record.rs:80:impl GovernanceGuarantee {
crates/amun-lineage/src/record.rs:94:#[derive(Debug, Clone, Copy, PartialEq, Eq)]
crates/amun-lineage/src/serialization.rs:14:/// Macro to derive constitutional encoding for simple types.
crates/amun-lineage/src/serialization.rs:16:macro_rules! constitutional_encode_impl {
crates/amun-lineage/src/serialization.rs:18:        impl ConstitutionalEncode for $ty {
crates/amun-lineage/src/serialization.rs:5:use amun_canonical_codec::{CanonicalReader, CanonicalWriter};
crates/amun-lineage/src/serialization.rs:7:pub trait ConstitutionalEncode {
crates/amun-live-cluster/src/bin/benchmark.rs:1:use amun_live_cluster::config::ValidatorConfig;
crates/amun-live-cluster/src/bin/benchmark.rs:2:use amun_live_cluster::validator::LiveValidator;
crates/amun-live-cluster/src/bin/benchmark.rs:3:use std::thread;
crates/amun-live-cluster/src/bin/benchmark.rs:4:use std::time::{Duration, Instant};
crates/amun-live-cluster/src/bin/benchmark_10.rs:1:use amun_live_cluster::config::{ClusterPeer, ValidatorConfig};
crates/amun-live-cluster/src/bin/benchmark_10.rs:2:use amun_live_cluster::validator::LiveValidator;
crates/amun-live-cluster/src/bin/benchmark_10.rs:3:use std::thread;
crates/amun-live-cluster/src/bin/benchmark_10.rs:4:use std::time::{Duration, Instant};
crates/amun-live-cluster/src/bin/benchmark_10_event.rs:1:use amun_live_cluster::config::{ClusterPeer, ValidatorConfig};
crates/amun-live-cluster/src/bin/benchmark_10_event.rs:2:use amun_live_cluster::validator::LiveValidator;
crates/amun-live-cluster/src/bin/benchmark_10_event.rs:3:use std::thread;
crates/amun-live-cluster/src/bin/benchmark_10_event.rs:4:use std::time::{Duration, Instant};
crates/amun-live-cluster/src/bin/byzantine_partition_test.rs:1:use amun_live_cluster::config::ValidatorConfig;
crates/amun-live-cluster/src/bin/byzantine_partition_test.rs:2:use amun_live_cluster::validator::LiveValidator;
crates/amun-live-cluster/src/bin/byzantine_partition_test.rs:3:use std::thread;
crates/amun-live-cluster/src/bin/byzantine_partition_test.rs:4:use std::time::{Duration, Instant};
crates/amun-live-cluster/src/bin/byzantine_test.rs:1:use amun_consensus_network::messages::ConsensusVote;
crates/amun-live-cluster/src/bin/byzantine_test.rs:2:use amun_live_cluster::config::ValidatorConfig;
crates/amun-live-cluster/src/bin/byzantine_test.rs:3:use amun_live_cluster::validator::LiveValidator;
crates/amun-live-cluster/src/bin/byzantine_test.rs:4:use std::io::Write;
crates/amun-live-cluster/src/bin/byzantine_test.rs:5:use std::net::TcpStream;
crates/amun-live-cluster/src/bin/byzantine_test.rs:6:use std::thread;
crates/amun-live-cluster/src/bin/byzantine_test.rs:7:use std::time::{Duration, Instant};
crates/amun-live-cluster/src/bin/crash_recovery.rs:1:use amun_live_cluster::config::ValidatorConfig;
crates/amun-live-cluster/src/bin/crash_recovery.rs:2:use amun_live_cluster::validator::LiveValidator;
crates/amun-live-cluster/src/bin/crash_recovery.rs:3:use std::thread;
crates/amun-live-cluster/src/bin/crash_recovery.rs:4:use std::time::{Duration, Instant};
crates/amun-live-cluster/src/bin/e2e_test.rs:1:use amun_live_cluster::config::ValidatorConfig;
crates/amun-live-cluster/src/bin/e2e_test.rs:2:use amun_live_cluster::validator::LiveValidator;
crates/amun-live-cluster/src/bin/e2e_test.rs:3:use amun_rpc::client::RpcClient;
crates/amun-live-cluster/src/bin/e2e_test.rs:4:use amun_rpc::{build_app, AppState};
crates/amun-live-cluster/src/bin/e2e_test.rs:5:use axum::serve;
crates/amun-live-cluster/src/bin/e2e_test.rs:6:use std::sync::{Arc, Mutex};
crates/amun-live-cluster/src/bin/e2e_test.rs:7:use std::time::Duration;
crates/amun-live-cluster/src/bin/e2e_test.rs:8:use tokio::net::TcpListener;
crates/amun-live-cluster/src/bin/latency_audit.rs:1:use amun_live_cluster::config::ValidatorConfig;
crates/amun-live-cluster/src/bin/latency_audit.rs:2:use amun_live_cluster::validator::LiveValidator;
crates/amun-live-cluster/src/bin/latency_audit.rs:3:use std::thread;
crates/amun-live-cluster/src/bin/latency_audit.rs:4:use std::time::Duration;
crates/amun-live-cluster/src/bin/load_test.rs:1:use amun_consensus_network::messages::ConsensusVote;
crates/amun-live-cluster/src/bin/load_test.rs:2:use amun_live_cluster::config::ValidatorConfig;
crates/amun-live-cluster/src/bin/load_test.rs:3:use amun_live_cluster::validator::LiveValidator;
crates/amun-live-cluster/src/bin/load_test.rs:4:use amun_network_transport::protocol::send_vote;
crates/amun-live-cluster/src/bin/load_test.rs:5:use std::net::TcpStream;
crates/amun-live-cluster/src/bin/load_test.rs:6:use std::thread;
crates/amun-live-cluster/src/bin/load_test.rs:7:use std::time::{Duration, Instant, SystemTime, UNIX_EPOCH};
crates/amun-live-cluster/src/bin/multi_validator_test.rs:1:use amun_live_cluster::config::ValidatorConfig;
crates/amun-live-cluster/src/bin/multi_validator_test.rs:2:use amun_live_cluster::validator::LiveValidator;
crates/amun-live-cluster/src/bin/multi_validator_test.rs:3:use std::thread;
crates/amun-live-cluster/src/bin/multi_validator_test.rs:4:use std::time::{Duration, Instant};
crates/amun-live-cluster/src/bin/partition_test.rs:1:use amun_live_cluster::config::ValidatorConfig;
crates/amun-live-cluster/src/bin/partition_test.rs:2:use amun_live_cluster::validator::LiveValidator;
crates/amun-live-cluster/src/bin/partition_test.rs:3:use std::thread;
crates/amun-live-cluster/src/bin/partition_test.rs:4:use std::time::{Duration, Instant};
crates/amun-live-cluster/src/bin/quorum_exclusion_test.rs:1:use amun_consensus_network::validator_status::{ValidatorStatus, ValidatorStatusRegistry};
crates/amun-live-cluster/src/bin/quorum_exclusion_test.rs:2:use amun_live_cluster::config::ValidatorConfig;
crates/amun-live-cluster/src/bin/quorum_exclusion_test.rs:3:use amun_live_cluster::validator::LiveValidator;
crates/amun-live-cluster/src/bin/quorum_exclusion_test.rs:4:use std::sync::{Arc, Mutex};
crates/amun-live-cluster/src/bin/quorum_exclusion_test.rs:5:use std::thread;
crates/amun-live-cluster/src/bin/quorum_exclusion_test.rs:6:use std::time::Duration;
crates/amun-live-cluster/src/bin/rejoin_stress.rs:1:use amun_live_cluster::config::ValidatorConfig;
crates/amun-live-cluster/src/bin/rejoin_stress.rs:2:use amun_live_cluster::validator::LiveValidator;
crates/amun-live-cluster/src/bin/rejoin_stress.rs:3:use amun_sync::catch_up::{append_missing_records, download_missing_records};
crates/amun-live-cluster/src/bin/rejoin_stress.rs:4:use std::net::SocketAddr;
crates/amun-live-cluster/src/bin/rejoin_stress.rs:5:use std::thread;
crates/amun-live-cluster/src/bin/rejoin_stress.rs:6:use std::time::Duration;
crates/amun-live-cluster/src/bin/replay_audit.rs:1:use amun_live_cluster::config::ValidatorConfig;
crates/amun-live-cluster/src/bin/replay_audit.rs:2:use amun_live_cluster::validator::LiveValidator;
crates/amun-live-cluster/src/bin/replay_audit.rs:3:use std::thread;
crates/amun-live-cluster/src/bin/replay_audit.rs:4:use std::time::Duration;
crates/amun-live-cluster/src/bin/rpc_server.rs:1:use amun_live_cluster::config::ValidatorConfig;
crates/amun-live-cluster/src/bin/rpc_server.rs:2:use amun_live_cluster::validator::LiveValidator;
crates/amun-live-cluster/src/bin/rpc_server.rs:3:use amun_rpc::{build_app, AppState};
crates/amun-live-cluster/src/bin/rpc_server.rs:4:use std::sync::{Arc, Mutex};
crates/amun-live-cluster/src/bin/soak_test.rs:1:use amun_live_cluster::config::ValidatorConfig;
crates/amun-live-cluster/src/bin/soak_test.rs:2:use amun_live_cluster::validator::LiveValidator;
crates/amun-live-cluster/src/bin/soak_test.rs:3:use std::thread;
crates/amun-live-cluster/src/bin/soak_test.rs:4:use std::time::{Duration, Instant};
crates/amun-live-cluster/src/bin/validator.rs:1:use amun_live_cluster::config::ValidatorConfig;
crates/amun-live-cluster/src/bin/validator.rs:2:use amun_live_cluster::validator::LiveValidator;
crates/amun-live-cluster/src/bin/validator.rs:3:use std::thread;
crates/amun-live-cluster/src/bin/validator.rs:4:use std::time::Duration;
crates/amun-live-cluster/src/config.rs:17:#[derive(Debug, Clone, Serialize, Deserialize)]
crates/amun-live-cluster/src/config.rs:1:use serde::{Deserialize, Serialize};
crates/amun-live-cluster/src/config.rs:27:#[derive(Debug, Clone, Serialize, Deserialize)]
crates/amun-live-cluster/src/config.rs:2:use std::net::SocketAddr;
crates/amun-live-cluster/src/config.rs:35:impl ValidatorConfig {
crates/amun-live-cluster/src/config.rs:4:#[derive(Debug, Clone, Serialize, Deserialize)]
crates/amun-live-cluster/src/lib.rs:1:pub mod config;
crates/amun-live-cluster/src/lib.rs:2:pub mod testing;
crates/amun-live-cluster/src/lib.rs:3:pub mod validator;
crates/amun-live-cluster/src/testing/mod.rs:1:use std::net::TcpListener;
crates/amun-live-cluster/src/testing/mod.rs:2:use std::path::PathBuf;
crates/amun-live-cluster/src/testing/mod.rs:3:use std::time::{SystemTime, UNIX_EPOCH};
crates/amun-live-cluster/src/validator.rs:1047:        use amun_authority_registry::governance::{GovernanceAction, GovernanceProposal};
crates/amun-live-cluster/src/validator.rs:1048:        use amun_authority_registry::transaction::GovernanceTransaction;
crates/amun-live-cluster/src/validator.rs:1049:        use amun_authority_registry::voting::GovernanceVote;
crates/amun-live-cluster/src/validator.rs:1050:        use amun_networking::crypto_identity::PeerKeyPair;
crates/amun-live-cluster/src/validator.rs:1051:        use amun_networking::peer_identity::PeerId;
crates/amun-live-cluster/src/validator.rs:1052:        use amun_networking::validator_certificate::ValidatorCertificate;
crates/amun-live-cluster/src/validator.rs:10:use amun_consensus_network::messages::ConsensusVote;
crates/amun-live-cluster/src/validator.rs:11:use amun_consensus_network::{RealStakingExecutor, StakingAdapter};
crates/amun-live-cluster/src/validator.rs:12:use amun_constitutional_enforcement::{
crates/amun-live-cluster/src/validator.rs:143:            let peer_id = amun_validator_identity::derive_validator_id(&peer_pk);
crates/amun-live-cluster/src/validator.rs:19:use amun_evidence_root::EvidenceRoot;
crates/amun-live-cluster/src/validator.rs:1:use crate::config::load_genesis_authority;
crates/amun-live-cluster/src/validator.rs:20:use amun_mempool::Mempool;
crates/amun-live-cluster/src/validator.rs:21:use amun_sync::catch_up::{append_missing_records, download_missing_records};
crates/amun-live-cluster/src/validator.rs:22:use amun_sync::protocol::{
crates/amun-live-cluster/src/validator.rs:25:use amun_tokenomics_ledger::EconomicLedger;
crates/amun-live-cluster/src/validator.rs:26:use amun_validator_identity::derive_validator_id;
crates/amun-live-cluster/src/validator.rs:27:use amun_validator_identity::vote_signing_payload;
crates/amun-live-cluster/src/validator.rs:28:use ed25519_dalek::{Signer, SigningKey};
crates/amun-live-cluster/src/validator.rs:29:use std::io::{Read, Write};
crates/amun-live-cluster/src/validator.rs:2:use crate::config::ValidatorConfig;
crates/amun-live-cluster/src/validator.rs:30:use std::net::{TcpListener, TcpStream};
crates/amun-live-cluster/src/validator.rs:31:use std::sync::{Arc, Mutex};
crates/amun-live-cluster/src/validator.rs:32:#[derive(Clone, Debug)]
crates/amun-live-cluster/src/validator.rs:3:use amun_authority_registry::transaction::GovernanceState;
crates/amun-live-cluster/src/validator.rs:40:use std::collections::HashMap;
crates/amun-live-cluster/src/validator.rs:41:use std::thread::{self, JoinHandle};
crates/amun-live-cluster/src/validator.rs:42:use std::time::{Duration, Instant, SystemTime};
crates/amun-live-cluster/src/validator.rs:451:                    // Non-proposers: wait for proposer's vote to arrive, then use that hash
crates/amun-live-cluster/src/validator.rs:4:use amun_authority_registry::AuthorityRegistry;
crates/amun-live-cluster/src/validator.rs:5:use amun_authority_registry::ConstitutionalAuthority;
crates/amun-live-cluster/src/validator.rs:6:use amun_block_builder::BlockBuilder;
crates/amun-live-cluster/src/validator.rs:71:impl LiveValidator {
crates/amun-live-cluster/src/validator.rs:7:use amun_chain_store::record::FinalizedChainRecord;
crates/amun-live-cluster/src/validator.rs:820:mod tests {
crates/amun-live-cluster/src/validator.rs:821:    use super::*;
crates/amun-live-cluster/src/validator.rs:822:    use std::sync::atomic::{AtomicU16, Ordering};
crates/amun-live-cluster/src/validator.rs:828:        use amun_authority_registry::governance::{GovernanceAction, GovernanceProposal};
crates/amun-live-cluster/src/validator.rs:829:        use amun_authority_registry::transaction::GovernanceTransaction;
crates/amun-live-cluster/src/validator.rs:830:        use amun_authority_registry::voting::GovernanceVote;
crates/amun-live-cluster/src/validator.rs:8:use amun_chain_store::store::ChainStore;
crates/amun-live-cluster/src/validator.rs:90:        let my_true_id = derive_validator_id(&pk);
crates/amun-live-cluster/src/validator.rs:910:        use amun_authority_registry::governance::{GovernanceAction, GovernanceProposal};
crates/amun-live-cluster/src/validator.rs:911:        use amun_authority_registry::transaction::GovernanceTransaction;
crates/amun-live-cluster/src/validator.rs:912:        use amun_authority_registry::voting::GovernanceVote;
crates/amun-live-cluster/src/validator.rs:91:        // Use the cryptographic ID everywhere instead of the config's dummy ID
crates/amun-live-cluster/src/validator.rs:9:use amun_consensus_network::engine::ConsensusEngine;
crates/amun-live-cluster/tests/n102_catchup_test.rs:1:use amun_live_cluster::config::ValidatorConfig;
crates/amun-live-cluster/tests/n102_catchup_test.rs:2:use amun_live_cluster::testing::{cleanup, free_ports, unique_test_dir};
crates/amun-live-cluster/tests/n102_catchup_test.rs:3:use amun_live_cluster::validator::LiveValidator;
crates/amun-live-cluster/tests/n102_catchup_test.rs:4:use std::thread;
crates/amun-live-cluster/tests/n102_catchup_test.rs:5:use std::time::Duration;
crates/amun-live-cluster/tests/n110_4c_state_transition.rs:106:    // Both succeed because threshold is still crossed (score=30 >= 30)
crates/amun-live-cluster/tests/n110_4c_state_transition.rs:109:    // But the stake keeps decreasing because each slash is a real penalty
crates/amun-live-cluster/tests/n110_4c_state_transition.rs:1:use amun_consensus_network::{
crates/amun-live-cluster/tests/n110_4c_state_transition.rs:5:use amun_kernel_types::PublicKey;
crates/amun-live-cluster/tests/n110_4c_state_transition.rs:6:// use amun_staking::slashing::SlashingConditions;
crates/amun-live-cluster/tests/n110_4c_state_transition.rs:7:use amun_staking::validator::ValidatorRegistry;
crates/amun-live-cluster/tests/n110_4c_state_transition.rs:8:use std::collections::HashSet;
crates/amun-live-cluster/tests/n118_finality_gated_slashing.rs:4:use amun_consensus_network::{
crates/amun-live-cluster/tests/n118_finality_gated_slashing.rs:8:use amun_kernel_types::PublicKey;
crates/amun-live-cluster/tests/n118_finality_gated_slashing.rs:9:use amun_staking::validator::ValidatorRegistry;
crates/amun-live-cluster/tests/n120_4_consensus_enforcement.rs:2:use amun_block_builder::BlockBuilder;
crates/amun-live-cluster/tests/n120_4_consensus_enforcement.rs:4:use amun_mempool::Mempool;
crates/amun-live-cluster/tests/n126_3_unconstitutional_block_rejected.rs:2:use amun_constitutional_enforcement::{
crates/amun-live-cluster/tests/n129_evidence_continuity_audit.rs:1:use amun_live_cluster::config::ValidatorConfig;
crates/amun-live-cluster/tests/n129_evidence_continuity_audit.rs:2:use amun_live_cluster::testing::{cleanup, free_ports, unique_test_dir};
crates/amun-live-cluster/tests/n129_evidence_continuity_audit.rs:3:use amun_live_cluster::validator::LiveValidator;
crates/amun-live-cluster/tests/n129_evidence_continuity_audit.rs:4:use std::thread;
crates/amun-live-cluster/tests/n129_evidence_continuity_audit.rs:5:use std::time::Duration;
crates/amun-load-generator/src/main.rs:19:impl LoadResult {
crates/amun-load-generator/src/main.rs:1:use amun_mempool_gossip::messages::Transaction;
crates/amun-load-generator/src/main.rs:2:use std::io::Write;
crates/amun-load-generator/src/main.rs:3:use std::net::{SocketAddr, TcpStream};
crates/amun-load-generator/src/main.rs:4:use std::time::{Duration, Instant};
crates/amun-lock-rule/src/lib.rs:1:pub mod lock;
crates/amun-lock-rule/src/lib.rs:2:pub mod violation;
crates/amun-lock-rule/src/lib.rs:4:pub use lock::ValidatorLock;
crates/amun-lock-rule/src/lib.rs:5:pub use violation::{LockViolation, LockViolationEvidence, LockViolationType};
crates/amun-lock-rule/src/lock.rs:10:impl ValidatorLock {
crates/amun-lock-rule/src/lock.rs:1:use amun_quorum_certificate::QuorumCertificate;
crates/amun-lock-rule/src/lock.rs:3:#[derive(Debug, Clone)]
crates/amun-lock-rule/src/lock.rs:58:impl Default for ValidatorLock {
crates/amun-lock-rule/src/violation.rs:17:#[derive(Debug, Clone)]
crates/amun-lock-rule/src/violation.rs:1:#[derive(Debug, Clone)]
crates/amun-lock-rule/src/violation.rs:9:#[derive(Debug, Clone)]
crates/amun-mempool-gossip/src/lib.rs:32:pub mod mempool;
crates/amun-mempool-gossip/src/lib.rs:33:pub mod messages;
crates/amun-mempool-gossip/src/mempool.rs:126:impl GossipClient {
crates/amun-mempool-gossip/src/mempool.rs:15:impl Mempool {
crates/amun-mempool-gossip/src/mempool.rs:1:use crate::messages::{GossipMessage, Transaction};
crates/amun-mempool-gossip/src/mempool.rs:200:mod tests {
crates/amun-mempool-gossip/src/mempool.rs:201:    use super::*;
crates/amun-mempool-gossip/src/mempool.rs:202:    use crate::messages::Transaction;
crates/amun-mempool-gossip/src/mempool.rs:203:    use std::time::Duration;
crates/amun-mempool-gossip/src/mempool.rs:2:use std::collections::{HashMap, VecDeque};
crates/amun-mempool-gossip/src/mempool.rs:3:use std::io::{Read, Write};
crates/amun-mempool-gossip/src/mempool.rs:4:use std::net::{SocketAddr, TcpListener, TcpStream};
crates/amun-mempool-gossip/src/mempool.rs:5:use std::sync::{Arc, Mutex};
crates/amun-mempool-gossip/src/mempool.rs:6:use std::thread;
crates/amun-mempool-gossip/src/mempool.rs:70:impl GossipServer {
crates/amun-mempool-gossip/src/messages.rs:18:#[derive(Debug, Clone, Serialize, Deserialize)]
crates/amun-mempool-gossip/src/messages.rs:1:use serde::{Deserialize, Serialize};
crates/amun-mempool-gossip/src/messages.rs:37:impl Transaction {
crates/amun-mempool-gossip/src/messages.rs:3:#[derive(Debug, Clone, Serialize, Deserialize, PartialEq, Eq)]
crates/amun-mempool-gossip/src/messages.rs:57:mod tests {
crates/amun-mempool-gossip/src/messages.rs:58:    use super::*;
crates/amun-mempool/src/lib.rs:13:impl Mempool {
crates/amun-mempool/src/lib.rs:1:use amun_transactions::Transaction;
crates/amun-mempool/src/lib.rs:2:use std::collections::HashMap;
crates/amun-mempool/src/lib.rs:53:mod tests {
crates/amun-mempool/src/lib.rs:54:    use super::*;
crates/amun-mempool/src/lib.rs:55:    use amun_transactions::{TransactionPayload, TransferPayload};
crates/amun-mempool/src/lib.rs:56:    use ed25519_dalek::SigningKey;
crates/amun-mempool/src/lib.rs:5:#[derive(Debug, Clone, Default)]
crates/amun-mempool/src/ordering.rs:1:use amun_transaction::tx::UnsignedTransaction;
crates/amun-mempool/src/ordering.rs:5:impl CanonicalOrdering {
crates/amun-mempool/src/pool.rs:12:impl Mempool {
crates/amun-mempool/src/pool.rs:1:use amun_transaction::tx::UnsignedTransaction;
crates/amun-mempool/src/pool.rs:2:use heapless::Vec;
crates/amun-merkle/src/domain.rs:13:impl MerkleDomain {
crates/amun-merkle/src/domain.rs:1:use amun_codec::HashDomain;
crates/amun-merkle/src/domain.rs:2:use amun_kernel_types::PublicHash32;
crates/amun-merkle/src/lib.rs:10:pub use tree::MerkleTree;
crates/amun-merkle/src/lib.rs:13:mod tests;
crates/amun-merkle/src/lib.rs:4:pub mod domain;
crates/amun-merkle/src/lib.rs:5:pub mod proof;
crates/amun-merkle/src/lib.rs:6:pub mod tree;
crates/amun-merkle/src/lib.rs:8:pub use domain::MerkleDomain;
crates/amun-merkle/src/lib.rs:9:pub use proof::MerkleProof;
crates/amun-merkle/src/proof.rs:148:mod tests {
crates/amun-merkle/src/proof.rs:149:    use super::*;
crates/amun-merkle/src/proof.rs:150:    use amun_codec::CanonicalEncode;
crates/amun-merkle/src/proof.rs:15:#[derive(Clone, Debug, PartialEq, Eq)]
crates/amun-merkle/src/proof.rs:1:use crate::tree::MerkleTree;
crates/amun-merkle/src/proof.rs:21:impl MerkleProof {
crates/amun-merkle/src/proof.rs:2:use amun_codec::{CanonicalDecode, CanonicalEncode, CanonicalWriter, WriteResult};
crates/amun-merkle/src/proof.rs:3:use amun_failure::AmunResult;
crates/amun-merkle/src/proof.rs:4:use amun_kernel_types::PublicHash32;
crates/amun-merkle/src/proof.rs:54:impl Default for MerkleProof {
crates/amun-merkle/src/proof.rs:5:use heapless::Vec;
crates/amun-merkle/src/proof.rs:60:impl CanonicalEncode for MerkleProof {
crates/amun-merkle/src/proof.rs:62:    fn encode_to_writer(&self, writer: &mut impl CanonicalWriter) -> WriteResult {
crates/amun-merkle/src/proof.rs:77:impl CanonicalDecode for MerkleProof {
crates/amun-merkle/src/proof.rs:9:#[derive(Clone, Copy, Debug, PartialEq, Eq)]
crates/amun-merkle/src/tests.rs:2:use crate::proof::Direction;
crates/amun-merkle/src/tests.rs:3:use crate::*;
crates/amun-merkle/src/tree.rs:10:impl MerkleTree {
crates/amun-merkle/src/tree.rs:1:use amun_kernel_types::PublicHash32;
crates/amun-merkle/src/tree.rs:2:use heapless::Vec;
crates/amun-network-constitution/src/anti_replay.rs:1:use std::collections::BTreeMap;
crates/amun-network-constitution/src/anti_replay.rs:3:#[derive(Debug, Clone)]
crates/amun-network-constitution/src/anti_replay.rs:47:impl Default for AntiReplayGuard {
crates/amun-network-constitution/src/anti_replay.rs:9:impl AntiReplayGuard {
crates/amun-network-constitution/src/lib.rs:1:pub mod anti_replay;
crates/amun-network-constitution/src/lib.rs:2:pub mod message;
crates/amun-network-constitution/src/lib.rs:4:pub use anti_replay::AntiReplayGuard;
crates/amun-network-constitution/src/lib.rs:5:pub use message::{NetworkFrame, NetworkMessageType};
crates/amun-network-constitution/src/message.rs:16:impl NetworkMessageType {
crates/amun-network-constitution/src/message.rs:1:use blake3::Hasher;
crates/amun-network-constitution/src/message.rs:54:#[derive(Debug, Clone)]
crates/amun-network-constitution/src/message.rs:61:impl NetworkFrame {
crates/amun-network-constitution/src/message.rs:6:#[derive(Debug, Clone, PartialEq, Eq)]
crates/amun-network-fastpath/src/lib.rs:10:impl Default for MessageBatch {
crates/amun-network-fastpath/src/lib.rs:16:impl MessageBatch {
crates/amun-network-fastpath/src/lib.rs:1:use sha2::{Digest, Sha256};
crates/amun-network-fastpath/src/lib.rs:2:use std::time::Instant;
crates/amun-network-fastpath/src/lib.rs:4:#[derive(Debug, Clone)]
crates/amun-network-fastpath/src/lib.rs:52:#[derive(Debug, Clone)]
crates/amun-network-fastpath/tests/n164_fastpath_tests.rs:1:use amun_network_fastpath::*;
crates/amun-network-interface/src/lib.rs:1:#[cfg(test)] mod tests {}
crates/amun-network-scheduler/src/lib.rs:1:pub mod message;
crates/amun-network-scheduler/src/lib.rs:2:pub mod scheduler;
crates/amun-network-scheduler/src/lib.rs:4:pub use message::NetworkMessage;
crates/amun-network-scheduler/src/lib.rs:5:pub use scheduler::NetworkScheduler;
crates/amun-network-scheduler/src/message.rs:1:use amun_chain_position::ChainPosition;
crates/amun-network-scheduler/src/message.rs:36:impl NetworkMessage {
crates/amun-network-scheduler/src/message.rs:4:#[derive(Debug, Clone)]
crates/amun-network-scheduler/src/scheduler.rs:14:impl NetworkScheduler {
crates/amun-network-scheduler/src/scheduler.rs:1:use crate::message::NetworkMessage;
crates/amun-network-scheduler/src/scheduler.rs:2:use std::collections::VecDeque;
crates/amun-network-scheduler/src/scheduler.rs:6:#[derive(Debug, Clone)]
crates/amun-network-simulator/src/adversary.rs:11:impl AdversaryConfig {
crates/amun-network-simulator/src/adversary.rs:2:#[derive(Debug, Clone)]
crates/amun-network-simulator/src/delivery.rs:2:#[derive(Debug, Clone)]
crates/amun-network-simulator/src/delivery.rs:8:impl DeliverySchedule {
crates/amun-network-simulator/src/lib.rs:1:pub mod adversary;
crates/amun-network-simulator/src/lib.rs:2:pub mod delivery;
crates/amun-network-simulator/src/lib.rs:3:pub mod simulator;
crates/amun-network-simulator/src/lib.rs:5:pub use adversary::AdversaryConfig;
crates/amun-network-simulator/src/lib.rs:6:pub use delivery::DeliverySchedule;
crates/amun-network-simulator/src/lib.rs:7:pub use simulator::NetworkSimulator;
crates/amun-network-simulator/src/simulator.rs:12:#[derive(Debug, Clone)]
crates/amun-network-simulator/src/simulator.rs:1:use crate::adversary::AdversaryConfig;
crates/amun-network-simulator/src/simulator.rs:24:impl NetworkSimulator {
crates/amun-network-simulator/src/simulator.rs:2:use crate::delivery::DeliverySchedule;
crates/amun-network-simulator/src/simulator.rs:3:use amun_deterministic_timer::DeterministicTimerWheel;
crates/amun-network-simulator/src/simulator.rs:4:use std::collections::BTreeMap;
crates/amun-network-simulator/src/simulator.rs:6:#[derive(Debug, Clone)]
crates/amun-network-transport/src/lib.rs:1:pub mod message;
crates/amun-network-transport/src/lib.rs:2:pub mod peer;
crates/amun-network-transport/src/lib.rs:3:pub mod protocol;
crates/amun-network-transport/src/lib.rs:4:pub mod sync_over_network;
crates/amun-network-transport/src/lib.rs:5:pub mod transport;
crates/amun-network-transport/src/message.rs:106:#[derive(Debug, Clone, Serialize, Deserialize)]
crates/amun-network-transport/src/message.rs:114:#[derive(Debug, Clone, Serialize, Deserialize)]
crates/amun-network-transport/src/message.rs:122:#[derive(Debug, Clone, Serialize, Deserialize)]
crates/amun-network-transport/src/message.rs:131:impl NetworkMessage {
crates/amun-network-transport/src/message.rs:144:mod tests {
crates/amun-network-transport/src/message.rs:145:    use super::*;
crates/amun-network-transport/src/message.rs:1:use amun_resource_core::ResourceId;
crates/amun-network-transport/src/message.rs:28:#[derive(Debug, Clone, Serialize, Deserialize)]
crates/amun-network-transport/src/message.rs:2:use serde::{Deserialize, Serialize};
crates/amun-network-transport/src/message.rs:39:#[derive(Debug, Clone, Serialize, Deserialize)]
crates/amun-network-transport/src/message.rs:50:#[derive(Debug, Clone, Serialize, Deserialize)]
crates/amun-network-transport/src/message.rs:5:#[derive(Debug, Clone, Serialize, Deserialize)]
crates/amun-network-transport/src/message.rs:61:#[derive(Debug, Clone, Serialize, Deserialize)]
crates/amun-network-transport/src/message.rs:71:#[derive(Debug, Clone, Serialize, Deserialize)]
crates/amun-network-transport/src/message.rs:79:#[derive(Debug, Clone, Serialize, Deserialize)]
crates/amun-network-transport/src/message.rs:88:#[derive(Debug, Clone, Serialize, Deserialize)]
crates/amun-network-transport/src/message.rs:95:#[derive(Debug, Clone, Serialize, Deserialize)]
crates/amun-network-transport/src/peer.rs:12:/// Full peer identity: who they are, their key, and where to reach them.
crates/amun-network-transport/src/peer.rs:13:#[derive(Debug, Clone, Serialize, Deserialize)]
crates/amun-network-transport/src/peer.rs:1:use serde::{Deserialize, Serialize};
crates/amun-network-transport/src/peer.rs:20:impl PeerIdentity {
crates/amun-network-transport/src/peer.rs:2:use std::net::SocketAddr;
crates/amun-network-transport/src/peer.rs:31:mod tests {
crates/amun-network-transport/src/peer.rs:32:    use super::*;
crates/amun-network-transport/src/peer.rs:5:#[derive(Debug, Clone, PartialEq, Eq, Hash, Serialize, Deserialize)]
crates/amun-network-transport/src/peer.rs:9:#[derive(Debug, Clone, PartialEq, Eq, Serialize, Deserialize)]
crates/amun-network-transport/src/protocol.rs:1:use std::io::{Read, Write};
crates/amun-network-transport/src/protocol.rs:2:use std::net::TcpStream;
crates/amun-network-transport/src/protocol.rs:94:    load_height: impl Fn(u64) -> Option<Vec<u8>>,
crates/amun-network-transport/src/protocol.rs:95:    vote_handler: impl Fn(&[u8]),
crates/amun-network-transport/src/sync_over_network.rs:13:impl SyncServer {
crates/amun-network-transport/src/sync_over_network.rs:147:mod tests {
crates/amun-network-transport/src/sync_over_network.rs:148:    use super::*;
crates/amun-network-transport/src/sync_over_network.rs:149:    use crate::message::{DeltaSyncData, FullSnapshotData};
crates/amun-network-transport/src/sync_over_network.rs:150:    use std::time::Duration;
crates/amun-network-transport/src/sync_over_network.rs:1:use crate::message::{
crates/amun-network-transport/src/sync_over_network.rs:4:use std::io::{Read, Write};
crates/amun-network-transport/src/sync_over_network.rs:5:use std::net::{SocketAddr, TcpListener, TcpStream};
crates/amun-network-transport/src/sync_over_network.rs:6:use std::thread;
crates/amun-network-transport/src/sync_over_network.rs:99:impl SyncClient {
crates/amun-network-transport/src/transport.rs:10:#[derive(Debug)]
crates/amun-network-transport/src/transport.rs:1:use crate::message::NetworkMessage;
crates/amun-network-transport/src/transport.rs:20:impl std::fmt::Display for TransportError {
crates/amun-network-transport/src/transport.rs:213:mod tests {
crates/amun-network-transport/src/transport.rs:214:    use super::*;
crates/amun-network-transport/src/transport.rs:215:    use crate::message::BlockAnnounce;
crates/amun-network-transport/src/transport.rs:216:    use crate::peer::PublicKeyBytes;
crates/amun-network-transport/src/transport.rs:217:    use amun_resource_core::ResourceId;
crates/amun-network-transport/src/transport.rs:218:    use std::net::{IpAddr, Ipv4Addr};
crates/amun-network-transport/src/transport.rs:262:mod integration_tests {
crates/amun-network-transport/src/transport.rs:263:    use super::*;
crates/amun-network-transport/src/transport.rs:264:    use crate::message::{BlockAnnounce, CertificateAnnounce, Ping, Pong};
crates/amun-network-transport/src/transport.rs:265:    use crate::peer::NodeId;
crates/amun-network-transport/src/transport.rs:266:    use amun_resource_core::ResourceId;
crates/amun-network-transport/src/transport.rs:267:    use std::net::SocketAddr;
crates/amun-network-transport/src/transport.rs:268:    use std::thread;
crates/amun-network-transport/src/transport.rs:269:    use std::time::Duration;
crates/amun-network-transport/src/transport.rs:2:use crate::peer::{NodeId, PeerIdentity};
crates/amun-network-transport/src/transport.rs:3:use std::collections::HashMap;
crates/amun-network-transport/src/transport.rs:41:impl PeerConnection {
crates/amun-network-transport/src/transport.rs:4:use std::io::{Read, Write};
crates/amun-network-transport/src/transport.rs:5:use std::net::{SocketAddr, TcpListener, TcpStream};
crates/amun-network-transport/src/transport.rs:6:use std::sync::{Arc, Mutex};
crates/amun-network-transport/src/transport.rs:7:use std::thread;
crates/amun-network-transport/src/transport.rs:89:impl TcpTransport {
crates/amun-network/src/connection.rs:10:impl Connection {
crates/amun-network/src/connection.rs:1:use crate::constants::MAX_CONNECTIONS_PER_IP;
crates/amun-network/src/connection.rs:2:use crate::peer::Peer;
crates/amun-network/src/connection.rs:37:impl Default for Connection {
crates/amun-network/src/connection.rs:3:use hashbrown::HashMap;
crates/amun-network/src/discovery.rs:11:impl Discovery {
crates/amun-network/src/discovery.rs:1:use crate::constants::MAX_PEERS;
crates/amun-network/src/discovery.rs:2:use crate::peer::Peer;
crates/amun-network/src/discovery.rs:3:use hashbrown::HashSet;
crates/amun-network/src/discovery.rs:4:use heapless::Vec;
crates/amun-network/src/discovery.rs:51:impl Default for Discovery {
crates/amun-network/src/framing.rs:18:impl Frame {
crates/amun-network/src/framing.rs:1:#[derive(Clone, Copy, Debug, PartialEq, Eq)]
crates/amun-network/src/handshake.rs:12:impl Handshake {
crates/amun-network/src/handshake.rs:1:use crate::constants::HANDSHAKE_TIMEOUT_MS;
crates/amun-network/src/handshake.rs:2:use amun_kernel_types::PublicKey;
crates/amun-network/src/heartbeat.rs:10:impl Heartbeat {
crates/amun-network/src/heartbeat.rs:1:use crate::constants::HEARTBEAT_INTERVAL_MS;
crates/amun-network/src/heartbeat.rs:38:impl Default for Heartbeat {
crates/amun-network/src/lib.rs:10:pub mod peer;
crates/amun-network/src/lib.rs:11:pub mod rate_limit;
crates/amun-network/src/lib.rs:13:pub use connection::Connection;
crates/amun-network/src/lib.rs:14:pub use constants::*;
crates/amun-network/src/lib.rs:15:pub use discovery::Discovery;
crates/amun-network/src/lib.rs:16:pub use framing::{Frame, MessageType};
crates/amun-network/src/lib.rs:17:pub use handshake::Handshake;
crates/amun-network/src/lib.rs:18:pub use heartbeat::Heartbeat;
crates/amun-network/src/lib.rs:19:pub use peer::{Peer, PeerState};
crates/amun-network/src/lib.rs:20:pub use rate_limit::RateLimiter;
crates/amun-network/src/lib.rs:23:mod tests;
crates/amun-network/src/lib.rs:4:pub mod connection;
crates/amun-network/src/lib.rs:5:pub mod constants;
crates/amun-network/src/lib.rs:6:pub mod discovery;
crates/amun-network/src/lib.rs:7:pub mod framing;
crates/amun-network/src/lib.rs:8:pub mod handshake;
crates/amun-network/src/lib.rs:9:pub mod heartbeat;
crates/amun-network/src/peer.rs:11:#[derive(Clone, Debug)]
crates/amun-network/src/peer.rs:1:use amun_kernel_types::PublicKey;
crates/amun-network/src/peer.rs:20:impl Peer {
crates/amun-network/src/peer.rs:3:#[derive(Clone, Debug, PartialEq, Eq)]
crates/amun-network/src/rate_limit.rs:1:use crate::constants::RATE_LIMIT_PER_SECOND;
crates/amun-network/src/rate_limit.rs:30:impl Default for RateLimiter {
crates/amun-network/src/rate_limit.rs:9:impl RateLimiter {
crates/amun-network/src/tests.rs:2:use crate::*;
crates/amun-network/src/tests.rs:3:use amun_kernel_types::PublicKey;
crates/amun-networking/src/codec.rs:1:use crate::envelope::Envelope;
crates/amun-networking/src/crypto_identity.rs:12:impl PeerKeyPair {
crates/amun-networking/src/crypto_identity.rs:1:use crate::peer_identity::PeerId;
crates/amun-networking/src/crypto_identity.rs:2:use ed25519_dalek::{Signature, Signer, SigningKey, Verifier, VerifyingKey};
crates/amun-networking/src/crypto_identity.rs:3:use rand::rngs::OsRng;
crates/amun-networking/src/crypto_identity.rs:4:use serde::{Deserialize, Serialize};
crates/amun-networking/src/crypto_identity.rs:65:#[derive(Debug, Clone, Serialize, Deserialize)]
crates/amun-networking/src/crypto_identity.rs:72:impl SignedMessage {
crates/amun-networking/src/crypto_identity.rs:95:mod tests {
crates/amun-networking/src/crypto_identity.rs:96:    use super::*;
crates/amun-networking/src/envelope.rs:1:use serde::{Deserialize, Serialize};
crates/amun-networking/src/envelope.rs:4:#[derive(Debug, Clone, Serialize, Deserialize)]
crates/amun-networking/src/lib.rs:32:pub mod codec;
crates/amun-networking/src/lib.rs:33:pub mod envelope;
crates/amun-networking/src/lib.rs:34:pub mod message;
crates/amun-networking/src/lib.rs:35:pub mod node;
crates/amun-networking/src/lib.rs:36:pub mod peer;
crates/amun-networking/src/lib.rs:37:pub mod peer_identity;
crates/amun-networking/src/lib.rs:38:pub mod signed_envelope;
crates/amun-networking/src/lib.rs:39:pub mod sync_protocol;
crates/amun-networking/src/lib.rs:40:pub mod tcp_transport;
crates/amun-networking/src/lib.rs:41:pub mod transport;
crates/amun-networking/src/lib.rs:42:pub mod transport_trait;
crates/amun-networking/src/lib.rs:44:pub use node::{NetworkNode, NodeLifecycle};
crates/amun-networking/src/lib.rs:45:pub mod crypto_identity;
crates/amun-networking/src/lib.rs:46:pub mod peer_discovery;
crates/amun-networking/src/lib.rs:47:pub mod trust_anchor;
crates/amun-networking/src/lib.rs:48:pub mod validator_certificate;
crates/amun-networking/src/lib.rs:49:pub mod validator_registry;
crates/amun-networking/src/message.rs:1:use serde::{Deserialize, Serialize};
crates/amun-networking/src/message.rs:4:#[derive(Debug, Clone, Serialize, Deserialize)]
crates/amun-networking/src/messages.rs:34:#[derive(Debug, Clone, PartialEq, Eq)]
crates/amun-networking/src/messages.rs:3:#[derive(Debug, Clone, PartialEq, Eq)]
crates/amun-networking/src/node.rs:1:use crate::envelope::Envelope;
crates/amun-networking/src/node.rs:22:#[derive(Debug, Clone, Copy, PartialEq, Eq)]
crates/amun-networking/src/node.rs:2:use crate::transport::MockTransport;
crates/amun-networking/src/node.rs:3:use amun_consensus::action::ConsensusAction;
crates/amun-networking/src/node.rs:41:impl NetworkNode {
crates/amun-networking/src/node.rs:4:use amun_consensus::pacemaker::{FixedMultiplier, Pacemaker, PacemakerConfig};
crates/amun-networking/src/node.rs:5:use amun_consensus::round_state_machine::RoundStateMachine;
crates/amun-networking/src/node.rs:6:use amun_consensus::types::{BlockProposal, Vote};
crates/amun-networking/src/node.rs:7:use amun_consensus::validator::ValidatorSet;
crates/amun-networking/src/peer.rs:10:impl Peer {
crates/amun-networking/src/peer.rs:1:use serde::{Deserialize, Serialize};
crates/amun-networking/src/peer.rs:4:#[derive(Debug, Clone, Serialize, Deserialize)]
crates/amun-networking/src/peer_discovery.rs:15:impl PeerAnnouncement {
crates/amun-networking/src/peer_discovery.rs:1:use crate::crypto_identity::{PeerKeyPair, SignedMessage};
crates/amun-networking/src/peer_discovery.rs:2:use crate::peer_identity::{PeerId, PeerIdentity};
crates/amun-networking/src/peer_discovery.rs:36:#[derive(Debug, Clone, Default)]
crates/amun-networking/src/peer_discovery.rs:3:use serde::{Deserialize, Serialize};
crates/amun-networking/src/peer_discovery.rs:42:impl PeerRegistry {
crates/amun-networking/src/peer_discovery.rs:4:use std::collections::BTreeMap;
crates/amun-networking/src/peer_discovery.rs:7:#[derive(Debug, Clone, Serialize, Deserialize)]
crates/amun-networking/src/peer_discovery.rs:92:mod tests {
crates/amun-networking/src/peer_discovery.rs:93:    use super::*;
crates/amun-networking/src/peer_identity.rs:15:#[derive(Debug, Clone, PartialEq, Eq, PartialOrd, Ord, Hash, Serialize, Deserialize)]
crates/amun-networking/src/peer_identity.rs:1:use serde::{Deserialize, Serialize};
crates/amun-networking/src/peer_identity.rs:22:impl PeerIdentity {
crates/amun-networking/src/peer_identity.rs:2:use std::net::SocketAddr;
crates/amun-networking/src/peer_identity.rs:5:#[derive(Debug, Clone, Copy, Hash, PartialEq, Eq, PartialOrd, Ord, Serialize, Deserialize)]
crates/amun-networking/src/peer_identity.rs:8:impl PeerId {
crates/amun-networking/src/peers.rs:11:#[derive(Debug, Clone, PartialEq, Eq, PartialOrd, Ord)]
crates/amun-networking/src/peers.rs:24:impl PeerTrust {
crates/amun-networking/src/peers.rs:2:#[derive(Debug, Clone, PartialEq, Eq)]
crates/amun-networking/src/quarantine.rs:19:#[derive(Debug, Clone, PartialEq, Eq)]
crates/amun-networking/src/quarantine.rs:1:use amun_snapshot_engine::ConstitutionalIdentity;
crates/amun-networking/src/quarantine.rs:28:#[derive(Debug, Clone, PartialEq, Eq)]
crates/amun-networking/src/quarantine.rs:42:impl QuarantineEngine {
crates/amun-networking/src/quarantine.rs:6:#[derive(Debug, Clone, PartialEq, Eq)]
crates/amun-networking/src/risk.rs:21:#[derive(Debug, Clone)]
crates/amun-networking/src/risk.rs:2:#[derive(Debug, Clone, PartialEq, Eq)]
crates/amun-networking/src/risk.rs:30:impl ConstitutionalRiskProfile {
crates/amun-networking/src/signed_envelope.rs:15:impl SignedEnvelope {
crates/amun-networking/src/signed_envelope.rs:1:use crate::crypto_identity::{PeerKeyPair, SignedMessage};
crates/amun-networking/src/signed_envelope.rs:2:use crate::envelope::Envelope;
crates/amun-networking/src/signed_envelope.rs:34:#[derive(Debug, Clone, Serialize, Deserialize)]
crates/amun-networking/src/signed_envelope.rs:3:use crate::peer_identity::PeerId;
crates/amun-networking/src/signed_envelope.rs:40:impl DirectedMessage {
crates/amun-networking/src/signed_envelope.rs:4:use serde::{Deserialize, Serialize};
crates/amun-networking/src/signed_envelope.rs:50:mod tests {
crates/amun-networking/src/signed_envelope.rs:51:    use super::*;
crates/amun-networking/src/signed_envelope.rs:52:    use crate::crypto_identity::PeerKeyPair;
crates/amun-networking/src/signed_envelope.rs:53:    use crate::envelope::Envelope;
crates/amun-networking/src/signed_envelope.rs:8:#[derive(Debug, Clone, Serialize, Deserialize)]
crates/amun-networking/src/sovereignty.rs:17:#[derive(Debug, Clone, PartialEq, Eq)]
crates/amun-networking/src/sovereignty.rs:1:use amun_snapshot_engine::ConstitutionalIdentity;
crates/amun-networking/src/sovereignty.rs:2:use amun_state_machine::states::StateTag;
crates/amun-networking/src/sovereignty.rs:32:#[derive(Debug, Clone, PartialEq, Eq)]
crates/amun-networking/src/sovereignty.rs:43:impl ConstitutionalHandshake {
crates/amun-networking/src/sovereignty.rs:5:#[derive(Debug, Clone, PartialEq, Eq)]
crates/amun-networking/src/sync.rs:14:#[derive(Debug, Clone, PartialEq, Eq)]
crates/amun-networking/src/sync.rs:1:use amun_civilizational_relations::relation::CivilizationalRelation;
crates/amun-networking/src/sync.rs:26:#[derive(Debug, Clone, PartialEq, Eq)]
crates/amun-networking/src/sync.rs:2:use amun_constitutional_quarantine::pipeline::QuarantinePipeline;
crates/amun-networking/src/sync.rs:34:impl SyncEngine {
crates/amun-networking/src/sync.rs:3:use amun_snapshot_engine::ConstitutionalIdentity;
crates/amun-networking/src/sync_protocol.rs:11:#[derive(Debug, Clone, Serialize, Deserialize)]
crates/amun-networking/src/sync_protocol.rs:18:mod tests {
crates/amun-networking/src/sync_protocol.rs:19:    use super::*;
crates/amun-networking/src/sync_protocol.rs:1:use amun_chain_checkpoint::CheckpointCertificate;
crates/amun-networking/src/sync_protocol.rs:2:use serde::{Deserialize, Serialize};
crates/amun-networking/src/sync_protocol.rs:5:#[derive(Debug, Clone, Serialize, Deserialize)]
crates/amun-networking/src/tcp_transport.rs:147:impl Transport for TcpTransport {
crates/amun-networking/src/tcp_transport.rs:1:use crate::envelope::Envelope;
crates/amun-networking/src/tcp_transport.rs:22:impl TcpTransport {
crates/amun-networking/src/tcp_transport.rs:2:use crate::transport_trait::Transport;
crates/amun-networking/src/tcp_transport.rs:3:use std::collections::VecDeque;
crates/amun-networking/src/tcp_transport.rs:4:use std::io::{ErrorKind, Read, Write};
crates/amun-networking/src/tcp_transport.rs:5:use std::net::{SocketAddr, TcpListener, TcpStream};
crates/amun-networking/src/transport.rs:14:impl MockTransport {
crates/amun-networking/src/transport.rs:1:use crate::envelope::Envelope;
crates/amun-networking/src/transport.rs:2:use std::collections::VecDeque;
crates/amun-networking/src/transport.rs:53:impl Default for MockTransport {
crates/amun-networking/src/transport.rs:60:impl MockTransport {
crates/amun-networking/src/transport_trait.rs:1:use crate::envelope::Envelope;
crates/amun-networking/src/transport_trait.rs:8:pub trait Transport: Send {
crates/amun-networking/src/trust_anchor.rs:13:impl TrustAnchorRegistry {
crates/amun-networking/src/trust_anchor.rs:1:use crate::peer_identity::PeerId;
crates/amun-networking/src/trust_anchor.rs:2:use std::collections::BTreeMap;
crates/amun-networking/src/trust_anchor.rs:50:mod tests {
crates/amun-networking/src/trust_anchor.rs:51:    use super::*;
crates/amun-networking/src/trust_anchor.rs:52:    use crate::crypto_identity::PeerKeyPair;
crates/amun-networking/src/trust_anchor.rs:8:#[derive(Debug, Clone, Default)]
crates/amun-networking/src/validator_certificate.rs:102:mod tests {
crates/amun-networking/src/validator_certificate.rs:103:    use super::*;
crates/amun-networking/src/validator_certificate.rs:1:use crate::crypto_identity::PeerKeyPair;
crates/amun-networking/src/validator_certificate.rs:26:impl ValidatorCertificate {
crates/amun-networking/src/validator_certificate.rs:2:use crate::peer_identity::PeerId;
crates/amun-networking/src/validator_certificate.rs:3:use serde::{Deserialize, Serialize};
crates/amun-networking/src/validator_certificate.rs:8:#[derive(Debug, Clone, Serialize, Deserialize)]
crates/amun-networking/src/validator_registry.rs:12:impl ValidatorRegistry {
crates/amun-networking/src/validator_registry.rs:1:use crate::peer_identity::PeerId;
crates/amun-networking/src/validator_registry.rs:2:use crate::trust_anchor::TrustAnchorRegistry;
crates/amun-networking/src/validator_registry.rs:3:use crate::validator_certificate::ValidatorCertificate;
crates/amun-networking/src/validator_registry.rs:4:use std::collections::BTreeMap;
crates/amun-networking/src/validator_registry.rs:59:mod tests {
crates/amun-networking/src/validator_registry.rs:60:    use super::*;
crates/amun-networking/src/validator_registry.rs:61:    use crate::crypto_identity::PeerKeyPair;
crates/amun-networking/src/validator_registry.rs:7:#[derive(Debug, Clone, Default)]
crates/amun-networking/src/verification.rs:1:use amun_snapshot_engine::ConstitutionalIdentity;
crates/amun-networking/src/verification.rs:29:impl RemoteVerifier {
crates/amun-networking/src/verification.rs:2:use super::quarantine::QuarantineEngine;
crates/amun-networking/src/verification.rs:3:use super::risk::{ConstitutionalRisk, ConstitutionalRiskProfile};
crates/amun-networking/src/verification.rs:6:#[derive(Debug, Clone, PartialEq, Eq)]
crates/amun-networking/tests/harness/event_scheduler.rs:14:#[derive(Debug, Clone)]
crates/amun-networking/tests/harness/event_scheduler.rs:22:impl Ord for ScheduledEvent {
crates/amun-networking/tests/harness/event_scheduler.rs:30:impl PartialOrd for ScheduledEvent {
crates/amun-networking/tests/harness/event_scheduler.rs:35:impl PartialEq for ScheduledEvent {
crates/amun-networking/tests/harness/event_scheduler.rs:3:use std::cmp::Ordering;
crates/amun-networking/tests/harness/event_scheduler.rs:40:impl Eq for ScheduledEvent {}
crates/amun-networking/tests/harness/event_scheduler.rs:42:pub trait SchedulingPolicy {
crates/amun-networking/tests/harness/event_scheduler.rs:4:use std::collections::BinaryHeap;
crates/amun-networking/tests/harness/event_scheduler.rs:52:impl SchedulingPolicy for DefaultPolicy {}
crates/amun-networking/tests/harness/event_scheduler.rs:60:impl EventScheduler {
crates/amun-networking/tests/harness/event_scheduler.rs:6:#[derive(Debug, Clone, PartialEq, Eq)]
crates/amun-networking/tests/harness/handlers.rs:2:use amun_consensus::types::{BlockProposal, Vote, VoteType};
crates/amun-networking/tests/harness/handlers.rs:3:use amun_networking::envelope::Envelope;
crates/amun-networking/tests/harness/message_delivery.rs:14:impl Default for DeliveryPolicy {
crates/amun-networking/tests/harness/message_delivery.rs:24:#[derive(Debug, Clone)]
crates/amun-networking/tests/harness/message_delivery.rs:2:use amun_networking::envelope::Envelope;
crates/amun-networking/tests/harness/message_delivery.rs:37:impl MessageDeliveryEngine {
crates/amun-networking/tests/harness/message_delivery.rs:3:use rand::rngs::StdRng;
crates/amun-networking/tests/harness/message_delivery.rs:4:use rand::Rng;
crates/amun-networking/tests/harness/message_delivery.rs:5:use rand::SeedableRng;
crates/amun-networking/tests/harness/message_delivery.rs:7:#[derive(Debug, Clone)]
crates/amun-networking/tests/harness/mod.rs:12:pub use message_delivery::{DelayedEnvelope, DeliveryPolicy, MessageDeliveryEngine};
crates/amun-networking/tests/harness/mod.rs:13:pub use scenario::{ConsensusScenario, ScenarioConfig, ScenarioResult, ScenarioRunner};
crates/amun-networking/tests/harness/mod.rs:14:pub use simulation_node::{ScenarioNodeState, SimulationNodeCore};
crates/amun-networking/tests/harness/mod.rs:3:pub mod event_scheduler;
crates/amun-networking/tests/harness/mod.rs:4:pub mod handlers;
crates/amun-networking/tests/harness/mod.rs:5:pub mod message_delivery;
crates/amun-networking/tests/harness/mod.rs:6:pub mod scenario;
crates/amun-networking/tests/harness/mod.rs:7:pub mod simulation_node;
crates/amun-networking/tests/harness/mod.rs:9:pub use event_scheduler::{
crates/amun-networking/tests/harness/scenario.rs:10:pub trait ConsensusScenario {
crates/amun-networking/tests/harness/scenario.rs:15:#[derive(Debug, Clone)]
crates/amun-networking/tests/harness/scenario.rs:25:impl Default for ScenarioConfig {
crates/amun-networking/tests/harness/scenario.rs:3:use super::event_scheduler::EventScheduler;
crates/amun-networking/tests/harness/scenario.rs:49:impl ScenarioRunner {
crates/amun-networking/tests/harness/scenario.rs:4:use super::message_delivery::MessageDeliveryEngine;
crates/amun-networking/tests/harness/scenario.rs:5:use super::SimulationNodeCore;
crates/amun-networking/tests/harness/scenario.rs:6:use amun_consensus::action::ConsensusAction;
crates/amun-networking/tests/harness/scenario.rs:7:use amun_networking::envelope::Envelope;
crates/amun-networking/tests/harness/scenario.rs:8:use std::collections::HashMap;
crates/amun-networking/tests/harness/simulation_node.rs:20:impl SimulationNodeCore {
crates/amun-networking/tests/harness/simulation_node.rs:33:impl fmt::Debug for SimulationNodeCore {
crates/amun-networking/tests/harness/simulation_node.rs:3:use amun_consensus::{
crates/amun-networking/tests/harness/simulation_node.rs:43:#[derive(Debug, Default)]
crates/amun-networking/tests/harness/simulation_node.rs:6:use amun_constitutional_block::Blockchain;
crates/amun-networking/tests/harness/simulation_node.rs:7:use amun_networking::transport::MockTransport;
crates/amun-networking/tests/harness/simulation_node.rs:8:use std::collections::HashSet;
crates/amun-networking/tests/harness/simulation_node.rs:9:use std::fmt;
crates/amun-networking/tests/n17_multi_node_network.rs:1:use std::collections::HashMap;
crates/amun-networking/tests/n17_multi_node_network.rs:22:impl Network {
crates/amun-networking/tests/n17_multi_node_network.rs:3:use amun_chain_checkpoint::bootstrap::BootstrapSession;
crates/amun-networking/tests/n17_multi_node_network.rs:4:use amun_consensus::validator::ValidatorSet;
crates/amun-networking/tests/n17_multi_node_network.rs:5:use amun_networking::envelope::Envelope;
crates/amun-networking/tests/n17_multi_node_network.rs:6:use amun_networking::node::NetworkNode;
crates/amun-networking/tests/n18_catchup_and_rejoin.rs:1:use amun_networking::node::{NetworkNode, NodeLifecycle};
crates/amun-networking/tests/n18_catchup_and_rejoin.rs:2:use amun_networking::sync_protocol::{SyncRequest, SyncResponse};
crates/amun-networking/tests/n18_checkpoint_sync.rs:10:use amun_networking::sync_protocol::{SyncRequest, SyncResponse};
crates/amun-networking/tests/n18_checkpoint_sync.rs:1:use amun_certificate_network::distribution::LightClientProofBundle;
crates/amun-networking/tests/n18_checkpoint_sync.rs:2:use amun_chain_checkpoint::{
crates/amun-networking/tests/n18_checkpoint_sync.rs:7:use amun_constitutional_block::ConstitutionalBlock;
crates/amun-networking/tests/n18_checkpoint_sync.rs:8:use amun_constitutional_state::ConstitutionalStateRuntime;
crates/amun-networking/tests/n18_checkpoint_sync.rs:9:use amun_networking::node::{NetworkNode, NodeLifecycle};
crates/amun-networking/tests/n18_full_rejoin.rs:10:use amun_networking::sync_protocol::{SyncRequest, SyncResponse};
crates/amun-networking/tests/n18_full_rejoin.rs:1:use amun_certificate_network::distribution::LightClientProofBundle;
crates/amun-networking/tests/n18_full_rejoin.rs:2:use amun_chain_checkpoint::{
crates/amun-networking/tests/n18_full_rejoin.rs:7:use amun_constitutional_block::ConstitutionalBlock;
crates/amun-networking/tests/n18_full_rejoin.rs:8:use amun_constitutional_state::ConstitutionalStateRuntime;
crates/amun-networking/tests/n18_full_rejoin.rs:9:use amun_networking::node::{NetworkNode, NodeLifecycle};
crates/amun-networking/tests/n18_node_rejoin.rs:1:use amun_chain_checkpoint::bootstrap::BootstrapSession;
crates/amun-networking/tests/n18_node_rejoin.rs:2:use amun_networking::node::{NetworkNode, NodeLifecycle};
crates/amun-networking/tests/n19_adversarial_rejoin.rs:1:use amun_certificate_network::distribution::LightClientProofBundle;
crates/amun-networking/tests/n19_adversarial_rejoin.rs:2:use amun_chain_checkpoint::{
crates/amun-networking/tests/n19_adversarial_rejoin.rs:7:use amun_constitutional_block::ConstitutionalBlock;
crates/amun-networking/tests/n19_adversarial_rejoin.rs:8:use amun_constitutional_state::ConstitutionalStateRuntime;
crates/amun-networking/tests/n19_adversarial_rejoin.rs:9:use amun_networking::node::NetworkNode;
crates/amun-networking/tests/n20_10_multi_machine_testnet.rs:11:use amun_constitutional_block::ConstitutionalBlock;
crates/amun-networking/tests/n20_10_multi_machine_testnet.rs:12:use amun_constitutional_state::ConstitutionalStateRuntime;
crates/amun-networking/tests/n20_10_multi_machine_testnet.rs:13:use amun_networking::crypto_identity::PeerKeyPair;
crates/amun-networking/tests/n20_10_multi_machine_testnet.rs:14:use amun_networking::node::{NetworkNode, NodeLifecycle};
crates/amun-networking/tests/n20_10_multi_machine_testnet.rs:15:use amun_networking::peer_identity::PeerIdentity;
crates/amun-networking/tests/n20_10_multi_machine_testnet.rs:16:use amun_networking::sync_protocol::{SyncRequest, SyncResponse};
crates/amun-networking/tests/n20_10_multi_machine_testnet.rs:17:use amun_networking::tcp_transport::TcpTransport;
crates/amun-networking/tests/n20_10_multi_machine_testnet.rs:18:use amun_networking::transport_trait::Transport;
crates/amun-networking/tests/n20_10_multi_machine_testnet.rs:1:use std::net::{SocketAddr, TcpListener};
crates/amun-networking/tests/n20_10_multi_machine_testnet.rs:2:use std::str::FromStr;
crates/amun-networking/tests/n20_10_multi_machine_testnet.rs:3:use std::time::Duration;
crates/amun-networking/tests/n20_10_multi_machine_testnet.rs:5:use amun_certificate_network::distribution::LightClientProofBundle;
crates/amun-networking/tests/n20_10_multi_machine_testnet.rs:6:use amun_chain_checkpoint::{
crates/amun-networking/tests/n20_8_bootstrap_over_tcp.rs:10:use amun_networking::sync_protocol::{SyncRequest, SyncResponse};
crates/amun-networking/tests/n20_8_bootstrap_over_tcp.rs:1:use amun_certificate_network::distribution::LightClientProofBundle;
crates/amun-networking/tests/n20_8_bootstrap_over_tcp.rs:2:use amun_chain_checkpoint::{
crates/amun-networking/tests/n20_8_bootstrap_over_tcp.rs:7:use amun_constitutional_block::ConstitutionalBlock;
crates/amun-networking/tests/n20_8_bootstrap_over_tcp.rs:8:use amun_constitutional_state::ConstitutionalStateRuntime;
crates/amun-networking/tests/n20_8_bootstrap_over_tcp.rs:9:use amun_networking::node::{NetworkNode, NodeLifecycle};
crates/amun-networking/tests/n20_9_rejoin_over_tcp.rs:10:use amun_networking::sync_protocol::{SyncRequest, SyncResponse};
crates/amun-networking/tests/n20_9_rejoin_over_tcp.rs:1:use amun_certificate_network::distribution::LightClientProofBundle;
crates/amun-networking/tests/n20_9_rejoin_over_tcp.rs:2:use amun_chain_checkpoint::{
crates/amun-networking/tests/n20_9_rejoin_over_tcp.rs:7:use amun_constitutional_block::ConstitutionalBlock;
crates/amun-networking/tests/n20_9_rejoin_over_tcp.rs:8:use amun_constitutional_state::ConstitutionalStateRuntime;
crates/amun-networking/tests/n20_9_rejoin_over_tcp.rs:9:use amun_networking::node::{NetworkNode, NodeLifecycle};
crates/amun-networking/tests/v2_001_time_driven_consensus.rs:1:use crate::harness::event_scheduler::EventScheduler;
crates/amun-networking/tests/v2_001_time_driven_consensus.rs:4:use harness::{ConsensusScenario, ScenarioConfig, ScenarioRunner};
crates/amun-networking/tests/v2_001_time_driven_consensus.rs:5:mod harness;
crates/amun-networking/tests/v2_001_time_driven_consensus.rs:9:impl ConsensusScenario for HappyPathScenario {
crates/amun-networking/tests/v2_002_multi_round_consensus.rs:10:impl ConsensusScenario for MultiRoundScenario {
crates/amun-networking/tests/v2_002_multi_round_consensus.rs:3:use harness::{ConsensusScenario, EventScheduler, EventType, ScenarioConfig, ScenarioRunner};
crates/amun-networking/tests/v2_002_multi_round_consensus.rs:4:mod harness;
crates/amun-networking/tests/v2_003_multi_height_consensus.rs:10:impl ConsensusScenario for MultiHeightScenario {
crates/amun-networking/tests/v2_003_multi_height_consensus.rs:3:use harness::{ConsensusScenario, EventScheduler, EventType, ScenarioConfig, ScenarioRunner};
crates/amun-networking/tests/v2_003_multi_height_consensus.rs:4:mod harness;
crates/amun-networking/tests/v2_004_long_run_stability.rs:11:impl ConsensusScenario for LongRunScenario {
crates/amun-networking/tests/v2_004_long_run_stability.rs:4:use harness::{ConsensusScenario, EventScheduler, EventType, ScenarioConfig, ScenarioRunner};
crates/amun-networking/tests/v2_004_long_run_stability.rs:5:mod harness;
crates/amun-networking/tests/v2_013_baseline_matrix.rs:13:impl BaselineScenario {
crates/amun-networking/tests/v2_013_baseline_matrix.rs:1:use crate::harness::event_scheduler::EventScheduler;
crates/amun-networking/tests/v2_013_baseline_matrix.rs:22:impl ConsensusScenario for BaselineScenario {
crates/amun-networking/tests/v2_013_baseline_matrix.rs:4:use harness::{ConsensusScenario, ScenarioConfig, ScenarioRunner};
crates/amun-networking/tests/v2_013_baseline_matrix.rs:6:mod harness;
crates/amun-networking/tests/v2_015a_real_timeout_injection.rs:121:impl TimeoutInjectionSim {
crates/amun-networking/tests/v2_015a_real_timeout_injection.rs:14:use amun_networking::{envelope::Envelope, transport::MockTransport};
crates/amun-networking/tests/v2_015a_real_timeout_injection.rs:15:use rand::prelude::*;
crates/amun-networking/tests/v2_015a_real_timeout_injection.rs:16:use rand::rngs::StdRng;
crates/amun-networking/tests/v2_015a_real_timeout_injection.rs:17:use std::cmp::Ordering;
crates/amun-networking/tests/v2_015a_real_timeout_injection.rs:18:use std::collections::{BinaryHeap, HashMap, HashSet};
crates/amun-networking/tests/v2_015a_real_timeout_injection.rs:20:#[derive(Debug, Clone, PartialEq, Eq)]
crates/amun-networking/tests/v2_015a_real_timeout_injection.rs:30:#[derive(Debug, Clone)]
crates/amun-networking/tests/v2_015a_real_timeout_injection.rs:38:impl Ord for ScheduledEvent {
crates/amun-networking/tests/v2_015a_real_timeout_injection.rs:46:impl PartialOrd for ScheduledEvent {
crates/amun-networking/tests/v2_015a_real_timeout_injection.rs:51:impl PartialEq for ScheduledEvent {
crates/amun-networking/tests/v2_015a_real_timeout_injection.rs:56:impl Eq for ScheduledEvent {}
crates/amun-networking/tests/v2_015a_real_timeout_injection.rs:62:impl EventScheduler {
crates/amun-networking/tests/v2_015a_real_timeout_injection.rs:6:use amun_consensus::{
crates/amun-nft-adversarial/src/lib.rs:6:mod tests {
crates/amun-nft-adversarial/src/lib.rs:7:    use super::*;
crates/amun-nft-adversarial/tests/n149_adversarial_tests.rs:1:use amun_nft_bridge::{BridgeLedger, BridgeLock};
crates/amun-nft-adversarial/tests/n149_adversarial_tests.rs:29:    reg.derive_from_collection(
crates/amun-nft-adversarial/tests/n149_adversarial_tests.rs:2:use amun_nft_constitutional_registry::{ConstitutionalRegistry, NftConstitutionalRecord};
crates/amun-nft-adversarial/tests/n149_adversarial_tests.rs:3:use amun_nft_evidence::NftEvidenceKernel;
crates/amun-nft-adversarial/tests/n149_adversarial_tests.rs:42:    let result = reg.derive_from_collection(
crates/amun-nft-adversarial/tests/n149_adversarial_tests.rs:4:use amun_nft_marketplace::MarketplaceEngine;
crates/amun-nft-adversarial/tests/n149_adversarial_tests.rs:5:use amun_resource_core::{
crates/amun-nft-benchmark/src/lib.rs:6:mod tests {
crates/amun-nft-benchmark/src/lib.rs:7:    use super::*;
crates/amun-nft-benchmark/tests/n152_benchmark_tests.rs:139:        reg.derive_from_collection(
crates/amun-nft-benchmark/tests/n152_benchmark_tests.rs:1:use amun_nft_marketplace::MarketplaceEngine;
crates/amun-nft-benchmark/tests/n152_benchmark_tests.rs:2:use amun_resource_core::{
crates/amun-nft-benchmark/tests/n152_benchmark_tests.rs:34:        reg.derive_from_collection(
crates/amun-nft-benchmark/tests/n152_benchmark_tests.rs:6:use sha2::{Digest, Sha256};
crates/amun-nft-benchmark/tests/n152_benchmark_tests.rs:7:use std::time::Instant;
crates/amun-nft-benchmark/tests/n152_benchmark_tests.rs:81:        reg.derive_from_collection(
crates/amun-nft-bridge/src/lib.rs:17:#[derive(Debug, Clone, PartialEq, Eq, Serialize, Deserialize)]
crates/amun-nft-bridge/src/lib.rs:1:use serde::{Deserialize, Serialize};
crates/amun-nft-bridge/src/lib.rs:26:#[derive(Debug, Clone, PartialEq, Eq, Serialize, Deserialize)]
crates/amun-nft-bridge/src/lib.rs:2:use sha2::{Digest, Sha256};
crates/amun-nft-bridge/src/lib.rs:33:#[derive(Debug, Clone, Default)]
crates/amun-nft-bridge/src/lib.rs:39:impl BridgeLedger {
crates/amun-nft-bridge/src/lib.rs:3:use std::collections::BTreeMap;
crates/amun-nft-bridge/src/lib.rs:6:#[derive(Debug, Clone, PartialEq, Eq, Serialize, Deserialize)]
crates/amun-nft-bridge/tests/n139_bridge_tests.rs:1:use amun_nft_bridge::{BridgeLedger, BridgeLock, BridgeUnlock};
crates/amun-nft-collateral/src/lib.rs:18:impl Default for NftCollateralEngine {
crates/amun-nft-collateral/src/lib.rs:1:use amun_defi_lending_engine::LendingEngine;
crates/amun-nft-collateral/src/lib.rs:24:impl NftCollateralEngine {
crates/amun-nft-collateral/src/lib.rs:2:use amun_resource_core::{RegistryError, ResourceId, ResourceRegistry};
crates/amun-nft-collateral/src/lib.rs:3:use sha2::{Digest, Sha256};
crates/amun-nft-collateral/src/lib.rs:4:use std::collections::BTreeMap;
crates/amun-nft-collateral/src/lib.rs:6:#[derive(Debug, Clone)]
crates/amun-nft-collateral/tests/n156_nft_collateral_tests.rs:1:use amun_defi_lending_core::InterestModel;
crates/amun-nft-collateral/tests/n156_nft_collateral_tests.rs:2:use amun_nft_collateral::NftCollateralEngine;
crates/amun-nft-collateral/tests/n156_nft_collateral_tests.rs:3:use amun_resource_core::{
crates/amun-nft-constitutional-enforcement/src/lib.rs:1:use amun_nft_bridge::BridgeLedger;
crates/amun-nft-constitutional-enforcement/src/lib.rs:20:impl EnforcementEngine {
crates/amun-nft-constitutional-enforcement/src/lib.rs:2:use amun_nft_constitutional_registry::ConstitutionalRegistry;
crates/amun-nft-constitutional-enforcement/src/lib.rs:3:use serde::{Deserialize, Serialize};
crates/amun-nft-constitutional-enforcement/src/lib.rs:4:use sha2::{Digest, Sha256};
crates/amun-nft-constitutional-enforcement/src/lib.rs:7:#[derive(Debug, Clone, PartialEq, Eq, Serialize, Deserialize)]
crates/amun-nft-constitutional-enforcement/tests/n140_1_enforcement_tests.rs:1:use amun_nft_bridge::{BridgeLedger, BridgeLock};
crates/amun-nft-constitutional-enforcement/tests/n140_1_enforcement_tests.rs:2:use amun_nft_constitutional_enforcement::EnforcementEngine;
crates/amun-nft-constitutional-enforcement/tests/n140_1_enforcement_tests.rs:3:use amun_nft_constitutional_registry::{ConstitutionalRegistry, NftConstitutionalRecord};
crates/amun-nft-constitutional-enforcement/tests/n140_1_enforcement_tests.rs:4:use amun_nft_governance::GovernanceRight;
crates/amun-nft-constitutional-enforcement/tests/n140_1_enforcement_tests.rs:5:use amun_nft_royalty::RoyaltyPolicy;
crates/amun-nft-constitutional-registry/src/lib.rs:1:use amun_nft_bridge::BridgeLock;
crates/amun-nft-constitutional-registry/src/lib.rs:22:#[derive(Debug, Clone, Default)]
crates/amun-nft-constitutional-registry/src/lib.rs:27:impl ConstitutionalRegistry {
crates/amun-nft-constitutional-registry/src/lib.rs:2:use amun_nft_governance::GovernanceRight;
crates/amun-nft-constitutional-registry/src/lib.rs:3:use amun_nft_royalty::RoyaltyPolicy;
crates/amun-nft-constitutional-registry/src/lib.rs:4:use serde::{Deserialize, Serialize};
crates/amun-nft-constitutional-registry/src/lib.rs:5:use sha2::{Digest, Sha256};
crates/amun-nft-constitutional-registry/src/lib.rs:6:use std::collections::BTreeMap;
crates/amun-nft-constitutional-registry/src/lib.rs:9:#[derive(Debug, Clone, PartialEq, Eq, Serialize, Deserialize)]
crates/amun-nft-constitutional-registry/tests/n140_constitutional_registry_tests.rs:1:use amun_nft_bridge::BridgeLock;
crates/amun-nft-constitutional-registry/tests/n140_constitutional_registry_tests.rs:2:use amun_nft_constitutional_registry::{ConstitutionalRegistry, NftConstitutionalRecord};
crates/amun-nft-constitutional-registry/tests/n140_constitutional_registry_tests.rs:3:use amun_nft_governance::GovernanceRight;
crates/amun-nft-constitutional-registry/tests/n140_constitutional_registry_tests.rs:4:use amun_nft_royalty::RoyaltyPolicy;
crates/amun-nft-core/src/lib.rs:13:#[derive(Debug, Clone, Serialize, Deserialize)]
crates/amun-nft-core/src/lib.rs:1:use amun_resource_core::ResourceId;
crates/amun-nft-core/src/lib.rs:22:#[derive(Debug, Clone, Serialize, Deserialize)]
crates/amun-nft-core/src/lib.rs:28:#[derive(Debug, Clone, Serialize, Deserialize)]
crates/amun-nft-core/src/lib.rs:2:use serde::{Deserialize, Serialize};
crates/amun-nft-core/src/lib.rs:47:#[derive(Debug, Clone, Serialize, Deserialize)]
crates/amun-nft-core/src/lib.rs:4:#[derive(Debug, Clone, Serialize, Deserialize)]
crates/amun-nft-core/src/lib.rs:55:impl NftEvidence {
crates/amun-nft-core/src/lib.rs:68:        use sha2::{Digest, Sha256};
crates/amun-nft-evidence/src/lib.rs:147:impl From<RegistryError> for CekError {
crates/amun-nft-evidence/src/lib.rs:155:    use sha2::{Digest, Sha256};
crates/amun-nft-evidence/src/lib.rs:19:#[derive(Debug, PartialEq, Eq)]
crates/amun-nft-evidence/src/lib.rs:1:use amun_nft_core::{NftEvent, NftEvidence};
crates/amun-nft-evidence/src/lib.rs:29:impl NftEvidenceKernel {
crates/amun-nft-evidence/src/lib.rs:2:use amun_resource_core::{RegistryError, ResourceId, ResourceRegistry, ResourceState};
crates/amun-nft-evidence/tests/n131_evidence_tests.rs:1:use amun_nft_core::{NftEvent, NftEvidence};
crates/amun-nft-evidence/tests/n131_evidence_tests.rs:2:use amun_nft_evidence::{
crates/amun-nft-evidence/tests/n131_evidence_tests.rs:5:use amun_resource_core::{
crates/amun-nft-explorer/src/lib.rs:114:    use std::io::{Read, Write};
crates/amun-nft-explorer/src/lib.rs:115:    use std::net::TcpListener;
crates/amun-nft-explorer/src/lib.rs:15:#[derive(Debug, Serialize, Deserialize)]
crates/amun-nft-explorer/src/lib.rs:1:use amun_nft_core::NftMetadata;
crates/amun-nft-explorer/src/lib.rs:24:#[derive(Debug, Serialize, Deserialize)]
crates/amun-nft-explorer/src/lib.rs:2:use amun_resource_core::{ResourceArchetype, ResourceId, ResourceRegistry};
crates/amun-nft-explorer/src/lib.rs:31:#[derive(Debug, Serialize, Deserialize)]
crates/amun-nft-explorer/src/lib.rs:3:use serde::{Deserialize, Serialize};
crates/amun-nft-explorer/src/lib.rs:42:impl ExplorerEngine {
crates/amun-nft-explorer/src/lib.rs:4:use std::sync::{Arc, Mutex};
crates/amun-nft-explorer/src/lib.rs:7:#[derive(Debug, Serialize, Deserialize)]
crates/amun-nft-explorer/tests/n135_explorer_tests.rs:1:use amun_nft_explorer::ExplorerEngine;
crates/amun-nft-explorer/tests/n135_explorer_tests.rs:2:use amun_resource_core::{
crates/amun-nft-fuzz/src/lib.rs:14:impl FuzzResult {
crates/amun-nft-fuzz/src/lib.rs:1:use amun_resource_core::{
crates/amun-nft-fuzz/src/lib.rs:5:use rand::Rng;
crates/amun-nft-fuzz/src/lib.rs:64:                .derive_from_collection(
crates/amun-nft-fuzz/tests/n148_fuzz_tests.rs:1:use amun_nft_fuzz::*;
crates/amun-nft-governance-execution/src/lib.rs:16:#[derive(Debug, Clone, PartialEq, Eq, Serialize, Deserialize)]
crates/amun-nft-governance-execution/src/lib.rs:1:use amun_nft_governance::GovernanceLedger;
crates/amun-nft-governance-execution/src/lib.rs:24:#[derive(Debug, Clone, Default)]
crates/amun-nft-governance-execution/src/lib.rs:2:use serde::{Deserialize, Serialize};
crates/amun-nft-governance-execution/src/lib.rs:30:impl GovernanceExecution {
crates/amun-nft-governance-execution/src/lib.rs:3:use sha2::{Digest, Sha256};
crates/amun-nft-governance-execution/src/lib.rs:4:use std::collections::BTreeMap;
crates/amun-nft-governance-execution/src/lib.rs:6:#[derive(Debug, Clone, PartialEq, Eq, Serialize, Deserialize)]
crates/amun-nft-governance-execution/tests/n143_governance_execution_tests.rs:1:use amun_nft_governance::{GovernanceLedger, GovernanceRight};
crates/amun-nft-governance-execution/tests/n143_governance_execution_tests.rs:2:use amun_nft_governance_execution::GovernanceExecution;
crates/amun-nft-governance/src/lib.rs:16:#[derive(Debug, Clone, Default)]
crates/amun-nft-governance/src/lib.rs:1:use serde::{Deserialize, Serialize};
crates/amun-nft-governance/src/lib.rs:21:impl GovernanceLedger {
crates/amun-nft-governance/src/lib.rs:2:use sha2::{Digest, Sha256};
crates/amun-nft-governance/src/lib.rs:3:use std::collections::BTreeMap;
crates/amun-nft-governance/src/lib.rs:6:#[derive(Debug, Clone, PartialEq, Eq, Serialize, Deserialize)]
crates/amun-nft-governance/tests/n138_governance_tests.rs:1:use amun_nft_governance::{GovernanceLedger, GovernanceRight};
crates/amun-nft-indexer/src/lib.rs:1:use amun_nft_constitutional_registry::ConstitutionalRegistry;
crates/amun-nft-indexer/src/lib.rs:21:#[derive(Debug, Clone, Serialize, Deserialize)]
crates/amun-nft-indexer/src/lib.rs:2:use amun_nft_marketplace::MarketplaceEvent;
crates/amun-nft-indexer/src/lib.rs:30:#[derive(Debug, Clone, Default)]
crates/amun-nft-indexer/src/lib.rs:36:impl NftIndexer {
crates/amun-nft-indexer/src/lib.rs:3:use serde::{Deserialize, Serialize};
crates/amun-nft-indexer/src/lib.rs:4:use sha2::{Digest, Sha256};
crates/amun-nft-indexer/src/lib.rs:5:use std::collections::BTreeMap;
crates/amun-nft-indexer/src/lib.rs:8:#[derive(Debug, Clone, Serialize, Deserialize)]
crates/amun-nft-indexer/tests/n144_indexer_tests.rs:1:use amun_nft_constitutional_registry::{ConstitutionalRegistry, NftConstitutionalRecord};
crates/amun-nft-indexer/tests/n144_indexer_tests.rs:2:use amun_nft_indexer::NftIndexer;
crates/amun-nft-indexer/tests/n144_indexer_tests.rs:3:use amun_nft_marketplace::MarketplaceEvent;
crates/amun-nft-indexer/tests/n144_indexer_tests.rs:4:use amun_resource_core::ResourceId;
crates/amun-nft-integration/src/lib.rs:1:use amun_evidence_root::EvidenceRoot;
crates/amun-nft-integration/src/lib.rs:2:use sha2::{Digest, Sha256};
crates/amun-nft-integration/tests/n132_integration_tests.rs:1:use amun_evidence_root::EvidenceRoot;
crates/amun-nft-integration/tests/n132_integration_tests.rs:2:use amun_nft_integration::extend_evidence_root_with_nft;
crates/amun-nft-marketplace/src/lib.rs:171:        let new_id = derive_transfer_id(token_id, buyer);
crates/amun-nft-marketplace/src/lib.rs:180:        registry.consume_and_derive(token_id, child_meta)?;
crates/amun-nft-marketplace/src/lib.rs:18:#[derive(Debug, Clone)]
crates/amun-nft-marketplace/src/lib.rs:1:use amun_resource_core::{
crates/amun-nft-marketplace/src/lib.rs:28:#[derive(Debug, Clone)]
crates/amun-nft-marketplace/src/lib.rs:304:        let new_id = derive_transfer_id(token_id, &winner);
crates/amun-nft-marketplace/src/lib.rs:313:        registry.consume_and_derive(token_id, child_meta)?;
crates/amun-nft-marketplace/src/lib.rs:334:        use sha2::{Digest, Sha256};
crates/amun-nft-marketplace/src/lib.rs:345:fn derive_transfer_id(old_id: &ResourceId, new_owner: &[u8; 32]) -> ResourceId {
crates/amun-nft-marketplace/src/lib.rs:346:    use sha2::{Digest, Sha256};
crates/amun-nft-marketplace/src/lib.rs:35:#[derive(Debug, Clone, PartialEq, Eq)]
crates/amun-nft-marketplace/src/lib.rs:5:use std::collections::HashMap;
crates/amun-nft-marketplace/src/lib.rs:75:impl Default for MarketplaceEngine {
crates/amun-nft-marketplace/src/lib.rs:81:impl MarketplaceEngine {
crates/amun-nft-marketplace/src/lib.rs:8:#[derive(Debug, Clone)]
crates/amun-nft-marketplace/tests/n134_marketplace_tests.rs:1:use amun_nft_marketplace::MarketplaceEngine;
crates/amun-nft-marketplace/tests/n134_marketplace_tests.rs:2:use amun_resource_core::{
crates/amun-nft-mining/src/lib.rs:101:fn derive_nft_id(reward_id: &ResourceId) -> ResourceId {
crates/amun-nft-mining/src/lib.rs:102:    use sha2::{Digest, Sha256};
crates/amun-nft-mining/src/lib.rs:1:use amun_nft_core::NftMetadata;
crates/amun-nft-mining/src/lib.rs:2:use amun_resource_core::{
crates/amun-nft-mining/src/lib.rs:84:    let nft_id = derive_nft_id(&reward_id);
crates/amun-nft-mining/src/lib.rs:8:#[derive(Debug, Clone, PartialEq, Eq)]
crates/amun-nft-mining/src/lib.rs:98:    registry.consume_and_derive(&reward_id, child_meta)
crates/amun-nft-mining/tests/n133_mining_tests.rs:1:use amun_nft_mining::{evaluate_contribution, issue_mining_reward, ContributionType};
crates/amun-nft-mining/tests/n133_mining_tests.rs:2:use amun_resource_core::{
crates/amun-nft-persistence/src/lib.rs:6:mod tests {
crates/amun-nft-persistence/src/lib.rs:7:    use super::*;
crates/amun-nft-persistence/tests/n150_persistence_tests.rs:1:use amun_nft_bridge::BridgeLedger;
crates/amun-nft-persistence/tests/n150_persistence_tests.rs:2:use amun_nft_governance::GovernanceLedger;
crates/amun-nft-persistence/tests/n150_persistence_tests.rs:3:use amun_nft_royalty_accounting::RoyaltyLedger;
crates/amun-nft-persistence/tests/n150_persistence_tests.rs:43:        reg.derive_from_collection(
crates/amun-nft-persistence/tests/n150_persistence_tests.rs:4:use amun_resource_core::{
crates/amun-nft-persistence/tests/n150_persistence_tests.rs:8:use sha2::{Digest, Sha256};
crates/amun-nft-rights-enforcement/src/lib.rs:18:impl RightsEnforcementEngine {
crates/amun-nft-rights-enforcement/src/lib.rs:1:use amun_nft_bridge::BridgeLedger;
crates/amun-nft-rights-enforcement/src/lib.rs:2:use amun_nft_constitutional_registry::ConstitutionalRegistry;
crates/amun-nft-rights-enforcement/src/lib.rs:3:use amun_nft_governance::GovernanceLedger;
crates/amun-nft-rights-enforcement/src/lib.rs:4:use amun_nft_royalty::RoyaltyEngine;
crates/amun-nft-rights-enforcement/src/lib.rs:5:use serde::{Deserialize, Serialize};
crates/amun-nft-rights-enforcement/src/lib.rs:6:use sha2::{Digest, Sha256};
crates/amun-nft-rights-enforcement/src/lib.rs:8:#[derive(Debug, Clone, PartialEq, Eq, Serialize, Deserialize)]
crates/amun-nft-rights-enforcement/tests/n141_rights_enforcement_tests.rs:1:use amun_nft_bridge::{BridgeLedger, BridgeLock};
crates/amun-nft-rights-enforcement/tests/n141_rights_enforcement_tests.rs:2:use amun_nft_constitutional_registry::{ConstitutionalRegistry, NftConstitutionalRecord};
crates/amun-nft-rights-enforcement/tests/n141_rights_enforcement_tests.rs:3:use amun_nft_governance::{GovernanceLedger, GovernanceRight};
crates/amun-nft-rights-enforcement/tests/n141_rights_enforcement_tests.rs:4:use amun_nft_rights_enforcement::RightsEnforcementEngine;
crates/amun-nft-rights-enforcement/tests/n141_rights_enforcement_tests.rs:5:use amun_nft_royalty::RoyaltyPolicy;
crates/amun-nft-royalty-accounting/src/lib.rs:14:#[derive(Debug, Clone, Default)]
crates/amun-nft-royalty-accounting/src/lib.rs:19:impl RoyaltyLedger {
crates/amun-nft-royalty-accounting/src/lib.rs:1:use amun_nft_royalty::RoyaltyRecord;
crates/amun-nft-royalty-accounting/src/lib.rs:2:use serde::{Deserialize, Serialize};
crates/amun-nft-royalty-accounting/src/lib.rs:3:use sha2::{Digest, Sha256};
crates/amun-nft-royalty-accounting/src/lib.rs:4:use std::collections::BTreeMap;
crates/amun-nft-royalty-accounting/src/lib.rs:7:#[derive(Debug, Clone, PartialEq, Eq, Serialize, Deserialize)]
crates/amun-nft-royalty-accounting/tests/n137_accounting_tests.rs:1:use amun_nft_royalty::RoyaltyRecord;
crates/amun-nft-royalty-accounting/tests/n137_accounting_tests.rs:2:use amun_nft_royalty_accounting::RoyaltyLedger;
crates/amun-nft-royalty-settlement/src/lib.rs:16:#[derive(Debug, Clone, Default)]
crates/amun-nft-royalty-settlement/src/lib.rs:1:use amun_nft_royalty::RoyaltyRecord;
crates/amun-nft-royalty-settlement/src/lib.rs:21:impl SettlementEngine {
crates/amun-nft-royalty-settlement/src/lib.rs:2:use amun_nft_royalty_accounting::RoyaltyLedger;
crates/amun-nft-royalty-settlement/src/lib.rs:3:use serde::{Deserialize, Serialize};
crates/amun-nft-royalty-settlement/src/lib.rs:4:use sha2::{Digest, Sha256};
crates/amun-nft-royalty-settlement/src/lib.rs:7:#[derive(Debug, Clone, PartialEq, Eq, Serialize, Deserialize)]
crates/amun-nft-royalty-settlement/tests/n142_settlement_tests.rs:1:use amun_nft_royalty::RoyaltyRecord;
crates/amun-nft-royalty-settlement/tests/n142_settlement_tests.rs:2:use amun_nft_royalty_accounting::RoyaltyLedger;
crates/amun-nft-royalty-settlement/tests/n142_settlement_tests.rs:3:use amun_nft_royalty_settlement::SettlementEngine;
crates/amun-nft-royalty/src/lib.rs:13:#[derive(Debug, Clone, PartialEq, Eq, Serialize, Deserialize)]
crates/amun-nft-royalty/src/lib.rs:1:use serde::{Deserialize, Serialize};
crates/amun-nft-royalty/src/lib.rs:26:impl RoyaltyEngine {
crates/amun-nft-royalty/src/lib.rs:2:use sha2::{Digest, Sha256};
crates/amun-nft-royalty/src/lib.rs:5:#[derive(Debug, Clone, PartialEq, Eq, Serialize, Deserialize)]
crates/amun-nft-royalty/tests/n136_royalty_tests.rs:1:use amun_nft_royalty::*;
crates/amun-nft-sdk/src/lib.rs:10:use std::sync::{Arc, Mutex};
crates/amun-nft-sdk/src/lib.rs:113:            .consume_and_derive(&tid, child)
crates/amun-nft-sdk/src/lib.rs:1:use amun_nft_constitutional_registry::ConstitutionalRegistry;
crates/amun-nft-sdk/src/lib.rs:20:impl Default for NftSdk {
crates/amun-nft-sdk/src/lib.rs:26:impl NftSdk {
crates/amun-nft-sdk/src/lib.rs:2:use amun_nft_core::{NftEvidence, NftMetadata};
crates/amun-nft-sdk/src/lib.rs:3:use amun_nft_indexer::NftIndexer;
crates/amun-nft-sdk/src/lib.rs:4:use amun_nft_marketplace::MarketplaceEngine;
crates/amun-nft-sdk/src/lib.rs:5:use amun_resource_core::{
crates/amun-nft-sdk/src/lib.rs:83:            .derive_from_collection(&col_id, child)
crates/amun-nft-sdk/src/lib.rs:9:use sha2::{Digest, Sha256};
crates/amun-nft-sdk/tests/n145_sdk_tests.rs:1:use amun_nft_core::NftMetadata;
crates/amun-nft-sdk/tests/n145_sdk_tests.rs:2:use amun_nft_sdk::NftSdk;
crates/amun-nft-sdk/tests/n145_sdk_tests.rs:3:use amun_resource_core::ResourceId;
crates/amun-nft-snapshot/src/lib.rs:6:mod tests {
crates/amun-nft-snapshot/src/lib.rs:7:    use super::*;
crates/amun-nft-snapshot/tests/n151_snapshot_tests.rs:172:    reg.derive_from_collection(
crates/amun-nft-snapshot/tests/n151_snapshot_tests.rs:1:use amun_nft_bridge::BridgeLedger;
crates/amun-nft-snapshot/tests/n151_snapshot_tests.rs:2:use amun_nft_constitutional_registry::{ConstitutionalRegistry, NftConstitutionalRecord};
crates/amun-nft-snapshot/tests/n151_snapshot_tests.rs:3:use amun_nft_governance::GovernanceLedger;
crates/amun-nft-snapshot/tests/n151_snapshot_tests.rs:4:use amun_nft_royalty_accounting::RoyaltyLedger;
crates/amun-nft-snapshot/tests/n151_snapshot_tests.rs:53:        reg.derive_from_collection(
crates/amun-nft-snapshot/tests/n151_snapshot_tests.rs:5:use amun_resource_core::{
crates/amun-nft-snapshot/tests/n151_snapshot_tests.rs:9:use sha2::{Digest, Sha256};
crates/amun-nft-stress/src/lib.rs:1:use amun_nft_marketplace::MarketplaceEngine;
crates/amun-nft-stress/src/lib.rs:2:use amun_resource_core::{
crates/amun-nft-stress/src/lib.rs:41:        match registry.derive_from_collection(&col_id, meta) {
crates/amun-nft-stress/src/lib.rs:91:    use sha2::{Digest, Sha256};
crates/amun-nft-stress/tests/n146_stress_tests.rs:100:    use amun_nft_constitutional_enforcement::EnforcementEngine;
crates/amun-nft-stress/tests/n146_stress_tests.rs:101:    use amun_nft_constitutional_registry::{ConstitutionalRegistry, NftConstitutionalRecord};
crates/amun-nft-stress/tests/n146_stress_tests.rs:102:    use amun_nft_governance::{GovernanceLedger, GovernanceRight};
crates/amun-nft-stress/tests/n146_stress_tests.rs:103:    use amun_nft_marketplace::MarketplaceEngine;
crates/amun-nft-stress/tests/n146_stress_tests.rs:104:    use amun_nft_royalty::RoyaltyPolicy;
crates/amun-nft-stress/tests/n146_stress_tests.rs:105:    use amun_nft_royalty_accounting::RoyaltyLedger;
crates/amun-nft-stress/tests/n146_stress_tests.rs:106:    use amun_resource_core::{
crates/amun-nft-stress/tests/n146_stress_tests.rs:137:    reg.derive_from_collection(
crates/amun-nft-stress/tests/n146_stress_tests.rs:1:use amun_nft_marketplace::MarketplaceEngine;
crates/amun-nft-stress/tests/n146_stress_tests.rs:2:use amun_nft_stress::{run_stress_marketplace, run_stress_mint};
crates/amun-nft-stress/tests/n146_stress_tests.rs:3:use amun_resource_core::{
crates/amun-nft-stress/tests/n146_stress_tests.rs:64:            reg.derive_from_collection(&ResourceId(col_id), meta)
crates/amun-nft-stress/tests/n146_stress_tests.rs:7:use sha2::{Digest, Sha256};
crates/amun-nft-stress/tests/n146_stress_tests.rs:99:    use amun_nft_bridge::{BridgeLedger, BridgeLock};
crates/amun-node/src/bin/dump_state_root.rs:1:use amun_persistent_node::persistent_store::PersistentValidatorStore;
crates/amun-node/src/bin/dump_state_root.rs:2:use std::env;
crates/amun-node/src/bin/dump_state_root.rs:3:use std::path::Path;
crates/amun-node/src/bin/test_checkpoint_rejoin.rs:10:use amun_validator_networking::rejoin_protocol::{RejoinProtocol, RejoinResult};
crates/amun-node/src/bin/test_checkpoint_rejoin.rs:11:use amun_validator_networking::sync_transport::SyncTransport;
crates/amun-node/src/bin/test_checkpoint_rejoin.rs:12:use std::collections::HashMap;
crates/amun-node/src/bin/test_checkpoint_rejoin.rs:1:use amun_consensus::validator::{Validator, ValidatorSet};
crates/amun-node/src/bin/test_checkpoint_rejoin.rs:2:use amun_networking::envelope::Envelope;
crates/amun-node/src/bin/test_checkpoint_rejoin.rs:3:use amun_networking::node::NetworkNode;
crates/amun-node/src/bin/test_checkpoint_rejoin.rs:4:use amun_persistence::PersistentState;
crates/amun-node/src/bin/test_checkpoint_rejoin.rs:5:use amun_persistent_node::persistent_store::PersistentValidatorStore;
crates/amun-node/src/bin/test_checkpoint_rejoin.rs:6:use amun_resource_core::{
crates/amun-node/src/bin/test_checkpoint_rejoin.rs:9:use amun_snapshot_engine_unified::SnapshotManager;
crates/amun-node/src/bin/test_constitutional_determinism.rs:1:use amun_bytecode::program::ConstitutionalProgram;
crates/amun-node/src/bin/test_constitutional_determinism.rs:2:use amun_constitutional_runtime::runtime_pipeline::ConstitutionalRuntime;
crates/amun-node/src/bin/test_constitutional_determinism.rs:3:use amun_persistent_node::persistent_store::PersistentValidatorStore;
crates/amun-node/src/bin/test_constitutional_determinism.rs:4:use amun_resource_core::ResourceId;
crates/amun-node/src/bin/test_constitutional_determinism.rs:5:use amun_vm_kernel::execution_context::ExecutionContext;
crates/amun-node/src/bin/test_constitutional_determinism.rs:6:use std::env;
crates/amun-node/src/bin/test_constitutional_multi_block.rs:1:use amun_bytecode::opcodes::OpCode;
crates/amun-node/src/bin/test_constitutional_multi_block.rs:2:use amun_bytecode::program::ConstitutionalProgram;
crates/amun-node/src/bin/test_constitutional_multi_block.rs:3:use amun_constitutional_runtime::runtime_pipeline::ConstitutionalRuntime;
crates/amun-node/src/bin/test_constitutional_multi_block.rs:4:use amun_persistent_node::persistent_store::PersistentValidatorStore;
crates/amun-node/src/bin/test_constitutional_multi_block.rs:5:use amun_resource_core::{
crates/amun-node/src/bin/test_constitutional_multi_block.rs:8:use amun_vm_kernel::execution_context::ExecutionContext;
crates/amun-node/src/bin/test_constitutional_multi_block.rs:9:use std::env;
crates/amun-node/src/bin/test_constitutional_mutation.rs:1:use amun_bytecode::opcodes::OpCode;
crates/amun-node/src/bin/test_constitutional_mutation.rs:2:use amun_bytecode::program::ConstitutionalProgram;
crates/amun-node/src/bin/test_constitutional_mutation.rs:3:use amun_constitutional_runtime::runtime_pipeline::ConstitutionalRuntime;
crates/amun-node/src/bin/test_constitutional_mutation.rs:4:use amun_persistent_node::persistent_store::PersistentValidatorStore;
crates/amun-node/src/bin/test_constitutional_mutation.rs:5:use amun_resource_core::ResourceId;
crates/amun-node/src/bin/test_constitutional_mutation.rs:6:use amun_vm_kernel::execution_context::ExecutionContext;
crates/amun-node/src/bin/test_constitutional_mutation.rs:7:use std::env;
crates/amun-node/src/bin/test_constitutional_stress.rs:1:use amun_bytecode::opcodes::OpCode;
crates/amun-node/src/bin/test_constitutional_stress.rs:2:use amun_bytecode::program::ConstitutionalProgram;
crates/amun-node/src/bin/test_constitutional_stress.rs:3:use amun_constitutional_runtime::runtime_pipeline::ConstitutionalRuntime;
crates/amun-node/src/bin/test_constitutional_stress.rs:4:use amun_persistent_node::persistent_store::PersistentValidatorStore;
crates/amun-node/src/bin/test_constitutional_stress.rs:5:use amun_resource_core::{
crates/amun-node/src/bin/test_constitutional_stress.rs:8:use amun_vm_kernel::execution_context::ExecutionContext;
crates/amun-node/src/bin/test_constitutional_stress.rs:9:use std::env;
crates/amun-node/src/bin/test_crash_recovery.rs:1:use amun_consensus::validator::{Validator, ValidatorSet};
crates/amun-node/src/bin/test_crash_recovery.rs:2:use amun_networking::envelope::Envelope;
crates/amun-node/src/bin/test_crash_recovery.rs:3:use amun_networking::node::NetworkNode;
crates/amun-node/src/bin/test_crash_recovery.rs:4:use amun_persistent_node::persistent_store::PersistentValidatorStore;
crates/amun-node/src/bin/test_crash_recovery.rs:5:use amun_resource_core::{
crates/amun-node/src/bin/test_crash_recovery.rs:8:use std::collections::HashMap;
crates/amun-node/src/bin/test_crash_recovery_7.rs:1:use amun_consensus::validator::{Validator, ValidatorSet};
crates/amun-node/src/bin/test_crash_recovery_7.rs:2:use amun_networking::envelope::Envelope;
crates/amun-node/src/bin/test_crash_recovery_7.rs:3:use amun_networking::node::NetworkNode;
crates/amun-node/src/bin/test_crash_recovery_7.rs:4:use amun_persistent_node::persistent_store::PersistentValidatorStore;
crates/amun-node/src/bin/test_crash_recovery_7.rs:5:use amun_resource_core::{
crates/amun-node/src/bin/test_crash_recovery_7.rs:8:use std::collections::HashMap;
crates/amun-node/src/bin/test_live_state.rs:1:use amun_resource_core::ResourceId;
crates/amun-node/src/bin/test_live_state.rs:2:use amun_validator_runtime::validator_node::ValidatorNode;
crates/amun-node/src/bin/test_live_state.rs:3:use std::env;
crates/amun-node/src/bin/test_multi_byzantine.rs:1:use amun_consensus::validator::{Validator, ValidatorSet};
crates/amun-node/src/bin/test_multi_byzantine.rs:2:use amun_networking::envelope::Envelope;
crates/amun-node/src/bin/test_multi_byzantine.rs:3:use amun_networking::node::NetworkNode;
crates/amun-node/src/bin/test_multi_byzantine.rs:4:use amun_persistent_node::persistent_store::PersistentValidatorStore;
crates/amun-node/src/bin/test_multi_byzantine.rs:5:use amun_resource_core::{
crates/amun-node/src/bin/test_multi_byzantine.rs:8:use std::collections::HashMap;
crates/amun-node/src/bin/test_multi_height_determinism.rs:1:use amun_persistent_node::persistent_store::PersistentValidatorStore;
crates/amun-node/src/bin/test_multi_height_determinism.rs:2:use amun_resource_core::{
crates/amun-node/src/bin/test_multi_height_determinism.rs:5:use std::env;
crates/amun-node/src/bin/test_network_state_convergence.rs:1:use amun_consensus::validator::{Validator, ValidatorSet};
crates/amun-node/src/bin/test_network_state_convergence.rs:2:use amun_networking::envelope::Envelope;
crates/amun-node/src/bin/test_network_state_convergence.rs:3:use amun_networking::node::NetworkNode;
crates/amun-node/src/bin/test_network_state_convergence.rs:4:use amun_persistent_node::persistent_store::PersistentValidatorStore;
crates/amun-node/src/bin/test_network_state_convergence.rs:5:use amun_resource_core::{
crates/amun-node/src/bin/test_network_state_convergence.rs:8:use std::collections::HashMap;
crates/amun-node/src/bin/test_persistence_determinism.rs:1:use amun_persistent_node::persistent_store::PersistentValidatorStore;
crates/amun-node/src/bin/test_persistence_determinism.rs:2:use amun_resource_core::{
crates/amun-node/src/bin/test_persistence_determinism.rs:5:use std::env;
crates/amun-node/src/bin/test_post_rejoin_convergence.rs:10:use std::collections::HashMap;
crates/amun-node/src/bin/test_post_rejoin_convergence.rs:1:use amun_consensus::validator::{Validator, ValidatorSet};
crates/amun-node/src/bin/test_post_rejoin_convergence.rs:2:use amun_networking::envelope::Envelope;
crates/amun-node/src/bin/test_post_rejoin_convergence.rs:3:use amun_networking::node::NetworkNode;
crates/amun-node/src/bin/test_post_rejoin_convergence.rs:4:use amun_persistent_node::persistent_store::PersistentValidatorStore;
crates/amun-node/src/bin/test_post_rejoin_convergence.rs:5:use amun_resource_core::{
crates/amun-node/src/bin/test_post_rejoin_convergence.rs:8:use amun_validator_networking::rejoin_protocol::{RejoinProtocol, RejoinResult};
crates/amun-node/src/bin/test_post_rejoin_convergence.rs:9:use amun_validator_networking::sync_transport::SyncTransport;
crates/amun-node/src/bin/test_replay_determinism.rs:1:use amun_persistent_node::persistent_store::PersistentValidatorStore;
crates/amun-node/src/bin/test_replay_determinism.rs:2:use amun_resource_core::{
crates/amun-node/src/bin/test_replay_determinism.rs:5:use std::env;
crates/amun-node/src/bin/test_replay_stress.rs:1:use amun_bytecode::opcodes::OpCode;
crates/amun-node/src/bin/test_replay_stress.rs:2:use amun_bytecode::program::ConstitutionalProgram;
crates/amun-node/src/bin/test_replay_stress.rs:3:use amun_constitutional_runtime::runtime_pipeline::ConstitutionalRuntime;
crates/amun-node/src/bin/test_replay_stress.rs:4:use amun_persistent_node::persistent_store::PersistentValidatorStore;
crates/amun-node/src/bin/test_replay_stress.rs:5:use amun_resource_core::{
crates/amun-node/src/bin/test_replay_stress.rs:8:use amun_vm_kernel::execution_context::ExecutionContext;
crates/amun-node/src/bin/test_replay_stress.rs:9:use std::env;
crates/amun-node/src/bin/test_runtime_mutation_integration.rs:1:use amun_resource_core::{
crates/amun-node/src/bin/test_runtime_mutation_integration.rs:4:use amun_validator_runtime::validator_node::ValidatorNode;
crates/amun-node/src/bin/test_runtime_mutation_integration.rs:5:use std::env;
crates/amun-node/src/bin/test_state_determinism.rs:1:use amun_persistent_node::persistent_store::PersistentValidatorStore;
crates/amun-node/src/bin/test_state_determinism.rs:2:use amun_resource_core::{
crates/amun-node/src/bin/test_state_determinism.rs:5:use std::env;
crates/amun-node/src/bin/test_state_evolution.rs:1:use amun_persistent_node::persistent_store::PersistentValidatorStore;
crates/amun-node/src/bin/test_state_evolution.rs:2:use amun_resource_core::{
crates/amun-node/src/bin/test_state_evolution.rs:5:use std::env;
crates/amun-node/src/bin/test_state_evolution.rs:6:use std::path::Path;
crates/amun-node/src/bin/test_state_recovery_rejoin.rs:1:use amun_consensus::validator::{Validator, ValidatorSet};
crates/amun-node/src/bin/test_state_recovery_rejoin.rs:2:use amun_networking::envelope::Envelope;
crates/amun-node/src/bin/test_state_recovery_rejoin.rs:3:use amun_networking::node::NetworkNode;
crates/amun-node/src/bin/test_state_recovery_rejoin.rs:4:use amun_persistent_node::persistent_store::PersistentValidatorStore;
crates/amun-node/src/bin/test_state_recovery_rejoin.rs:5:use amun_resource_core::{
crates/amun-node/src/bin/test_state_recovery_rejoin.rs:8:use std::collections::HashMap;
crates/amun-node/src/bin/test_sync_rejoin.rs:1:use amun_consensus::validator::{Validator, ValidatorSet};
crates/amun-node/src/bin/test_sync_rejoin.rs:2:use amun_networking::envelope::Envelope;
crates/amun-node/src/bin/test_sync_rejoin.rs:3:use amun_networking::node::NetworkNode;
crates/amun-node/src/bin/test_sync_rejoin.rs:4:use amun_persistent_node::persistent_store::PersistentValidatorStore;
crates/amun-node/src/bin/test_sync_rejoin.rs:5:use amun_resource_core::{
crates/amun-node/src/bin/test_sync_rejoin.rs:8:use amun_validator_networking::rejoin_protocol::{RejoinProtocol, RejoinResult};
crates/amun-node/src/bin/test_sync_rejoin.rs:9:use std::collections::HashMap;
crates/amun-node/src/bin/test_validator_cluster_determinism.rs:1:use amun_resource_core::ResourceId;
crates/amun-node/src/bin/test_validator_cluster_determinism.rs:2:use amun_validator_runtime::validator_node::ValidatorNode;
crates/amun-node/src/bin/test_validator_cluster_determinism.rs:3:use std::env;
crates/amun-node/src/certificate_loader.rs:1:use crate::genesis::Genesis;
crates/amun-node/src/certificate_loader.rs:3:use amun_networking::validator_certificate::ValidatorCertificate;
crates/amun-node/src/certificate_loader.rs:4:use std::fs;
crates/amun-node/src/certificate_loader.rs:5:use std::path::Path;
crates/amun-node/src/certificate_loader.rs:80:mod tests {
crates/amun-node/src/certificate_loader.rs:81:    use super::*;
crates/amun-node/src/certificate_loader.rs:82:    use crate::genesis::{Genesis, GenesisTrustAnchor, GenesisValidator};
crates/amun-node/src/certificate_loader.rs:83:    use amun_networking::crypto_identity::PeerKeyPair;
crates/amun-node/src/certificate_loader.rs:84:    use tempfile::tempdir;
crates/amun-node/src/genesis.rs:108:mod tests {
crates/amun-node/src/genesis.rs:109:    use super::*;
crates/amun-node/src/genesis.rs:13:#[derive(Debug, Clone, Serialize, Deserialize)]
crates/amun-node/src/genesis.rs:1:use serde::{Deserialize, Serialize};
crates/amun-node/src/genesis.rs:20:#[derive(Debug, Clone, Serialize, Deserialize)]
crates/amun-node/src/genesis.rs:28:impl Genesis {
crates/amun-node/src/genesis.rs:2:use std::collections::HashSet;
crates/amun-node/src/genesis.rs:5:#[derive(Debug, Clone, Serialize, Deserialize)]
crates/amun-node/src/main.rs:11:use serde::Deserialize;
crates/amun-node/src/main.rs:13:use amun_networking::crypto_identity::PeerKeyPair;
crates/amun-node/src/main.rs:14:use amun_networking::node::NetworkNode;
crates/amun-node/src/main.rs:15:use amun_networking::tcp_transport::TcpTransport;
crates/amun-node/src/main.rs:16:use amun_networking::transport_trait::Transport;
crates/amun-node/src/main.rs:18:#[derive(Debug, Deserialize)]
crates/amun-node/src/main.rs:1:mod certificate_loader;
crates/amun-node/src/main.rs:25:#[derive(Debug, Deserialize)]
crates/amun-node/src/main.rs:2:mod genesis;
crates/amun-node/src/main.rs:30:#[derive(Debug, Deserialize)]
crates/amun-node/src/main.rs:35:#[derive(Debug, Deserialize)]
crates/amun-node/src/main.rs:3:mod peer_handshake;
crates/amun-node/src/main.rs:40:#[derive(Debug, Deserialize)]
crates/amun-node/src/main.rs:4:mod peer_registry;
crates/amun-node/src/main.rs:6:use std::fs;
crates/amun-node/src/main.rs:7:use std::net::SocketAddr;
crates/amun-node/src/main.rs:8:use std::path::Path;
crates/amun-node/src/main.rs:9:use std::str::FromStr;
crates/amun-node/src/peer_handshake.rs:19:impl HandshakeMessage {
crates/amun-node/src/peer_handshake.rs:2:use amun_networking::crypto_identity::PeerKeyPair;
crates/amun-node/src/peer_handshake.rs:3:use amun_networking::peer_identity::PeerId;
crates/amun-node/src/peer_handshake.rs:4:use amun_networking::validator_certificate::ValidatorCertificate;
crates/amun-node/src/peer_handshake.rs:5:use serde::{Deserialize, Serialize};
crates/amun-node/src/peer_handshake.rs:68:#[derive(Debug, Clone)]
crates/amun-node/src/peer_handshake.rs:77:impl AuthenticatedPeer {
crates/amun-node/src/peer_handshake.rs:8:#[derive(Debug, Clone, Serialize, Deserialize)]
crates/amun-node/src/peer_handshake.rs:90:mod tests {
crates/amun-node/src/peer_handshake.rs:91:    use super::*;
crates/amun-node/src/peer_handshake.rs:92:    use amun_networking::crypto_identity::PeerKeyPair;
crates/amun-node/src/peer_registry.rs:12:impl PeerRegistry {
crates/amun-node/src/peer_registry.rs:2:use crate::peer_handshake::AuthenticatedPeer;
crates/amun-node/src/peer_registry.rs:3:use amun_networking::peer_identity::PeerId;
crates/amun-node/src/peer_registry.rs:4:use std::collections::HashMap;
crates/amun-node/src/peer_registry.rs:53:mod tests {
crates/amun-node/src/peer_registry.rs:54:    use super::*;
crates/amun-node/src/peer_registry.rs:55:    use amun_networking::crypto_identity::PeerKeyPair;
crates/amun-node/src/peer_registry.rs:7:#[derive(Debug, Clone, Default)]
crates/amun-ntr/src/charity.rs:11:impl CharityDistributor {
crates/amun-ntr/src/charity.rs:1:use amun_kernel_types::PublicHash32;
crates/amun-ntr/src/charity.rs:2:use amun_failure::{AmunResult, ConstitutionalFault, FailureContext};
crates/amun-ntr/src/charity.rs:3:use crate::constants::*;
crates/amun-ntr/src/lib.rs:1:pub mod constants;
crates/amun-ntr/src/presale.rs:10:impl PresaleVesting {
crates/amun-ntr/src/presale.rs:1:use crate::constants::*;
crates/amun-ntr/src/tests.rs:1:#[cfg(test)] mod tests { use crate::*;
crates/amun-ntr/src/token.rs:1:use amun_failure::{AmunResult, ConstitutionalFault, FailureContext};
crates/amun-ntr/src/token.rs:2:use crate::constants::*;
crates/amun-ntr/src/token.rs:4:impl NtrToken {
crates/amun-ntr/src/treasury.rs:12:impl AmungoldTreasury {
crates/amun-ntr/src/treasury.rs:1:use amun_failure::{AmunResult, ConstitutionalFault, FailureContext};
crates/amun-ntr/src/treasury.rs:2:use crate::constants::*;
crates/amun-operations/src/backup_recovery.rs:17:impl NodeBackup {
crates/amun-operations/src/backup_recovery.rs:1:use amun_resource_core::ResourceRegistry;
crates/amun-operations/src/backup_recovery.rs:2:use amun_state_sync::stateless_verifier::{StatelessVerifier, SyncVerificationResult};
crates/amun-operations/src/backup_recovery.rs:3:use amun_state_sync::sync_package::ConstitutionalSyncPackage;
crates/amun-operations/src/backup_recovery.rs:4:use serde::{Deserialize, Serialize};
crates/amun-operations/src/backup_recovery.rs:6:#[derive(Debug, Clone, PartialEq, Eq, Serialize, Deserialize)]
crates/amun-operations/src/backup_recovery.rs:77:mod tests {
crates/amun-operations/src/backup_recovery.rs:78:    use super::*;
crates/amun-operations/src/backup_recovery.rs:79:    use amun_resource_core::{
crates/amun-operations/src/health_check.rs:17:impl NodeHealth {
crates/amun-operations/src/health_check.rs:1:use serde::{Deserialize, Serialize};
crates/amun-operations/src/health_check.rs:4:#[derive(Debug, Clone, PartialEq, Eq, Serialize, Deserialize)]
crates/amun-operations/src/health_check.rs:50:mod tests {
crates/amun-operations/src/health_check.rs:51:    use super::*;
crates/amun-operations/src/lib.rs:1:pub mod backup_recovery;
crates/amun-operations/src/lib.rs:2:pub mod health_check;
crates/amun-operations/src/lib.rs:3:pub mod metrics;
crates/amun-operations/src/lib.rs:5:pub use backup_recovery::*;
crates/amun-operations/src/lib.rs:6:pub use health_check::*;
crates/amun-operations/src/lib.rs:7:pub use metrics::*;
crates/amun-operations/src/metrics.rs:19:impl NodeMetrics {
crates/amun-operations/src/metrics.rs:1:use serde::{Deserialize, Serialize};
crates/amun-operations/src/metrics.rs:4:#[derive(Debug, Clone, Default, Serialize, Deserialize)]
crates/amun-operations/src/metrics.rs:61:mod tests {
crates/amun-operations/src/metrics.rs:62:    use super::*;
crates/amun-pacemaker/src/lib.rs:1:pub mod pacemaker;
crates/amun-pacemaker/src/lib.rs:2:pub mod round_state;
crates/amun-pacemaker/src/lib.rs:4:pub use pacemaker::Pacemaker;
crates/amun-pacemaker/src/lib.rs:5:pub use round_state::{RoundPhase, RoundState};
crates/amun-pacemaker/src/lib.rs:6:pub mod timeout_law;
crates/amun-pacemaker/src/pacemaker.rs:18:impl Pacemaker {
crates/amun-pacemaker/src/pacemaker.rs:1:use crate::round_state::RoundState;
crates/amun-pacemaker/src/pacemaker.rs:2:use amun_chain_position::ChainPosition;
crates/amun-pacemaker/src/pacemaker.rs:3:use amun_deterministic_timer::{DeterministicTimerWheel, TimeoutLaw};
crates/amun-pacemaker/src/pacemaker.rs:7:#[derive(Debug, Clone)]
crates/amun-pacemaker/src/pacemaker.rs:82:#[derive(Debug, Clone, PartialEq, Eq)]
crates/amun-pacemaker/src/round_state.rs:10:#[derive(Debug, Clone)]
crates/amun-pacemaker/src/round_state.rs:19:impl RoundState {
crates/amun-pacemaker/src/round_state.rs:2:#[derive(Debug, Clone, PartialEq, Eq)]
crates/amun-pacemaker/src/round_state.rs:57:impl Default for RoundState {
crates/amun-pacemaker/src/timeout_law.rs:17:mod tests {
crates/amun-pacemaker/src/timeout_law.rs:18:    use super::*;
crates/amun-pccv/src/enhanced_proof.rs:2:pub use amun_transition_proof::enhanced_proof::*;
crates/amun-pccv/src/lib.rs:12:mod tests {
crates/amun-pccv/src/lib.rs:13:    use super::*;
crates/amun-pccv/src/lib.rs:14:    use amun_resource_core::{
crates/amun-pccv/src/lib.rs:18:    use amun_vm_kernel::pending_buffer::OperationRecord;
crates/amun-pccv/src/lib.rs:1:pub mod enhanced_proof;
crates/amun-pccv/src/lib.rs:2:pub mod pccv_verifier;
crates/amun-pccv/src/lib.rs:3:pub mod transition_proof_engine;
crates/amun-pccv/src/lib.rs:4:pub mod witness_builder;
crates/amun-pccv/src/lib.rs:6:pub use enhanced_proof::*;
crates/amun-pccv/src/lib.rs:7:pub use pccv_verifier::*;
crates/amun-pccv/src/lib.rs:8:pub use transition_proof_engine::*;
crates/amun-pccv/src/lib.rs:9:pub use witness_builder::*;
crates/amun-pccv/src/pccv_verifier.rs:19:impl PCCVVerifier {
crates/amun-pccv/src/pccv_verifier.rs:1:use crate::enhanced_proof::EnhancedTransitionProof;
crates/amun-pccv/src/pccv_verifier.rs:2:use amun_resource_core::{
crates/amun-pccv/src/pccv_verifier.rs:6:#[derive(Debug, Clone, PartialEq, Eq)]
crates/amun-pccv/src/transition_proof_engine.rs:100:mod tests {
crates/amun-pccv/src/transition_proof_engine.rs:101:    use crate::enhanced_proof::EnhancedTransitionProof;
crates/amun-pccv/src/transition_proof_engine.rs:102:    use crate::enhanced_proof::WitnessBundle;
crates/amun-pccv/src/transition_proof_engine.rs:103:    use crate::PCCVResult;
crates/amun-pccv/src/transition_proof_engine.rs:104:    use crate::PCCVVerifier;
crates/amun-pccv/src/transition_proof_engine.rs:105:    use crate::TransitionProofEngine;
crates/amun-pccv/src/transition_proof_engine.rs:106:    use amun_resource_core::{
crates/amun-pccv/src/transition_proof_engine.rs:110:    use amun_vm_kernel::pending_buffer::PendingBuffer;
crates/amun-pccv/src/transition_proof_engine.rs:11:impl TransitionProofEngine {
crates/amun-pccv/src/transition_proof_engine.rs:149:                    derived_children: vec![child_id],
crates/amun-pccv/src/transition_proof_engine.rs:199:                    derived_children: vec![child_id],
crates/amun-pccv/src/transition_proof_engine.rs:2:use amun_resource_core::{ResourceId, ResourceMetadata, ResourceRegistry};
crates/amun-pccv/src/transition_proof_engine.rs:3:use amun_vm_kernel::pending_buffer::PendingBuffer;
crates/amun-pccv/src/transition_proof_engine.rs:5:use crate::enhanced_proof::EnhancedTransitionProof;
crates/amun-pccv/src/transition_proof_engine.rs:6:use crate::pccv_verifier::{PCCVResult, PCCVVerifier};
crates/amun-pccv/src/transition_proof_engine.rs:7:use crate::witness_builder::WitnessBuilder;
crates/amun-pccv/src/witness_builder.rs:134:mod tests {
crates/amun-pccv/src/witness_builder.rs:135:    use super::*;
crates/amun-pccv/src/witness_builder.rs:136:    use amun_resource_core::{ResourceArchetype, ResourceLineage, ResourceMetadata, ResourceState};
crates/amun-pccv/src/witness_builder.rs:183:        reg.consume_and_derive(
crates/amun-pccv/src/witness_builder.rs:197:        reg.consume_and_derive(
crates/amun-pccv/src/witness_builder.rs:1:use crate::enhanced_proof::{LineageProof, MerkleProof, WitnessBundle};
crates/amun-pccv/src/witness_builder.rs:2:use amun_resource_core::{ResourceId, ResourceMetadata, ResourceRegistry};
crates/amun-pccv/src/witness_builder.rs:6:impl WitnessBuilder {
crates/amun-pccv/tests/replay_equivalence.rs:136:                derived_children: vec![child_id],
crates/amun-pccv/tests/replay_equivalence.rs:1:use amun_pccv::pccv_verifier::PCCVResult;
crates/amun-pccv/tests/replay_equivalence.rs:2:use amun_pccv::transition_proof_engine::TransitionProofEngine;
crates/amun-pccv/tests/replay_equivalence.rs:3:use amun_resource_core::{
crates/amun-pccv/tests/replay_equivalence.rs:56:                derived_children: vec![child_id],
crates/amun-pccv/tests/replay_equivalence.rs:67:                derived_children: vec![child_id],
crates/amun-pccv/tests/replay_equivalence.rs:7:use amun_vm_kernel::pending_buffer::PendingBuffer;
crates/amun-peer-discovery/src/discovery.rs:114:impl DiscoveryClient {
crates/amun-peer-discovery/src/discovery.rs:1:use crate::peer_table::PeerTable;
crates/amun-peer-discovery/src/discovery.rs:203:mod tests {
crates/amun-peer-discovery/src/discovery.rs:204:    use super::*;
crates/amun-peer-discovery/src/discovery.rs:205:    use crate::peer_table::PeerTable;
crates/amun-peer-discovery/src/discovery.rs:206:    use std::time::Duration;
crates/amun-peer-discovery/src/discovery.rs:2:use serde::{Deserialize, Serialize};
crates/amun-peer-discovery/src/discovery.rs:33:impl DiscoveryServer {
crates/amun-peer-discovery/src/discovery.rs:3:use std::io::{Read, Write};
crates/amun-peer-discovery/src/discovery.rs:4:use std::net::{SocketAddr, TcpListener, TcpStream};
crates/amun-peer-discovery/src/discovery.rs:5:use std::sync::{Arc, Mutex};
crates/amun-peer-discovery/src/discovery.rs:6:use std::thread;
crates/amun-peer-discovery/src/discovery.rs:9:#[derive(Debug, Clone, Serialize, Deserialize)]
crates/amun-peer-discovery/src/peer_table.rs:126:mod tests {
crates/amun-peer-discovery/src/peer_table.rs:127:    use super::*;
crates/amun-peer-discovery/src/peer_table.rs:15:#[derive(Debug, Clone, Serialize, Deserialize)]
crates/amun-peer-discovery/src/peer_table.rs:1:use serde::{Deserialize, Serialize};
crates/amun-peer-discovery/src/peer_table.rs:25:#[derive(Debug, Clone, Default, Serialize, Deserialize)]
crates/amun-peer-discovery/src/peer_table.rs:2:use std::collections::HashMap;
crates/amun-peer-discovery/src/peer_table.rs:31:impl PeerTable {
crates/amun-peer-discovery/src/peer_table.rs:3:use std::net::SocketAddr;
crates/amun-peer-discovery/src/peer_table.rs:4:use std::time::{SystemTime, UNIX_EPOCH};
crates/amun-peer-discovery/src/peer_table.rs:7:#[derive(Debug, Clone, PartialEq, Eq, Serialize, Deserialize)]
crates/amun-peer-identity/src/certificate.rs:10:impl PeerCertificate {
crates/amun-peer-identity/src/certificate.rs:1:use amun_constitutional_signing::{ConstitutionalKeyPair, ConstitutionalSignature};
crates/amun-peer-identity/src/certificate.rs:2:use serde::{Deserialize, Serialize};
crates/amun-peer-identity/src/certificate.rs:4:#[derive(Debug, Clone, Serialize, Deserialize, PartialEq)]
crates/amun-peer-identity/src/lib.rs:10:pub mod registry;
crates/amun-peer-identity/src/lib.rs:11:pub mod verifier;
crates/amun-peer-identity/src/lib.rs:13:pub use certificate::PeerCertificate;
crates/amun-peer-identity/src/lib.rs:14:pub use peer_id::ConstitutionalPeerId;
crates/amun-peer-identity/src/lib.rs:15:pub use registry::PeerRegistry;
crates/amun-peer-identity/src/lib.rs:16:pub use verifier::IdentityVerifier;
crates/amun-peer-identity/src/lib.rs:8:pub mod certificate;
crates/amun-peer-identity/src/lib.rs:9:pub mod peer_id;
crates/amun-peer-identity/src/peer_id.rs:13:impl ConstitutionalPeerId {
crates/amun-peer-identity/src/peer_id.rs:1:use serde::{Deserialize, Serialize};
crates/amun-peer-identity/src/peer_id.rs:3:/// A constitutional peer identity is derived from the peer's public key
crates/amun-peer-identity/src/peer_id.rs:6:#[derive(Debug, Clone, Serialize, Deserialize, PartialEq, Eq, PartialOrd, Ord)]
crates/amun-peer-identity/src/registry.rs:10:impl PeerRegistry {
crates/amun-peer-identity/src/registry.rs:1:use super::certificate::PeerCertificate;
crates/amun-peer-identity/src/registry.rs:2:use serde::{Deserialize, Serialize};
crates/amun-peer-identity/src/registry.rs:3:use std::collections::BTreeMap;
crates/amun-peer-identity/src/registry.rs:5:#[derive(Debug, Clone, Serialize, Deserialize, Default)]
crates/amun-peer-identity/src/verifier.rs:1:use super::certificate::PeerCertificate;
crates/amun-peer-identity/src/verifier.rs:2:use ed25519_dalek::Verifier;
crates/amun-peer-identity/src/verifier.rs:6:impl IdentityVerifier {
crates/amun-peer-identity/tests/peer_identity_tests.rs:1:use amun_constitutional_signing::ConstitutionalKeyPair;
crates/amun-peer-identity/tests/peer_identity_tests.rs:2:use amun_peer_identity::{ConstitutionalPeerId, IdentityVerifier, PeerCertificate, PeerRegistry};
crates/amun-peer-reputation/src/lib.rs:1:pub mod scorer;
crates/amun-peer-reputation/src/lib.rs:2:pub use scorer::PeerScorer;
crates/amun-peer-reputation/src/scorer.rs:12:impl PeerScorer {
crates/amun-peer-reputation/src/scorer.rs:6:impl Default for PeerScorer {
crates/amun-persistence/src/lib.rs:15:impl PersistentState {
crates/amun-persistence/src/lib.rs:1:use serde::{Deserialize, Serialize};
crates/amun-persistence/src/lib.rs:27:/// Backend trait for persistence implementations.
crates/amun-persistence/src/lib.rs:28:pub trait PersistenceBackend {
crates/amun-persistence/src/lib.rs:2:use std::fs;
crates/amun-persistence/src/lib.rs:38:impl FileBackend {
crates/amun-persistence/src/lib.rs:3:use std::path::Path;
crates/amun-persistence/src/lib.rs:46:impl PersistenceBackend for FileBackend {
crates/amun-persistence/src/lib.rs:65:mod tests {
crates/amun-persistence/src/lib.rs:66:    use super::*;
crates/amun-persistence/src/lib.rs:67:    use std::fs;
crates/amun-persistence/src/lib.rs:6:#[derive(Debug, Clone, Serialize, Deserialize, PartialEq)]
crates/amun-persistent-node/src/lib.rs:1:pub mod persistent_store;
crates/amun-persistent-node/src/lib.rs:2:pub use persistent_store::*;
crates/amun-persistent-node/src/persistent_store.rs:127:mod tests {
crates/amun-persistent-node/src/persistent_store.rs:128:    use super::*;
crates/amun-persistent-node/src/persistent_store.rs:129:    use amun_resource_core::{
crates/amun-persistent-node/src/persistent_store.rs:15:impl PersistentValidatorStore {
crates/amun-persistent-node/src/persistent_store.rs:1:use amun_operations::backup_recovery::NodeBackup;
crates/amun-persistent-node/src/persistent_store.rs:2:use amun_resource_core::{ResourceMetadata, ResourceRegistry};
crates/amun-persistent-node/src/persistent_store.rs:3:use amun_validator_networking::sync_transport::SyncTransport;
crates/amun-persistent-node/src/persistent_store.rs:4:use std::fs;
crates/amun-persistent-node/src/persistent_store.rs:5:use std::path::{Path, PathBuf};
crates/amun-proof-archive/src/hot_store.rs:11:impl HotProofStore {
crates/amun-proof-archive/src/hot_store.rs:1:use amun_transition_proof::transition_proof::TransitionProof;
crates/amun-proof-archive/src/hot_store.rs:2:use std::collections::HashMap;
crates/amun-proof-archive/src/hot_store.rs:4:#[derive(Debug, Clone, Default)]
crates/amun-proof-archive/src/hot_store.rs:56:mod tests {
crates/amun-proof-archive/src/hot_store.rs:57:    use super::*;
crates/amun-proof-archive/src/hot_store.rs:58:    use amun_resource_core::ResourceId;
crates/amun-proof-archive/src/lib.rs:1:pub mod hot_store;
crates/amun-proof-archive/src/lib.rs:2:pub mod proof_archive;
crates/amun-proof-archive/src/lib.rs:4:pub use hot_store::*;
crates/amun-proof-archive/src/lib.rs:5:pub use proof_archive::*;
crates/amun-proof-archive/src/proof_archive.rs:12:impl ProofArchive {
crates/amun-proof-archive/src/proof_archive.rs:1:use crate::hot_store::HotProofStore;
crates/amun-proof-archive/src/proof_archive.rs:2:use amun_evidence_engine::evidence_types::ConstitutionalEvidence;
crates/amun-proof-archive/src/proof_archive.rs:3:use amun_transition_proof::transition_proof::TransitionProof;
crates/amun-proof-archive/src/proof_archive.rs:4:use std::collections::HashMap;
crates/amun-proof-archive/src/proof_archive.rs:51:mod tests {
crates/amun-proof-archive/src/proof_archive.rs:52:    use super::*;
crates/amun-proof-archive/src/proof_archive.rs:53:    use amun_resource_core::ResourceId;
crates/amun-proof-archive/src/proof_archive.rs:6:#[derive(Debug, Clone, Default)]
crates/amun-proof-carrying/src/lib.rs:11:pub mod receipt;
crates/amun-proof-carrying/src/lib.rs:12:pub mod verifier;
crates/amun-proof-carrying/src/lib.rs:14:pub use receipt::ProofCarryingReceipt;
crates/amun-proof-carrying/src/lib.rs:15:pub use verifier::ProofVerifier;
crates/amun-proof-carrying/src/receipt.rs:13:#[derive(Debug, Clone, Serialize, Deserialize, PartialEq)]
crates/amun-proof-carrying/src/receipt.rs:30:impl ProofCarryingReceipt {
crates/amun-proof-carrying/src/receipt.rs:5:use amun_constitutional_commitments::MerkleProof;
crates/amun-proof-carrying/src/receipt.rs:6:use amun_constitutional_kernel::receipt::ExecutionReceipt;
crates/amun-proof-carrying/src/receipt.rs:7:use serde::{Deserialize, Serialize};
crates/amun-proof-carrying/src/verifier.rs:11:impl ProofVerifier {
crates/amun-proof-carrying/src/verifier.rs:5:use crate::receipt::ProofCarryingReceipt;
crates/amun-proof-carrying/src/verifier.rs:6:use amun_constitutional_commitments::SparseMerkleTree;
crates/amun-proof-carrying/tests/proof_tests.rs:1:use amun_constitutional_block::BlockBuilder;
crates/amun-proof-carrying/tests/proof_tests.rs:2:use amun_constitutional_commitments::SparseMerkleTree;
crates/amun-proof-carrying/tests/proof_tests.rs:3:use amun_constitutional_kernel::receipt::ExecutionReceipt;
crates/amun-proof-carrying/tests/proof_tests.rs:4:use amun_proof_carrying::ProofCarryingReceipt;
crates/amun-protocol-event/src/event.rs:1:use amun_binary_codec::{CanonicalDecoder, CanonicalEncoder};
crates/amun-protocol-event/src/event.rs:28:impl ProtocolEvent {
crates/amun-protocol-event/src/event.rs:2:use amun_chain_position::ChainPosition;
crates/amun-protocol-event/src/event.rs:3:use blake3::Hasher;
crates/amun-protocol-event/src/event.rs:8:#[derive(Debug, Clone, PartialEq, Eq)]
crates/amun-protocol-event/src/lib.rs:1:pub mod event;
crates/amun-protocol-event/src/lib.rs:2:pub mod transcript;
crates/amun-protocol-event/src/lib.rs:4:pub use event::ProtocolEvent;
crates/amun-protocol-event/src/lib.rs:5:pub use transcript::ProtocolTranscript;
crates/amun-protocol-event/src/transcript.rs:10:impl ProtocolTranscript {
crates/amun-protocol-event/src/transcript.rs:1:use crate::event::ProtocolEvent;
crates/amun-protocol-event/src/transcript.rs:2:use blake3::Hasher;
crates/amun-protocol-event/src/transcript.rs:4:#[derive(Debug, Clone)]
crates/amun-protocol-event/src/transcript.rs:62:impl Default for ProtocolTranscript {
crates/amun-qc-canonical/src/canonicalize.rs:2:use amun_consensus_messages::ConsensusVote;
crates/amun-qc-canonical/src/canonicalize.rs:3:use amun_quorum_certificate::QuorumCertificate;
crates/amun-qc-canonical/src/canonicalize.rs:4:use amun_validator_attestation::ValidatorSet;
crates/amun-qc-canonical/src/canonicalize.rs:76:mod tests {
crates/amun-qc-canonical/src/canonicalize.rs:77:    use super::*;
crates/amun-qc-canonical/src/canonicalize.rs:78:    use amun_chain_position::ChainPosition;
crates/amun-qc-canonical/src/canonicalize.rs:79:    use amun_consensus_messages::ConsensusPhase;
crates/amun-qc-canonical/src/canonicalize.rs:80:    use amun_validator_attestation::validator_set::ValidatorInfo;
crates/amun-qc-canonical/src/canonicalize.rs:8:    use std::collections::HashSet;
crates/amun-qc-canonical/src/lib.rs:1:pub mod canonicalize;
crates/amun-qc-canonical/src/lib.rs:2:pub use canonicalize::{canonicalize_qc, has_quorum_after_canonicalization};
crates/amun-qc-canonical/src/validator.rs:1:use amun_consensus_messages::ConsensusVote;
crates/amun-qc-canonical/src/validator.rs:2:use amun_validator_attestation::ValidatorSet;
crates/amun-qc-weight/src/derive.rs:1:use amun_quorum_certificate::QuorumCertificate;
crates/amun-qc-weight/src/derive.rs:2:use amun_validator_attestation::ValidatorSet;
crates/amun-qc-weight/src/derive.rs:7:pub fn derive_qc_weight(
crates/amun-qc-weight/src/lib.rs:1:pub mod derive;
crates/amun-qc-weight/src/lib.rs:3:pub use derive::derive_qc_weight;
crates/amun-quorum-certificate/src/certificate.rs:16:impl QuorumCertificate {
crates/amun-quorum-certificate/src/certificate.rs:1:use amun_chain_position::ChainPosition;
crates/amun-quorum-certificate/src/certificate.rs:2:use amun_consensus_messages::ConsensusVote;
crates/amun-quorum-certificate/src/certificate.rs:3:use blake3::Hasher;
crates/amun-quorum-certificate/src/certificate.rs:5:#[derive(Debug, Clone)]
crates/amun-quorum-certificate/src/lib.rs:14:impl QuorumCertificate {
crates/amun-quorum-certificate/src/lib.rs:1:use amun_chain_position::ChainPosition;
crates/amun-quorum-certificate/src/lib.rs:2:use amun_consensus_messages::ConsensusVote;
crates/amun-quorum-certificate/src/lib.rs:4:#[derive(Debug, Clone)]
crates/amun-quorum-certificate/src/verifier.rs:1:use crate::certificate::QuorumCertificate;
crates/amun-quorum-certificate/src/verifier.rs:2:use amun_validator_attestation::ValidatorSet;
crates/amun-recovery/src/lib.rs:1:use amun_block_store::{BlockStore, StoredBlock};
crates/amun-recovery/src/lib.rs:26:impl RecoveryEngine {
crates/amun-recovery/src/lib.rs:2:use amun_persistence::{FileBackend, PersistenceBackend, PersistentState};
crates/amun-recovery/src/lib.rs:3:use amun_replay_store::{ReplayRecord, ReplayStore};
crates/amun-recovery/src/lib.rs:4:use amun_snapshot_engine_unified::SnapshotManager;
crates/amun-recovery/src/lib.rs:7:#[derive(Debug, Clone, PartialEq)]
crates/amun-recovery/src/lib.rs:85:mod tests {
crates/amun-recovery/src/lib.rs:86:    use super::*;
crates/amun-recovery/src/lib.rs:87:    use std::fs;
crates/amun-replay-cert/build.rs:1:use std::process::Command;
crates/amun-replay-cert/src/certificate.rs:19:impl ReplayCertificate {
crates/amun-replay-cert/src/certificate.rs:1:use amun_chain_position::ChainPosition;
crates/amun-replay-cert/src/certificate.rs:2:use blake3::Hasher;
crates/amun-replay-cert/src/certificate.rs:3:use serde::{Deserialize, Serialize};
crates/amun-replay-cert/src/certificate.rs:5:#[derive(Debug, Clone, Serialize, Deserialize)]
crates/amun-replay-cert/src/certifier.rs:106:#[derive(Debug, Clone)]
crates/amun-replay-cert/src/certifier.rs:14:impl ReplayCertifier {
crates/amun-replay-cert/src/certifier.rs:1:use crate::divergence::DivergenceReport;
crates/amun-replay-cert/src/certifier.rs:2:use crate::platform::PlatformFingerprint;
crates/amun-replay-cert/src/certifier.rs:3:use crate::transcript::ReplayTranscript;
crates/amun-replay-cert/src/certifier.rs:4:use amun_truth_engine::TruthEngine;
crates/amun-replay-cert/src/certifier.rs:5:use blake3::Hasher;
crates/amun-replay-cert/src/certifier.rs:98:#[derive(Debug, Clone)]
crates/amun-replay-cert/src/divergence.rs:1:use crate::platform::PlatformFingerprint;
crates/amun-replay-cert/src/divergence.rs:3:#[derive(Debug, Clone)]
crates/amun-replay-cert/src/lib.rs:10:pub use transcript::ReplayTranscript;
crates/amun-replay-cert/src/lib.rs:12:impl Default for ReplayTranscript {
crates/amun-replay-cert/src/lib.rs:2:pub mod certifier;
crates/amun-replay-cert/src/lib.rs:3:pub mod divergence;
crates/amun-replay-cert/src/lib.rs:4:pub mod platform;
crates/amun-replay-cert/src/lib.rs:5:pub mod transcript;
crates/amun-replay-cert/src/lib.rs:7:pub use certifier::ReplayCertifier;
crates/amun-replay-cert/src/lib.rs:8:pub use divergence::DivergenceReport;
crates/amun-replay-cert/src/lib.rs:9:pub use platform::PlatformFingerprint;
crates/amun-replay-cert/src/platform.rs:12:impl PlatformFingerprint {
crates/amun-replay-cert/src/platform.rs:1:#[derive(Debug, Clone, PartialEq, Eq, Hash)]
crates/amun-replay-cert/src/transcript.rs:18:impl ReplayTranscript {
crates/amun-replay-cert/src/transcript.rs:1:use blake3::Hasher;
crates/amun-replay-cert/src/transcript.rs:3:#[derive(Debug, Clone)]
crates/amun-replay-cert/src/transcript.rs:9:#[derive(Debug, Clone)]
crates/amun-replay-cert/src/verifier.rs:1:use crate::certificate::ReplayCertificate;
crates/amun-replay-consensus/src/lib.rs:1:pub mod replay_backed_consensus;
crates/amun-replay-consensus/src/lib.rs:2:pub mod replay_backed_types;
crates/amun-replay-consensus/src/lib.rs:4:pub use replay_backed_consensus::*;
crates/amun-replay-consensus/src/lib.rs:5:pub use replay_backed_types::*;
crates/amun-replay-consensus/src/replay_backed_consensus.rs:10:use crate::replay_backed_types::{
crates/amun-replay-consensus/src/replay_backed_consensus.rs:154:mod tests {
crates/amun-replay-consensus/src/replay_backed_consensus.rs:155:    use super::*;
crates/amun-replay-consensus/src/replay_backed_consensus.rs:156:    use amun_bytecode::opcodes::OpCode;
crates/amun-replay-consensus/src/replay_backed_consensus.rs:157:    use amun_resource_core::ResourceId;
crates/amun-replay-consensus/src/replay_backed_consensus.rs:19:impl ReplayBackedConsensus {
crates/amun-replay-consensus/src/replay_backed_consensus.rs:1:use amun_bytecode::program::ConstitutionalProgram;
crates/amun-replay-consensus/src/replay_backed_consensus.rs:2:use amun_constitutional_runtime::runtime_pipeline::{ConstitutionalRuntime, PipelineResult};
crates/amun-replay-consensus/src/replay_backed_consensus.rs:3:use amun_proof_archive::hot_store::HotProofStore;
crates/amun-replay-consensus/src/replay_backed_consensus.rs:4:use amun_proof_archive::proof_archive::ProofArchive;
crates/amun-replay-consensus/src/replay_backed_consensus.rs:5:use amun_replay_verifier::replay_verifier::{ReplayResult, ReplayVerifier};
crates/amun-replay-consensus/src/replay_backed_consensus.rs:6:use amun_resource_core::{ResourceId, ResourceRegistry};
crates/amun-replay-consensus/src/replay_backed_consensus.rs:7:use amun_transition_proof::transition_proof::TransitionProof;
crates/amun-replay-consensus/src/replay_backed_consensus.rs:8:use amun_vm_kernel::execution_context::ExecutionContext;
crates/amun-replay-consensus/src/replay_backed_types.rs:14:impl ReplayVerificationRecord {
crates/amun-replay-consensus/src/replay_backed_types.rs:1:use amun_transition_proof::transition_proof::TransitionProof;
crates/amun-replay-consensus/src/replay_backed_types.rs:22:#[derive(Debug, Clone, PartialEq, Eq, Serialize, Deserialize)]
crates/amun-replay-consensus/src/replay_backed_types.rs:2:use serde::{Deserialize, Serialize};
crates/amun-replay-consensus/src/replay_backed_types.rs:34:impl ReplayVerifiedBlock {
crates/amun-replay-consensus/src/replay_backed_types.rs:51:#[derive(Debug, Clone, PartialEq, Eq, Serialize, Deserialize)]
crates/amun-replay-consensus/src/replay_backed_types.rs:5:#[derive(Debug, Clone, PartialEq, Eq, Serialize, Deserialize)]
crates/amun-replay-consensus/src/replay_backed_types.rs:64:impl ReplayBackedQC {
crates/amun-replay-consensus/src/replay_backed_types.rs:85:#[derive(Debug, Clone, PartialEq, Eq, Serialize, Deserialize)]
crates/amun-replay-consensus/src/replay_backed_types.rs:96:impl ReplayBackedFinalityCertificate {
crates/amun-replay-engine/src/adaptive_relay.rs:10:use amun_constitutional::kernel_types::ConstitutionalHash;
crates/amun-replay-engine/src/adaptive_relay.rs:11:use crate::derivational_frontier::DerivationalFrontier;
crates/amun-replay-engine/src/adaptive_relay.rs:121:#[derive(Debug, Clone)]
crates/amun-replay-engine/src/adaptive_relay.rs:12:use crate::proof_routing::RoutedProofType;
crates/amun-replay-engine/src/adaptive_relay.rs:131:impl RelayBackpressure {
crates/amun-replay-engine/src/adaptive_relay.rs:148:#[derive(Debug, Clone, Default)]
crates/amun-replay-engine/src/adaptive_relay.rs:154:impl EquivalenceRelayCache {
crates/amun-replay-engine/src/adaptive_relay.rs:15:#[derive(Debug, Clone, Default)]
crates/amun-replay-engine/src/adaptive_relay.rs:172:#[derive(Debug, Clone, Default)]
crates/amun-replay-engine/src/adaptive_relay.rs:180:impl AntiCentralityGuard {
crates/amun-replay-engine/src/adaptive_relay.rs:211:mod tests {
crates/amun-replay-engine/src/adaptive_relay.rs:212:    use super::*;
crates/amun-replay-engine/src/adaptive_relay.rs:213:    use crate::derivational_frontier::FrontierDependencyReason;
crates/amun-replay-engine/src/adaptive_relay.rs:22:#[derive(Debug, Clone, Copy, PartialEq, Eq)]
crates/amun-replay-engine/src/adaptive_relay.rs:33:impl RelayTopologyView {
crates/amun-replay-engine/src/adaptive_relay.rs:50:/// Frontier pressure metrics — where are derivational bottlenecks?
crates/amun-replay-engine/src/adaptive_relay.rs:51:#[derive(Debug, Clone, Default)]
crates/amun-replay-engine/src/adaptive_relay.rs:59:impl FrontierPressureMetrics {
crates/amun-replay-engine/src/adaptive_relay.rs:81:#[derive(Debug, Clone, Copy, PartialEq, Eq)]
crates/amun-replay-engine/src/adaptive_relay.rs:9:use amun_constitutional::prelude::*;
crates/amun-replay-engine/src/byzantine_witness_filter.rs:13:use amun_constitutional::ConstitutionalWitness;
crates/amun-replay-engine/src/byzantine_witness_filter.rs:14:use amun_constitutional::WitnessType;
crates/amun-replay-engine/src/byzantine_witness_filter.rs:17:#[derive(Debug, Clone, PartialEq, Eq)]
crates/amun-replay-engine/src/byzantine_witness_filter.rs:83:mod tests {
crates/amun-replay-engine/src/byzantine_witness_filter.rs:84:    use super::*;
crates/amun-replay-engine/src/byzantine_witness_filter.rs:85:    use amun_constitutional::{WitnessEntry, WitnessType};
crates/amun-replay-engine/src/canonical.rs:100:impl<'a> CanonicalReader<'a> {
crates/amun-replay-engine/src/canonical.rs:147:#[derive(Debug, Clone, PartialEq, Eq)]
crates/amun-replay-engine/src/canonical.rs:161:impl Default for CanonicalHasher {
crates/amun-replay-engine/src/canonical.rs:167:impl CanonicalHasher {
crates/amun-replay-engine/src/canonical.rs:179:        use sha2::Digest;
crates/amun-replay-engine/src/canonical.rs:194:impl CanonicalEncode for u64 {
crates/amun-replay-engine/src/canonical.rs:203:impl CanonicalEncode for u32 {
crates/amun-replay-engine/src/canonical.rs:212:impl CanonicalEncode for u8 {
crates/amun-replay-engine/src/canonical.rs:21:use alloc::vec::Vec;
crates/amun-replay-engine/src/canonical.rs:221:impl CanonicalEncode for bool {
crates/amun-replay-engine/src/canonical.rs:231:impl CanonicalEncode for [u8; 32] {
crates/amun-replay-engine/src/canonical.rs:23:use amun_constitutional::ConstitutionalHash;
crates/amun-replay-engine/src/canonical.rs:245:mod tests {
crates/amun-replay-engine/src/canonical.rs:246:    use super::*;
crates/amun-replay-engine/src/canonical.rs:29:pub trait CanonicalEncode {
crates/amun-replay-engine/src/canonical.rs:42:impl Default for CanonicalWriter {
crates/amun-replay-engine/src/canonical.rs:48:impl CanonicalWriter {
crates/amun-replay-engine/src/closure_completeness.rs:11:impl ClosureCompleteness {
crates/amun-replay-engine/src/closure_completeness.rs:12:    pub fn can_derive(&self) -> bool { matches!(self, ClosureCompleteness::Sufficient | ClosureCompleteness::Exhaustive) }
crates/amun-replay-engine/src/closure_completeness.rs:26:mod tests {
crates/amun-replay-engine/src/closure_completeness.rs:27:    use super::*;
crates/amun-replay-engine/src/closure_completeness.rs:28:    #[test] fn test_partial() { assert!(!ClosureCompleteness::Partial.can_derive()); assert!(ClosureCompleteness::Partial.should_continue_seeking()); }
crates/amun-replay-engine/src/closure_completeness.rs:29:    #[test] fn test_sufficient() { assert!(ClosureCompleteness::Sufficient.can_derive()); assert!(ClosureCompleteness::Sufficient.propagation_complete()); }
crates/amun-replay-engine/src/closure_completeness.rs:3:#[derive(Debug, Clone, Copy, PartialEq, Eq)]
crates/amun-replay-engine/src/constitutional_economics.rs:10:use amun_constitutional::prelude::*;
crates/amun-replay-engine/src/constitutional_economics.rs:114:impl WitnessIncentiveSurface {
crates/amun-replay-engine/src/constitutional_economics.rs:11:use amun_constitutional::kernel_types::ConstitutionalHash;
crates/amun-replay-engine/src/constitutional_economics.rs:120:    /// Proofs are not "better" because they cost more.
crates/amun-replay-engine/src/constitutional_economics.rs:132:#[derive(Debug, Clone, PartialEq, Eq)]
crates/amun-replay-engine/src/constitutional_economics.rs:142:impl EconomicContainmentZone {
crates/amun-replay-engine/src/constitutional_economics.rs:168:#[derive(Debug, Clone, PartialEq, Eq)]
crates/amun-replay-engine/src/constitutional_economics.rs:177:impl ScarcityNeutralityBoundary {
crates/amun-replay-engine/src/constitutional_economics.rs:18:#[derive(Debug, Clone, PartialEq, Eq)]
crates/amun-replay-engine/src/constitutional_economics.rs:196:mod tests {
crates/amun-replay-engine/src/constitutional_economics.rs:197:    use super::*;
crates/amun-replay-engine/src/constitutional_economics.rs:31:impl ProofMarketSurface {
crates/amun-replay-engine/src/constitutional_economics.rs:47:#[derive(Debug, Clone, PartialEq, Eq)]
crates/amun-replay-engine/src/constitutional_economics.rs:63:impl ExecutionLeaseBoundary {
crates/amun-replay-engine/src/constitutional_economics.rs:98:#[derive(Debug, Clone, PartialEq, Eq)]
crates/amun-replay-engine/src/constitutional_governance.rs:10:use amun_constitutional::prelude::*;
crates/amun-replay-engine/src/constitutional_governance.rs:110:#[derive(Debug, Clone, PartialEq, Eq)]
crates/amun-replay-engine/src/constitutional_governance.rs:11:use amun_constitutional::kernel_types::ConstitutionalHash;
crates/amun-replay-engine/src/constitutional_governance.rs:123:impl ConstitutionalEvolutionBoundary {
crates/amun-replay-engine/src/constitutional_governance.rs:12:use amun_constitutional::ConstitutionalHasher;
crates/amun-replay-engine/src/constitutional_governance.rs:161:#[derive(Debug, Clone, PartialEq, Eq)]
crates/amun-replay-engine/src/constitutional_governance.rs:171:impl GovernanceContainmentZone {
crates/amun-replay-engine/src/constitutional_governance.rs:198:/// A constitution is valid because it preserves invariants, not because
crates/amun-replay-engine/src/constitutional_governance.rs:19:#[derive(Debug, Clone, PartialEq, Eq)]
crates/amun-replay-engine/src/constitutional_governance.rs:200:#[derive(Debug, Clone, PartialEq, Eq)]
crates/amun-replay-engine/src/constitutional_governance.rs:212:impl TemporalConstitutionLineage {
crates/amun-replay-engine/src/constitutional_governance.rs:244:mod tests {
crates/amun-replay-engine/src/constitutional_governance.rs:245:    use super::*;
crates/amun-replay-engine/src/constitutional_governance.rs:37:impl RatificationSurface {
crates/amun-replay-engine/src/constitutional_governance.rs:5://! preserves all constitutional invariants — not because it was popular.
crates/amun-replay-engine/src/constitutional_governance.rs:63:#[derive(Debug, Clone, PartialEq, Eq)]
crates/amun-replay-engine/src/constitutional_identity.rs:105:impl ReputationNeutralityGuard {
crates/amun-replay-engine/src/constitutional_identity.rs:10:use amun_constitutional::prelude::*;
crates/amun-replay-engine/src/constitutional_identity.rs:11:use amun_constitutional::kernel_types::ConstitutionalHash;
crates/amun-replay-engine/src/constitutional_identity.rs:12:use amun_constitutional::ConstitutionalHasher;
crates/amun-replay-engine/src/constitutional_identity.rs:131:#[derive(Debug, Clone, PartialEq, Eq)]
crates/amun-replay-engine/src/constitutional_identity.rs:142:impl IdentityContainmentZone {
crates/amun-replay-engine/src/constitutional_identity.rs:163:mod tests {
crates/amun-replay-engine/src/constitutional_identity.rs:164:    use super::*;
crates/amun-replay-engine/src/constitutional_identity.rs:19:#[derive(Debug, Clone, PartialEq, Eq)]
crates/amun-replay-engine/src/constitutional_identity.rs:36:impl IdentitySurface {
crates/amun-replay-engine/src/constitutional_identity.rs:64:/// It does NOT provide: "artifact X is more valid because Y produced it."
crates/amun-replay-engine/src/constitutional_identity.rs:65:#[derive(Debug, Clone, PartialEq, Eq)]
crates/amun-replay-engine/src/constitutional_identity.rs:77:impl AttributionBoundary {
crates/amun-replay-engine/src/constitutional_identity.rs:94:#[derive(Debug, Clone, PartialEq, Eq)]
crates/amun-replay-engine/src/containment_boundary.rs:100:mod tests {
crates/amun-replay-engine/src/containment_boundary.rs:101:    use super::*;
crates/amun-replay-engine/src/containment_boundary.rs:102:    use crate::runtime_anomaly::{RuntimeAnomaly, AnomalyType, RuntimeAnomalySurface};
crates/amun-replay-engine/src/containment_boundary.rs:10:#[derive(Debug, Clone, Copy, PartialEq, Eq)]
crates/amun-replay-engine/src/containment_boundary.rs:29:#[derive(Debug, Clone, PartialEq, Eq)]
crates/amun-replay-engine/src/containment_boundary.rs:42:impl SemanticContaminationBoundary {
crates/amun-replay-engine/src/containment_boundary.rs:72:#[derive(Debug, Clone, Default)]
crates/amun-replay-engine/src/containment_boundary.rs:77:impl ByzantineContainmentZone {
crates/amun-replay-engine/src/containment_boundary.rs:7:use crate::runtime_anomaly::RuntimeAnomalySurface;
crates/amun-replay-engine/src/cross_constitution_federation.rs:10:use amun_constitutional::ConstitutionalHasher;
crates/amun-replay-engine/src/cross_constitution_federation.rs:125:#[derive(Debug, Clone, PartialEq, Eq)]
crates/amun-replay-engine/src/cross_constitution_federation.rs:139:impl SovereigntyPreservingBridge {
crates/amun-replay-engine/src/cross_constitution_federation.rs:160:#[derive(Debug, Clone, Copy, PartialEq, Eq)]
crates/amun-replay-engine/src/cross_constitution_federation.rs:171:mod tests {
crates/amun-replay-engine/src/cross_constitution_federation.rs:172:    use super::*;
crates/amun-replay-engine/src/cross_constitution_federation.rs:18:#[derive(Debug, Clone, PartialEq, Eq)]
crates/amun-replay-engine/src/cross_constitution_federation.rs:36:impl FederationBoundary {
crates/amun-replay-engine/src/cross_constitution_federation.rs:68:#[derive(Debug, Clone, PartialEq, Eq)]
crates/amun-replay-engine/src/cross_constitution_federation.rs:86:impl ConstitutionalTranslationSurface {
crates/amun-replay-engine/src/cross_constitution_federation.rs:9:use amun_constitutional::kernel_types::ConstitutionalHash;
crates/amun-replay-engine/src/derivational_equivalence.rs:10:use amun_constitutional::prelude::*;
crates/amun-replay-engine/src/derivational_equivalence.rs:11:use amun_constitutional::kernel_types::ConstitutionalHash;
crates/amun-replay-engine/src/derivational_equivalence.rs:12:use amun_constitutional::ConstitutionalHasher;
crates/amun-replay-engine/src/derivational_equivalence.rs:137:mod tests {
crates/amun-replay-engine/src/derivational_equivalence.rs:138:    use super::*;
crates/amun-replay-engine/src/derivational_equivalence.rs:19:#[derive(Debug, Clone, Copy, PartialEq, Eq, Hash)]
crates/amun-replay-engine/src/derivational_equivalence.rs:22:impl CanonicalDerivationFingerprint {
crates/amun-replay-engine/src/derivational_equivalence.rs:24:    pub fn compute(target_artifact: ConstitutionalHash, can_derive: bool, context_hash: ConstitutionalHash) -> Self {
crates/amun-replay-engine/src/derivational_equivalence.rs:27:            .update_u8(if can_derive { 1 } else { 0 })
crates/amun-replay-engine/src/derivational_equivalence.rs:35:#[derive(Debug, Clone, PartialEq, Eq)]
crates/amun-replay-engine/src/derivational_equivalence.rs:60:impl DerivationalEquivalenceClass {
crates/amun-replay-engine/src/derivational_frontier.rs:14:#[derive(Debug, Clone, Copy, PartialEq, Eq)]
crates/amun-replay-engine/src/derivational_frontier.rs:23:#[derive(Debug, Clone, PartialEq, Eq)]
crates/amun-replay-engine/src/derivational_frontier.rs:32:impl DerivationalFrontier {
crates/amun-replay-engine/src/derivational_frontier.rs:3:use amun_constitutional::prelude::*;
crates/amun-replay-engine/src/derivational_frontier.rs:4:use amun_constitutional::kernel_types::ConstitutionalHash;
crates/amun-replay-engine/src/derivational_frontier.rs:5:use crate::closure_completeness::ClosureCompleteness;
crates/amun-replay-engine/src/derivational_frontier.rs:7:#[derive(Debug, Clone, PartialEq, Eq)]
crates/amun-replay-engine/src/deterministic.rs:103:#[derive(Debug, Clone)]
crates/amun-replay-engine/src/deterministic.rs:112:impl ExecutionResult {
crates/amun-replay-engine/src/deterministic.rs:15:#[derive(Debug, Clone)]
crates/amun-replay-engine/src/deterministic.rs:21:impl Default for ExecutionTrace {
crates/amun-replay-engine/src/deterministic.rs:27:impl ExecutionTrace {
crates/amun-replay-engine/src/deterministic.rs:3:use crate::errors::ReplayFailure;
crates/amun-replay-engine/src/deterministic.rs:4:use amun_constitutional::{ConstitutionalHash, TranscriptEntry};
crates/amun-replay-engine/src/deterministic.rs:51:impl DeterministicExecutor {
crates/amun-replay-engine/src/deterministic.rs:5:use sha2::{Digest, Sha256};
crates/amun-replay-engine/src/deterministic.rs:7:#[derive(Debug, Clone)]
crates/amun-replay-engine/src/equivalence.rs:103:mod tests {
crates/amun-replay-engine/src/equivalence.rs:104:    use super::*;
crates/amun-replay-engine/src/equivalence.rs:105:    use amun_constitutional::ReplayDomain;
crates/amun-replay-engine/src/equivalence.rs:14:#[derive(Debug, Clone)]
crates/amun-replay-engine/src/equivalence.rs:1:use crate::deterministic::{DeterministicExecutor, ExecutionResult, ExecutionTrace};
crates/amun-replay-engine/src/equivalence.rs:24:#[derive(Debug, Clone)]
crates/amun-replay-engine/src/equivalence.rs:2:use crate::errors::ReplayFailure;
crates/amun-replay-engine/src/equivalence.rs:30:#[derive(Debug, Clone)]
crates/amun-replay-engine/src/equivalence.rs:36:#[derive(Debug, Clone)]
crates/amun-replay-engine/src/equivalence.rs:3:use crate::state::ReplayState;
crates/amun-replay-engine/src/equivalence.rs:42:impl ConstitutionalReplayResult {
crates/amun-replay-engine/src/equivalence.rs:4:use amun_constitutional::{ConstitutionalHash, TranscriptEntry};
crates/amun-replay-engine/src/equivalence.rs:53:impl EquivalenceProver {
crates/amun-replay-engine/src/equivalence.rs:6:#[derive(Debug, Clone)]
crates/amun-replay-engine/src/errors.rs:5:use amun_constitutional::ConstitutionalHash;
crates/amun-replay-engine/src/errors.rs:7:#[derive(Debug, Clone, PartialEq, Eq)]
crates/amun-replay-engine/src/execution_dag.rs:113:mod tests {
crates/amun-replay-engine/src/execution_dag.rs:114:    use super::*;
crates/amun-replay-engine/src/execution_dag.rs:115:    use crate::execution_vertex::VertexType;
crates/amun-replay-engine/src/execution_dag.rs:11:use amun_constitutional::prelude::*;
crates/amun-replay-engine/src/execution_dag.rs:12:use crate::execution_vertex::ExecutionVertex;
crates/amun-replay-engine/src/execution_dag.rs:13:use crate::execution_dependency::ExecutionDependencyType;
crates/amun-replay-engine/src/execution_dag.rs:16:#[derive(Debug, Clone, PartialEq, Eq)]
crates/amun-replay-engine/src/execution_dag.rs:31:#[derive(Debug, Clone, Default)]
crates/amun-replay-engine/src/execution_dag.rs:39:impl ExecutionDAG {
crates/amun-replay-engine/src/execution_dag.rs:7://! The constitutional kernel derives identical truth regardless.
crates/amun-replay-engine/src/execution_dependency.rs:13:#[derive(Debug, Clone, Copy, PartialEq, Eq)]
crates/amun-replay-engine/src/execution_dependency.rs:36:impl ExecutionDependencyType {
crates/amun-replay-engine/src/execution_dependency.rs:58:mod tests {
crates/amun-replay-engine/src/execution_dependency.rs:59:    use super::*;
crates/amun-replay-engine/src/execution_scheduler.rs:10:use crate::execution_task::ExecutionTask;
crates/amun-replay-engine/src/execution_scheduler.rs:12:#[derive(Debug, Clone, Copy, PartialEq, Eq)]
crates/amun-replay-engine/src/execution_scheduler.rs:20:#[derive(Debug, Clone)]
crates/amun-replay-engine/src/execution_scheduler.rs:30:impl ExecutionScheduler {
crates/amun-replay-engine/src/execution_scheduler.rs:85:mod tests {
crates/amun-replay-engine/src/execution_scheduler.rs:86:    use super::*;
crates/amun-replay-engine/src/execution_scheduler.rs:87:    use crate::execution_task::{ExecutionTask, TaskType};
crates/amun-replay-engine/src/execution_scheduler.rs:8:use amun_constitutional::prelude::*;
crates/amun-replay-engine/src/execution_scheduler.rs:9:use amun_constitutional::kernel_types::ConstitutionalHash;
crates/amun-replay-engine/src/execution_task.rs:11:#[derive(Debug, Clone, Copy, PartialEq, Eq)]
crates/amun-replay-engine/src/execution_task.rs:27:#[derive(Debug, Clone, PartialEq, Eq)]
crates/amun-replay-engine/src/execution_task.rs:55:impl ExecutionTask {
crates/amun-replay-engine/src/execution_task.rs:72:mod tests {
crates/amun-replay-engine/src/execution_task.rs:73:    use super::*;
crates/amun-replay-engine/src/execution_task.rs:7:use amun_constitutional::prelude::*;
crates/amun-replay-engine/src/execution_task.rs:8:use amun_constitutional::kernel_types::ConstitutionalHash;
crates/amun-replay-engine/src/execution_vertex.rs:12:use amun_constitutional::prelude::*;
crates/amun-replay-engine/src/execution_vertex.rs:13:use amun_constitutional::kernel_types::ConstitutionalHash;
crates/amun-replay-engine/src/execution_vertex.rs:16:#[derive(Debug, Clone, Copy, PartialEq, Eq)]
crates/amun-replay-engine/src/execution_vertex.rs:35:#[derive(Debug, Clone, PartialEq, Eq)]
crates/amun-replay-engine/src/execution_vertex.rs:64:impl ExecutionVertex {
crates/amun-replay-engine/src/execution_vertex.rs:98:mod tests {
crates/amun-replay-engine/src/execution_vertex.rs:99:    use super::*;
crates/amun-replay-engine/src/frontier_reconciliation.rs:3:use amun_constitutional::prelude::*;
crates/amun-replay-engine/src/frontier_reconciliation.rs:4:use amun_constitutional::kernel_types::ConstitutionalHash;
crates/amun-replay-engine/src/frontier_reconciliation.rs:54:#[derive(Debug, Clone, Copy, PartialEq, Eq)]
crates/amun-replay-engine/src/frontier_reconciliation.rs:5:use crate::derivational_frontier::DerivationalFrontier;
crates/amun-replay-engine/src/frontier_reconciliation.rs:6:use crate::closure_completeness::ClosureCompleteness;
crates/amun-replay-engine/src/frontier_reconciliation.rs:76:    a.completeness.can_derive() == b.completeness.can_derive()
crates/amun-replay-engine/src/frontier_reconciliation.rs:8:#[derive(Debug, Clone, PartialEq, Eq)]
crates/amun-replay-engine/src/frontier_reconciliation.rs:90:mod tests {
crates/amun-replay-engine/src/frontier_reconciliation.rs:91:    use super::*;
crates/amun-replay-engine/src/frontier_reconciliation.rs:92:    use crate::derivational_frontier::FrontierDependencyReason;
crates/amun-replay-engine/src/isolation_boundary.rs:10:use amun_constitutional::kernel_types::ConstitutionalHash;
crates/amun-replay-engine/src/isolation_boundary.rs:11:use crate::runtime_capability::{CapabilitySet, RuntimeCapability};
crates/amun-replay-engine/src/isolation_boundary.rs:143:mod tests {
crates/amun-replay-engine/src/isolation_boundary.rs:144:    use super::*;
crates/amun-replay-engine/src/isolation_boundary.rs:14:#[derive(Debug, Clone, PartialEq, Eq)]
crates/amun-replay-engine/src/isolation_boundary.rs:42:impl IsolationViolation {
crates/amun-replay-engine/src/isolation_boundary.rs:59:#[derive(Debug, Clone, PartialEq, Eq)]
crates/amun-replay-engine/src/isolation_boundary.rs:80:impl ExecutionIsolationBoundary {
crates/amun-replay-engine/src/isolation_boundary.rs:9:use amun_constitutional::prelude::*;
crates/amun-replay-engine/src/lib.rs:101:#[derive(Debug, Clone)]
crates/amun-replay-engine/src/lib.rs:108:impl ReplayCursor {
crates/amun-replay-engine/src/lib.rs:141:mod tests {
crates/amun-replay-engine/src/lib.rs:142:    use super::*;
crates/amun-replay-engine/src/lib.rs:143:    use amun_constitutional::ReplayDomain;
crates/amun-replay-engine/src/lib.rs:14:pub mod canonical;
crates/amun-replay-engine/src/lib.rs:15:pub mod deterministic;
crates/amun-replay-engine/src/lib.rs:16:pub mod equivalence;
crates/amun-replay-engine/src/lib.rs:17:pub mod errors;
crates/amun-replay-engine/src/lib.rs:18:pub mod state;
crates/amun-replay-engine/src/lib.rs:19:pub mod version;
crates/amun-replay-engine/src/lib.rs:21:use amun_constitutional::{ConstitutionalHash, TranscriptEntry};
crates/amun-replay-engine/src/lib.rs:22:use sha2::{Digest, Sha256};
crates/amun-replay-engine/src/lib.rs:24:use deterministic::DeterministicExecutor;
crates/amun-replay-engine/src/lib.rs:25:use equivalence::{
crates/amun-replay-engine/src/lib.rs:29:use errors::ReplayFailure;
crates/amun-replay-engine/src/lib.rs:30:use state::ReplayState;
crates/amun-replay-engine/src/lib.rs:33:// Types that appear in BOTH `use` and `pub use` cause E0252.
crates/amun-replay-engine/src/lib.rs:34:pub use canonical::{
crates/amun-replay-engine/src/lib.rs:37:pub use deterministic::{ConstitutionalStep, ExecutionResult, ExecutionTrace};
crates/amun-replay-engine/src/lib.rs:50:impl ReplaySession {
crates/amun-replay-engine/src/missing_closure.rs:107:mod tests {
crates/amun-replay-engine/src/missing_closure.rs:108:    use super::*;
crates/amun-replay-engine/src/missing_closure.rs:10:use amun_constitutional::prelude::*;
crates/amun-replay-engine/src/missing_closure.rs:11:use amun_constitutional::kernel_types::ConstitutionalHash;
crates/amun-replay-engine/src/missing_closure.rs:14:#[derive(Debug, Clone, PartialEq, Eq)]
crates/amun-replay-engine/src/missing_closure.rs:45:#[derive(Debug, Clone, Copy, PartialEq, Eq)]
crates/amun-replay-engine/src/missing_closure.rs:57:impl MissingClosureRequest {
crates/amun-replay-engine/src/missing_closure.rs:8://! It says: "I cannot yet derive admissibility" — not "this is invalid."
crates/amun-replay-engine/src/operational_hasher.rs:11:use sha2::{Sha256, Digest};
crates/amun-replay-engine/src/operational_hasher.rs:18:/// Constitutional objects use `amun_constitutional::ConstitutionalHasher`.
crates/amun-replay-engine/src/operational_hasher.rs:19:#[derive(Clone)]
crates/amun-replay-engine/src/operational_hasher.rs:24:impl OperationalHasher {
crates/amun-replay-engine/src/operational_hasher.rs:41:#[derive(Debug, Clone, Copy, PartialEq, Eq)]
crates/amun-replay-engine/src/operational_hasher.rs:45:mod tests {
crates/amun-replay-engine/src/operational_hasher.rs:46:    use super::*;
crates/amun-replay-engine/src/operational_hasher.rs:60:        // because it uses a different domain prefix
crates/amun-replay-engine/src/operational_hasher.rs:8://! This separation prevents semantic leakage where operational
crates/amun-replay-engine/src/proof_routing.rs:107:#[derive(Debug, Clone, Copy, PartialEq, Eq)]
crates/amun-replay-engine/src/proof_routing.rs:10:use amun_constitutional::kernel_types::ConstitutionalHash;
crates/amun-replay-engine/src/proof_routing.rs:11:use crate::derivational_frontier::DerivationalFrontier;
crates/amun-replay-engine/src/proof_routing.rs:13:/// A proof route descriptor — where a proof goes and why.
crates/amun-replay-engine/src/proof_routing.rs:14:#[derive(Debug, Clone, PartialEq, Eq)]
crates/amun-replay-engine/src/proof_routing.rs:200:mod tests {
crates/amun-replay-engine/src/proof_routing.rs:201:    use super::*;
crates/amun-replay-engine/src/proof_routing.rs:202:    use crate::derivational_frontier::{FrontierDependencyReason};
crates/amun-replay-engine/src/proof_routing.rs:34:#[derive(Debug, Clone, Copy, PartialEq, Eq)]
crates/amun-replay-engine/src/proof_routing.rs:47:#[derive(Debug, Clone, Copy, PartialEq, Eq)]
crates/amun-replay-engine/src/proof_routing.rs:58:impl ProofRoute {
crates/amun-replay-engine/src/proof_routing.rs:94:/// Closure-aware routing decision — where to send a proof next.
crates/amun-replay-engine/src/proof_routing.rs:95:#[derive(Debug, Clone, PartialEq, Eq)]
crates/amun-replay-engine/src/proof_routing.rs:9:use amun_constitutional::prelude::*;
crates/amun-replay-engine/src/runtime_anomaly.rs:106:mod tests {
crates/amun-replay-engine/src/runtime_anomaly.rs:107:    use super::*;
crates/amun-replay-engine/src/runtime_anomaly.rs:11:#[derive(Debug, Clone, Copy, PartialEq, Eq)]
crates/amun-replay-engine/src/runtime_anomaly.rs:32:#[derive(Debug, Clone, PartialEq, Eq)]
crates/amun-replay-engine/src/runtime_anomaly.rs:40:    /// The context where the anomaly was observed.
crates/amun-replay-engine/src/runtime_anomaly.rs:48:impl RuntimeAnomaly {
crates/amun-replay-engine/src/runtime_anomaly.rs:80:#[derive(Debug, Clone, PartialEq, Eq)]
crates/amun-replay-engine/src/runtime_anomaly.rs:88:impl RuntimeAnomalySurface {
crates/amun-replay-engine/src/runtime_anomaly.rs:8:use amun_constitutional::kernel_types::ConstitutionalHash;
crates/amun-replay-engine/src/runtime_capability.rs:12:#[derive(Debug, Clone, Copy, PartialEq, Eq)]
crates/amun-replay-engine/src/runtime_capability.rs:34:#[derive(Debug, Clone, PartialEq, Eq)]
crates/amun-replay-engine/src/runtime_capability.rs:39:impl CapabilitySet {
crates/amun-replay-engine/src/runtime_capability.rs:5://! where runtime operations accidentally influence constitutional outcomes.
crates/amun-replay-engine/src/runtime_capability.rs:77:mod tests {
crates/amun-replay-engine/src/runtime_capability.rs:78:    use super::*;
crates/amun-replay-engine/src/runtime_receipt.rs:10:#[derive(Debug, Clone, PartialEq, Eq)]
crates/amun-replay-engine/src/runtime_receipt.rs:22:impl RuntimeReceipt {
crates/amun-replay-engine/src/runtime_receipt.rs:4://! OperationalHasher, NOT ConstitutionalHasher, because operational
crates/amun-replay-engine/src/runtime_receipt.rs:52:mod tests {
crates/amun-replay-engine/src/runtime_receipt.rs:53:    use super::*;
crates/amun-replay-engine/src/runtime_receipt.rs:7:use amun_constitutional::kernel_types::ConstitutionalHash;
crates/amun-replay-engine/src/runtime_receipt.rs:8:use crate::operational_hasher::OperationalHasher;
crates/amun-replay-engine/src/state.rs:13:use alloc::vec::Vec;
crates/amun-replay-engine/src/state.rs:15:use amun_constitutional::{ConstitutionalHash, TranscriptEntry};
crates/amun-replay-engine/src/state.rs:17:use crate::canonical::CanonicalHasher;
crates/amun-replay-engine/src/state.rs:18:use crate::errors::ReplayFailure;
crates/amun-replay-engine/src/state.rs:20:#[derive(Debug, Clone)]
crates/amun-replay-engine/src/state.rs:27:impl ReplayState {
crates/amun-replay-engine/src/state.rs:61:mod tests {
crates/amun-replay-engine/src/state.rs:62:    use super::*;
crates/amun-replay-engine/src/state.rs:63:    use amun_constitutional::ReplayDomain;
crates/amun-replay-engine/src/temporal_drift.rs:10:use amun_constitutional::kernel_types::ConstitutionalHash;
crates/amun-replay-engine/src/temporal_drift.rs:111:impl CompatibilityDecaySurface {
crates/amun-replay-engine/src/temporal_drift.rs:131:#[derive(Debug, Clone, PartialEq, Eq)]
crates/amun-replay-engine/src/temporal_drift.rs:141:impl TemporalAttributionLineage {
crates/amun-replay-engine/src/temporal_drift.rs:161:#[derive(Debug, Clone, PartialEq, Eq)]
crates/amun-replay-engine/src/temporal_drift.rs:171:impl EpochContainmentZone {
crates/amun-replay-engine/src/temporal_drift.rs:185:mod tests {
crates/amun-replay-engine/src/temporal_drift.rs:186:    use super::*;
crates/amun-replay-engine/src/temporal_drift.rs:18:#[derive(Debug, Clone, PartialEq, Eq)]
crates/amun-replay-engine/src/temporal_drift.rs:231:        assert!(!boundary.is_derivable(80)); // too old to derive from
crates/amun-replay-engine/src/temporal_drift.rs:33:impl TemporalDriftBoundary {
crates/amun-replay-engine/src/temporal_drift.rs:65:#[derive(Debug, Clone, PartialEq, Eq)]
crates/amun-replay-engine/src/temporal_drift.rs:75:impl HistoricalWeightNeutralizer {
crates/amun-replay-engine/src/temporal_drift.rs:99:#[derive(Debug, Clone, PartialEq, Eq)]
crates/amun-replay-engine/src/witness_envelope.rs:11:use amun_constitutional::prelude::*;
crates/amun-replay-engine/src/witness_envelope.rs:12:use amun_constitutional::kernel_types::ConstitutionalHash;
crates/amun-replay-engine/src/witness_envelope.rs:13:use crate::operational_hasher::OperationalHasher;
crates/amun-replay-engine/src/witness_envelope.rs:20:#[derive(Debug, Clone, PartialEq, Eq)]
crates/amun-replay-engine/src/witness_envelope.rs:48:#[derive(Debug, Clone, Copy, PartialEq, Eq)]
crates/amun-replay-engine/src/witness_envelope.rs:56:    /// Broadcast to all reachable workers (use sparingly).
crates/amun-replay-engine/src/witness_envelope.rs:60:impl WitnessEnvelope {
crates/amun-replay-engine/src/witness_envelope.rs:96:mod tests {
crates/amun-replay-engine/src/witness_envelope.rs:97:    use super::*;
crates/amun-replay-engine/src/zk_adapters.rs:109:#[derive(Debug, Clone)]
crates/amun-replay-engine/src/zk_adapters.rs:10:use amun_constitutional::kernel_types::ConstitutionalHash;
crates/amun-replay-engine/src/zk_adapters.rs:117:impl RecursiveProofBoundary {
crates/amun-replay-engine/src/zk_adapters.rs:11:use amun_constitutional::ConstitutionalHasher;
crates/amun-replay-engine/src/zk_adapters.rs:140:#[derive(Debug, Clone, PartialEq, Eq)]
crates/amun-replay-engine/src/zk_adapters.rs:152:impl SelectiveRevealSurface {
crates/amun-replay-engine/src/zk_adapters.rs:17:#[derive(Debug, Clone, PartialEq, Eq)]
crates/amun-replay-engine/src/zk_adapters.rs:183:#[derive(Debug, Clone, PartialEq, Eq)]
crates/amun-replay-engine/src/zk_adapters.rs:193:impl ExternalVerifierAdapter {
crates/amun-replay-engine/src/zk_adapters.rs:208:#[derive(Debug, Clone, PartialEq, Eq)]
crates/amun-replay-engine/src/zk_adapters.rs:210:    /// The original witness hash that this ZK proof derives from.
crates/amun-replay-engine/src/zk_adapters.rs:218:impl ProofInspectabilityGuard {
crates/amun-replay-engine/src/zk_adapters.rs:230:mod tests {
crates/amun-replay-engine/src/zk_adapters.rs:231:    use super::*;
crates/amun-replay-engine/src/zk_adapters.rs:33:impl ZKWitnessEnvelope {
crates/amun-replay-engine/src/zk_adapters.rs:71:#[derive(Debug, Clone, PartialEq, Eq)]
crates/amun-replay-engine/src/zk_adapters.rs:83:impl DerivabilityCommitment {
crates/amun-replay-engine/src/zk_adapters.rs:9:use amun_constitutional::prelude::*;
crates/amun-replay-optimization/src/lib.rs:1:use sha2::{Digest, Sha256};
crates/amun-replay-optimization/src/lib.rs:24:impl ReplayCache {
crates/amun-replay-optimization/src/lib.rs:2:use std::collections::BTreeMap;
crates/amun-replay-optimization/src/lib.rs:93:impl Default for ReplayCache {
crates/amun-replay-optimization/tests/n163_replay_tests.rs:1:use amun_replay_optimization::*;
crates/amun-replay-semantics/src/lib.rs:11:#[derive(Debug, Clone, Copy, PartialEq, Eq)]
crates/amun-replay-semantics/src/lib.rs:13:impl ReplayEpoch {
crates/amun-replay-semantics/src/lib.rs:18:#[derive(Debug, Clone, PartialEq, Eq)]
crates/amun-replay-semantics/src/lib.rs:20:impl ReplayBoundary { pub fn genesis(genesis_hash: [u8; 32]) -> Self { Self { finalized_sequence: 0, boundary_chain_hash: genesis_hash, boundary_state_root: genesis_hash, epoch: ReplayEpoch::new(genesis_hash, 0, 1), replay_version: 1 } } }
crates/amun-replay-semantics/src/lib.rs:22:#[derive(Debug, Clone, PartialEq, Eq)]
crates/amun-replay-semantics/src/lib.rs:30:impl ReplayCertificate {
crates/amun-replay-semantics/src/lib.rs:46:#[derive(Debug, Clone, Copy, PartialEq, Eq)] pub enum ReplayEquivalence { Strict, Semantic, EpochBounded(ReplayEpoch) }
crates/amun-replay-semantics/src/lib.rs:47:impl ReplayEquivalence {
crates/amun-replay-semantics/src/lib.rs:53:#[derive(Debug, Clone, PartialEq, Eq)]
crates/amun-replay-semantics/src/lib.rs:64:#[derive(Debug, Clone, Copy, PartialEq, Eq)] pub enum ReplayAuthority { SelfVerification, ValidatorQuorum { required_signatures: u64 }, ConstitutionalCourt, PublicVerification }
crates/amun-replay-semantics/src/lib.rs:66:#[derive(Debug, Clone, PartialEq, Eq)]
crates/amun-replay-semantics/src/lib.rs:69:#[derive(Debug, Clone, PartialEq, Eq)]
crates/amun-replay-semantics/src/lib.rs:6:use alloc::vec::Vec;
crates/amun-replay-semantics/src/lib.rs:71:impl ReplayCheckpoint { pub fn verify(&self, boundary: &ReplayBoundary) -> bool { self.sequence >= boundary.finalized_sequence && self.certificate.verify() && self.certificate.boundary.boundary_chain_hash == boundary.boundary_chain_hash } }
crates/amun-replay-semantics/src/lib.rs:73:pub mod laws {
crates/amun-replay-semantics/src/lib.rs:74:    use super::*;
crates/amun-replay-semantics/src/lib.rs:7:use sha2::{Sha256, Digest};
crates/amun-replay-semantics/src/lib.rs:83:mod tests {
crates/amun-replay-semantics/src/lib.rs:84:    use super::*;
crates/amun-replay-semantics/src/lib.rs:9:#[derive(Debug, Clone, Copy, PartialEq, Eq)] pub enum ReplayDomain { Consensus, Execution, FullSystem, Governance, Transcript }
crates/amun-replay-store/src/lib.rs:16:impl ReplayRecord {
crates/amun-replay-store/src/lib.rs:1:use blake3::Hasher;
crates/amun-replay-store/src/lib.rs:2:use serde::{Deserialize, Serialize};
crates/amun-replay-store/src/lib.rs:35:impl ReplayStore {
crates/amun-replay-store/src/lib.rs:3:use std::fs;
crates/amun-replay-store/src/lib.rs:4:use std::path::Path;
crates/amun-replay-store/src/lib.rs:7:#[derive(Debug, Clone, Serialize, Deserialize, PartialEq)]
crates/amun-replay-store/src/lib.rs:85:mod tests {
crates/amun-replay-store/src/lib.rs:86:    use super::*;
crates/amun-replay-store/src/lib.rs:87:    use std::fs;
crates/amun-replay-verifier/src/lib.rs:32:pub mod replay_verifier;
crates/amun-replay-verifier/src/lib.rs:33:pub use replay_verifier::*;
crates/amun-replay-verifier/src/replay_verifier.rs:10:use amun_vm_kernel::execution_context::ExecutionContext;
crates/amun-replay-verifier/src/replay_verifier.rs:120:mod tests {
crates/amun-replay-verifier/src/replay_verifier.rs:121:    use super::*;
crates/amun-replay-verifier/src/replay_verifier.rs:122:    use amun_bytecode::opcodes::OpCode;
crates/amun-replay-verifier/src/replay_verifier.rs:123:    use amun_resource_core::ResourceId;
crates/amun-replay-verifier/src/replay_verifier.rs:12:#[derive(Debug, Clone, PartialEq, Eq)]
crates/amun-replay-verifier/src/replay_verifier.rs:1:use amun_bytecode::program::ConstitutionalProgram;
crates/amun-replay-verifier/src/replay_verifier.rs:2:use amun_constitutional_runtime::runtime_pipeline::{ConstitutionalRuntime, PipelineResult};
crates/amun-replay-verifier/src/replay_verifier.rs:30:impl ReplayVerifier {
crates/amun-replay-verifier/src/replay_verifier.rs:3:use amun_invariant_engine::invariant_types::InvariantDeclaration;
crates/amun-replay-verifier/src/replay_verifier.rs:4:use amun_proof_archive::hot_store::HotProofStore;
crates/amun-replay-verifier/src/replay_verifier.rs:5:use amun_proof_archive::proof_archive::ProofArchive;
crates/amun-replay-verifier/src/replay_verifier.rs:6:use amun_resource_core::{
crates/amun-replay-verifier/src/replay_verifier.rs:9:use amun_transition_proof::transition_proof::TransitionProof;
crates/amun-replay/src/certificate.rs:123:mod tests {
crates/amun-replay/src/certificate.rs:124:    use super::*;
crates/amun-replay/src/certificate.rs:125:    use crate::commit_log::StateCommit;
crates/amun-replay/src/certificate.rs:126:    use crate::validation::{ReplayResult, ReplayValidator};
crates/amun-replay/src/certificate.rs:17:impl ReplayCertificate {
crates/amun-replay/src/certificate.rs:1:use crate::validation::ReplayResult;
crates/amun-replay/src/certificate.rs:2:use blake3::Hasher;
crates/amun-replay/src/certificate.rs:3:use std::collections::HashMap;
crates/amun-replay/src/certificate.rs:5:#[derive(Debug, Clone, PartialEq, Eq)]
crates/amun-replay/src/certificate.rs:80:#[derive(Debug, Clone, Default)]
crates/amun-replay/src/certificate.rs:86:impl ReplayCertificateStore {
crates/amun-replay/src/commit_log.rs:14:impl StateCommit {
crates/amun-replay/src/commit_log.rs:1:use blake3::Hasher;
crates/amun-replay/src/commit_log.rs:28:#[derive(Debug, Clone, Default)]
crates/amun-replay/src/commit_log.rs:33:impl CommitLog {
crates/amun-replay/src/commit_log.rs:4:#[derive(Debug, Clone, PartialEq, Eq)]
crates/amun-replay/src/commit_log.rs:82:mod tests {
crates/amun-replay/src/commit_log.rs:83:    use super::*;
crates/amun-replay/src/lib.rs:32:pub mod certificate;
crates/amun-replay/src/lib.rs:33:pub mod commit_log;
crates/amun-replay/src/lib.rs:34:pub mod validation;
crates/amun-replay/src/lib.rs:36:pub use certificate::{ReplayCertificate, ReplayCertificateStore};
crates/amun-replay/src/lib.rs:37:pub use commit_log::{CommitLog, StateCommit};
crates/amun-replay/src/lib.rs:38:pub use validation::{ReplayResult, ReplayValidator};
crates/amun-replay/src/lib.rs:39:pub mod store;
crates/amun-replay/src/lib.rs:40:pub use store::{CertificateProvider, ReplayStore};
crates/amun-replay/src/store.rs:10:impl ReplayStore {
crates/amun-replay/src/store.rs:1:use amun_constitutional_state::ReplayCertificate;
crates/amun-replay/src/store.rs:2:use std::collections::BTreeMap;
crates/amun-replay/src/store.rs:44:impl Default for ReplayStore {
crates/amun-replay/src/store.rs:51:pub trait CertificateProvider {
crates/amun-replay/src/store.rs:55:impl CertificateProvider for ReplayStore {
crates/amun-replay/src/store.rs:62:mod tests {
crates/amun-replay/src/store.rs:63:    use super::*;
crates/amun-replay/src/store.rs:64:    use amun_constitutional_state::ConstitutionalStateRuntime;
crates/amun-replay/src/validation.rs:11:impl ReplayResult {
crates/amun-replay/src/validation.rs:1:use crate::commit_log::{CommitLog, StateCommit};
crates/amun-replay/src/validation.rs:33:impl ReplayValidator {
crates/amun-replay/src/validation.rs:3:#[derive(Debug, Clone, PartialEq, Eq)]
crates/amun-replay/src/validation.rs:57:mod tests {
crates/amun-replay/src/validation.rs:58:    use super::*;
crates/amun-resource-core/src/lib.rs:32:mod resource_id;
crates/amun-resource-core/src/lib.rs:33:pub mod resource_lineage;
crates/amun-resource-core/src/lib.rs:34:pub mod resource_registry;
crates/amun-resource-core/src/lib.rs:35:pub mod transformation_matrix;
crates/amun-resource-core/src/lib.rs:37:pub use resource_id::*;
crates/amun-resource-core/src/lib.rs:38:pub use resource_lineage::*;
crates/amun-resource-core/src/lib.rs:39:pub use resource_registry::*;
crates/amun-resource-core/src/lib.rs:40:pub use transformation_matrix::*;
crates/amun-resource-core/src/resource_id.rs:10:impl ResourceId {
crates/amun-resource-core/src/resource_id.rs:1:use blake3::Hasher;
crates/amun-resource-core/src/resource_id.rs:42:impl serde::Serialize for ResourceId {
crates/amun-resource-core/src/resource_id.rs:48:impl<'de> serde::Deserialize<'de> for ResourceId {
crates/amun-resource-core/src/resource_id.rs:61:impl std::fmt::Display for ResourceId {
crates/amun-resource-core/src/resource_id.rs:7:#[derive(Debug, Clone, Copy, PartialEq, Eq, PartialOrd, Ord, Hash)]
crates/amun-resource-core/src/resource_lineage.rs:17:/// Tracks how a resource was derived from its parents.
crates/amun-resource-core/src/resource_lineage.rs:18:#[derive(Debug, Clone, PartialEq, Eq, Serialize, Deserialize)]
crates/amun-resource-core/src/resource_lineage.rs:1:use serde::{Deserialize, Serialize};
crates/amun-resource-core/src/resource_lineage.rs:28:impl ResourceLineage {
crates/amun-resource-core/src/resource_lineage.rs:3:use crate::ResourceId;
crates/amun-resource-core/src/resource_lineage.rs:6:#[derive(Debug, Clone, Copy, PartialEq, Eq, Serialize, Deserialize)]
crates/amun-resource-core/src/resource_registry.rs:12:        derived_children: Vec<ResourceId>,
crates/amun-resource-core/src/resource_registry.rs:146:    pub fn consume_and_derive(
crates/amun-resource-core/src/resource_registry.rs:1:use std::collections::{BTreeMap, HashSet};
crates/amun-resource-core/src/resource_registry.rs:203:            derived_children: vec![child_id],
crates/amun-resource-core/src/resource_registry.rs:26:#[derive(Debug, Clone, PartialEq, Eq, Serialize, Deserialize)]
crates/amun-resource-core/src/resource_registry.rs:285:    pub fn derive_from_collection(
crates/amun-resource-core/src/resource_registry.rs:344:mod tests {
crates/amun-resource-core/src/resource_registry.rs:345:    use super::*;
crates/amun-resource-core/src/resource_registry.rs:36:#[derive(Debug, Clone, PartialEq, Eq, Error)]
crates/amun-resource-core/src/resource_registry.rs:3:use serde::{Deserialize, Serialize};
crates/amun-resource-core/src/resource_registry.rs:408:        assert!(reg.consume_and_derive(&parent_id, child_meta).is_ok());
crates/amun-resource-core/src/resource_registry.rs:429:        assert!(reg.consume_and_derive(&parent_id, child_meta).is_err());
crates/amun-resource-core/src/resource_registry.rs:448:        assert!(reg.consume_and_derive(&a, child_b).is_ok());
crates/amun-resource-core/src/resource_registry.rs:458:        assert!(reg.consume_and_derive(&b, child_a).is_ok());
crates/amun-resource-core/src/resource_registry.rs:479:            reg.consume_and_derive(&current_parent, child_meta).unwrap();
crates/amun-resource-core/src/resource_registry.rs:59:    #[error("derived child count mismatch")]
crates/amun-resource-core/src/resource_registry.rs:5:use crate::{DerivationType, ResourceArchetype, ResourceId, ResourceLineage, TransformationMatrix};
crates/amun-resource-core/src/resource_registry.rs:65:#[derive(Debug, Clone, Default)]
crates/amun-resource-core/src/resource_registry.rs:6:use thiserror::Error;
crates/amun-resource-core/src/resource_registry.rs:73:impl ResourceRegistry {
crates/amun-resource-core/src/resource_registry.rs:8:#[derive(Debug, Clone, PartialEq, Eq, Serialize, Deserialize)]
crates/amun-resource-core/src/transformation_matrix.rs:1:use serde::{Deserialize, Serialize};
crates/amun-resource-core/src/transformation_matrix.rs:20:impl TransformationMatrix {
crates/amun-resource-core/src/transformation_matrix.rs:4:#[derive(Debug, Clone, Copy, PartialEq, Eq, Hash, Serialize, Deserialize)]
crates/amun-resource-core/tests/n130_constitutional_nft.rs:105:        reg.derive_from_collection(&col_id, child).unwrap();
crates/amun-resource-core/tests/n130_constitutional_nft.rs:136:            reg.derive_from_collection(
crates/amun-resource-core/tests/n130_constitutional_nft.rs:1:use amun_resource_core::{
crates/amun-resource-core/tests/n130_constitutional_nft.rs:37:        .derive_from_collection(&col_id, child_meta.clone())
crates/amun-resource-core/tests/n130_constitutional_nft.rs:40:    assert!(reg.derive_from_collection(&col_id, child_meta).is_err());
crates/amun-resource-core/tests/n130_constitutional_nft.rs:67:        reg.derive_from_collection(&col_id, child),
crates/amun-resource-core/tests/stress_tests.rs:119:        reg.consume_and_derive(&parent_id, child).unwrap();
crates/amun-resource-core/tests/stress_tests.rs:198:        reg.consume_and_derive(&parent_id, child).unwrap();
crates/amun-resource-core/tests/stress_tests.rs:1:use amun_resource_core::{
crates/amun-resource-core/tests/stress_tests.rs:246:        reg.consume_and_derive(&parent_id, child).unwrap();
crates/amun-resource-core/tests/stress_tests.rs:266:    let result = reg.consume_and_derive(&parent_id, new_child);
crates/amun-resource-core/tests/stress_tests.rs:5:use std::time::Instant;
crates/amun-resource-core/tests/stress_tests.rs:70:        reg.consume_and_derive(&parent_id, child).unwrap();
crates/amun-resource-core/tests/stress_tests.rs:85:    // Creates 1000 independent genesis resources, then derives one child
crates/amun-rpc/src/auth.rs:1:use blake3::Hasher;
crates/amun-rpc/src/auth.rs:2:use subtle::ConstantTimeEq;
crates/amun-rpc/src/auth.rs:8:impl AuthValidator {
crates/amun-rpc/src/client.rs:12:#[derive(Debug, Clone, serde::Serialize, serde::Deserialize)]
crates/amun-rpc/src/client.rs:1:use serde::{Deserialize, Serialize};
crates/amun-rpc/src/client.rs:21:#[derive(Debug, Serialize, Deserialize)]
crates/amun-rpc/src/client.rs:2:use std::io::{Read, Write};
crates/amun-rpc/src/client.rs:30:#[derive(Debug, Serialize, Deserialize)]
crates/amun-rpc/src/client.rs:39:#[derive(Debug, Serialize, Deserialize)]
crates/amun-rpc/src/client.rs:3:use std::net::TcpStream;
crates/amun-rpc/src/client.rs:44:#[derive(Debug, Serialize, Deserialize)]
crates/amun-rpc/src/client.rs:59:impl RpcClient {
crates/amun-rpc/src/client.rs:5:#[derive(Debug, Serialize, Deserialize)]
crates/amun-rpc/src/constitutional.rs:1:use crate::AppState;
crates/amun-rpc/src/constitutional.rs:2:use axum::{
crates/amun-rpc/src/constitutional.rs:7:use serde::Serialize;
crates/amun-rpc/src/constitutional.rs:9:#[derive(Serialize)]
crates/amun-rpc/src/faucet.rs:11:use serde::{Deserialize, Serialize};
crates/amun-rpc/src/faucet.rs:125:    use amun_transactions::{Transaction, TransactionPayload, TransferPayload};
crates/amun-rpc/src/faucet.rs:12:use std::collections::HashMap;
crates/amun-rpc/src/faucet.rs:13:use std::net::SocketAddr;
crates/amun-rpc/src/faucet.rs:14:use std::sync::Mutex;
crates/amun-rpc/src/faucet.rs:16:#[derive(Debug, Clone, Serialize, Deserialize)]
crates/amun-rpc/src/faucet.rs:21:#[derive(Debug, Clone, Serialize, Deserialize)]
crates/amun-rpc/src/faucet.rs:29:#[derive(Debug, Clone, Default)]
crates/amun-rpc/src/faucet.rs:39:#[derive(Debug, Clone, Serialize)]
crates/amun-rpc/src/faucet.rs:48:impl FaucetState {
crates/amun-rpc/src/faucet.rs:5:use axum::{
crates/amun-rpc/src/faucet.rs:89:#[derive(Clone)]
crates/amun-rpc/src/lib.rs:11:use serde::Serialize;
crates/amun-rpc/src/lib.rs:12:use std::sync::{Arc, Mutex};
crates/amun-rpc/src/lib.rs:14:#[derive(Clone)]
crates/amun-rpc/src/lib.rs:1:pub mod client;
crates/amun-rpc/src/lib.rs:201:    use amun_transactions::{Transaction, TransactionPayload, TransferPayload};
crates/amun-rpc/src/lib.rs:23:#[derive(Serialize)]
crates/amun-rpc/src/lib.rs:2:pub mod faucet;
crates/amun-rpc/src/lib.rs:32:#[derive(Serialize)]
crates/amun-rpc/src/lib.rs:332:pub mod provider;
crates/amun-rpc/src/lib.rs:3:use amun_chain_store::store::ChainStore;
crates/amun-rpc/src/lib.rs:41:#[derive(Serialize)]
crates/amun-rpc/src/lib.rs:4:use amun_consensus_network::engine::ConsensusEngine;
crates/amun-rpc/src/lib.rs:50:#[derive(Serialize)]
crates/amun-rpc/src/lib.rs:55:#[derive(Serialize)]
crates/amun-rpc/src/lib.rs:5:use axum::{
crates/amun-rpc/src/methods.rs:1:use crate::auth::AuthValidator;
crates/amun-rpc/src/methods.rs:2:use crate::types::{RpcRequest, RpcResponse};
crates/amun-rpc/src/methods.rs:9:impl RpcHandler {
crates/amun-rpc/src/monitor.rs:1:use crate::AppState;
crates/amun-rpc/src/monitor.rs:2:use axum::{extract::State, Json};
crates/amun-rpc/src/monitor.rs:3:use serde::Serialize;
crates/amun-rpc/src/monitor.rs:5:#[derive(Serialize)]
crates/amun-rpc/src/openapi.rs:1:use utoipa::OpenApi;
crates/amun-rpc/src/openapi.rs:3:#[derive(OpenApi)]
crates/amun-rpc/src/provider.rs:1:use crate::client::{
crates/amun-rpc/src/provider.rs:20:impl LiveRpcProvider {
crates/amun-rpc/src/provider.rs:28:impl ChainDataProvider for LiveRpcProvider {
crates/amun-rpc/src/provider.rs:54:impl ChainDataProvider for MockProvider {
crates/amun-rpc/src/provider.rs:6:pub trait ChainDataProvider: Send + Sync {
crates/amun-rpc/src/types.rs:11:#[derive(Debug, Clone, Serialize, Deserialize)]
crates/amun-rpc/src/types.rs:1:use serde::{Deserialize, Serialize};
crates/amun-rpc/src/types.rs:21:#[derive(Debug, Clone, Serialize, Deserialize)]
crates/amun-rpc/src/types.rs:27:impl RpcResponse {
crates/amun-rpc/src/types.rs:3:#[derive(Debug, Clone, Serialize, Deserialize)]
crates/amun-runtime-adapter/src/lib.rs:1:#[cfg(test)] mod tests {}
crates/amun-runtime-law/src/law.rs:3:impl RuntimeLaw {
crates/amun-runtime-law/src/lib.rs:1:pub mod law;
crates/amun-runtime-law/src/lib.rs:2:pub use law::RuntimeLaw;
crates/amun-runtime/src/account.rs:13:impl AccountState {
crates/amun-runtime/src/account.rs:1:use amun_failure::{ConstitutionalFault, FailureContext};
crates/amun-runtime/src/account.rs:2:use amun_kernel_types::{Amount, Nonce, PublicHash32};
crates/amun-runtime/src/account.rs:4:#[derive(Clone, Debug, PartialEq, Eq)]
crates/amun-runtime/src/executor.rs:1:use crate::overlay::OverlayState;
crates/amun-runtime/src/executor.rs:2:use amun_failure::AmunResult;
crates/amun-runtime/src/executor.rs:3:use heapless::Vec;
crates/amun-runtime/src/executor.rs:7:impl AtomicExecutor {
crates/amun-runtime/src/journal.rs:1:use amun_failure::{ConstitutionalFault, FailureContext};
crates/amun-runtime/src/journal.rs:25:impl ExecutionJournal {
crates/amun-runtime/src/journal.rs:2:use amun_kernel_types::PublicHash32;
crates/amun-runtime/src/journal.rs:3:use heapless::Vec;
crates/amun-runtime/src/journal.rs:5:#[derive(Clone, Debug, PartialEq, Eq)]
crates/amun-runtime/src/journal.rs:87:impl Default for ExecutionJournal {
crates/amun-runtime/src/lib.rs:10:pub use executor::AtomicExecutor;
crates/amun-runtime/src/lib.rs:11:pub use journal::ExecutionJournal;
crates/amun-runtime/src/lib.rs:12:pub use overlay::OverlayState;
crates/amun-runtime/src/lib.rs:15:mod tests;
crates/amun-runtime/src/lib.rs:4:pub mod account;
crates/amun-runtime/src/lib.rs:5:pub mod executor;
crates/amun-runtime/src/lib.rs:6:pub mod journal;
crates/amun-runtime/src/lib.rs:7:pub mod overlay;
crates/amun-runtime/src/lib.rs:9:pub use account::AccountState;
crates/amun-runtime/src/overlay.rs:13:impl OverlayState {
crates/amun-runtime/src/overlay.rs:1:use amun_failure::AmunResult;
crates/amun-runtime/src/overlay.rs:2:use heapless::Vec;
crates/amun-runtime/src/overlay.rs:75:impl Default for OverlayState {
crates/amun-safety-laws/src/equivocation.rs:10:impl EquivocationEvidence {
crates/amun-safety-laws/src/equivocation.rs:1:use amun_consensus_messages::{ConsensusPhase, ConsensusVote};
crates/amun-safety-laws/src/equivocation.rs:2:use std::collections::BTreeMap;
crates/amun-safety-laws/src/equivocation.rs:4:#[derive(Debug, Clone)]
crates/amun-safety-laws/src/lib.rs:1:pub mod equivocation;
crates/amun-safety-laws/src/lib.rs:2:pub mod uniqueness;
crates/amun-safety-laws/src/lib.rs:4:pub use equivocation::{detect_equivocation, EquivocationEvidence};
crates/amun-safety-laws/src/lib.rs:5:pub use uniqueness::check_vote_uniqueness;
crates/amun-safety-laws/src/slash.rs:10:impl SlashingCondition {
crates/amun-safety-laws/src/slash.rs:1:use crate::equivocation::EquivocationProof;
crates/amun-safety-laws/src/slash.rs:4:#[derive(Debug, Clone)]
crates/amun-safety-laws/src/uniqueness.rs:1:use amun_consensus_messages::ConsensusVote;
crates/amun-safety-laws/src/uniqueness.rs:2:use std::collections::HashSet;
crates/amun-scheduler/src/lib.rs:1:pub mod priority;
crates/amun-scheduler/src/lib.rs:2:pub use priority::{ConstitutionalScheduler, TaskPriority};
crates/amun-scheduler/src/priority.rs:16:impl Default for ConstitutionalScheduler {
crates/amun-scheduler/src/priority.rs:1:#[derive(Clone, Copy, Debug, PartialEq, Eq, PartialOrd, Ord)]
crates/amun-scheduler/src/priority.rs:22:impl ConstitutionalScheduler {
crates/amun-sdk-layer/src/charity_api.rs:1:use amun_kernel_types::PublicHash32;
crates/amun-sdk-layer/src/charity_api.rs:2:use amun_ntr::charity::CharityDistributor;
crates/amun-sdk-layer/src/charity_api.rs:3:use crate::types::SdkResult;
crates/amun-sdk-layer/src/charity_api.rs:9:impl CharityApi {
crates/amun-sdk-layer/src/governance_api.rs:1:use amun_governance::proposal::{Proposal, ProposalType};
crates/amun-sdk-layer/src/governance_api.rs:2:use crate::types::SdkResult;
crates/amun-sdk-layer/src/governance_api.rs:9:impl GovernanceApi {
crates/amun-sdk-layer/src/sandbox.rs:18:impl Sandbox {
crates/amun-sdk-layer/src/sandbox.rs:1:use crate::token_api::TokenApi;
crates/amun-sdk-layer/src/sandbox.rs:2:use crate::staking_api::StakingApi;
crates/amun-sdk-layer/src/sandbox.rs:3:use crate::governance_api::GovernanceApi;
crates/amun-sdk-layer/src/sandbox.rs:4:use crate::charity_api::CharityApi;
crates/amun-sdk-layer/src/sandbox.rs:5:use crate::treasury_api::TreasuryApi;
crates/amun-sdk-layer/src/sandbox.rs:6:use amun_ntr::NtrToken;
crates/amun-sdk-layer/src/sandbox.rs:7:use crate::types::SdkResult;
crates/amun-sdk-layer/src/staking_api.rs:13:impl StakingApi {
crates/amun-sdk-layer/src/staking_api.rs:1:use amun_kernel_types::PublicKey;
crates/amun-sdk-layer/src/staking_api.rs:2:use amun_staking::validator::ValidatorRegistry;
crates/amun-sdk-layer/src/staking_api.rs:3:use amun_staking::delegation::DelegationManager;
crates/amun-sdk-layer/src/staking_api.rs:4:use amun_staking::slashing::SlashingConditions;
crates/amun-sdk-layer/src/staking_api.rs:5:use crate::types::SdkResult;
crates/amun-sdk-layer/src/tests.rs:2:    use crate::*;
crates/amun-sdk-layer/src/token_api.rs:1:use amun_ntr::NtrToken;
crates/amun-sdk-layer/src/token_api.rs:2:use crate::types::SdkResult;
crates/amun-sdk-layer/src/token_api.rs:6:impl TokenApi {
crates/amun-sdk-layer/src/transaction_builder.rs:1:use amun_kernel_types::{PublicHash32, PublicKey, ChainId, Nonce, Amount, Gas};
crates/amun-sdk-layer/src/transaction_builder.rs:2:use amun_transaction::tx::UnsignedTransaction;
crates/amun-sdk-layer/src/transaction_builder.rs:3:use crate::types::SdkResult;
crates/amun-sdk-layer/src/transaction_builder.rs:7:impl TransactionBuilder {
crates/amun-sdk-layer/src/treasury_api.rs:1:use amun_ntr::treasury::AmungoldTreasury;
crates/amun-sdk-layer/src/treasury_api.rs:2:use crate::types::SdkResult;
crates/amun-sdk-layer/src/treasury_api.rs:8:impl TreasuryApi {
crates/amun-sdk-layer/src/types.rs:11:#[derive(Clone, Debug)]
crates/amun-sdk-layer/src/types.rs:18:impl<T> SdkResult<T> {
crates/amun-sdk-layer/src/types.rs:1:use amun_kernel_types::PublicHash32;
crates/amun-sdk-layer/src/types.rs:3:#[derive(Clone, Debug)]
crates/amun-self-preservation/src/action_principle.rs:13:impl Default for ConstitutionalAction {
crates/amun-self-preservation/src/action_principle.rs:19:impl ConstitutionalAction {
crates/amun-self-preservation/src/action_principle.rs:1:use amun_constitutional_geometry::directed_metric::DirectedMetric;
crates/amun-self-preservation/src/action_principle.rs:2:use std::cmp::Ordering;
crates/amun-self-preservation/src/action_principle.rs:49:impl LeastInvariantViolation {
crates/amun-self-preservation/src/action_principle.rs:4:#[derive(Debug, Clone)]
crates/amun-self-preservation/src/consistency.rs:15:#[derive(Debug, Clone, PartialEq, Eq)]
crates/amun-self-preservation/src/consistency.rs:17:    /// The constitution has entered a state where it cannot
crates/amun-self-preservation/src/consistency.rs:1:use super::legitimacy_guards::LegitimacyGuard;
crates/amun-self-preservation/src/consistency.rs:2:use super::phase_transitions::PhaseTransition;
crates/amun-self-preservation/src/consistency.rs:32:impl MetaConsistency {
crates/amun-self-preservation/src/consistency.rs:3:use super::self_modeling::SelfModel;
crates/amun-self-preservation/src/consistency.rs:7:/// where it can no longer prove its own legitimacy.
crates/amun-self-preservation/src/consistency.rs:8:#[derive(Debug, Clone)]
crates/amun-self-preservation/src/legitimacy_guards.rs:12:#[derive(Debug, Clone, PartialEq, Eq)]
crates/amun-self-preservation/src/legitimacy_guards.rs:24:#[derive(Debug, Clone, PartialEq, Eq)]
crates/amun-self-preservation/src/legitimacy_guards.rs:37:impl LegitimacyGuard {
crates/amun-self-preservation/src/legitimacy_guards.rs:3:#[derive(Debug, Clone)]
crates/amun-self-preservation/src/lib.rs:10:pub mod consistency;
crates/amun-self-preservation/src/lib.rs:11:pub mod legitimacy_guards;
crates/amun-self-preservation/src/lib.rs:12:pub mod phase_transitions;
crates/amun-self-preservation/src/lib.rs:13:pub mod self_modeling;
crates/amun-self-preservation/src/lib.rs:15:pub use action_principle::{ConstitutionalAction, LeastInvariantViolation};
crates/amun-self-preservation/src/lib.rs:16:pub use consistency::{ConsistencyViolation, MetaConsistency};
crates/amun-self-preservation/src/lib.rs:17:pub use legitimacy_guards::{GuardViolation, LegitimacyGuard};
crates/amun-self-preservation/src/lib.rs:18:pub use phase_transitions::{PhaseTransition, TransitionType};
crates/amun-self-preservation/src/lib.rs:19:pub use self_modeling::{SelfModel, SelfReferenceGuard};
crates/amun-self-preservation/src/lib.rs:9:pub mod action_principle;
crates/amun-self-preservation/src/phase_transitions.rs:1:use amun_constitutional_geometry::emergent_horizons::SingularityType;
crates/amun-self-preservation/src/phase_transitions.rs:24:#[derive(Debug, Clone, PartialEq)]
crates/amun-self-preservation/src/phase_transitions.rs:36:impl PhaseTransition {
crates/amun-self-preservation/src/phase_transitions.rs:6:#[derive(Debug, Clone)]
crates/amun-self-preservation/src/self_modeling.rs:18:impl SelfModel {
crates/amun-self-preservation/src/self_modeling.rs:46:impl SelfReferenceGuard {
crates/amun-self-preservation/src/self_modeling.rs:4:#[derive(Debug, Clone)]
crates/amun-serialization-audit/src/lib.rs:1:pub mod verifier;
crates/amun-serialization-audit/src/lib.rs:2:pub use verifier::SerializationVerifier;
crates/amun-serialization-audit/src/verifier.rs:1:use amun_canonical::{CanonicalEncoder, SchemaVersion};
crates/amun-serialization-audit/src/verifier.rs:5:impl SerializationVerifier {
crates/amun-signature-engine/src/lib.rs:1:pub mod transcript;
crates/amun-signature-engine/src/lib.rs:2:pub mod verifier;
crates/amun-signature-engine/src/lib.rs:4:pub use transcript::signing_transcript;
crates/amun-signature-engine/src/lib.rs:5:pub use verifier::SignatureVerifier;
crates/amun-signature-engine/src/transcript.rs:1:use amun_consensus_signatures::SignatureDomain;
crates/amun-signature-engine/src/verifier.rs:1:use crate::transcript::signing_transcript;
crates/amun-signature-engine/src/verifier.rs:2:use amun_consensus_signatures::SignatureDomain;
crates/amun-signature-engine/src/verifier.rs:3:use amun_crypto::Ed25519Signer;
crates/amun-signature-engine/src/verifier.rs:7:impl SignatureVerifier {
crates/amun-smt/src/canonical_model.rs:11:#[derive(Debug, Clone)]
crates/amun-smt/src/canonical_model.rs:16:impl CanonicalModel {
crates/amun-smt/src/canonical_model.rs:1:use std::collections::BTreeMap;
crates/amun-smt/src/canonical_model.rs:2:use crate::{Key256, SparseMerkleTree};
crates/amun-smt/src/canonical_model.rs:3:use crate::error::SmtError;
crates/amun-smt/src/canonical_model.rs:5:#[derive(Debug, Clone, PartialEq, Eq)]
crates/amun-smt/src/context.rs:14:impl Context {
crates/amun-smt/src/context.rs:3:use std::collections::HashMap;
crates/amun-smt/src/context.rs:4:use std::sync::Arc;
crates/amun-smt/src/context.rs:5:use crate::node::Node;
crates/amun-smt/src/context.rs:6:use crate::hash::Hash;
crates/amun-smt/src/context.rs:7:use crate::error::SmtError;
crates/amun-smt/src/error.rs:3:#[derive(Debug, Clone, PartialEq, Eq, thiserror::Error)]
crates/amun-smt/src/hash.rs:17:#[derive(Debug, Clone, Copy, PartialEq, Eq, Hash, PartialOrd, Ord)]
crates/amun-smt/src/hash.rs:20:impl Hash {
crates/amun-smt/src/hash.rs:67:/// First bit index where two hashes differ (0..256).
crates/amun-smt/src/hash.rs:9:pub mod domain {
crates/amun-smt/src/lib.rs:21:pub mod hash;
crates/amun-smt/src/lib.rs:22:pub mod node;
crates/amun-smt/src/lib.rs:23:pub mod tree;
crates/amun-smt/src/lib.rs:24:pub mod proof;
crates/amun-smt/src/lib.rs:25:pub mod validator;
crates/amun-smt/src/lib.rs:26:pub mod canonical_model;
crates/amun-smt/src/lib.rs:27:pub mod context;
crates/amun-smt/src/lib.rs:28:pub mod error;
crates/amun-smt/src/lib.rs:30:pub use tree::{Key256, SparseMerkleTree, StateRoot};
crates/amun-smt/src/lib.rs:31:pub use hash::Hash;
crates/amun-smt/src/lib.rs:32:pub use node::{Node, EMPTY_NODE_HASH};
crates/amun-smt/src/lib.rs:33:pub use proof::{AbsenceReason, LeafWitness, MerkleProof, ProofStep};
crates/amun-smt/src/lib.rs:34:pub use validator::validate_tree;
crates/amun-smt/src/lib.rs:35:pub use context::Context;
crates/amun-smt/src/lib.rs:36:pub use error::SmtError;
crates/amun-smt/src/node.rs:13:use crate::hash::Hash;
crates/amun-smt/src/node.rs:14:use once_cell::sync::Lazy;
crates/amun-smt/src/node.rs:19:#[derive(Debug, Clone, PartialEq, Eq)]
crates/amun-smt/src/node.rs:37:impl Node {
crates/amun-smt/src/proof.rs:14:#[derive(Debug, Clone, Copy, PartialEq, Eq)]
crates/amun-smt/src/proof.rs:20:#[derive(Debug, Clone, PartialEq, Eq)]
crates/amun-smt/src/proof.rs:28:#[derive(Debug, Clone, PartialEq, Eq)]
crates/amun-smt/src/proof.rs:44:#[derive(Debug, Clone, PartialEq, Eq)]
crates/amun-smt/src/proof.rs:55:#[derive(Debug, Clone, PartialEq, Eq)]
crates/amun-smt/src/proof.rs:67:impl MerkleProof {
crates/amun-smt/src/proof.rs:6:use crate::hash::Hash;
crates/amun-smt/src/proof.rs:7:use crate::node::EMPTY_NODE_HASH;
crates/amun-smt/src/proof.rs:8:use crate::error::SmtError;
crates/amun-smt/src/tree.rs:18:use std::collections::BTreeMap;
crates/amun-smt/src/tree.rs:19:use crate::hash::{
crates/amun-smt/src/tree.rs:22:use crate::node::{Node, EMPTY_NODE_HASH};
crates/amun-smt/src/tree.rs:23:use crate::context::Context;
crates/amun-smt/src/tree.rs:24:use crate::error::SmtError;
crates/amun-smt/src/tree.rs:25:use crate::proof::{AbsenceReason, LeafWitness, MerkleProof, ProofStep};
crates/amun-smt/src/tree.rs:28:#[derive(Debug, Clone, Copy, PartialEq, Eq, PartialOrd, Ord, Hash)]
crates/amun-smt/src/tree.rs:32:#[derive(Debug, Clone, Copy, PartialEq, Eq, Hash)]
crates/amun-smt/src/tree.rs:41:impl SparseMerkleTree {
crates/amun-smt/src/validator.rs:10:use crate::error::SmtError;
crates/amun-smt/src/validator.rs:7:use crate::hash::{Hash, bit, max_skip_len};
crates/amun-smt/src/validator.rs:8:use crate::node::{Node, EMPTY_NODE_HASH};
crates/amun-smt/src/validator.rs:9:use crate::context::Context;
crates/amun-smt/tests/determinism.rs:1:use amun_smt::*;
crates/amun-smt/tests/determinism.rs:2:use rand::Rng;
crates/amun-smt/tests/determinism.rs:3:use rand::seq::SliceRandom;
crates/amun-smt/tests/determinism.rs:5:fn random_key(rng: &mut impl Rng) -> Key256 {
crates/amun-smt/tests/differential.rs:1:use amun_smt::*;
crates/amun-smt/tests/differential.rs:2:use amun_smt::canonical_model::{CanonicalModel, assert_equivalent};
crates/amun-smt/tests/exhaustive.rs:1:use amun_smt::*;
crates/amun-smt/tests/exhaustive.rs:2:use amun_smt::canonical_model::{CanonicalModel, assert_equivalent};
crates/amun-smt/tests/fuzz.rs:1:use proptest::prelude::*;
crates/amun-smt/tests/fuzz.rs:2:use amun_smt::*;
crates/amun-smt/tests/fuzz.rs:3:use std::collections::BTreeSet;
crates/amun-smt/tests/fuzz.rs:5:fn arb_key() -> impl Strategy<Value = Key256> {
crates/amun-smt/tests/identity_laws.rs:1:use amun_smt::*;
crates/amun-smt/tests/identity_laws.rs:2:use amun_smt::canonical_model::{CanonicalModel, assert_equivalent};
crates/amun-smt/tests/proofs.rs:1:use amun_smt::*;
crates/amun-smt/tests/proofs.rs:2:use rand::Rng;
crates/amun-smt/tests/proofs.rs:4:fn random_key(rng: &mut impl Rng) -> Key256 {
crates/amun-smt/tests/validator.rs:1:use amun_smt::*;
crates/amun-smt/tests/validator.rs:2:use rand::Rng;
crates/amun-snapshot-constitution/src/export.rs:1:use crate::snapshot::{CanonicalSnapshot, SnapshotError, SnapshotExecutionContext};
crates/amun-snapshot-constitution/src/export.rs:2:use amun_chain_position::ChainPosition;
crates/amun-snapshot-constitution/src/export.rs:3:use amun_state_transition::StateMachine;
crates/amun-snapshot-constitution/src/import.rs:1:use crate::snapshot::{CanonicalSnapshot, SnapshotExecutionContext};
crates/amun-snapshot-constitution/src/import.rs:2:use amun_deterministic_allocator::DeterministicMap;
crates/amun-snapshot-constitution/src/import.rs:3:use amun_state_transition::StateMachine;
crates/amun-snapshot-constitution/src/lib.rs:1:pub mod export;
crates/amun-snapshot-constitution/src/lib.rs:2:pub mod import;
crates/amun-snapshot-constitution/src/lib.rs:3:pub mod snapshot;
crates/amun-snapshot-constitution/src/lib.rs:5:pub use export::export_snapshot;
crates/amun-snapshot-constitution/src/lib.rs:6:pub use import::import_snapshot;
crates/amun-snapshot-constitution/src/lib.rs:7:pub use snapshot::{CanonicalSnapshot, SnapshotError, SnapshotExecutionContext};
crates/amun-snapshot-constitution/src/snapshot.rs:15:#[derive(Debug, Clone)]
crates/amun-snapshot-constitution/src/snapshot.rs:1:use amun_chain_position::ChainPosition;
crates/amun-snapshot-constitution/src/snapshot.rs:25:impl SnapshotExecutionContext {
crates/amun-snapshot-constitution/src/snapshot.rs:2:use blake3::Hasher;
crates/amun-snapshot-constitution/src/snapshot.rs:48:#[derive(Debug, Clone)]
crates/amun-snapshot-constitution/src/snapshot.rs:4:#[derive(Debug)]
crates/amun-snapshot-constitution/src/snapshot.rs:59:impl CanonicalSnapshot {
crates/amun-snapshot-engine-unified/src/lib.rs:16:impl Snapshot {
crates/amun-snapshot-engine-unified/src/lib.rs:1:use amun_persistence::PersistentState;
crates/amun-snapshot-engine-unified/src/lib.rs:2:use serde::{Deserialize, Serialize};
crates/amun-snapshot-engine-unified/src/lib.rs:33:impl SnapshotManager {
crates/amun-snapshot-engine-unified/src/lib.rs:3:use std::fs;
crates/amun-snapshot-engine-unified/src/lib.rs:4:use std::path::Path;
crates/amun-snapshot-engine-unified/src/lib.rs:70:mod tests {
crates/amun-snapshot-engine-unified/src/lib.rs:71:    use super::*;
crates/amun-snapshot-engine-unified/src/lib.rs:72:    use std::fs;
crates/amun-snapshot-engine-unified/src/lib.rs:7:#[derive(Debug, Clone, Serialize, Deserialize, PartialEq)]
crates/amun-snapshot-engine/src/byzantine_sync.rs:13:#[derive(Debug, Clone, PartialEq, Eq)]
crates/amun-snapshot-engine/src/byzantine_sync.rs:1:use super::constitutional_identity::ConstitutionalIdentity;
crates/amun-snapshot-engine/src/byzantine_sync.rs:2:use super::manifest::SnapshotManifest;
crates/amun-snapshot-engine/src/byzantine_sync.rs:33:#[derive(Debug, Clone, PartialEq, Eq)]
crates/amun-snapshot-engine/src/byzantine_sync.rs:3:use std::collections::HashMap;
crates/amun-snapshot-engine/src/byzantine_sync.rs:53:impl ByzantineSyncEngine {
crates/amun-snapshot-engine/src/byzantine_sync.rs:5:#[derive(Debug, Clone, PartialEq, Eq)]
crates/amun-snapshot-engine/src/chunk.rs:108:#[derive(Debug, Clone)]
crates/amun-snapshot-engine/src/chunk.rs:117:impl ChunkIndex {
crates/amun-snapshot-engine/src/chunk.rs:17:impl SnapshotChunk {
crates/amun-snapshot-engine/src/chunk.rs:4:use super::snapshot::{SerializedNode, MAX_CHUNK_SIZE};
crates/amun-snapshot-engine/src/chunk.rs:5:use amun_canonical_codec::CanonicalHasher;
crates/amun-snapshot-engine/src/chunk.rs:60:impl ChunkBuilder {
crates/amun-snapshot-engine/src/chunk.rs:6:use amun_canonical_codec::PROTOCOL_DOMAIN_CHUNK;
crates/amun-snapshot-engine/src/chunk.rs:8:#[derive(Debug, Clone, PartialEq, Eq)]
crates/amun-snapshot-engine/src/chunk_proof.rs:12:#[derive(Debug, Clone, PartialEq, Eq)]
crates/amun-snapshot-engine/src/chunk_proof.rs:18:impl ChunkProof {
crates/amun-snapshot-engine/src/chunk_proof.rs:1:use super::chunk::SnapshotChunk;
crates/amun-snapshot-engine/src/chunk_proof.rs:2:use amun_canonical_codec::{CanonicalHasher, CanonicalReader, CanonicalWriter};
crates/amun-snapshot-engine/src/chunk_proof.rs:4:#[derive(Debug, Clone, PartialEq, Eq)]
crates/amun-snapshot-engine/src/compatibility.rs:22:#[derive(Debug, Clone, PartialEq, Eq)]
crates/amun-snapshot-engine/src/compatibility.rs:30:#[derive(Debug, Clone, PartialEq, Eq)]
crates/amun-snapshot-engine/src/compatibility.rs:51:impl CompatibilityEngine {
crates/amun-snapshot-engine/src/compatibility.rs:6:use super::constitutional_identity::ConstitutionalIdentity;
crates/amun-snapshot-engine/src/compatibility.rs:8:#[derive(Debug, Clone, PartialEq, Eq)]
crates/amun-snapshot-engine/src/constitutional_hash.rs:11:impl ConstitutionalHash {
crates/amun-snapshot-engine/src/constitutional_hash.rs:6:use amun_canonical_codec::CanonicalHasher;
crates/amun-snapshot-engine/src/constitutional_hash.rs:7:use amun_canonical_codec::PROTOCOL_DOMAIN_CONSTITUTION;
crates/amun-snapshot-engine/src/constitutional_identity.rs:19:impl ConstitutionalIdentity {
crates/amun-snapshot-engine/src/constitutional_identity.rs:1:use amun_canonical_codec::{CanonicalHasher, CanonicalReader, CanonicalWriter};
crates/amun-snapshot-engine/src/constitutional_identity.rs:2:use amun_canonical_codec::{PROTOCOL_CHAIN_ID, PROTOCOL_DOMAIN_CONSTITUTION};
crates/amun-snapshot-engine/src/constitutional_identity.rs:3:use amun_storage_kernel::SparseMerkleTree;
crates/amun-snapshot-engine/src/constitutional_identity.rs:5:#[derive(Debug, Clone, PartialEq, Eq)]
crates/amun-snapshot-engine/src/lib.rs:10:pub mod compatibility;
crates/amun-snapshot-engine/src/lib.rs:11:pub mod constitutional_hash;
crates/amun-snapshot-engine/src/lib.rs:12:pub mod constitutional_identity;
crates/amun-snapshot-engine/src/lib.rs:13:pub mod manifest;
crates/amun-snapshot-engine/src/lib.rs:14:pub mod replay_continuity;
crates/amun-snapshot-engine/src/lib.rs:15:pub mod restore;
crates/amun-snapshot-engine/src/lib.rs:16:pub mod snapshot;
crates/amun-snapshot-engine/src/lib.rs:17:pub mod structural_verifier;
crates/amun-snapshot-engine/src/lib.rs:18:pub mod transition;
crates/amun-snapshot-engine/src/lib.rs:19:pub mod traversal;
crates/amun-snapshot-engine/src/lib.rs:20:pub mod verifier;
crates/amun-snapshot-engine/src/lib.rs:22:pub use byzantine_sync::{ByzantineSyncEngine, CivilizationGroup, PeerManifest, SyncDecision};
crates/amun-snapshot-engine/src/lib.rs:23:pub use chunk::{ChunkBuilder, ChunkIndex, SnapshotChunk};
crates/amun-snapshot-engine/src/lib.rs:24:pub use chunk_proof::ChunkProof;
crates/amun-snapshot-engine/src/lib.rs:25:pub use compatibility::{
crates/amun-snapshot-engine/src/lib.rs:28:pub use constitutional_hash::ConstitutionalHash;
crates/amun-snapshot-engine/src/lib.rs:29:pub use constitutional_identity::ConstitutionalIdentity;
crates/amun-snapshot-engine/src/lib.rs:30:pub use manifest::{ManifestBuilder, SnapshotManifest};
crates/amun-snapshot-engine/src/lib.rs:31:pub use replay_continuity::{ContinuityResult, ReplayContinuityEngine};
crates/amun-snapshot-engine/src/lib.rs:32:pub use restore::{RestoreError, SnapshotRestoreEngine};
crates/amun-snapshot-engine/src/lib.rs:33:pub use snapshot::{SnapshotBuilder, SnapshotData, SnapshotHeader, SnapshotReader};
crates/amun-snapshot-engine/src/lib.rs:34:pub use structural_verifier::{StructuralError, StructuralVerifier};
crates/amun-snapshot-engine/src/lib.rs:35:pub use transition::{ConstitutionalRelationship, TransitionClassifier};
crates/amun-snapshot-engine/src/lib.rs:36:pub use traversal::{CanonicalTraversal, SerializedNode, StreamingTraversal};
crates/amun-snapshot-engine/src/lib.rs:37:pub use verifier::SnapshotVerifier;
crates/amun-snapshot-engine/src/lib.rs:7:pub mod byzantine_sync;
crates/amun-snapshot-engine/src/lib.rs:8:pub mod chunk;
crates/amun-snapshot-engine/src/lib.rs:9:pub mod chunk_proof;
crates/amun-snapshot-engine/src/manifest.rs:10:#[derive(Debug, Clone, PartialEq, Eq)]
crates/amun-snapshot-engine/src/manifest.rs:165:impl ManifestBuilder {
crates/amun-snapshot-engine/src/manifest.rs:30:impl SnapshotManifest {
crates/amun-snapshot-engine/src/manifest.rs:5:use amun_canonical_codec::PROTOCOL_DOMAIN_MANIFEST;
crates/amun-snapshot-engine/src/manifest.rs:6:use amun_canonical_codec::{CanonicalHasher, CanonicalReader, CanonicalWriter};
crates/amun-snapshot-engine/src/replay_continuity.rs:12:#[derive(Debug, Clone, PartialEq, Eq)]
crates/amun-snapshot-engine/src/replay_continuity.rs:27:impl ReplayContinuityEngine {
crates/amun-snapshot-engine/src/replay_continuity.rs:5:use super::chunk::ChunkIndex;
crates/amun-snapshot-engine/src/replay_continuity.rs:6:use super::restore::SnapshotRestoreEngine;
crates/amun-snapshot-engine/src/replay_continuity.rs:7:use amun_storage_kernel::persistence::wal::WalIterator;
crates/amun-snapshot-engine/src/replay_continuity.rs:8:use amun_storage_kernel::Key256;
crates/amun-snapshot-engine/src/restore.rs:110:#[derive(Debug, Clone, PartialEq, Eq)]
crates/amun-snapshot-engine/src/restore.rs:131:impl std::fmt::Display for RestoreError {
crates/amun-snapshot-engine/src/restore.rs:13:impl SnapshotRestoreEngine {
crates/amun-snapshot-engine/src/restore.rs:1:use amun_canonical_codec::CanonicalReader;
crates/amun-snapshot-engine/src/restore.rs:2:use amun_storage_kernel::smt::node::{Node, NodeHash};
crates/amun-snapshot-engine/src/restore.rs:3:use amun_storage_kernel::SparseMerkleTree;
crates/amun-snapshot-engine/src/restore.rs:4:use std::collections::HashMap;
crates/amun-snapshot-engine/src/restore.rs:5:use std::sync::Arc;
crates/amun-snapshot-engine/src/restore.rs:7:use super::chunk::ChunkIndex;
crates/amun-snapshot-engine/src/restore.rs:8:use super::snapshot::SerializedNode;
crates/amun-snapshot-engine/src/restore.rs:9:use super::structural_verifier::StructuralVerifier;
crates/amun-snapshot-engine/src/snapshot.rs:123:impl SnapshotBuilder {
crates/amun-snapshot-engine/src/snapshot.rs:135:#[derive(Debug, Clone)]
crates/amun-snapshot-engine/src/snapshot.rs:140:impl SnapshotData {
crates/amun-snapshot-engine/src/snapshot.rs:157:impl SnapshotReader {
crates/amun-snapshot-engine/src/snapshot.rs:1:use amun_canonical_codec::{CanonicalReader, CanonicalWriter};
crates/amun-snapshot-engine/src/snapshot.rs:22:impl SnapshotHeader {
crates/amun-snapshot-engine/src/snapshot.rs:7:#[derive(Debug, Clone, PartialEq, Eq)]
crates/amun-snapshot-engine/src/snapshot.rs:83:#[derive(Debug, Clone, PartialEq, Eq)]
crates/amun-snapshot-engine/src/snapshot.rs:91:impl SerializedNode {
crates/amun-snapshot-engine/src/structural_verifier.rs:1:use amun_storage_kernel::smt::node::{Node, NodeHash};
crates/amun-snapshot-engine/src/structural_verifier.rs:2:use amun_storage_kernel::SparseMerkleTree;
crates/amun-snapshot-engine/src/structural_verifier.rs:33:impl std::fmt::Display for StructuralError {
crates/amun-snapshot-engine/src/structural_verifier.rs:3:use std::collections::{HashMap, HashSet};
crates/amun-snapshot-engine/src/structural_verifier.rs:4:use std::sync::Arc;
crates/amun-snapshot-engine/src/structural_verifier.rs:6:#[derive(Debug, Clone, PartialEq, Eq)]
crates/amun-snapshot-engine/src/structural_verifier.rs:78:impl StructuralVerifier {
crates/amun-snapshot-engine/src/transition.rs:1:use super::compatibility::{CompatibilityEngine, CompatibilityLevel, CompatibilityMatrix};
crates/amun-snapshot-engine/src/transition.rs:21:impl TransitionClassifier {
crates/amun-snapshot-engine/src/transition.rs:2:use super::constitutional_identity::ConstitutionalIdentity;
crates/amun-snapshot-engine/src/transition.rs:4:#[derive(Debug, Clone, PartialEq, Eq)]
crates/amun-snapshot-engine/src/traversal.rs:109:impl<'a> Iterator for StreamingTraversal<'a> {
crates/amun-snapshot-engine/src/traversal.rs:16:impl CanonicalTraversal {
crates/amun-snapshot-engine/src/traversal.rs:1:use amun_storage_kernel::smt::node::{Node, NodeHash};
crates/amun-snapshot-engine/src/traversal.rs:2:use amun_storage_kernel::SparseMerkleTree;
crates/amun-snapshot-engine/src/traversal.rs:4:#[derive(Debug, Clone, PartialEq, Eq)]
crates/amun-snapshot-engine/src/traversal.rs:94:impl<'a> StreamingTraversal<'a> {
crates/amun-snapshot-engine/src/verifier.rs:12:#[derive(Debug, Clone, PartialEq, Eq)]
crates/amun-snapshot-engine/src/verifier.rs:18:impl SnapshotVerifier {
crates/amun-snapshot-engine/src/verifier.rs:5:use super::chunk::ChunkIndex;
crates/amun-snapshot-engine/src/verifier.rs:6:use super::manifest::SnapshotManifest;
crates/amun-snapshot-engine/src/verifier.rs:7:use super::snapshot::SnapshotHeader;
crates/amun-snapshot-engine/src/verifier.rs:8:use amun_storage_kernel::SparseMerkleTree;
crates/amun-snapshot-engine/tests/constitutional_tests.rs:2:mod constitutional_tests {
crates/amun-snapshot-engine/tests/constitutional_tests.rs:3:    use amun_snapshot_engine::{
crates/amun-snapshot-optimization/src/lib.rs:10:impl IncrementalSnapshot {
crates/amun-snapshot-optimization/src/lib.rs:1:use amun_resource_core::{ResourceId, ResourceMetadata, ResourceRegistry};
crates/amun-snapshot-optimization/src/lib.rs:2:use std::collections::BTreeMap;
crates/amun-snapshot-optimization/src/lib.rs:54:    // Pass 2: derive children from their parents
crates/amun-snapshot-optimization/src/lib.rs:58:            reg.consume_and_derive(&parent_id, meta.clone()).ok();
crates/amun-snapshot-optimization/tests/n162_snapshot_optimization_tests.rs:1:use amun_resource_core::{
crates/amun-snapshot-optimization/tests/n162_snapshot_optimization_tests.rs:27:        reg.derive_from_collection(
crates/amun-snapshot-optimization/tests/n162_snapshot_optimization_tests.rs:5:use amun_snapshot_optimization::*;
crates/amun-snapshot-optimization/tests/n162_snapshot_optimization_tests.rs:6:use sha2::{Digest, Sha256};
crates/amun-snapshot-optimization/tests/n162_snapshot_optimization_tests.rs:7:use std::time::Instant;
crates/amun-snapshot-optimization/tests/n162_snapshot_optimization_tests.rs:85:        reg.derive_from_collection(
crates/amun-snapshot/src/lib.rs:1:pub mod state;
crates/amun-snapshot/src/lib.rs:2:pub use state::SignedSnapshot;
crates/amun-snapshot/src/state.rs:10:impl SignedSnapshot {
crates/amun-snapshot/src/state.rs:1:use amun_crypto::Ed25519Signer;
crates/amun-soak-full/src/lib.rs:104:                match self.registry.derive_from_collection(
crates/amun-soak-full/src/lib.rs:10:use rand::Rng;
crates/amun-soak-full/src/lib.rs:11:use std::sync::{Arc, Mutex};
crates/amun-soak-full/src/lib.rs:12:use std::thread;
crates/amun-soak-full/src/lib.rs:13:use std::time::{Duration, Instant};
crates/amun-soak-full/src/lib.rs:1:use amun_bytecode::OpCode;
crates/amun-soak-full/src/lib.rs:259:impl Default for SoakValidator {
crates/amun-soak-full/src/lib.rs:25:impl Default for FullSoakConfig {
crates/amun-soak-full/src/lib.rs:2:use amun_contract_registry::ContractRegistry;
crates/amun-soak-full/src/lib.rs:3:use amun_defi_amm::AmmEngine;
crates/amun-soak-full/src/lib.rs:4:use amun_defi_lending_engine::LendingEngine;
crates/amun-soak-full/src/lib.rs:53:impl SoakValidator {
crates/amun-soak-full/src/lib.rs:5:use amun_defi_stablecoin::StablecoinEngine;
crates/amun-soak-full/src/lib.rs:6:use amun_resource_core::{
crates/amun-soak-full/tests/n165_full_soak_tests.rs:1:use amun_soak_full::*;
crates/amun-soak-test/src/lib.rs:10:use std::time::{Duration, Instant};
crates/amun-soak-test/src/lib.rs:173:impl SoakResult {
crates/amun-soak-test/src/lib.rs:179:impl Default for ValidatorSimulator {
crates/amun-soak-test/src/lib.rs:1:use amun_defi_amm::AmmEngine;
crates/amun-soak-test/src/lib.rs:20:impl ValidatorSimulator {
crates/amun-soak-test/src/lib.rs:2:use amun_defi_lending_engine::LendingEngine;
crates/amun-soak-test/src/lib.rs:3:use amun_resource_core::{
crates/amun-soak-test/src/lib.rs:7:use rand::Rng;
crates/amun-soak-test/src/lib.rs:84:                    match reg.derive_from_collection(&col_id, meta) {
crates/amun-soak-test/src/lib.rs:8:use std::sync::{Arc, Mutex};
crates/amun-soak-test/src/lib.rs:9:use std::thread;
crates/amun-soak-test/tests/n165_soak_tests.rs:1:use amun_soak_test::ValidatorSimulator;
crates/amun-staking/src/delegation.rs:18:impl Default for DelegationManager {
crates/amun-staking/src/delegation.rs:1:use amun_failure::{AmunResult, ConstitutionalFault, FailureContext};
crates/amun-staking/src/delegation.rs:5:impl DelegationManager {
crates/amun-staking/src/lib.rs:10:pub use validator::ValidatorRegistry;
crates/amun-staking/src/lib.rs:12:mod tests;
crates/amun-staking/src/lib.rs:3:pub mod delegation;
crates/amun-staking/src/lib.rs:4:pub mod slashing;
crates/amun-staking/src/lib.rs:5:pub mod unbonding;
crates/amun-staking/src/lib.rs:6:pub mod validator;
crates/amun-staking/src/lib.rs:7:pub use delegation::DelegationManager;
crates/amun-staking/src/lib.rs:8:pub use slashing::SlashingConditions;
crates/amun-staking/src/lib.rs:9:pub use unbonding::UnbondingQueue;
crates/amun-staking/src/slashing.rs:1:use amun_economics::constants::SLASHING_PENALTY_BASIS_POINTS;
crates/amun-staking/src/slashing.rs:24:impl Default for SlashingConditions {
crates/amun-staking/src/slashing.rs:6:impl SlashingConditions {
crates/amun-staking/src/tests.rs:2:use crate::*;
crates/amun-staking/src/tests.rs:3:use amun_kernel_types::PublicKey;
crates/amun-staking/src/unbonding.rs:12:impl UnbondingQueue {
crates/amun-staking/src/unbonding.rs:1:use amun_kernel_types::PublicKey;
crates/amun-staking/src/unbonding.rs:2:use heapless::Vec;
crates/amun-staking/src/unbonding.rs:33:impl Default for UnbondingQueue {
crates/amun-staking/src/validator.rs:11:impl Validator {
crates/amun-staking/src/validator.rs:1:use crate::slashing::SlashingConditions;
crates/amun-staking/src/validator.rs:26:impl ValidatorRegistry {
crates/amun-staking/src/validator.rs:2:use amun_failure::{AmunResult, ConstitutionalFault, FailureContext};
crates/amun-staking/src/validator.rs:3:use amun_kernel_types::PublicKey;
crates/amun-staking/src/validator.rs:4:use heapless::Vec;
crates/amun-staking/src/validator.rs:69:impl Default for ValidatorRegistry {
crates/amun-state-machine/src/absolute_invariants.rs:29:impl AbsoluteInvariant {
crates/amun-state-machine/src/absolute_invariants.rs:5:#[derive(Debug, Clone, Copy, PartialEq, Eq, Hash)]
crates/amun-state-machine/src/axioms.rs:30:impl ConstitutionalAxiom {
crates/amun-state-machine/src/axioms.rs:4:#[derive(Debug, Clone, PartialEq, Eq)]
crates/amun-state-machine/src/axioms.rs:53:#[derive(Debug, Clone, PartialEq, Eq)]
crates/amun-state-machine/src/axioms.rs:65:impl ConstitutionalAxiomEngine {
crates/amun-state-machine/src/causality.rs:11:#[derive(Debug, Clone, PartialEq, Eq)]
crates/amun-state-machine/src/causality.rs:16:impl Default for VectorClock {
crates/amun-state-machine/src/causality.rs:1:use std::collections::HashMap;
crates/amun-state-machine/src/causality.rs:22:impl VectorClock {
crates/amun-state-machine/src/causality.rs:55:#[derive(Debug, Clone, PartialEq, Eq)]
crates/amun-state-machine/src/causality.rs:63:impl CausalityMetadata {
crates/amun-state-machine/src/causality.rs:7:#[derive(Debug, Clone, Copy, PartialEq, Eq, PartialOrd, Ord)]
crates/amun-state-machine/src/delta_algebra.rs:1:use amun_canonical_codec::CanonicalHasher;
crates/amun-state-machine/src/delta_algebra.rs:39:impl ConstitutionalDelta {
crates/amun-state-machine/src/delta_algebra.rs:5:#[derive(Debug, Clone, PartialEq, Eq)]
crates/amun-state-machine/src/delta_laws.rs:17:impl DeltaLaw {
crates/amun-state-machine/src/delta_laws.rs:1:use super::delta_algebra::ConstitutionalDelta;
crates/amun-state-machine/src/delta_laws.rs:5:#[derive(Debug, Clone, PartialEq, Eq)]
crates/amun-state-machine/src/derivation.rs:14:#[derive(Debug, Clone, PartialEq, Eq)]
crates/amun-state-machine/src/derivation.rs:1:use super::axioms::ConstitutionalAxiom;
crates/amun-state-machine/src/derivation.rs:27:#[derive(Debug, Clone)]
crates/amun-state-machine/src/derivation.rs:33:#[derive(Debug, Clone)]
crates/amun-state-machine/src/derivation.rs:3:/// A theorem derived from constitutional axioms.
crates/amun-state-machine/src/derivation.rs:41:#[derive(Debug, Clone)]
crates/amun-state-machine/src/derivation.rs:4:#[derive(Debug, Clone, PartialEq, Eq)]
crates/amun-state-machine/src/derivation.rs:9:    pub derived_at: u64,
crates/amun-state-machine/src/engine.rs:120:impl ConstitutionalProofEngine {
crates/amun-state-machine/src/engine.rs:12:impl ConstitutionalPolicyEngine {
crates/amun-state-machine/src/engine.rs:1:use super::historical_invariants::HistoricalInvariantEngine;
crates/amun-state-machine/src/engine.rs:28:impl Default for ConstitutionalExecutionEngine {
crates/amun-state-machine/src/engine.rs:2:use super::invariants::ConstitutionalInvariant;
crates/amun-state-machine/src/engine.rs:34:impl ConstitutionalExecutionEngine {
crates/amun-state-machine/src/engine.rs:3:use super::preconditions::Precondition;
crates/amun-state-machine/src/engine.rs:4:use super::replay_log::ConstitutionalReplayDAG;
crates/amun-state-machine/src/engine.rs:5:use super::states::{ConstitutionalState, StateTag};
crates/amun-state-machine/src/engine.rs:6:use super::transitions::{Transition, TransitionAlgebra, TransitionType};
crates/amun-state-machine/src/fork_merge.rs:100:impl MergeDeclaration {
crates/amun-state-machine/src/fork_merge.rs:144:impl MergeType {
crates/amun-state-machine/src/fork_merge.rs:16:#[derive(Debug, Clone, PartialEq, Eq)]
crates/amun-state-machine/src/fork_merge.rs:1:use amun_canonical_codec::CanonicalHasher;
crates/amun-state-machine/src/fork_merge.rs:28:impl ForkDeclaration {
crates/amun-state-machine/src/fork_merge.rs:4:#[derive(Debug, Clone, PartialEq, Eq)]
crates/amun-state-machine/src/fork_merge.rs:65:impl ForkType {
crates/amun-state-machine/src/fork_merge.rs:77:#[derive(Debug, Clone, PartialEq, Eq)]
crates/amun-state-machine/src/fork_merge.rs:90:#[derive(Debug, Clone, PartialEq, Eq)]
crates/amun-state-machine/src/formal_entropy.rs:15:#[derive(Debug, Clone)]
crates/amun-state-machine/src/formal_entropy.rs:21:#[derive(Debug, Clone, PartialEq, Eq)]
crates/amun-state-machine/src/formal_entropy.rs:34:#[derive(Debug, Clone)]
crates/amun-state-machine/src/formal_entropy.rs:37:impl EntropyConservationLaws {
crates/amun-state-machine/src/formal_entropy.rs:3:#[derive(Debug, Clone)]
crates/amun-state-machine/src/formal_entropy.rs:57:#[derive(Debug, Clone)]
crates/amun-state-machine/src/formal_entropy.rs:64:impl Default for EntropyCollapseThreshold {
crates/amun-state-machine/src/historical_invariants.rs:23:impl HistoricalInvariant {
crates/amun-state-machine/src/historical_invariants.rs:2:#[derive(Debug, Clone, PartialEq, Eq)]
crates/amun-state-machine/src/historical_invariants.rs:76:#[derive(Debug, Clone)]
crates/amun-state-machine/src/historical_invariants.rs:85:impl Default for HistoricalInvariantEngine {
crates/amun-state-machine/src/historical_invariants.rs:91:impl HistoricalInvariantEngine {
crates/amun-state-machine/src/impossibility.rs:19:impl ImpossibilityProof {
crates/amun-state-machine/src/impossibility.rs:1:use super::states::StateTag;
crates/amun-state-machine/src/impossibility.rs:2:use super::transitions::TransitionType;
crates/amun-state-machine/src/impossibility.rs:5:#[derive(Debug, Clone, PartialEq, Eq)]
crates/amun-state-machine/src/invariants.rs:2:#[derive(Debug, Clone, PartialEq, Eq)]
crates/amun-state-machine/src/lib.rs:10:pub mod derivation;
crates/amun-state-machine/src/lib.rs:11:pub mod engine;
crates/amun-state-machine/src/lib.rs:12:pub mod fork_merge;
crates/amun-state-machine/src/lib.rs:13:pub mod formal_entropy;
crates/amun-state-machine/src/lib.rs:14:pub mod historical_invariants;
crates/amun-state-machine/src/lib.rs:15:pub mod impossibility;
crates/amun-state-machine/src/lib.rs:16:pub mod invariants;
crates/amun-state-machine/src/lib.rs:17:pub mod merge_math;
crates/amun-state-machine/src/lib.rs:18:pub mod meta_amendment;
crates/amun-state-machine/src/lib.rs:19:pub mod postconditions;
crates/amun-state-machine/src/lib.rs:20:pub mod preconditions;
crates/amun-state-machine/src/lib.rs:21:pub mod reconciliation;
crates/amun-state-machine/src/lib.rs:22:pub mod replay_log;
crates/amun-state-machine/src/lib.rs:23:pub mod stability;
crates/amun-state-machine/src/lib.rs:24:pub mod states;
crates/amun-state-machine/src/lib.rs:25:pub mod thermodynamics;
crates/amun-state-machine/src/lib.rs:26:pub mod transitions;
crates/amun-state-machine/src/lib.rs:27:pub mod verifier;
crates/amun-state-machine/src/lib.rs:29:pub use absolute_invariants::AbsoluteInvariant;
crates/amun-state-machine/src/lib.rs:30:pub use axioms::{AxiomVerification, ConstitutionalAxiom, ConstitutionalAxiomEngine};
crates/amun-state-machine/src/lib.rs:31:pub use causality::{CausalHeight, CausalityMetadata, LamportTime, VectorClock};
crates/amun-state-machine/src/lib.rs:32:pub use delta_algebra::ConstitutionalDelta;
crates/amun-state-machine/src/lib.rs:33:pub use delta_laws::DeltaLaw;
crates/amun-state-machine/src/lib.rs:34:pub use derivation::{ConsistencyProof, Derivation, DerivationStep, InferenceRule, Theorem};
crates/amun-state-machine/src/lib.rs:35:pub use engine::{
crates/amun-state-machine/src/lib.rs:38:pub use fork_merge::{ForkDeclaration, ForkType, MergeDeclaration, MergeType};
crates/amun-state-machine/src/lib.rs:39:pub use formal_entropy::{
crates/amun-state-machine/src/lib.rs:42:pub use historical_invariants::{HistoricalInvariant, HistoricalInvariantEngine};
crates/amun-state-machine/src/lib.rs:43:pub use impossibility::ImpossibilityProof;
crates/amun-state-machine/src/lib.rs:44:pub use invariants::ConstitutionalInvariant;
crates/amun-state-machine/src/lib.rs:45:pub use merge_math::{MergeConflictResolver, MergeResolution};
crates/amun-state-machine/src/lib.rs:46:pub use meta_amendment::{MetaAmendmentEngine, MetaAmendmentLaw, MetaAmendmentScope, MetaQuorum};
crates/amun-state-machine/src/lib.rs:47:pub use postconditions::Postcondition;
crates/amun-state-machine/src/lib.rs:48:pub use preconditions::Precondition;
crates/amun-state-machine/src/lib.rs:49:pub use reconciliation::{ReconciliationEngine, ReconciliationStrategy};
crates/amun-state-machine/src/lib.rs:50:pub use replay_log::{ConstitutionalReplayDAG, ReplayLogEntry};
crates/amun-state-machine/src/lib.rs:51:pub use stability::ConstitutionalStabilityMetrics;
crates/amun-state-machine/src/lib.rs:52:pub use states::{ConstitutionalState, StateTag};
crates/amun-state-machine/src/lib.rs:53:pub use thermodynamics::{ConstitutionalEntropy, StabilityEquations};
crates/amun-state-machine/src/lib.rs:54:pub use transitions::{
crates/amun-state-machine/src/lib.rs:57:pub use verifier::TransitionVerifier;
crates/amun-state-machine/src/lib.rs:5:pub mod absolute_invariants;
crates/amun-state-machine/src/lib.rs:6:pub mod axioms;
crates/amun-state-machine/src/lib.rs:7:pub mod causality;
crates/amun-state-machine/src/lib.rs:8:pub mod delta_algebra;
crates/amun-state-machine/src/lib.rs:9:pub mod delta_laws;
crates/amun-state-machine/src/merge_math.rs:1:use super::fork_merge::MergeDeclaration;
crates/amun-state-machine/src/merge_math.rs:26:impl MergeConflictResolver {
crates/amun-state-machine/src/merge_math.rs:4:#[derive(Debug, Clone, PartialEq, Eq)]
crates/amun-state-machine/src/meta_amendment.rs:12:#[derive(Debug, Clone, PartialEq, Eq)]
crates/amun-state-machine/src/meta_amendment.rs:1:use super::absolute_invariants::AbsoluteInvariant;
crates/amun-state-machine/src/meta_amendment.rs:28:#[derive(Debug, Clone, PartialEq, Eq)]
crates/amun-state-machine/src/meta_amendment.rs:43:impl MetaAmendmentEngine {
crates/amun-state-machine/src/meta_amendment.rs:4:#[derive(Debug, Clone, PartialEq, Eq)]
crates/amun-state-machine/src/postconditions.rs:1:use super::states::ConstitutionalState;
crates/amun-state-machine/src/postconditions.rs:4:#[derive(Debug, Clone, PartialEq, Eq)]
crates/amun-state-machine/src/preconditions.rs:1:use super::states::{ConstitutionalState, StateTag};
crates/amun-state-machine/src/preconditions.rs:21:impl Precondition {
crates/amun-state-machine/src/preconditions.rs:2:use super::transitions::{TransitionAlgebra, TransitionType};
crates/amun-state-machine/src/preconditions.rs:5:#[derive(Debug, Clone, PartialEq, Eq)]
crates/amun-state-machine/src/reconciliation.rs:1:use super::delta_algebra::ConstitutionalDelta;
crates/amun-state-machine/src/reconciliation.rs:23:impl ReconciliationEngine {
crates/amun-state-machine/src/reconciliation.rs:2:use super::delta_laws::DeltaLaw;
crates/amun-state-machine/src/reconciliation.rs:6:#[derive(Debug, Clone, PartialEq, Eq)]
crates/amun-state-machine/src/replay_log.rs:18:impl ReplayLogEntry {
crates/amun-state-machine/src/replay_log.rs:1:use super::transitions::Transition;
crates/amun-state-machine/src/replay_log.rs:2:use amun_canonical_codec::CanonicalHasher;
crates/amun-state-machine/src/replay_log.rs:3:use std::collections::{HashMap, HashSet};
crates/amun-state-machine/src/replay_log.rs:47:#[derive(Debug, Clone)]
crates/amun-state-machine/src/replay_log.rs:54:impl Default for ConstitutionalReplayDAG {
crates/amun-state-machine/src/replay_log.rs:60:impl ConstitutionalReplayDAG {
crates/amun-state-machine/src/replay_log.rs:7:#[derive(Debug, Clone, PartialEq, Eq)]
crates/amun-state-machine/src/stability.rs:15:impl Default for ConstitutionalStabilityMetrics {
crates/amun-state-machine/src/stability.rs:21:impl ConstitutionalStabilityMetrics {
crates/amun-state-machine/src/stability.rs:2:#[derive(Debug, Clone)]
crates/amun-state-machine/src/states.rs:17:impl StateTag {
crates/amun-state-machine/src/states.rs:1:use amun_canonical_codec::CanonicalHasher;
crates/amun-state-machine/src/states.rs:34:#[derive(Debug, Clone, PartialEq, Eq)]
crates/amun-state-machine/src/states.rs:3:#[derive(Debug, Clone, Copy, PartialEq, Eq, Hash)]
crates/amun-state-machine/src/states.rs:46:impl ConstitutionalState {
crates/amun-state-machine/src/thermodynamics.rs:11:impl Default for ConstitutionalEntropy {
crates/amun-state-machine/src/thermodynamics.rs:17:impl ConstitutionalEntropy {
crates/amun-state-machine/src/thermodynamics.rs:4:#[derive(Debug, Clone)]
crates/amun-state-machine/src/thermodynamics.rs:59:#[derive(Debug, Clone)]
crates/amun-state-machine/src/thermodynamics.rs:64:impl Default for StabilityEquations {
crates/amun-state-machine/src/thermodynamics.rs:70:impl StabilityEquations {
crates/amun-state-machine/src/transitions.rs:114:#[derive(Debug, Clone, PartialEq, Eq)]
crates/amun-state-machine/src/transitions.rs:132:impl Transition {
crates/amun-state-machine/src/transitions.rs:1:use super::states::{ConstitutionalState, StateTag};
crates/amun-state-machine/src/transitions.rs:201:#[derive(Debug, Clone, PartialEq, Eq)]
crates/amun-state-machine/src/transitions.rs:20:impl TransitionType {
crates/amun-state-machine/src/transitions.rs:2:use amun_canonical_codec::CanonicalHasher;
crates/amun-state-machine/src/transitions.rs:40:impl TransitionAlgebra {
crates/amun-state-machine/src/transitions.rs:4:#[derive(Debug, Clone, Copy, PartialEq, Eq)]
crates/amun-state-machine/src/verifier.rs:19:impl TransitionVerifier {
crates/amun-state-machine/src/verifier.rs:1:use super::invariants::ConstitutionalInvariant;
crates/amun-state-machine/src/verifier.rs:2:use super::preconditions::Precondition;
crates/amun-state-machine/src/verifier.rs:3:use super::states::{ConstitutionalState, StateTag};
crates/amun-state-machine/src/verifier.rs:4:use super::transitions::{Transition, TransitionAlgebra, TransitionType};
crates/amun-state-machine/src/verifier.rs:8:#[derive(Debug, Clone, PartialEq, Eq)]
crates/amun-state-pruning/src/lib.rs:10:impl PrunableRegistry {
crates/amun-state-pruning/src/lib.rs:1:use amun_resource_core::{ResourceId, ResourceMetadata, ResourceRegistry};
crates/amun-state-pruning/src/lib.rs:2:use std::collections::BTreeMap;
crates/amun-state-pruning/src/lib.rs:57:        use sha2::{Digest, Sha256};
crates/amun-state-pruning/tests/n166_pruning_tests.rs:131:                .derive_from_collection(
crates/amun-state-pruning/tests/n166_pruning_tests.rs:1:use amun_resource_core::{
crates/amun-state-pruning/tests/n166_pruning_tests.rs:27:            .derive_from_collection(
crates/amun-state-pruning/tests/n166_pruning_tests.rs:4:use amun_state_pruning::PrunableRegistry;
crates/amun-state-pruning/tests/n166_pruning_tests.rs:5:use sha2::{Digest, Sha256};
crates/amun-state-pruning/tests/n166_pruning_tests.rs:77:            .derive_from_collection(
crates/amun-state-root/src/continuity.rs:1:use super::snapshot::ConstitutionalSnapshot;
crates/amun-state-root/src/continuity.rs:5:impl ContinuityChain {
crates/amun-state-root/src/identity.rs:14:impl CanonicalEncode for ChainIdentityRoot {
crates/amun-state-root/src/identity.rs:1:use amun_kernel::canonical::{CanonicalEncode, CanonicalEncoder};
crates/amun-state-root/src/identity.rs:25:impl ChainIdentityRoot {
crates/amun-state-root/src/identity.rs:2:use amun_kernel::hashing::domain_tags;
crates/amun-state-root/src/identity.rs:4:#[derive(Clone, PartialEq, Eq)]
crates/amun-state-root/src/lib.rs:11:pub use continuity::ContinuityChain;
crates/amun-state-root/src/lib.rs:12:pub use identity::ChainIdentityRoot;
crates/amun-state-root/src/lib.rs:13:pub use replay::{ReplayCertificate, ReplayEquivalenceProof, ReplayTranscript};
crates/amun-state-root/src/lib.rs:14:pub use root::StateRootEngine;
crates/amun-state-root/src/lib.rs:15:pub use snapshot::{ConstitutionalSnapshot, SnapshotSeal};
crates/amun-state-root/src/lib.rs:2:pub mod continuity;
crates/amun-state-root/src/lib.rs:3:pub mod identity;
crates/amun-state-root/src/lib.rs:4:pub mod laws;
crates/amun-state-root/src/lib.rs:5:pub mod proofs;
crates/amun-state-root/src/lib.rs:6:pub mod replay;
crates/amun-state-root/src/lib.rs:7:pub mod root;
crates/amun-state-root/src/lib.rs:8:pub mod snapshot;
crates/amun-state-root/src/lib.rs:9:pub mod verifier;
crates/amun-state-root/src/proofs.rs:1:use amun_kernel::hashing::domain_tags;
crates/amun-state-root/src/proofs.rs:2:use sha2::{Digest, Sha256};
crates/amun-state-root/src/proofs.rs:9:impl MerkleProof {
crates/amun-state-root/src/replay.rs:10:impl CanonicalEncode for ReplayEquivalenceProof {
crates/amun-state-root/src/replay.rs:18:#[derive(Clone)]
crates/amun-state-root/src/replay.rs:1:use amun_kernel::canonical::{encode_hash_slice, CanonicalEncode};
crates/amun-state-root/src/replay.rs:29:impl CanonicalEncode for ReplayTranscript {
crates/amun-state-root/src/replay.rs:3:#[derive(Clone, PartialEq)]
crates/amun-state-root/src/replay.rs:41:#[derive(Clone)]
crates/amun-state-root/src/replay.rs:47:impl CanonicalEncode for ReplayCertificate {
crates/amun-state-root/src/root.rs:12:impl CanonicalEncode for StateLeaf {
crates/amun-state-root/src/root.rs:1:use amun_kernel::canonical::{CanonicalEncode, CanonicalEncoder};
crates/amun-state-root/src/root.rs:22:impl StateRootEngine {
crates/amun-state-root/src/root.rs:2:use amun_kernel::hashing::domain_tags;
crates/amun-state-root/src/root.rs:3:use std::collections::BTreeMap;
crates/amun-state-root/src/root.rs:6:#[derive(Clone, PartialEq, Eq, PartialOrd, Ord)]
crates/amun-state-root/src/snapshot.rs:1:use alloc::vec::Vec;
crates/amun-state-root/src/snapshot.rs:23:#[derive(Clone)]
crates/amun-state-root/src/snapshot.rs:26:    /// Authority is derived from root equality, not this flag.
crates/amun-state-root/src/snapshot.rs:2:use amun_execution_receipt::ExecutionTranscript;
crates/amun-state-root/src/snapshot.rs:32:impl ReplayEquivalenceProof {
crates/amun-state-root/src/snapshot.rs:3:use amun_kernel::canonical::{CanonicalEncode, CanonicalEncoder};
crates/amun-state-root/src/snapshot.rs:40:impl CanonicalEncode for ReplayEquivalenceProof {
crates/amun-state-root/src/snapshot.rs:48:impl CanonicalEncode for ConstitutionalSnapshot {
crates/amun-state-root/src/snapshot.rs:4:use amun_kernel::hashing::domain_tags;
crates/amun-state-root/src/snapshot.rs:62:impl ConstitutionalSnapshot {
crates/amun-state-root/src/snapshot.rs:7:#[derive(Clone)]
crates/amun-state-root/src/verifier.rs:2:/// This replaces a trait object so that the state layer
crates/amun-state-stream/src/journal.rs:12:#[derive(Debug, Clone, PartialEq, Eq)]
crates/amun-state-stream/src/journal.rs:26:impl SyncJournal {
crates/amun-state-stream/src/journal.rs:6:use amun_canonical_codec::{CanonicalReader, CanonicalWriter};
crates/amun-state-stream/src/journal.rs:7:use std::fs;
crates/amun-state-stream/src/journal.rs:8:use std::path::PathBuf;
crates/amun-state-stream/src/lib.rs:3:pub mod journal;
crates/amun-state-stream/src/lib.rs:4:pub mod messages;
crates/amun-state-stream/src/lib.rs:5:pub mod stream;
crates/amun-state-stream/src/lib.rs:7:pub use journal::SyncJournal;
crates/amun-state-stream/src/lib.rs:8:pub use messages::{SyncMessage, SyncRequest, SyncResponse};
crates/amun-state-stream/src/lib.rs:9:pub use stream::{StreamConfig, StreamState};
crates/amun-state-stream/src/messages.rs:1:use amun_canonical_codec::{CanonicalReader, CanonicalWriter};
crates/amun-state-stream/src/messages.rs:37:#[derive(Debug, Clone, PartialEq, Eq)]
crates/amun-state-stream/src/messages.rs:3:#[derive(Debug, Clone, PartialEq, Eq)]
crates/amun-state-stream/src/messages.rs:44:#[derive(Debug, Clone, PartialEq, Eq)]
crates/amun-state-stream/src/messages.rs:51:impl SyncRequest {
crates/amun-state-stream/src/messages.rs:73:impl SyncResponse {
crates/amun-state-stream/src/stream.rs:10:impl Default for StreamConfig {
crates/amun-state-stream/src/stream.rs:29:impl StreamState {
crates/amun-state-sync/src/lib.rs:276:pub mod sync_protocol;
crates/amun-state-sync/src/lib.rs:32:pub mod snapshot_certificate;
crates/amun-state-sync/src/lib.rs:33:pub mod state_chunk;
crates/amun-state-sync/src/lib.rs:34:pub mod stateless_verifier;
crates/amun-state-sync/src/lib.rs:35:pub mod sync_package;
crates/amun-state-sync/src/lib.rs:37:pub use snapshot_certificate::*;
crates/amun-state-sync/src/lib.rs:38:pub use state_chunk::*;
crates/amun-state-sync/src/lib.rs:39:pub use stateless_verifier::*;
crates/amun-state-sync/src/lib.rs:40:pub use sync_package::*;
crates/amun-state-sync/src/lib.rs:43:mod tests {
crates/amun-state-sync/src/lib.rs:44:    use super::*;
crates/amun-state-sync/src/lib.rs:45:    use amun_resource_core::{
crates/amun-state-sync/src/snapshot_certificate.rs:21:impl StateSnapshotCertificate {
crates/amun-state-sync/src/snapshot_certificate.rs:2:use serde::{Deserialize, Serialize};
crates/amun-state-sync/src/snapshot_certificate.rs:7:#[derive(Debug, Clone, PartialEq, Eq, Serialize, Deserialize)]
crates/amun-state-sync/src/state_chunk.rs:11:impl StateChunk {
crates/amun-state-sync/src/state_chunk.rs:1:use amun_resource_core::ResourceMetadata;
crates/amun-state-sync/src/state_chunk.rs:2:use serde::{Deserialize, Serialize};
crates/amun-state-sync/src/state_chunk.rs:47:#[derive(Debug, Clone, PartialEq, Eq, Serialize, Deserialize)]
crates/amun-state-sync/src/state_chunk.rs:4:#[derive(Debug, Clone, PartialEq, Eq, Serialize, Deserialize)]
crates/amun-state-sync/src/state_chunk.rs:55:impl ChunkMerkleProof {
crates/amun-state-sync/src/stateless_verifier.rs:18:impl StatelessVerifier {
crates/amun-state-sync/src/stateless_verifier.rs:1:use amun_resource_core::ResourceRegistry;
crates/amun-state-sync/src/stateless_verifier.rs:3:use crate::sync_package::ConstitutionalSyncPackage;
crates/amun-state-sync/src/stateless_verifier.rs:5:#[derive(Debug, Clone, PartialEq, Eq)]
crates/amun-state-sync/src/sync_package.rs:15:impl ConstitutionalSyncPackage {
crates/amun-state-sync/src/sync_package.rs:1:use serde::{Deserialize, Serialize};
crates/amun-state-sync/src/sync_package.rs:3:use crate::snapshot_certificate::StateSnapshotCertificate;
crates/amun-state-sync/src/sync_package.rs:4:use crate::state_chunk::{ChunkMerkleProof, StateChunk};
crates/amun-state-sync/src/sync_package.rs:7:#[derive(Debug, Clone, PartialEq, Eq, Serialize, Deserialize)]
crates/amun-state-sync/src/sync_protocol.rs:16:#[derive(Debug, Clone, Serialize, Deserialize)]
crates/amun-state-sync/src/sync_protocol.rs:1:use crate::snapshot_certificate::StateSnapshotCertificate;
crates/amun-state-sync/src/sync_protocol.rs:232:mod tests {
crates/amun-state-sync/src/sync_protocol.rs:233:    use super::*;
crates/amun-state-sync/src/sync_protocol.rs:234:    use amun_resource_core::resource_lineage::ResourceLineage;
crates/amun-state-sync/src/sync_protocol.rs:235:    use amun_resource_core::resource_registry::ResourceState;
crates/amun-state-sync/src/sync_protocol.rs:236:    use amun_resource_core::transformation_matrix::ResourceArchetype;
crates/amun-state-sync/src/sync_protocol.rs:237:    use amun_resource_core::ResourceId;
crates/amun-state-sync/src/sync_protocol.rs:23:#[derive(Debug, Clone, Serialize, Deserialize)]
crates/amun-state-sync/src/sync_protocol.rs:2:use crate::state_chunk::StateChunk;
crates/amun-state-sync/src/sync_protocol.rs:34:#[derive(Debug, Clone, Serialize, Deserialize)]
crates/amun-state-sync/src/sync_protocol.rs:383:// leaf counts at intermediate levels. Tests use power-of-2 resource counts
crates/amun-state-sync/src/sync_protocol.rs:3:use crate::stateless_verifier::{StatelessVerifier, SyncVerificationResult};
crates/amun-state-sync/src/sync_protocol.rs:41:#[derive(Debug, Clone, Serialize, Deserialize)]
crates/amun-state-sync/src/sync_protocol.rs:48:#[derive(Debug, Clone, Serialize, Deserialize)]
crates/amun-state-sync/src/sync_protocol.rs:4:use crate::sync_package::ConstitutionalSyncPackage;
crates/amun-state-sync/src/sync_protocol.rs:58:impl SyncProtocol {
crates/amun-state-sync/src/sync_protocol.rs:5:use amun_resource_core::{ResourceMetadata, ResourceRegistry};
crates/amun-state-sync/src/sync_protocol.rs:6:use serde::{Deserialize, Serialize};
crates/amun-state-sync/src/sync_protocol.rs:8:#[derive(Debug, Clone, Serialize, Deserialize)]
crates/amun-state-transition/src/journal.rs:13:#[derive(Debug, Clone)]
crates/amun-state-transition/src/journal.rs:1:use crate::receipt::ExecutionReceipt;
crates/amun-state-transition/src/journal.rs:21:#[derive(Debug)]
crates/amun-state-transition/src/journal.rs:2:use amun_chain_position::ChainPosition;
crates/amun-state-transition/src/journal.rs:31:impl StorageJournal {
crates/amun-state-transition/src/journal.rs:3:use blake3::Hasher;
crates/amun-state-transition/src/journal.rs:7:#[derive(Debug, Clone)]
crates/amun-state-transition/src/lib.rs:1:pub mod journal;
crates/amun-state-transition/src/lib.rs:2:pub mod receipt;
crates/amun-state-transition/src/lib.rs:3:pub mod state;
crates/amun-state-transition/src/lib.rs:4:pub mod write_set;
crates/amun-state-transition/src/lib.rs:6:pub use journal::StorageJournal;
crates/amun-state-transition/src/lib.rs:7:pub use receipt::ExecutionReceipt;
crates/amun-state-transition/src/lib.rs:8:pub use state::{StateMachine, StateOverlay, TransitionOutput};
crates/amun-state-transition/src/lib.rs:9:pub use write_set::{StateOperation, WriteSet};
crates/amun-state-transition/src/receipt.rs:14:impl ExecutionReceipt {
crates/amun-state-transition/src/receipt.rs:1:use crate::write_set::WriteSet;
crates/amun-state-transition/src/receipt.rs:2:use amun_chain_position::ChainPosition;
crates/amun-state-transition/src/receipt.rs:3:use blake3::Hasher;
crates/amun-state-transition/src/receipt.rs:5:#[derive(Debug, Clone)]
crates/amun-state-transition/src/state.rs:1:use crate::receipt::ExecutionReceipt;
crates/amun-state-transition/src/state.rs:218:impl Default for StateOverlay {
crates/amun-state-transition/src/state.rs:21:impl StateOverlay {
crates/amun-state-transition/src/state.rs:2:use crate::write_set::{StateOperation, WriteSet};
crates/amun-state-transition/src/state.rs:3:use amun_canonical::{CanonicalEncoder, SchemaVersion};
crates/amun-state-transition/src/state.rs:4:use amun_chain_position::ChainPosition;
crates/amun-state-transition/src/state.rs:5:use amun_deterministic_allocator::DeterministicMap;
crates/amun-state-transition/src/state.rs:69:impl StateMachine {
crates/amun-state-transition/src/state.rs:6:use blake3::Hasher;
crates/amun-state-transition/src/write_set.rs:10:impl WriteSet {
crates/amun-state-transition/src/write_set.rs:1:#[derive(Debug, Clone, PartialEq, Eq)]
crates/amun-state-transition/src/write_set.rs:35:    pub fn iter(&self) -> impl Iterator<Item = &StateOperation> {
crates/amun-state-transition/src/write_set.rs:40:impl Default for WriteSet {
crates/amun-state-transition/src/write_set.rs:6:#[derive(Debug, Clone)]
crates/amun-state-types/src/lib.rs:11:pub use states::*;
crates/amun-state-types/src/lib.rs:12:pub use transitions::State;
crates/amun-state-types/src/lib.rs:14:mod tests;
crates/amun-state-types/src/lib.rs:8:pub mod states;
crates/amun-state-types/src/lib.rs:9:pub mod transitions;
crates/amun-state-types/src/tests.rs:2:use crate::transitions::State;
crates/amun-state-types/src/transitions.rs:108:impl<T, S, D> State<T, S, D, Voted> {
crates/amun-state-types/src/transitions.rs:119:impl<T, S, D> State<T, S, D, QuorumCertified> {
crates/amun-state-types/src/transitions.rs:131:impl<T, D, C> State<T, Finalized, D, C> {
crates/amun-state-types/src/transitions.rs:15:impl<T> State<T, Unverified, Volatile, Proposed> {
crates/amun-state-types/src/transitions.rs:27:impl<T, S, D, C> State<T, S, D, C> {
crates/amun-state-types/src/transitions.rs:34:impl<T, D, C> State<T, Unverified, D, C> {
crates/amun-state-types/src/transitions.rs:4:use crate::states::*;
crates/amun-state-types/src/transitions.rs:51:impl<T, D, C> State<T, Verified, D, C> {
crates/amun-state-types/src/transitions.rs:5:use core::marker::PhantomData;
crates/amun-state-types/src/transitions.rs:62:impl<T, D, C> State<T, Committed, D, C> {
crates/amun-state-types/src/transitions.rs:74:impl<T, S, C> State<T, S, Volatile, C> {
crates/amun-state-types/src/transitions.rs:85:impl<T, S, C> State<T, S, Durable, C> {
crates/amun-state-types/src/transitions.rs:97:impl<T, S, D> State<T, S, D, Proposed> {
crates/amun-stateless-sync/src/lib.rs:153:impl Default for StatelessNode {
crates/amun-stateless-sync/src/lib.rs:165:impl TrustlessBootstrap {
crates/amun-stateless-sync/src/lib.rs:192:mod n11_tests {
crates/amun-stateless-sync/src/lib.rs:193:    use super::*;
crates/amun-stateless-sync/src/lib.rs:194:    use amun_constitutional_state::ConstitutionalStateRuntime;
crates/amun-stateless-sync/src/lib.rs:32:use amun_certificate_network::distribution::LightClientProofBundle;
crates/amun-stateless-sync/src/lib.rs:33:use amun_constitutional_block::ConstitutionalBlock;
crates/amun-stateless-sync/src/lib.rs:34:use amun_constitutional_state::{CertificateInclusionProof, ReplayCertificate};
crates/amun-stateless-sync/src/lib.rs:35:use serde::{Deserialize, Serialize};
crates/amun-stateless-sync/src/lib.rs:36:use std::collections::BTreeMap;
crates/amun-stateless-sync/src/lib.rs:42:#[derive(Debug, Clone, Serialize, Deserialize)]
crates/amun-stateless-sync/src/lib.rs:53:#[derive(Debug, Clone, Serialize, Deserialize)]
crates/amun-stateless-sync/src/lib.rs:67:#[derive(Debug, Clone, Serialize, Deserialize)]
crates/amun-stateless-sync/src/lib.rs:86:impl StatelessNode {
crates/amun-stf/src/lib.rs:10:pub use nonce::NonceStore;
crates/amun-stf/src/lib.rs:11:pub use receipt::ExecutionReceipt;
crates/amun-stf/src/lib.rs:12:pub use state::{InMemoryState, StateStore};
crates/amun-stf/src/lib.rs:13:pub use transition::StateTransition;
crates/amun-stf/src/lib.rs:16:mod tests;
crates/amun-stf/src/lib.rs:17:pub mod transition_result;
crates/amun-stf/src/lib.rs:4:pub mod nonce;
crates/amun-stf/src/lib.rs:5:pub mod receipt;
crates/amun-stf/src/lib.rs:6:pub mod state;
crates/amun-stf/src/lib.rs:7:pub mod stf;
crates/amun-stf/src/lib.rs:8:pub mod transition;
crates/amun-stf/src/nonce.rs:1:use crate::state::StateStore;
crates/amun-stf/src/nonce.rs:2:use amun_failure::{AmunResult, ConstitutionalFault, FailureContext};
crates/amun-stf/src/nonce.rs:6:impl NonceStore {
crates/amun-stf/src/receipt.rs:14:impl ExecutionReceipt {
crates/amun-stf/src/receipt.rs:1:use amun_codec::{CanonicalDecode, CanonicalEncode, CanonicalWriter, WriteResult};
crates/amun-stf/src/receipt.rs:2:use amun_failure::AmunResult;
crates/amun-stf/src/receipt.rs:33:impl CanonicalEncode for ExecutionReceipt {
crates/amun-stf/src/receipt.rs:35:    fn encode_to_writer(&self, writer: &mut impl CanonicalWriter) -> WriteResult {
crates/amun-stf/src/receipt.rs:3:use amun_kernel_types::PublicHash32;
crates/amun-stf/src/receipt.rs:45:impl CanonicalDecode for ExecutionReceipt {
crates/amun-stf/src/receipt.rs:5:#[derive(Clone, Debug, PartialEq, Eq)]
crates/amun-stf/src/state.rs:118:impl Default for InMemoryState {
crates/amun-stf/src/state.rs:1:use amun_constitution::hash_domains::HashDomain;
crates/amun-stf/src/state.rs:28:impl InMemoryState {
crates/amun-stf/src/state.rs:2:use amun_failure::{AmunResult, ConstitutionalFault, FailureContext};
crates/amun-stf/src/state.rs:3:use amun_kernel_types::PublicHash32;
crates/amun-stf/src/state.rs:4:use heapless::Vec;
crates/amun-stf/src/state.rs:6:pub trait StateStore {
crates/amun-stf/src/state.rs:82:impl StateStore for InMemoryState {
crates/amun-stf/src/stf.rs:12:impl StfState {
crates/amun-stf/src/stf.rs:1:use amun_failure::AmunResult;
crates/amun-stf/src/stf.rs:2:use amun_kernel_types::PublicHash32;
crates/amun-stf/src/stf.rs:3:use heapless::Vec;
crates/amun-stf/src/tests.rs:2:use crate::stf::StfState;
crates/amun-stf/src/tests.rs:3:use amun_kernel_types::PublicHash32;
crates/amun-stf/src/tests.rs:4:use heapless::Vec;
crates/amun-stf/src/transition.rs:10:impl StateTransition {
crates/amun-stf/src/transition.rs:1:use crate::receipt::ExecutionReceipt;
crates/amun-stf/src/transition.rs:2:use crate::state::StateStore;
crates/amun-stf/src/transition.rs:3:use amun_block::Block;
crates/amun-stf/src/transition.rs:4:use amun_constitution::gas::{gas_costs, GasMeter};
crates/amun-stf/src/transition.rs:5:use amun_failure::{AmunResult, ConstitutionalFault, FailureContext};
crates/amun-stf/src/transition.rs:6:use amun_kernel_types::PublicHash32;
crates/amun-stf/src/transition_result.rs:17:    execute_logic: impl FnOnce(&[u8]) -> TransitionExecutionResult,
crates/amun-stf/src/transition_result.rs:21:        use amun_state_root::root::{StateLeaf, StateRootEngine};
crates/amun-stf/src/transition_result.rs:2:use alloc::format;
crates/amun-stf/src/transition_result.rs:32:        use amun_state_root::root::{StateLeaf, StateRootEngine};
crates/amun-stf/src/transition_result.rs:3:use alloc::string::String;
crates/amun-stf/src/transition_result.rs:4:use alloc::vec;
crates/amun-stf/src/transition_result.rs:5:use alloc::vec::Vec;
crates/amun-stf/src/transition_result.rs:6:use amun_execution_receipt::{ExecutionReceipt, ExecutionStatus};
crates/amun-stf/tests/integration_test.rs:1:use amun_execution_receipt::{ExecutionStatus, ExecutionTranscript};
crates/amun-stf/tests/integration_test.rs:2:use amun_stf::transition_result::{execute_transition_with_receipt, TransitionExecutionResult};
crates/amun-stf/tests/integration_test.rs:55:    // Verify consistency: state_changed must be false because roots are equal
crates/amun-stf/tests/replay_equivalence.rs:2:use alloc::vec;
crates/amun-stf/tests/replay_equivalence.rs:3:use alloc::vec::Vec;
crates/amun-stf/tests/replay_equivalence.rs:4:use amun_execution_receipt::{ExecutionReceipt, ExecutionStatus, ExecutionTranscript};
crates/amun-stf/tests/replay_equivalence.rs:5:use amun_stf::transition_result::{execute_transition_with_receipt, TransitionExecutionResult};
crates/amun-storage-engine/src/checkpoint.rs:7:impl AtomicCheckpoint {
crates/amun-storage-engine/src/lib.rs:1:pub mod checkpoint;
crates/amun-storage-engine/src/lib.rs:2:pub use checkpoint::AtomicCheckpoint;
crates/amun-storage-interface/src/lib.rs:1:#[cfg(test)] mod tests {}
crates/amun-storage-kernel/examples/generate_golden.rs:1:use amun_storage_kernel::{Key256, SparseMerkleTree};
crates/amun-storage-kernel/examples/generate_golden.rs:2:use std::fs;
crates/amun-storage-kernel/src/canonical/mod.rs:11:impl Encoder {
crates/amun-storage-kernel/src/canonical/mod.rs:43:impl<'a> Decoder<'a> {
crates/amun-storage-kernel/src/canonical/mod.rs:5:impl Default for Encoder {
crates/amun-storage-kernel/src/crash/harness.rs:12:impl CrashSimulator {
crates/amun-storage-kernel/src/crash/harness.rs:1:use std::io::Write;
crates/amun-storage-kernel/src/crash/harness.rs:2:use std::path::PathBuf;
crates/amun-storage-kernel/src/crash/harness.rs:3:use tempfile::tempdir;
crates/amun-storage-kernel/src/crash/harness.rs:47:impl Default for CrashSimulator {
crates/amun-storage-kernel/src/crash/mod.rs:1:pub mod harness;
crates/amun-storage-kernel/src/crash/mod.rs:2:pub use harness::CrashSimulator;
crates/amun-storage-kernel/src/lib.rs:10:pub mod smt;
crates/amun-storage-kernel/src/lib.rs:12:pub use persistence::{NodeStore, ValueKey, ValueStore};
crates/amun-storage-kernel/src/lib.rs:13:pub use smt::{MerkleProof, NodeHash, ProofStep, ProofVerifier, SparseMerkleTree};
crates/amun-storage-kernel/src/lib.rs:143:#[derive(Debug, Clone, PartialEq, Eq, PartialOrd, Ord)]
crates/amun-storage-kernel/src/lib.rs:152:impl ValidityLevel {
crates/amun-storage-kernel/src/lib.rs:15:#[derive(Debug, Clone, Copy, PartialEq, Eq, Hash)]
crates/amun-storage-kernel/src/lib.rs:17:impl Key256 {
crates/amun-storage-kernel/src/lib.rs:23:#[derive(Debug, Clone)]
crates/amun-storage-kernel/src/lib.rs:27:impl ValueBlob {
crates/amun-storage-kernel/src/lib.rs:36:#[derive(Debug, Clone, Copy, PartialEq, Eq, Hash)]
crates/amun-storage-kernel/src/lib.rs:38:impl StateRoot {
crates/amun-storage-kernel/src/lib.rs:45:#[derive(Debug, Clone, Copy, PartialEq, Eq, Hash, PartialOrd, Ord)]
crates/amun-storage-kernel/src/lib.rs:48:#[derive(Debug, Clone, Copy, PartialEq, Eq, Hash, PartialOrd, Ord)]
crates/amun-storage-kernel/src/lib.rs:51:#[derive(Debug, Clone, PartialEq, Eq)]
crates/amun-storage-kernel/src/lib.rs:61:impl StateLineage {
crates/amun-storage-kernel/src/lib.rs:6:pub mod canonical;
crates/amun-storage-kernel/src/lib.rs:7:pub mod crash;
crates/amun-storage-kernel/src/lib.rs:8:pub mod lru;
crates/amun-storage-kernel/src/lib.rs:93:impl ConstitutionalContinuity {
crates/amun-storage-kernel/src/lib.rs:9:pub mod persistence;
crates/amun-storage-kernel/src/lru.rs:10:impl<K: Eq + Hash + Clone, V> LruCache<K, V> {
crates/amun-storage-kernel/src/lru.rs:1:use std::collections::{HashMap, VecDeque};
crates/amun-storage-kernel/src/lru.rs:2:use std::hash::Hash;
crates/amun-storage-kernel/src/persistence/gc/mod.rs:2:impl GC {
crates/amun-storage-kernel/src/persistence/mod.rs:1:pub mod gc;
crates/amun-storage-kernel/src/persistence/mod.rs:2:pub mod node_store;
crates/amun-storage-kernel/src/persistence/mod.rs:3:pub mod recovery;
crates/amun-storage-kernel/src/persistence/mod.rs:4:pub mod value_store;
crates/amun-storage-kernel/src/persistence/mod.rs:5:pub mod wal;
crates/amun-storage-kernel/src/persistence/mod.rs:6:pub use node_store::NodeStore;
crates/amun-storage-kernel/src/persistence/mod.rs:7:pub use value_store::{ValueKey, ValueStore};
crates/amun-storage-kernel/src/persistence/node_store.rs:14:impl NodeStore {
crates/amun-storage-kernel/src/persistence/node_store.rs:1:use crate::canonical::{Decoder, Encoder};
crates/amun-storage-kernel/src/persistence/node_store.rs:2:use crate::lru::LruCache;
crates/amun-storage-kernel/src/persistence/node_store.rs:3:use crate::smt::{Node, NodeHash};
crates/amun-storage-kernel/src/persistence/node_store.rs:4:use parking_lot::RwLock;
crates/amun-storage-kernel/src/persistence/node_store.rs:5:use std::fs;
crates/amun-storage-kernel/src/persistence/node_store.rs:6:use std::path::PathBuf;
crates/amun-storage-kernel/src/persistence/node_store.rs:7:use std::sync::Arc;
crates/amun-storage-kernel/src/persistence/recovery/mod.rs:2:impl RecoveryEngine {
crates/amun-storage-kernel/src/persistence/value_store.rs:17:impl ValueStore {
crates/amun-storage-kernel/src/persistence/value_store.rs:1:use crate::lru::LruCache;
crates/amun-storage-kernel/src/persistence/value_store.rs:2:use parking_lot::RwLock;
crates/amun-storage-kernel/src/persistence/value_store.rs:3:use std::fs;
crates/amun-storage-kernel/src/persistence/value_store.rs:4:use std::path::PathBuf;
crates/amun-storage-kernel/src/persistence/value_store.rs:6:#[derive(Debug, Clone, PartialEq, Eq, Hash)]
crates/amun-storage-kernel/src/persistence/wal/entry.rs:1:use crate::canonical::{Decoder, Encoder};
crates/amun-storage-kernel/src/persistence/wal/entry.rs:21:impl WalEntry {
crates/amun-storage-kernel/src/persistence/wal/entry.rs:6:#[derive(Debug, Clone)]
crates/amun-storage-kernel/src/persistence/wal/iterator.rs:15:impl WalIterator {
crates/amun-storage-kernel/src/persistence/wal/iterator.rs:1:use super::entry::WalEntry;
crates/amun-storage-kernel/src/persistence/wal/iterator.rs:2:use crate::{Key256, SparseMerkleTree};
crates/amun-storage-kernel/src/persistence/wal/iterator.rs:38:impl Iterator for WalIterator {
crates/amun-storage-kernel/src/persistence/wal/iterator.rs:3:use std::fs::File;
crates/amun-storage-kernel/src/persistence/wal/iterator.rs:4:use std::io::Read;
crates/amun-storage-kernel/src/persistence/wal/iterator.rs:84:impl ReplayVerifier {
crates/amun-storage-kernel/src/persistence/wal/mod.rs:1:pub mod entry;
crates/amun-storage-kernel/src/persistence/wal/mod.rs:2:pub mod iterator;
crates/amun-storage-kernel/src/persistence/wal/mod.rs:3:pub mod recovery;
crates/amun-storage-kernel/src/persistence/wal/mod.rs:4:pub use entry::WalEntry;
crates/amun-storage-kernel/src/persistence/wal/mod.rs:5:pub use iterator::{ReplayVerifier, WalIterator};
crates/amun-storage-kernel/src/persistence/wal/mod.rs:6:pub use recovery::recover_sequence;
crates/amun-storage-kernel/src/persistence/wal/recovery.rs:1:use super::entry::WalEntry;
crates/amun-storage-kernel/src/persistence/wal/recovery.rs:2:use std::fs::File;
crates/amun-storage-kernel/src/persistence/wal/recovery.rs:3:use std::io::{Read, Seek, SeekFrom};
crates/amun-storage-kernel/src/smt/mod.rs:10:pub use tree::SparseMerkleTree;
crates/amun-storage-kernel/src/smt/mod.rs:1:pub mod constants;
crates/amun-storage-kernel/src/smt/mod.rs:2:pub mod node;
crates/amun-storage-kernel/src/smt/mod.rs:3:pub mod proof;
crates/amun-storage-kernel/src/smt/mod.rs:4:pub mod tree;
crates/amun-storage-kernel/src/smt/mod.rs:5:pub mod validation;
crates/amun-storage-kernel/src/smt/mod.rs:7:pub use constants::CANONICAL_EMPTY_ROOT_V1;
crates/amun-storage-kernel/src/smt/mod.rs:8:pub use node::{Node, NodeHash};
crates/amun-storage-kernel/src/smt/mod.rs:9:pub use proof::{MerkleProof, ProofStep, ProofType, ProofVerifier};
crates/amun-storage-kernel/src/smt/node.rs:1:use crate::canonical::Encoder;
crates/amun-storage-kernel/src/smt/node.rs:22:impl Node {
crates/amun-storage-kernel/src/smt/node.rs:3:#[derive(Debug, Clone, Copy, PartialEq, Eq, Hash, PartialOrd, Ord)]
crates/amun-storage-kernel/src/smt/node.rs:5:impl NodeHash {
crates/amun-storage-kernel/src/smt/node.rs:9:#[derive(Debug, Clone, PartialEq, Eq)]
crates/amun-storage-kernel/src/smt/proof.rs:11:#[derive(Debug, Clone, PartialEq, Eq)]
crates/amun-storage-kernel/src/smt/proof.rs:17:#[derive(Debug, Clone, PartialEq, Eq)]
crates/amun-storage-kernel/src/smt/proof.rs:1:use super::node::NodeHash;
crates/amun-storage-kernel/src/smt/proof.rs:2:use super::tree::MAX_DEPTH;
crates/amun-storage-kernel/src/smt/proof.rs:311:impl ProofVerifier {
crates/amun-storage-kernel/src/smt/proof.rs:32:#[derive(Debug, Clone, PartialEq, Eq)]
crates/amun-storage-kernel/src/smt/proof.rs:3:use crate::canonical::{Decoder, Encoder};
crates/amun-storage-kernel/src/smt/proof.rs:40:impl MerkleProof {
crates/amun-storage-kernel/src/smt/tree.rs:1:use super::{Node, NodeHash};
crates/amun-storage-kernel/src/smt/tree.rs:22:impl SparseMerkleTree {
crates/amun-storage-kernel/src/smt/tree.rs:2:use crate::Key256;
crates/amun-storage-kernel/src/smt/tree.rs:3:use crate::StateRoot;
crates/amun-storage-kernel/src/smt/tree.rs:4:use im::OrdMap;
crates/amun-storage-kernel/src/smt/tree.rs:5:use std::sync::Arc;
crates/amun-storage-kernel/src/smt/validation.rs:1:use super::{Node, NodeHash};
crates/amun-storage-kernel/src/smt/validation.rs:2:use std::collections::HashSet;
crates/amun-storage-kernel/src/smt/validation.rs:5:impl CycleDetector {
crates/amun-storage-kernel/tests/canonical_constants.rs:2:mod tests {
crates/amun-storage-kernel/tests/canonical_constants.rs:3:    use amun_storage_kernel::smt::constants::CANONICAL_EMPTY_ROOT_V1;
crates/amun-storage-kernel/tests/canonical_constants.rs:4:    use amun_storage_kernel::SparseMerkleTree;
crates/amun-storage-kernel/tests/compute_real_empty_root.rs:2:mod tests {
crates/amun-storage-kernel/tests/compute_real_empty_root.rs:3:    use amun_storage_kernel::SparseMerkleTree;
crates/amun-storage-kernel/tests/delete_equivalence.rs:2:mod tests {
crates/amun-storage-kernel/tests/delete_equivalence.rs:3:    use amun_storage_kernel::{Key256, SparseMerkleTree};
crates/amun-storage-kernel/tests/ladder_consistency.rs:2:mod tests {
crates/amun-storage-kernel/tests/ladder_consistency.rs:3:    use amun_storage_kernel::smt::node::Node;
crates/amun-storage-kernel/tests/ladder_consistency.rs:4:    use amun_storage_kernel::SparseMerkleTree;
crates/amun-storage-kernel/tests/proptest_smt.rs:2:mod proptest_smt {
crates/amun-storage-kernel/tests/proptest_smt.rs:3:    use amun_storage_kernel::{Key256, SparseMerkleTree};
crates/amun-storage-kernel/tests/proptest_smt.rs:4:    use proptest::prelude::*;
crates/amun-storage-kernel/tests/proptest_smt.rs:5:    use proptest::test_runner::{Config, TestRunner};
crates/amun-storage-kernel/tests/replay_equivalence.rs:2:mod tests {
crates/amun-storage-kernel/tests/replay_equivalence.rs:3:    use amun_storage_kernel::{
crates/amun-storage-kernel/tests/replay_equivalence.rs:7:    use std::fs::OpenOptions;
crates/amun-storage-kernel/tests/replay_equivalence.rs:8:    use std::io::Write;
crates/amun-storage-kernel/tests/replay_equivalence.rs:9:    use tempfile::tempdir;
crates/amun-storage-kernel/tests/specification_compliance.rs:2:mod specification_tests {
crates/amun-storage-kernel/tests/specification_compliance.rs:3:    use amun_storage_kernel::{smt::constants::CANONICAL_EMPTY_ROOT_V1, Key256, SparseMerkleTree};
crates/amun-storage-kernel/tests/terminal_empty.rs:2:mod tests {
crates/amun-storage-kernel/tests/terminal_empty.rs:3:    use amun_storage_kernel::smt::node::NodeHash;
crates/amun-survival-console/src/dashboard.rs:17:#[derive(Debug)]
crates/amun-survival-console/src/dashboard.rs:1:use crate::metrics::SurvivabilityMetrics;
crates/amun-survival-console/src/dashboard.rs:25:impl SurvivalDashboard {
crates/amun-survival-console/src/dashboard.rs:2:use amun_attack_lab::simulator::AttackSimulator;
crates/amun-survival-console/src/dashboard.rs:3:use amun_complexity_budget::budget::ComplexityBudget;
crates/amun-survival-console/src/dashboard.rs:4:use amun_complexity_budget::metrics::ComplexityMetrics;
crates/amun-survival-console/src/dashboard.rs:5:use amun_failure_memory::ontology::FailureOntology;
crates/amun-survival-console/src/dashboard.rs:6:use amun_invariants::registry::{InvariantHealth, InvariantRegistry};
crates/amun-survival-console/src/dashboard.rs:7:use amun_truth_engine::TruthEngine;
crates/amun-survival-console/src/lib.rs:1:pub mod dashboard;
crates/amun-survival-console/src/lib.rs:2:pub mod metrics;
crates/amun-survival-console/src/lib.rs:4:pub use dashboard::SurvivalDashboard;
crates/amun-survival-console/src/lib.rs:5:pub use metrics::SurvivabilityMetrics;
crates/amun-survival-console/src/metrics.rs:14:impl SurvivabilityMetrics {
crates/amun-survival-console/src/metrics.rs:1:use crate::dashboard::SurvivabilityConfidence;
crates/amun-survival-console/src/metrics.rs:3:#[derive(Debug)]
crates/amun-sync/examples/sync_protocol_test.rs:1:use std::io::{Read, Write};
crates/amun-sync/examples/sync_protocol_test.rs:2:use std::net::{TcpListener, TcpStream};
crates/amun-sync/examples/sync_protocol_test.rs:3:use std::thread;
crates/amun-sync/examples/sync_protocol_test.rs:4:use std::time::Duration;
crates/amun-sync/src/bin/backfill.rs:1:use amun_chain_store::store::ChainStore;
crates/amun-sync/src/bin/backfill.rs:2:use amun_sync::catch_up::{append_missing_records, download_missing_records};
crates/amun-sync/src/bin/backfill.rs:3:use std::net::SocketAddr;
crates/amun-sync/src/bin/bootstrap.rs:12:        eprintln!("  target_data_dir: path where the new node will be restored");
crates/amun-sync/src/bin/bootstrap.rs:1:use amun_chain_store::snapshot::{create_snapshot, restore_snapshot, verify_snapshot};
crates/amun-sync/src/bin/bootstrap.rs:2:use amun_chain_store::store::ChainStore;
crates/amun-sync/src/bin/bootstrap.rs:3:use amun_sync::catch_up::{append_missing_records, download_missing_records};
crates/amun-sync/src/bin/bootstrap.rs:4:use std::net::SocketAddr;
crates/amun-sync/src/bin/bootstrap.rs:5:use std::path::Path;
crates/amun-sync/src/bin/gap-fill.rs:1:use amun_chain_store::store::ChainStore;
crates/amun-sync/src/bin/gap-fill.rs:2:use std::io::{Read, Write};
crates/amun-sync/src/bin/gap-fill.rs:3:use std::net::{SocketAddr, TcpStream};
crates/amun-sync/src/bin/gap-fill.rs:4:use std::time::Duration;
crates/amun-sync/src/bin/handshake.rs:1:use std::io::{Read, Write};
crates/amun-sync/src/bin/handshake.rs:2:use std::net::{SocketAddr, TcpStream};
crates/amun-sync/src/bin/handshake.rs:3:use std::time::Duration;
crates/amun-sync/src/bin/rejoin.rs:1:use amun_chain_store::store::ChainStore;
crates/amun-sync/src/bin/rejoin.rs:2:use amun_sync::catch_up::{append_missing_records, download_missing_records};
crates/amun-sync/src/bin/rejoin.rs:3:use std::io::{Read, Write};
crates/amun-sync/src/bin/rejoin.rs:4:use std::net::{SocketAddr, TcpStream};
crates/amun-sync/src/bin/rejoin.rs:5:use std::path::Path;
crates/amun-sync/src/bin/rejoin.rs:6:use std::time::Duration;
crates/amun-sync/src/bin/snapshot-server.rs:1:use std::fs;
crates/amun-sync/src/bin/snapshot-server.rs:2:use std::io::{Read, Write};
crates/amun-sync/src/bin/snapshot-server.rs:3:use std::net::{TcpListener, TcpStream};
crates/amun-sync/src/bin/snapshot-server.rs:4:use std::path::Path;
crates/amun-sync/src/bin/sync-server.rs:1:use amun_chain_store::store::ChainStore;
crates/amun-sync/src/bin/sync-server.rs:2:use amun_sync::protocol::handle_incoming_with_store;
crates/amun-sync/src/bin/sync-server.rs:3:use std::net::TcpListener;
crates/amun-sync/src/bin/sync-server.rs:4:use std::sync::{Arc, Mutex};
crates/amun-sync/src/block_download.rs:1:use crate::protocol::send_block_range_request;
crates/amun-sync/src/block_download.rs:2:use amun_chain_store::record::FinalizedChainRecord;
crates/amun-sync/src/block_download.rs:3:use std::net::SocketAddr;
crates/amun-sync/src/catch_up.rs:1:use crate::block_download::download_block_range;
crates/amun-sync/src/catch_up.rs:2:use crate::peer_discovery::discover_peer_tip;
crates/amun-sync/src/catch_up.rs:3:use amun_chain_store::record::FinalizedChainRecord;
crates/amun-sync/src/catch_up.rs:4:use amun_chain_store::store::ChainStore;
crates/amun-sync/src/catch_up.rs:5:use std::net::SocketAddr;
crates/amun-sync/src/catch_up.rs:6:use std::thread;
crates/amun-sync/src/catch_up.rs:7:use std::time::Duration;
crates/amun-sync/src/lib.rs:1:pub mod block_download;
crates/amun-sync/src/lib.rs:2:pub mod catch_up;
crates/amun-sync/src/lib.rs:3:pub mod peer_discovery;
crates/amun-sync/src/lib.rs:4:pub mod protocol;
crates/amun-sync/src/lib.rs:5:pub mod sync;
crates/amun-sync/src/peer_discovery.rs:1:use crate::protocol::send_tip_request;
crates/amun-sync/src/peer_discovery.rs:2:use std::net::SocketAddr;
crates/amun-sync/src/peer_discovery.rs:4:#[derive(Debug, Clone)]
crates/amun-sync/src/protocol.rs:13:    vote_handler: impl Fn(&[u8]),
crates/amun-sync/src/protocol.rs:1:pub use amun_network_transport::protocol::{
crates/amun-sync/src/protocol.rs:6:use amun_chain_store::store::ChainStore;
crates/amun-sync/src/protocol.rs:7:use std::io::{Read, Write};
crates/amun-sync/src/protocol.rs:8:use std::net::TcpStream;
crates/amun-sync/src/sync.rs:1:use amun_chain_store::store::ChainStore;
crates/amun-sync/src/sync.rs:2:use std::net::SocketAddr;
crates/amun-temporal-alignment/src/alignment.rs:10:impl TemporalAlignment {
crates/amun-temporal-alignment/src/alignment.rs:2:#[derive(Debug, Clone, Copy, PartialEq, Eq)]
crates/amun-temporal-alignment/src/drift.rs:2:#[derive(Debug, Clone, Copy, PartialEq, Eq)]
crates/amun-temporal-alignment/src/drift.rs:9:impl TemporalDrift {
crates/amun-temporal-alignment/src/lib.rs:5:pub mod alignment;
crates/amun-temporal-alignment/src/lib.rs:6:pub mod drift;
crates/amun-temporal-alignment/src/lib.rs:8:pub use alignment::TemporalAlignment;
crates/amun-temporal-alignment/src/lib.rs:9:pub use drift::TemporalDrift;
crates/amun-test-mocks/src/lib.rs:1:#[cfg(test)] mod tests {}
crates/amun-testnet-sim/tests/adversarial_tests.rs:12:use amun_validator_networking::sync_transport::SyncTransport;
crates/amun-testnet-sim/tests/adversarial_tests.rs:13:use amun_vm_kernel::execution_context::ExecutionContext;
crates/amun-testnet-sim/tests/adversarial_tests.rs:14:use std::collections::HashSet;
crates/amun-testnet-sim/tests/adversarial_tests.rs:1:use amun_bytecode::opcodes::OpCode;
crates/amun-testnet-sim/tests/adversarial_tests.rs:2:use amun_bytecode::program::ConstitutionalProgram;
crates/amun-testnet-sim/tests/adversarial_tests.rs:3:use amun_constitutional_runtime::runtime_pipeline::{ConstitutionalRuntime, PipelineResult};
crates/amun-testnet-sim/tests/adversarial_tests.rs:4:use amun_proof_archive::hot_store::HotProofStore;
crates/amun-testnet-sim/tests/adversarial_tests.rs:5:use amun_proof_archive::proof_archive::ProofArchive;
crates/amun-testnet-sim/tests/adversarial_tests.rs:6:use amun_replay_consensus::replay_backed_consensus::ReplayBackedConsensus;
crates/amun-testnet-sim/tests/adversarial_tests.rs:7:use amun_replay_verifier::replay_verifier::{ReplayResult, ReplayVerifier};
crates/amun-testnet-sim/tests/adversarial_tests.rs:8:use amun_resource_core::{
crates/amun-time/src/clock.rs:14:impl ConsensusClock {
crates/amun-time/src/clock.rs:8:impl Default for ConsensusClock {
crates/amun-time/src/lib.rs:1:pub mod clock;
crates/amun-time/src/lib.rs:2:pub use clock::ConsensusClock;
crates/amun-timeout-aggregator/src/aggregator.rs:14:impl TimeoutAggregator {
crates/amun-timeout-aggregator/src/aggregator.rs:1:use crate::timeout_cert::TimeoutCertificate;
crates/amun-timeout-aggregator/src/aggregator.rs:2:use amun_chain_position::ChainPosition;
crates/amun-timeout-aggregator/src/aggregator.rs:3:use amun_validator_attestation::ValidatorSet;
crates/amun-timeout-aggregator/src/aggregator.rs:4:use std::collections::BTreeSet;
crates/amun-timeout-aggregator/src/aggregator.rs:7:#[derive(Debug, Clone)]
crates/amun-timeout-aggregator/src/lib.rs:1:pub mod aggregator;
crates/amun-timeout-aggregator/src/lib.rs:2:pub mod timeout_cert;
crates/amun-timeout-aggregator/src/lib.rs:4:pub use aggregator::TimeoutAggregator;
crates/amun-timeout-aggregator/src/lib.rs:5:pub use timeout_cert::TimeoutCertificate;
crates/amun-timeout-aggregator/src/timeout_cert.rs:13:impl TimeoutCertificate {
crates/amun-timeout-aggregator/src/timeout_cert.rs:1:use amun_chain_position::ChainPosition;
crates/amun-timeout-aggregator/src/timeout_cert.rs:2:use blake3::Hasher;
crates/amun-timeout-aggregator/src/timeout_cert.rs:5:#[derive(Debug, Clone)]
crates/amun-timeout-law/src/lib.rs:1:pub mod timeout;
crates/amun-timeout-law/src/lib.rs:3:pub use timeout::{TimeoutCertificate, TimeoutLaw};
crates/amun-timeout-law/src/timeout.rs:12:impl TimeoutCertificate {
crates/amun-timeout-law/src/timeout.rs:1:use amun_chain_position::ChainPosition;
crates/amun-timeout-law/src/timeout.rs:2:use blake3::Hasher;
crates/amun-timeout-law/src/timeout.rs:4:#[derive(Debug, Clone)]
crates/amun-timeout-law/src/timeout.rs:54:impl TimeoutLaw {
crates/amun-tls/src/cert.rs:1:use rustls::pki_types::{CertificateDer, PrivateKeyDer, PrivatePkcs8KeyDer};
crates/amun-tls/src/cert.rs:2:use std::fs;
crates/amun-tls/src/cert.rs:6:impl CertificateManager {
crates/amun-tls/src/config.rs:12:impl TlsServerConfig {
crates/amun-tls/src/config.rs:1:use crate::cert::CertificateManager;
crates/amun-tls/src/config.rs:2:use crate::pinning::CertificatePinning;
crates/amun-tls/src/config.rs:3:use rustls::server::WebPkiClientVerifier;
crates/amun-tls/src/config.rs:4:use rustls::ServerConfig;
crates/amun-tls/src/config.rs:5:use std::sync::Arc;
crates/amun-tls/src/lib.rs:1:pub mod cert;
crates/amun-tls/src/lib.rs:2:pub mod config;
crates/amun-tls/src/lib.rs:3:pub mod pinning;
crates/amun-tls/src/lib.rs:4:pub mod revocation;
crates/amun-tls/src/lib.rs:6:pub use cert::CertificateManager;
crates/amun-tls/src/lib.rs:7:pub use config::TlsServerConfig;
crates/amun-tls/src/lib.rs:8:pub use pinning::CertificatePinning;
crates/amun-tls/src/lib.rs:9:pub use revocation::RevocationList;
crates/amun-tls/src/pinning.rs:1:use sha2::{Digest, Sha256};
crates/amun-tls/src/pinning.rs:2:use std::collections::HashSet;
crates/amun-tls/src/pinning.rs:32:impl Default for CertificatePinning {
crates/amun-tls/src/pinning.rs:8:impl CertificatePinning {
crates/amun-tls/src/revocation.rs:1:use std::collections::HashSet;
crates/amun-tls/src/revocation.rs:23:impl Default for RevocationList {
crates/amun-tls/src/revocation.rs:7:impl RevocationList {
crates/amun-tokenomics-ledger/src/lib.rs:176:mod tests {
crates/amun-tokenomics-ledger/src/lib.rs:177:    use super::*;
crates/amun-tokenomics-ledger/src/lib.rs:19:impl EconomicDelta {
crates/amun-tokenomics-ledger/src/lib.rs:1:use amun_tokenomics::{EpochEconomics, BLOCKS_PER_EPOCH};
crates/amun-tokenomics-ledger/src/lib.rs:2:use sha2::{Digest, Sha256};
crates/amun-tokenomics-ledger/src/lib.rs:40:#[derive(Debug, Clone)]
crates/amun-tokenomics-ledger/src/lib.rs:53:impl Default for EconomicLedger {
crates/amun-tokenomics-ledger/src/lib.rs:59:impl EconomicLedger {
crates/amun-tokenomics-ledger/src/lib.rs:9:#[derive(Debug, Clone, Default)]
crates/amun-tokenomics-ledger/tests/test_ledger.rs:1:use amun_tokenomics::EpochEconomics;
crates/amun-tokenomics-ledger/tests/test_ledger.rs:2:use amun_tokenomics_ledger::EconomicLedger;
crates/amun-tokenomics/src/lib.rs:10:#[derive(Debug, Clone)]
crates/amun-tokenomics/src/lib.rs:19:impl Default for EpochEconomics {
crates/amun-tokenomics/src/lib.rs:1:pub mod policy;
crates/amun-tokenomics/src/lib.rs:25:impl EpochEconomics {
crates/amun-tokenomics/src/lib.rs:3:use amun_ntr::constants::{
crates/amun-tokenomics/src/policy.rs:32:// Epoch reward cap is derived from BLOCK_REWARD_NTR * BLOCKS_PER_EPOCH.
crates/amun-tokenomics/src/policy.rs:5:// All economic policies are derived from these constants.
crates/amun-tokenomics/src/policy.rs:7:use crate::BLOCKS_PER_EPOCH;
crates/amun-tokenomics/tests/test_tokenomics.rs:1:use amun_ntr::constants::*;
crates/amun-tokenomics/tests/test_tokenomics.rs:2:use amun_tokenomics::*;
crates/amun-transaction/src/lib.rs:11:mod tests;
crates/amun-transaction/src/lib.rs:4:pub mod limits;
crates/amun-transaction/src/lib.rs:5:pub mod tx;
crates/amun-transaction/src/lib.rs:7:pub use limits::{MAX_PAYLOAD_BYTES_RUNTIME, MAX_TX_BYTES_WIRE, MIN_VERSION};
crates/amun-transaction/src/lib.rs:8:pub use tx::{TransactionType, UnsignedTransaction};
crates/amun-transaction/src/tests.rs:2:use crate::tx::*;
crates/amun-transaction/src/tests.rs:3:use amun_kernel_types::*;
crates/amun-transaction/src/tx.rs:13:#[derive(Clone, Debug, PartialEq, Eq)]
crates/amun-transaction/src/tx.rs:26:impl UnsignedTransaction {
crates/amun-transaction/src/tx.rs:2:use amun_failure::{AmunResult, ConstitutionalFault, FailureContext};
crates/amun-transaction/src/tx.rs:3:use amun_kernel_types::*;
crates/amun-transaction/src/tx.rs:5:#[derive(Clone, Debug, PartialEq, Eq)]
crates/amun-transactions/src/lib.rs:10:#[derive(Debug, Clone, Serialize, Deserialize)]
crates/amun-transactions/src/lib.rs:16:#[derive(Debug, Clone, Serialize, Deserialize)]
crates/amun-transactions/src/lib.rs:1:use blake3::Hasher;
crates/amun-transactions/src/lib.rs:25:impl Transaction {
crates/amun-transactions/src/lib.rs:2:use ed25519_dalek::{Signature, Signer, SigningKey, Verifier, VerifyingKey};
crates/amun-transactions/src/lib.rs:3:use serde::{Deserialize, Serialize};
crates/amun-transactions/src/lib.rs:5:#[derive(Debug, Clone, Serialize, Deserialize)]
crates/amun-transactions/src/lib.rs:68:#[derive(Debug, Clone, Serialize, Deserialize)]
crates/amun-transactions/src/lib.rs:79:mod tests {
crates/amun-transactions/src/lib.rs:80:    use super::*;
crates/amun-transactions/src/lib.rs:81:    use ed25519_dalek::SigningKey;
crates/amun-transactions/src/lib.rs:82:    use rand::rngs::OsRng;
crates/amun-transcript-semantics/src/lib.rs:100:mod tests {
crates/amun-transcript-semantics/src/lib.rs:101:    use super::*;
crates/amun-transcript-semantics/src/lib.rs:10:#[derive(Debug, Clone, PartialEq, Eq)]
crates/amun-transcript-semantics/src/lib.rs:12:impl EventIdentity {
crates/amun-transcript-semantics/src/lib.rs:18:#[derive(Debug, Clone, Copy, PartialEq, Eq)]
crates/amun-transcript-semantics/src/lib.rs:20:impl EventAuthority {
crates/amun-transcript-semantics/src/lib.rs:26:#[derive(Debug, Clone, Copy, PartialEq, Eq)]
crates/amun-transcript-semantics/src/lib.rs:30:#[derive(Debug, Clone, Copy, PartialEq, Eq)] pub enum CausalRelation { HappensBefore, Concurrent, DirectCause, DependsOn }
crates/amun-transcript-semantics/src/lib.rs:31:#[derive(Debug, Clone, PartialEq, Eq)] pub struct CausalNode { pub identity: EventIdentity, pub dependencies: Vec<EventIdentity>, pub effects: Vec<EventIdentity> }
crates/amun-transcript-semantics/src/lib.rs:32:impl CausalNode { pub fn new(identity: EventIdentity) -> Self { Self { identity, dependencies: Vec::new(), effects: Vec::new() } } }
crates/amun-transcript-semantics/src/lib.rs:35:#[derive(Debug, Clone, Copy, PartialEq, Eq)] pub enum ConsensusEventType { Proposal, Prevote, Precommit, QCFormed, RoundTimeout, ViewChange }
crates/amun-transcript-semantics/src/lib.rs:36:#[derive(Debug, Clone, PartialEq, Eq)] pub struct ConsensusEvent { pub identity: EventIdentity, pub round: u64, pub event_type: ConsensusEventType, pub authority: EventAuthority }
crates/amun-transcript-semantics/src/lib.rs:37:#[derive(Debug, Clone, PartialEq, Eq)] pub struct ExecutionEvent { pub identity: EventIdentity, pub block_hash: [u8; 32], pub pre_state_root: [u8; 32], pub post_state_root: [u8; 32], pub receipt_hash: [u8; 32], pub authority: EventAuthority }
crates/amun-transcript-semantics/src/lib.rs:38:#[derive(Debug, Clone, Copy, PartialEq, Eq)] pub enum GovernanceEventType { ProposalSubmitted, VoteCast, ProposalPassed, ProposalVetoed, ProposalExecuted, EpochTransition, UpgradeActivated }
crates/amun-transcript-semantics/src/lib.rs:39:#[derive(Debug, Clone, PartialEq, Eq)] pub struct GovernanceEvent { pub identity: EventIdentity, pub event_type: GovernanceEventType, pub authority: EventAuthority }
crates/amun-transcript-semantics/src/lib.rs:40:#[derive(Debug, Clone, PartialEq, Eq)] pub struct CertifyingEvent { pub identity: EventIdentity, pub certifies: EventIdentity, pub certificate_hash: [u8; 32], pub certifier_authority: [u8; 32] }
crates/amun-transcript-semantics/src/lib.rs:42:#[derive(Debug, Clone, PartialEq, Eq)]
crates/amun-transcript-semantics/src/lib.rs:44:impl TranscriptEntry {
crates/amun-transcript-semantics/src/lib.rs:58:#[derive(Debug, Clone, PartialEq, Eq)]
crates/amun-transcript-semantics/src/lib.rs:5:use alloc::vec::Vec;
crates/amun-transcript-semantics/src/lib.rs:60:#[derive(Debug, Clone, PartialEq, Eq)]
crates/amun-transcript-semantics/src/lib.rs:62:impl ImmutableReplayCertificate {
crates/amun-transcript-semantics/src/lib.rs:6:use amun_replay_semantics::ReplayDomain;
crates/amun-transcript-semantics/src/lib.rs:77:#[derive(Debug, Clone, PartialEq, Eq)]
crates/amun-transcript-semantics/src/lib.rs:7:use sha2::{Sha256, Digest};
crates/amun-transcript-semantics/src/lib.rs:85:impl ReplayWitness {
crates/amun-transcript-semantics/src/lib.rs:93:pub mod laws {
crates/amun-transcript-semantics/src/lib.rs:94:    use super::*;
crates/amun-transcript-semantics/src/lib.rs:95:    #[derive(Debug, Clone, PartialEq, Eq)] pub enum TranscriptError { CausalChainBroken { parent_hash: [u8; 32], child_parent_hash: [u8; 32] }, AuthorityMismatch { expected: EventAuthority, actual: EventAuthority }, IncompleteReplay { expected: usize, actual: usize } }
crates/amun-transcript/src/lib.rs:1:#[cfg(test)] mod tests {}
crates/amun-transition-proof/src/enhanced_proof.rs:13:impl MerkleProof {
crates/amun-transition-proof/src/enhanced_proof.rs:1:use amun_evidence_engine::evidence_types::ConstitutionalEvidence;
crates/amun-transition-proof/src/enhanced_proof.rs:2:use amun_resource_core::{ResourceId, ResourceMetadata, ResourceRegistry};
crates/amun-transition-proof/src/enhanced_proof.rs:34:#[derive(Debug, Clone, PartialEq, Eq, Serialize, Deserialize)]
crates/amun-transition-proof/src/enhanced_proof.rs:3:use amun_vm_kernel::pending_buffer::OperationRecord;
crates/amun-transition-proof/src/enhanced_proof.rs:41:impl LineageProof {
crates/amun-transition-proof/src/enhanced_proof.rs:4:use serde::{Deserialize, Serialize};
crates/amun-transition-proof/src/enhanced_proof.rs:57:#[derive(Debug, Clone, PartialEq, Eq, Serialize, Deserialize)]
crates/amun-transition-proof/src/enhanced_proof.rs:64:impl WitnessBundle {
crates/amun-transition-proof/src/enhanced_proof.rs:6:#[derive(Debug, Clone, PartialEq, Eq, Serialize, Deserialize)]
crates/amun-transition-proof/src/enhanced_proof.rs:76:#[derive(Debug, Clone, PartialEq, Eq, Serialize, Deserialize)]
crates/amun-transition-proof/src/lib.rs:1:pub mod enhanced_proof;
crates/amun-transition-proof/src/lib.rs:2:pub mod proof_builder;
crates/amun-transition-proof/src/lib.rs:3:pub mod transition_proof;
crates/amun-transition-proof/src/lib.rs:5:pub use enhanced_proof::*;
crates/amun-transition-proof/src/lib.rs:6:pub use proof_builder::*;
crates/amun-transition-proof/src/lib.rs:7:pub use transition_proof::*;
crates/amun-transition-proof/src/proof_builder.rs:12:impl ProofBuilder {
crates/amun-transition-proof/src/proof_builder.rs:2:use amun_evidence_engine::evidence_engine::EvidenceEngine;
crates/amun-transition-proof/src/proof_builder.rs:3:use amun_evidence_engine::evidence_types::ConstitutionalEvidence;
crates/amun-transition-proof/src/proof_builder.rs:4:use amun_resource_core::{ResourceId, ResourceMetadata, ResourceRegistry};
crates/amun-transition-proof/src/proof_builder.rs:5:use amun_vm_kernel::pending_buffer::PendingBuffer;
crates/amun-transition-proof/src/proof_builder.rs:7:use crate::enhanced_proof::{EnhancedTransitionProof, LineageProof, MerkleProof, WitnessBundle};
crates/amun-transition-proof/src/proof_builder.rs:8:use crate::transition_proof::TransitionProof;
crates/amun-transition-proof/src/transition_proof.rs:12:#[derive(Debug, Clone, PartialEq, Eq, Serialize, Deserialize)]
crates/amun-transition-proof/src/transition_proof.rs:28:impl TransitionProof {
crates/amun-transition-proof/src/transition_proof.rs:2:use amun_evidence_engine::evidence_types::ConstitutionalEvidence;
crates/amun-transition-proof/src/transition_proof.rs:3:use amun_resource_core::{ResourceId, ResourceMetadata};
crates/amun-transition-proof/src/transition_proof.rs:4:use amun_vm_kernel::pending_buffer::OperationRecord;
crates/amun-transition-proof/src/transition_proof.rs:5:use serde::{Deserialize, Serialize};
crates/amun-truth-engine/src/engine.rs:1:use crate::log::{MessageEntry, MessageLog};
crates/amun-truth-engine/src/engine.rs:22:#[derive(Debug, Clone, PartialEq, Eq)]
crates/amun-truth-engine/src/engine.rs:2:use crate::trace::StateTrace;
crates/amun-truth-engine/src/engine.rs:3:use amun_chain_position::{ChainPosition, EpochSeal};
crates/amun-truth-engine/src/engine.rs:4:use amun_protocol_event::ProtocolEvent;
crates/amun-truth-engine/src/engine.rs:51:impl TruthEngine {
crates/amun-truth-engine/src/engine.rs:5:use amun_snapshot_constitution::{export_snapshot, import_snapshot, CanonicalSnapshot};
crates/amun-truth-engine/src/engine.rs:6:use amun_state_transition::{StateMachine, StorageJournal, TransitionOutput};
crates/amun-truth-engine/src/engine.rs:7:use std::collections::BTreeSet;
crates/amun-truth-engine/src/lib.rs:1:pub mod engine;
crates/amun-truth-engine/src/lib.rs:2:pub mod log;
crates/amun-truth-engine/src/lib.rs:3:pub mod trace;
crates/amun-truth-engine/src/lib.rs:4:pub use engine::{ReplayError, TruthEngine};
crates/amun-truth-engine/src/lib.rs:5:pub use log::{MessageEntry, MessageLog, TranscriptEntry};
crates/amun-truth-engine/src/lib.rs:6:pub use trace::StateTrace;
crates/amun-truth-engine/src/log.rs:182:impl Default for MessageLog {
crates/amun-truth-engine/src/log.rs:1:use amun_chain_position::ChainPosition;
crates/amun-truth-engine/src/log.rs:20:#[derive(Debug, Clone)]
crates/amun-truth-engine/src/log.rs:29:impl MessageEntry {
crates/amun-truth-engine/src/log.rs:2:use amun_deterministic_allocator::DeterministicArena;
crates/amun-truth-engine/src/log.rs:3:use blake3::Hasher;
crates/amun-truth-engine/src/log.rs:45:impl MessageLog {
crates/amun-truth-engine/src/log.rs:8:#[derive(Debug, Clone, PartialEq, Eq)]
crates/amun-truth-engine/src/trace.rs:11:impl StateTrace {
crates/amun-truth-engine/src/trace.rs:2:#[derive(Debug, Clone, PartialEq, Eq)]
crates/amun-truth-engine/src/trace.rs:51:impl Default for StateTrace {
crates/amun-unlock-law/src/lib.rs:1:use amun_quorum_certificate::QuorumCertificate;
crates/amun-unlock-law/src/lib.rs:25:mod tests {
crates/amun-unlock-law/src/lib.rs:26:    use super::*;
crates/amun-unlock-law/src/lib.rs:27:    use amun_chain_position::ChainPosition;
crates/amun-unlock-law/src/lib.rs:28:    use amun_consensus_messages::ConsensusPhase;
crates/amun-unlock-law/src/lib.rs:29:    use amun_consensus_messages::ConsensusVote;
crates/amun-unlock-law/src/lib.rs:2:use amun_validator_attestation::ValidatorSet;
crates/amun-unlock-law/src/lib.rs:30:    use amun_validator_attestation::validator_set::ValidatorInfo;
crates/amun-unlock-law/src/unlock.rs:12:impl UnlockProof {
crates/amun-unlock-law/src/unlock.rs:1:use amun_quorum_certificate::QuorumCertificate;
crates/amun-unlock-law/src/unlock.rs:2:use blake3::Hasher;
crates/amun-unlock-law/src/unlock.rs:4:#[derive(Debug, Clone)]
crates/amun-unlock-law/src/unlock.rs:53:impl UnlockLaw {
crates/amun-unsafe/src/guard.rs:17:impl<T> InitGuard<T> {
crates/amun-unsafe/src/guard.rs:41:impl<T> Drop for InitGuard<T> {
crates/amun-unsafe/src/guard.rs:4:use core::mem::ManuallyDrop;
crates/amun-unsafe/src/guard.rs:6:#[derive(Clone, Copy, PartialEq, Eq)]
crates/amun-unsafe/src/layout.rs:10:pub unsafe trait StableLayout: Sized + Copy {}
crates/amun-unsafe/src/layout.rs:12:unsafe impl StableLayout for u8 {}
crates/amun-unsafe/src/layout.rs:13:unsafe impl StableLayout for u16 {}
crates/amun-unsafe/src/layout.rs:14:unsafe impl StableLayout for u32 {}
crates/amun-unsafe/src/layout.rs:15:unsafe impl StableLayout for u64 {}
crates/amun-unsafe/src/layout.rs:16:unsafe impl StableLayout for u128 {}
crates/amun-unsafe/src/layout.rs:17:unsafe impl StableLayout for i8 {}
crates/amun-unsafe/src/layout.rs:18:unsafe impl StableLayout for i16 {}
crates/amun-unsafe/src/layout.rs:19:unsafe impl StableLayout for i32 {}
crates/amun-unsafe/src/layout.rs:1:/// Marker trait for types with a stable, deterministic memory layout.
crates/amun-unsafe/src/layout.rs:20:unsafe impl StableLayout for i64 {}
crates/amun-unsafe/src/layout.rs:21:unsafe impl StableLayout for [u8; 32] {}
crates/amun-unsafe/src/layout.rs:22:unsafe impl StableLayout for [u8; 48] {}
crates/amun-unsafe/src/layout.rs:23:unsafe impl StableLayout for [u8; 96] {}
crates/amun-unsafe/src/lib.rs:10:pub use guard::InitGuard;
crates/amun-unsafe/src/lib.rs:11:pub use slot::RawSlot;
crates/amun-unsafe/src/lib.rs:13:// Unsafe marker trait for types with verified deterministic layout.
crates/amun-unsafe/src/lib.rs:16:pub unsafe trait StableLayout: Sized {}
crates/amun-unsafe/src/lib.rs:17:unsafe impl StableLayout for u8 {}
crates/amun-unsafe/src/lib.rs:18:unsafe impl StableLayout for u16 {}
crates/amun-unsafe/src/lib.rs:19:unsafe impl StableLayout for u32 {}
crates/amun-unsafe/src/lib.rs:20:unsafe impl StableLayout for u64 {}
crates/amun-unsafe/src/lib.rs:21:unsafe impl StableLayout for [u8; 32] {}
crates/amun-unsafe/src/lib.rs:23:mod tests;
crates/amun-unsafe/src/lib.rs:7:pub mod guard;
crates/amun-unsafe/src/lib.rs:8:pub mod slot;
crates/amun-unsafe/src/slot.rs:112:impl<T> Drop for RawSlot<T> {
crates/amun-unsafe/src/slot.rs:122:impl<T> Default for RawSlot<T> {
crates/amun-unsafe/src/slot.rs:21:impl<T> RawSlot<T> {
crates/amun-unsafe/src/slot.rs:4:use core::mem::MaybeUninit;
crates/amun-unsafe/src/slot.rs:5:use core::ptr;
crates/amun-unsafe/src/slot.rs:7:#[derive(Clone, Copy, PartialEq, Eq, Debug)]
crates/amun-unsafe/src/tests.rs:119:    impl<'a> Drop for DropCount<'a> {
crates/amun-unsafe/src/tests.rs:136:    impl<'a> Drop for DropCount<'a> {
crates/amun-unsafe/src/tests.rs:2:use crate::guard::InitGuard;
crates/amun-unsafe/src/tests.rs:3:use crate::slot::RawSlot;
crates/amun-unsafe/src/tests.rs:4:use core::cell::Cell;
crates/amun-unsafe/src/tests.rs:80:    impl<'a> Drop for DropCount<'a> {
crates/amun-unsigned-messages/src/lib.rs:1:pub mod proposal;
crates/amun-unsigned-messages/src/lib.rs:2:pub mod vote;
crates/amun-unsigned-messages/src/lib.rs:4:pub use proposal::{SignedProposal, UnsignedProposal};
crates/amun-unsigned-messages/src/lib.rs:5:pub use vote::{SignedVote, UnsignedVote};
crates/amun-unsigned-messages/src/proposal.rs:141:#[derive(Debug, Clone)]
crates/amun-unsigned-messages/src/proposal.rs:147:impl SignedProposal {
crates/amun-unsigned-messages/src/proposal.rs:19:impl UnsignedProposal {
crates/amun-unsigned-messages/src/proposal.rs:1:use amun_chain_position::ChainPosition;
crates/amun-unsigned-messages/src/proposal.rs:2:use blake3::Hasher;
crates/amun-unsigned-messages/src/proposal.rs:8:#[derive(Debug, Clone, PartialEq, Eq)]
crates/amun-unsigned-messages/src/vote.rs:11:#[derive(Debug, Clone, PartialEq, Eq)]
crates/amun-unsigned-messages/src/vote.rs:135:#[derive(Debug, Clone)]
crates/amun-unsigned-messages/src/vote.rs:141:impl SignedVote {
crates/amun-unsigned-messages/src/vote.rs:1:use amun_chain_position::ChainPosition;
crates/amun-unsigned-messages/src/vote.rs:21:impl UnsignedVote {
crates/amun-unsigned-messages/src/vote.rs:2:use amun_constitution_core::phase::ConstitutionalPhase;
crates/amun-unsigned-messages/src/vote.rs:3:use blake3::Hasher;
crates/amun-upgrade/src/lib.rs:1:pub mod protocol;
crates/amun-upgrade/src/lib.rs:2:pub use protocol::UpgradeProtocol;
crates/amun-upgrade/src/protocol.rs:13:impl Default for UpgradeProtocol {
crates/amun-upgrade/src/protocol.rs:19:impl UpgradeProtocol {
crates/amun-upgrade/src/protocol.rs:1:#[derive(Debug, Clone)]
crates/amun-validator-attestation/src/attestation.rs:14:impl ValidatorAttestation {
crates/amun-validator-attestation/src/attestation.rs:1:use amun_chain_position::ChainPosition;
crates/amun-validator-attestation/src/attestation.rs:2:use blake3::Hasher;
crates/amun-validator-attestation/src/attestation.rs:4:#[derive(Debug, Clone)]
crates/amun-validator-attestation/src/lib.rs:1:pub mod validator_set;
crates/amun-validator-attestation/src/lib.rs:2:pub use validator_set::{ValidatorInfo, ValidatorSet, ValidatorSetError};
crates/amun-validator-attestation/src/validator_set.rs:11:#[derive(Debug, Clone)]
crates/amun-validator-attestation/src/validator_set.rs:19:impl ValidatorSet {
crates/amun-validator-attestation/src/validator_set.rs:1:use std::collections::BTreeMap;
crates/amun-validator-attestation/src/validator_set.rs:2:use amun_kernel_types::epoch::Epoch;
crates/amun-validator-attestation/src/validator_set.rs:4:#[derive(Debug, Clone)]
crates/amun-validator-attestation/src/validator_set.rs:68:#[derive(Debug)]
crates/amun-validator-identity/src/lib.rs:1:pub mod registry;
crates/amun-validator-identity/src/lib.rs:2:pub mod signature;
crates/amun-validator-identity/src/lib.rs:3:pub mod validator_id;
crates/amun-validator-identity/src/lib.rs:5:pub use registry::ValidatorKeyRegistry;
crates/amun-validator-identity/src/lib.rs:6:pub use signature::{verify_ed25519, vote_signing_payload};
crates/amun-validator-identity/src/lib.rs:7:pub use validator_id::{derive_validator_id, ValidatorId};
crates/amun-validator-identity/src/registry.rs:11:impl ValidatorKeyRegistry {
crates/amun-validator-identity/src/registry.rs:1:use crate::validator_id::ValidatorId;
crates/amun-validator-identity/src/registry.rs:2:use std::collections::BTreeMap;
crates/amun-validator-identity/src/registry.rs:5:#[derive(Debug, Clone, Default)]
crates/amun-validator-identity/src/signature.rs:1:use ed25519_dalek::{Signature, Verifier, VerifyingKey};
crates/amun-validator-identity/src/signature.rs:43:mod tests {
crates/amun-validator-identity/src/signature.rs:44:    use super::*;
crates/amun-validator-identity/src/signature.rs:45:    use ed25519_dalek::{Signer, SigningKey};
crates/amun-validator-identity/src/signature.rs:46:    use rand::rngs::OsRng;
crates/amun-validator-identity/src/signature.rs:57:        let voter_id = crate::validator_id::derive_validator_id(&pk);
crates/amun-validator-identity/src/signature.rs:74:        let voter_id = crate::validator_id::derive_validator_id(&pk);
crates/amun-validator-identity/src/validator_id.rs:17:pub fn derive_peer_id(public_key: &[u8; 32], genesis_hash: &[u8; 32]) -> [u8; 32] {
crates/amun-validator-identity/src/validator_id.rs:1:/// Unique identifier of a validator, derived from its public key.
crates/amun-validator-identity/src/validator_id.rs:27:mod tests {
crates/amun-validator-identity/src/validator_id.rs:28:    use super::*;
crates/amun-validator-identity/src/validator_id.rs:33:        let id1 = derive_validator_id(&pk);
crates/amun-validator-identity/src/validator_id.rs:34:        let id2 = derive_validator_id(&pk);
crates/amun-validator-identity/src/validator_id.rs:6:pub fn derive_validator_id(public_key: &[u8; 32]) -> ValidatorId {
crates/amun-validator-networking/src/lib.rs:32:pub mod network_messages;
crates/amun-validator-networking/src/lib.rs:33:pub mod peer_discovery;
crates/amun-validator-networking/src/lib.rs:34:pub mod rejoin_protocol;
crates/amun-validator-networking/src/lib.rs:35:pub mod sync_transport;
crates/amun-validator-networking/src/lib.rs:36:pub mod validator_identity;
crates/amun-validator-networking/src/lib.rs:38:pub use network_messages::*;
crates/amun-validator-networking/src/lib.rs:39:pub use peer_discovery::*;
crates/amun-validator-networking/src/lib.rs:40:pub use rejoin_protocol::*;
crates/amun-validator-networking/src/lib.rs:41:pub use sync_transport::*;
crates/amun-validator-networking/src/lib.rs:42:pub use validator_identity::*;
crates/amun-validator-networking/src/lib.rs:45:mod tests {
crates/amun-validator-networking/src/lib.rs:46:    use super::*;
crates/amun-validator-networking/src/lib.rs:47:    use amun_resource_core::{
crates/amun-validator-networking/src/network_messages.rs:1:use amun_state_sync::sync_package::ConstitutionalSyncPackage;
crates/amun-validator-networking/src/network_messages.rs:3:use serde::{Deserialize, Serialize};
crates/amun-validator-networking/src/network_messages.rs:44:impl NetworkMessage {
crates/amun-validator-networking/src/network_messages.rs:6:#[derive(Debug, Clone, PartialEq, Eq, Serialize, Deserialize)]
crates/amun-validator-networking/src/peer_discovery.rs:10:impl PeerRegistry {
crates/amun-validator-networking/src/peer_discovery.rs:1:use crate::validator_identity::ValidatorIdentity;
crates/amun-validator-networking/src/peer_discovery.rs:2:use std::collections::HashMap;
crates/amun-validator-networking/src/peer_discovery.rs:36:        use rand::seq::SliceRandom;
crates/amun-validator-networking/src/peer_discovery.rs:5:#[derive(Debug, Clone, Default)]
crates/amun-validator-networking/src/rejoin_protocol.rs:17:impl RejoinProtocol {
crates/amun-validator-networking/src/rejoin_protocol.rs:1:use crate::sync_transport::SyncTransport;
crates/amun-validator-networking/src/rejoin_protocol.rs:2:use amun_resource_core::ResourceRegistry;
crates/amun-validator-networking/src/rejoin_protocol.rs:4:#[derive(Debug, Clone, PartialEq, Eq)]
crates/amun-validator-networking/src/sync_transport.rs:1:use amun_resource_core::ResourceRegistry;
crates/amun-validator-networking/src/sync_transport.rs:2:use amun_state_sync::snapshot_certificate::StateSnapshotCertificate;
crates/amun-validator-networking/src/sync_transport.rs:3:use amun_state_sync::state_chunk::{build_chunk_merkle_tree, StateChunk};
crates/amun-validator-networking/src/sync_transport.rs:4:use amun_state_sync::stateless_verifier::{StatelessVerifier, SyncVerificationResult};
crates/amun-validator-networking/src/sync_transport.rs:5:use amun_state_sync::sync_package::ConstitutionalSyncPackage;
crates/amun-validator-networking/src/sync_transport.rs:9:impl SyncTransport {
crates/amun-validator-networking/src/validator_identity.rs:12:impl ValidatorIdentity {
crates/amun-validator-networking/src/validator_identity.rs:1:use serde::{Deserialize, Serialize};
crates/amun-validator-networking/src/validator_identity.rs:4:#[derive(Debug, Clone, PartialEq, Eq, Serialize, Deserialize)]
crates/amun-validator-registry/src/lib.rs:1:pub mod registry;
crates/amun-validator-registry/src/lib.rs:3:pub use registry::ValidatorRegistry;
crates/amun-validator-registry/src/registry.rs:10:impl ValidatorRegistry {
crates/amun-validator-registry/src/registry.rs:1:use std::collections::BTreeMap;
crates/amun-validator-registry/src/registry.rs:50:impl Default for ValidatorRegistry {
crates/amun-validator-registry/src/registry.rs:5:#[derive(Debug, Clone)]
crates/amun-validator-runtime/src/lib.rs:1:pub mod validator_cluster;
crates/amun-validator-runtime/src/lib.rs:2:pub mod validator_node;
crates/amun-validator-runtime/src/validator_cluster.rs:15:impl ValidatorCluster {
crates/amun-validator-runtime/src/validator_cluster.rs:1:use crate::validator_node::ValidatorNode;
crates/amun-validator-runtime/src/validator_cluster.rs:2:use amun_resource_core::ResourceId;
crates/amun-validator-runtime/src/validator_cluster.rs:46:mod tests {
crates/amun-validator-runtime/src/validator_cluster.rs:47:    use super::*;
crates/amun-validator-runtime/src/validator_node.rs:17:impl ValidatorNode {
crates/amun-validator-runtime/src/validator_node.rs:1:use amun_bytecode::opcodes::OpCode;
crates/amun-validator-runtime/src/validator_node.rs:2:use amun_bytecode::program::ConstitutionalProgram;
crates/amun-validator-runtime/src/validator_node.rs:3:use amun_constitutional_runtime::runtime_pipeline::{ConstitutionalRuntime, PipelineResult};
crates/amun-validator-runtime/src/validator_node.rs:4:use amun_operations::health_check::NodeHealth;
crates/amun-validator-runtime/src/validator_node.rs:5:use amun_operations::metrics::NodeMetrics;
crates/amun-validator-runtime/src/validator_node.rs:6:use amun_persistent_node::persistent_store::PersistentValidatorStore;
crates/amun-validator-runtime/src/validator_node.rs:7:use amun_resource_core::ResourceId;
crates/amun-validator-runtime/src/validator_node.rs:8:use amun_vm_kernel::execution_context::ExecutionContext;
crates/amun-verification-kernel/src/lib.rs:130:#[derive(Debug, Clone, Default)]
crates/amun-verification-kernel/src/lib.rs:135:impl VerificationRegistry {
crates/amun-verification-kernel/src/lib.rs:158:mod tests {
crates/amun-verification-kernel/src/lib.rs:159:    use super::*;
crates/amun-verification-kernel/src/lib.rs:15:#[derive(Debug, Clone, Serialize, Deserialize, PartialEq)]
crates/amun-verification-kernel/src/lib.rs:1:use blake3::Hasher;
crates/amun-verification-kernel/src/lib.rs:26:#[derive(Debug, Clone, Serialize, Deserialize, PartialEq)]
crates/amun-verification-kernel/src/lib.rs:2:use serde::{Deserialize, Serialize};
crates/amun-verification-kernel/src/lib.rs:36:#[derive(Debug, Clone, Serialize, Deserialize, PartialEq)]
crates/amun-verification-kernel/src/lib.rs:47:#[derive(Debug, Clone, Serialize, Deserialize, PartialEq)]
crates/amun-verification-kernel/src/lib.rs:58:#[derive(Debug, Clone, Serialize, Deserialize, PartialEq)]
crates/amun-verification-kernel/src/lib.rs:5:#[derive(Debug, Clone, Serialize, Deserialize, PartialEq)]
crates/amun-verification-kernel/src/lib.rs:69:impl VerificationCertificate {
crates/amun-verified-pipeline/src/lib.rs:1:pub mod vote_pipeline;
crates/amun-verified-pipeline/src/lib.rs:3:pub use vote_pipeline::{CanonicalVote, ParsedVote, RawVote, VerifiedVote};
crates/amun-verified-pipeline/src/vote_pipeline.rs:11:#[derive(Debug, Clone)]
crates/amun-verified-pipeline/src/vote_pipeline.rs:16:#[derive(Debug, Clone)]
crates/amun-verified-pipeline/src/vote_pipeline.rs:1:use amun_consensus_signatures::SignatureDomain;
crates/amun-verified-pipeline/src/vote_pipeline.rs:22:#[derive(Debug, Clone)]
crates/amun-verified-pipeline/src/vote_pipeline.rs:27:impl RawVote {
crates/amun-verified-pipeline/src/vote_pipeline.rs:2:use amun_signature_engine::SignatureVerifier;
crates/amun-verified-pipeline/src/vote_pipeline.rs:39:impl ParsedVote {
crates/amun-verified-pipeline/src/vote_pipeline.rs:3:use amun_unsigned_messages::SignedVote;
crates/amun-verified-pipeline/src/vote_pipeline.rs:4:use amun_validator_registry::ValidatorRegistry;
crates/amun-verified-pipeline/src/vote_pipeline.rs:59:impl VerifiedVote {
crates/amun-verified-pipeline/src/vote_pipeline.rs:6:#[derive(Debug, Clone)]
crates/amun-verifier-node/src/lib.rs:1:pub mod report;
crates/amun-verifier-node/src/lib.rs:2:pub mod verifier;
crates/amun-verifier-node/src/lib.rs:4:pub use report::VerificationReport;
crates/amun-verifier-node/src/lib.rs:5:pub use verifier::VerifierNode;
crates/amun-verifier-node/src/report.rs:15:impl VerificationReport {
crates/amun-verifier-node/src/report.rs:1:use serde::{Deserialize, Serialize};
crates/amun-verifier-node/src/report.rs:3:#[derive(Debug, Clone, Serialize, Deserialize, PartialEq)]
crates/amun-verifier-node/src/verifier.rs:1:use crate::report::VerificationReport;
crates/amun-verifier-node/src/verifier.rs:2:use amun_constitutional_block::ConstitutionalBlock;
crates/amun-verifier-node/src/verifier.rs:3:use amun_proof_carrying::{ProofCarryingReceipt, ProofVerifier};
crates/amun-verifier-node/src/verifier.rs:7:impl VerifierNode {
crates/amun-view-change/src/lib.rs:1:pub mod new_view;
crates/amun-view-change/src/lib.rs:2:pub mod view_change;
crates/amun-view-change/src/lib.rs:4:pub use new_view::NewView;
crates/amun-view-change/src/lib.rs:5:pub use view_change::ViewChange;
crates/amun-view-change/src/new_view.rs:14:impl NewView {
crates/amun-view-change/src/new_view.rs:1:use crate::view_change::ViewChange;
crates/amun-view-change/src/new_view.rs:2:use amun_chain_position::ChainPosition;
crates/amun-view-change/src/new_view.rs:3:use blake3::Hasher;
crates/amun-view-change/src/new_view.rs:6:#[derive(Debug, Clone)]
crates/amun-view-change/src/view_change.rs:16:impl ViewChange {
crates/amun-view-change/src/view_change.rs:1:use amun_chain_position::ChainPosition;
crates/amun-view-change/src/view_change.rs:2:use blake3::Hasher;
crates/amun-view-change/src/view_change.rs:5:#[derive(Debug, Clone)]
crates/amun-vm-kernel/src/execution_context.rs:1:use amun_resource_core::ResourceId;
crates/amun-vm-kernel/src/execution_context.rs:4:#[derive(Debug, Clone)]
crates/amun-vm-kernel/src/lib.rs:1:pub mod execution_context;
crates/amun-vm-kernel/src/lib.rs:2:pub mod pending_buffer;
crates/amun-vm-kernel/src/lib.rs:3:pub mod vm_kernel;
crates/amun-vm-kernel/src/lib.rs:5:pub use execution_context::*;
crates/amun-vm-kernel/src/lib.rs:6:pub use pending_buffer::*;
crates/amun-vm-kernel/src/lib.rs:7:pub use vm_kernel::*;
crates/amun-vm-kernel/src/pending_buffer.rs:14:#[derive(Debug, Clone, PartialEq, Eq, Serialize, Deserialize)]
crates/amun-vm-kernel/src/pending_buffer.rs:1:use amun_resource_core::{ResourceId, ResourceMetadata, ResourceState};
crates/amun-vm-kernel/src/pending_buffer.rs:21:#[derive(Debug, Clone, PartialEq, Eq, Serialize, Deserialize)]
crates/amun-vm-kernel/src/pending_buffer.rs:2:use serde::{Deserialize, Serialize};
crates/amun-vm-kernel/src/pending_buffer.rs:35:#[derive(Debug, Clone, Default)]
crates/amun-vm-kernel/src/pending_buffer.rs:3:use std::collections::HashMap;
crates/amun-vm-kernel/src/pending_buffer.rs:44:impl PendingBuffer {
crates/amun-vm-kernel/src/pending_buffer.rs:7:#[derive(Debug, Clone, PartialEq, Eq)]
crates/amun-vm-kernel/src/vm_kernel.rs:126:                registry.consume_and_derive(parent_id, meta.clone())?;
crates/amun-vm-kernel/src/vm_kernel.rs:1:use amun_resource_core::{RegistryError, ResourceMetadata, ResourceRegistry, TransformationMatrix};
crates/amun-vm-kernel/src/vm_kernel.rs:21:impl VMKernel {
crates/amun-vm-kernel/src/vm_kernel.rs:3:use crate::execution_context::ExecutionContext;
crates/amun-vm-kernel/src/vm_kernel.rs:4:use crate::pending_buffer::{PendingBuffer, VMEvidence};
crates/amun-vm-kernel/src/vm_kernel.rs:6:#[derive(Debug, Clone, PartialEq, Eq)]
crates/amun-wal/src/authority_index.rs:16:impl AuthorityIndex {
crates/amun-wal/src/authority_index.rs:1:use std::collections::BTreeMap;
crates/amun-wal/src/authority_index.rs:4:#[derive(Debug, Clone, Default)]
crates/amun-wal/src/frame.rs:17:impl WalFrame {
crates/amun-wal/src/frame.rs:1:use amun_protocol_event::ProtocolEvent;
crates/amun-wal/src/frame.rs:2:use blake3::Hasher;
crates/amun-wal/src/frame.rs:4:#[derive(Debug, Clone)]
crates/amun-wal/src/frame.rs:9:#[derive(Debug, Clone)]
crates/amun-wal/src/lib.rs:103:#[derive(Debug, Clone, PartialEq, Eq)]
crates/amun-wal/src/lib.rs:112:#[derive(Debug)]
crates/amun-wal/src/lib.rs:121:#[derive(Debug)]
crates/amun-wal/src/lib.rs:135:impl WriteAheadLog {
crates/amun-wal/src/lib.rs:14:#[derive(Debug)]
crates/amun-wal/src/lib.rs:1:use serde::{Deserialize, Serialize};
crates/amun-wal/src/lib.rs:28:#[derive(Debug, Clone, Serialize, Deserialize)]
crates/amun-wal/src/lib.rs:2:use sha2::{Digest, Sha256};
crates/amun-wal/src/lib.rs:36:#[derive(Debug, Clone, Serialize, Deserialize)]
crates/amun-wal/src/lib.rs:3:use std::collections::BTreeSet;
crates/amun-wal/src/lib.rs:46:#[derive(Debug, Clone, Serialize, Deserialize)]
crates/amun-wal/src/lib.rs:4:use std::fs::{File, OpenOptions};
crates/amun-wal/src/lib.rs:57:#[derive(Debug, Clone, Serialize, Deserialize, PartialEq)]
crates/amun-wal/src/lib.rs:5:use std::io::{Read, Seek, SeekFrom, Write};
crates/amun-wal/src/lib.rs:68:#[derive(Debug, Clone)]
crates/amun-wal/src/lib.rs:6:use std::path::Path;
crates/amun-wal/src/lib.rs:86:#[derive(Debug)]
crates/amun-wal/src/lib.rs:923:impl Drop for WriteAheadLog {
crates/amun-wal/src/lib.rs:930:mod tests {
crates/amun-wal/src/lib.rs:931:    use super::*;
crates/amun-wal/src/lib.rs:96:#[derive(Debug, Clone, Copy, PartialEq, Eq)]
crates/amun-wal/src/recovery.rs:1:use crate::WriteAheadLog;
crates/amun-wal/src/recovery.rs:3:#[derive(Debug)]
crates/amun-wal/src/wal.rs:18:impl WriteAheadLog {
crates/amun-wal/src/wal.rs:1:use crate::frame::{WalFrame, WalEntry};
crates/amun-wal/src/wal.rs:2:use amun_protocol_event::ProtocolEvent;
crates/amun-wal/src/wal.rs:3:use std::fs::{File, OpenOptions};
crates/amun-wal/src/wal.rs:4:use std::io::{Read, Write, Seek, SeekFrom};
crates/amun-wal/src/wal.rs:5:use std::path::PathBuf;
crates/amun-wallet-api/src/errors.rs:13:#[derive(Debug, Serialize)]
crates/amun-wallet-api/src/errors.rs:19:impl ApiError {
crates/amun-wallet-api/src/errors.rs:1:use axum::{
crates/amun-wallet-api/src/errors.rs:30:impl IntoResponse for ApiError {
crates/amun-wallet-api/src/errors.rs:6:use serde::Serialize;
crates/amun-wallet-api/src/errors.rs:8:#[derive(Debug, Serialize)]
crates/amun-wallet-api/src/lib.rs:10:pub mod services {
crates/amun-wallet-api/src/lib.rs:11:    pub mod account_service;
crates/amun-wallet-api/src/lib.rs:12:    pub mod chain_service;
crates/amun-wallet-api/src/lib.rs:13:    pub mod network_service;
crates/amun-wallet-api/src/lib.rs:14:    pub mod transaction_service;
crates/amun-wallet-api/src/lib.rs:18:mod tests {
crates/amun-wallet-api/src/lib.rs:19:    use super::*;
crates/amun-wallet-api/src/lib.rs:1:pub mod errors;
crates/amun-wallet-api/src/lib.rs:20:    use axum::{
crates/amun-wallet-api/src/lib.rs:24:    use serde_json::json;
crates/amun-wallet-api/src/lib.rs:25:    use tower::ServiceExt;
crates/amun-wallet-api/src/lib.rs:2:pub mod server;
crates/amun-wallet-api/src/lib.rs:3:pub mod types;
crates/amun-wallet-api/src/lib.rs:4:pub mod routes {
crates/amun-wallet-api/src/lib.rs:5:    pub mod accounts;
crates/amun-wallet-api/src/lib.rs:6:    pub mod chain;
crates/amun-wallet-api/src/lib.rs:7:    pub mod network;
crates/amun-wallet-api/src/lib.rs:8:    pub mod transactions;
crates/amun-wallet-api/src/main.rs:1:use amun_wallet_api::server;
crates/amun-wallet-api/src/routes/accounts.rs:1:use axum::{
crates/amun-wallet-api/src/routes/chain.rs:1:use crate::services::chain_service::ChainService;
crates/amun-wallet-api/src/routes/chain.rs:2:use axum::{extract::Path, routing::get, Router};
crates/amun-wallet-api/src/routes/network.rs:1:use crate::services::network_service::NetworkService;
crates/amun-wallet-api/src/routes/network.rs:2:use axum::{routing::get, Router};
crates/amun-wallet-api/src/routes/transactions.rs:1:use crate::services::transaction_service::TransactionService;
crates/amun-wallet-api/src/routes/transactions.rs:2:use crate::types::{BuildTransactionRequest, SubmitTransactionRequest};
crates/amun-wallet-api/src/routes/transactions.rs:3:use axum::{extract::Path, routing::get, routing::post, Json, Router};
crates/amun-wallet-api/src/server.rs:1:use crate::routes::{accounts, chain, network, transactions};
crates/amun-wallet-api/src/server.rs:2:use axum::Router;
crates/amun-wallet-api/src/services/account_service.rs:1:use crate::errors::{ApiError, ApiResult};
crates/amun-wallet-api/src/services/account_service.rs:2:use crate::types::AccountResponse;
crates/amun-wallet-api/src/services/account_service.rs:3:use axum::Json;
crates/amun-wallet-api/src/services/account_service.rs:7:impl AccountService {
crates/amun-wallet-api/src/services/chain_service.rs:1:use axum::Json;
crates/amun-wallet-api/src/services/chain_service.rs:3:use crate::errors::{ApiError, ApiResult};
crates/amun-wallet-api/src/services/chain_service.rs:4:use crate::types::{BlockResponse, ChainHeadResponse};
crates/amun-wallet-api/src/services/chain_service.rs:8:impl ChainService {
crates/amun-wallet-api/src/services/network_service.rs:1:use axum::Json;
crates/amun-wallet-api/src/services/network_service.rs:3:use crate::errors::ApiResult;
crates/amun-wallet-api/src/services/network_service.rs:4:use crate::types::NetworkInfoResponse;
crates/amun-wallet-api/src/services/network_service.rs:8:impl NetworkService {
crates/amun-wallet-api/src/services/transaction_service.rs:11:impl TransactionService {
crates/amun-wallet-api/src/services/transaction_service.rs:1:use axum::Json;
crates/amun-wallet-api/src/services/transaction_service.rs:26:        use amun_transactions::{Transaction, TransactionPayload, TransferPayload};
crates/amun-wallet-api/src/services/transaction_service.rs:3:use crate::errors::{ApiError, ApiResult};
crates/amun-wallet-api/src/services/transaction_service.rs:4:use crate::types::{
crates/amun-wallet-api/src/types.rs:10:#[derive(Debug, Clone, Serialize, Deserialize)]
crates/amun-wallet-api/src/types.rs:1:use serde::{Deserialize, Serialize};
crates/amun-wallet-api/src/types.rs:21:#[derive(Debug, Clone, Serialize, Deserialize)]
crates/amun-wallet-api/src/types.rs:27:#[derive(Debug, Clone, Serialize, Deserialize)]
crates/amun-wallet-api/src/types.rs:34:#[derive(Debug, Clone, Serialize, Deserialize)]
crates/amun-wallet-api/src/types.rs:39:#[derive(Debug, Clone, Serialize, Deserialize)]
crates/amun-wallet-api/src/types.rs:3:#[derive(Debug, Clone, Serialize, Deserialize)]
crates/amun-wallet-api/src/types.rs:51:#[derive(Debug, Clone, Serialize, Deserialize)]
crates/amun-wallet-api/src/types.rs:59:#[derive(Debug, Clone, Serialize, Deserialize)]
crates/amun-wallet-api/src/types.rs:67:#[derive(Debug, Clone, Serialize, Deserialize)]
crates/amun-wallet-management/src/keygen.rs:1:use ed25519_dalek::SigningKey;
crates/amun-wallet-management/src/keygen.rs:2:use rand::rngs::OsRng;
crates/amun-wallet-management/src/keygen.rs:3:use rand::RngCore;
crates/amun-wallet-management/src/keygen.rs:5:use crate::types::{WalletKeypair, WalletSeed};
crates/amun-wallet-management/src/keystore.rs:1:use std::fs;
crates/amun-wallet-management/src/keystore.rs:3:use argon2::Argon2;
crates/amun-wallet-management/src/keystore.rs:4:use rand::rngs::OsRng;
crates/amun-wallet-management/src/keystore.rs:5:use rand::RngCore;
crates/amun-wallet-management/src/keystore.rs:63:    let mut derived_key = [0u8; 32];
crates/amun-wallet-management/src/keystore.rs:65:        .hash_password_into(password.as_bytes(), &salt, &mut derived_key)
crates/amun-wallet-management/src/keystore.rs:71:        secret_key[i] = encrypted[i] ^ derived_key[i];
crates/amun-wallet-management/src/keystore.rs:7:use crate::types::{Keystore, WalletKeypair};
crates/amun-wallet-management/src/lib.rs:1:pub mod keygen;
crates/amun-wallet-management/src/lib.rs:2:pub mod keystore;
crates/amun-wallet-management/src/lib.rs:3:pub mod seed;
crates/amun-wallet-management/src/lib.rs:4:pub mod signer;
crates/amun-wallet-management/src/lib.rs:5:pub mod types;
crates/amun-wallet-management/src/lib.rs:8:mod tests {
crates/amun-wallet-management/src/lib.rs:98:        // Types correctly lack Serialize impl — this test compiles.
crates/amun-wallet-management/src/lib.rs:99:        // Types correctly lack Serialize impl — this test compiles.
crates/amun-wallet-management/src/lib.rs:9:    use super::*;
crates/amun-wallet-management/src/seed.rs:1:use rand::rngs::OsRng;
crates/amun-wallet-management/src/seed.rs:2:use rand::RngCore;
crates/amun-wallet-management/src/seed.rs:4:use crate::types::WalletSeed;
crates/amun-wallet-management/src/signer.rs:1:use ed25519_dalek::{Signature, Signer, SigningKey, Verifier, VerifyingKey};
crates/amun-wallet-management/src/signer.rs:3:use crate::types::WalletKeypair;
crates/amun-wallet-management/src/types.rs:19:#[derive(Clone, Zeroize, ZeroizeOnDrop)]
crates/amun-wallet-management/src/types.rs:1:use serde::{Deserialize, Serialize};
crates/amun-wallet-management/src/types.rs:22:impl WalletSeed {
crates/amun-wallet-management/src/types.rs:2:use zeroize::{Zeroize, ZeroizeOnDrop};
crates/amun-wallet-management/src/types.rs:38:impl std::fmt::Debug for WalletSeed {
crates/amun-wallet-management/src/types.rs:4:/// A wallet address derived from a public key.
crates/amun-wallet-management/src/types.rs:50:#[derive(Clone, Zeroize, ZeroizeOnDrop)]
crates/amun-wallet-management/src/types.rs:56:impl WalletKeypair {
crates/amun-wallet-management/src/types.rs:5:#[derive(Debug, Clone, PartialEq, Eq, Hash, Serialize, Deserialize)]
crates/amun-wallet-management/src/types.rs:80:#[derive(Debug, Clone, Serialize, Deserialize)]
crates/amun-wallet-management/src/types.rs:8:impl std::fmt::Display for WalletAddress {
crates/amun-wallet-ui/src/main.rs:1:use axum::http::Method;
crates/amun-wallet-ui/src/main.rs:2:use axum::{response::Html, routing::get, Router};
crates/amun-wallet-ui/src/main.rs:3:use tower_http::cors::{Any, CorsLayer};
crates/amun-websocket/src/lib.rs:1:pub mod server;
crates/amun-websocket/src/lib.rs:2:pub use server::WebSocketServer;
crates/amun-websocket/src/server.rs:1:use futures_util::{SinkExt, StreamExt};
crates/amun-websocket/src/server.rs:2:use std::sync::Arc;
crates/amun-websocket/src/server.rs:3:use tokio::net::TcpListener;
crates/amun-websocket/src/server.rs:9:impl WebSocketServer {
crates/amun_consensus_math/src/constants.rs:51:mod tests {
crates/amun_consensus_math/src/constants.rs:52:    use super::*;
crates/amun_consensus_math/src/exp.rs:18:    // because we use a fixed number of iterations and fixed coefficients
crates/amun_consensus_math/src/exp.rs:34:mod tests {
crates/amun_consensus_math/src/exp.rs:35:    use super::*;
crates/amun_consensus_math/src/exp.rs:3:use crate::constants::{EXP_DOMAIN_MAX, EXP_DOMAIN_MIN, MAX_FIXED, MIN_FIXED, SCALE};
crates/amun_consensus_math/src/exp.rs:4:use crate::fixed::Fixed;
crates/amun_consensus_math/src/fixed.rs:10:#[derive(Copy, Clone, Eq, PartialEq, Ord, PartialOrd, Debug, Hash)]
crates/amun_consensus_math/src/fixed.rs:13:impl Fixed {
crates/amun_consensus_math/src/fixed.rs:159:impl Add for Fixed {
crates/amun_consensus_math/src/fixed.rs:167:impl Sub for Fixed {
crates/amun_consensus_math/src/fixed.rs:175:impl Mul for Fixed {
crates/amun_consensus_math/src/fixed.rs:183:impl Div for Fixed {
crates/amun_consensus_math/src/fixed.rs:191:impl Neg for Fixed {
crates/amun_consensus_math/src/fixed.rs:200:mod tests {
crates/amun_consensus_math/src/fixed.rs:201:    use super::*;
crates/amun_consensus_math/src/fixed.rs:24:        use std::str::FromStr;
crates/amun_consensus_math/src/fixed.rs:3:use crate::constants::{
crates/amun_consensus_math/src/fixed.rs:7:use std::ops::{Add, Div, Mul, Neg, Sub};
crates/amun_consensus_math/src/fixed.rs:8:use std::str::FromStr;
crates/amun_consensus_math/src/fixed.rs:96:impl FromStr for Fixed {
crates/amun_consensus_math/src/lib.rs:13:pub use exp::f_exp;
crates/amun_consensus_math/src/lib.rs:14:pub use fixed::Fixed;
crates/amun_consensus_math/src/lib.rs:15:pub use rounding::round_half_to_even;
crates/amun_consensus_math/src/lib.rs:16:pub use sqrt::f_sqrt;
crates/amun_consensus_math/src/lib.rs:3:pub mod constants;
crates/amun_consensus_math/src/lib.rs:4:pub mod exp;
crates/amun_consensus_math/src/lib.rs:5:pub mod fixed;
crates/amun_consensus_math/src/lib.rs:6:pub mod rounding;
crates/amun_consensus_math/src/lib.rs:7:pub mod sqrt;
crates/amun_consensus_math/src/lib.rs:9:pub use constants::{
crates/amun_consensus_math/src/rounding.rs:29:mod tests {
crates/amun_consensus_math/src/rounding.rs:30:    use super::*;
crates/amun_consensus_math/src/rounding.rs:3:use crate::constants::SCALE;
crates/amun_consensus_math/src/rounding.rs:4:use crate::fixed::Fixed;
crates/amun_consensus_math/src/sqrt.rs:3:use crate::constants::{MAX_FIXED, SCALE, SQRT_ITERATIONS};
crates/amun_consensus_math/src/sqrt.rs:46:mod tests {
crates/amun_consensus_math/src/sqrt.rs:47:    use super::*;
crates/amun_consensus_math/src/sqrt.rs:4:use crate::fixed::Fixed;
crates/amun_consensus_math/tests/bounds.rs:1:use amun_consensus_math::*;
crates/amun_consensus_math/tests/monotonicity.rs:1:use amun_consensus_math::*;
crates/amun_consensus_math/tests/replay_binary.rs:3:use amun_consensus_math::*;
crates/amun_consensus_math/tests/replay_binary.rs:4:use sha2::{Digest, Sha256};
crates/amun_consensus_math/tests/replay_binary.rs:5:use std::fs::File;
crates/amun_consensus_math/tests/replay_binary.rs:6:use std::io::Read;
crates/amun_consensus_math/tests/saturation.rs:1:use amun_consensus_math::*;
crates/amun_state_machine/src/certification/mod.rs:17:impl ExecutionCertificate {
crates/amun_state_machine/src/certification/mod.rs:3:use sha2::{Sha256, Digest};
crates/amun_state_machine/src/certification/mod.rs:4:use crate::state::ConstitutionalState;
crates/amun_state_machine/src/certification/mod.rs:5:use crate::receipt::ExecutionReceipts;
crates/amun_state_machine/src/certification/mod.rs:60:#[derive(Debug, Clone)]
crates/amun_state_machine/src/certification/mod.rs:70:impl ReplayCertificate {
crates/amun_state_machine/src/certification/mod.rs:7:#[derive(Debug, Clone)]
crates/amun_state_machine/src/event.rs:18:impl EventType {
crates/amun_state_machine/src/event.rs:38:#[derive(Debug, Clone, PartialEq, Eq)]
crates/amun_state_machine/src/event.rs:3:use sha2::{Sha256, Digest};
crates/amun_state_machine/src/event.rs:47:impl Event {
crates/amun_state_machine/src/event.rs:6:#[derive(Debug, Clone, Copy, PartialEq, Eq, Hash)]
crates/amun_state_machine/src/event.rs:78:mod tests {
crates/amun_state_machine/src/event.rs:79:    use super::*;
crates/amun_state_machine/src/lib.rs:10:pub mod certification;
crates/amun_state_machine/src/lib.rs:11:pub mod ordering;
crates/amun_state_machine/src/lib.rs:17:pub use event::{Event, EventType};
crates/amun_state_machine/src/lib.rs:18:pub use state::{ConstitutionalState, Account};
crates/amun_state_machine/src/lib.rs:19:pub use transition::{TransitionEngine, TransitionResult};
crates/amun_state_machine/src/lib.rs:20:pub use scheduler::DeterministicScheduler;
crates/amun_state_machine/src/lib.rs:21:pub use log::{CausalLog, LogEntry};
crates/amun_state_machine/src/lib.rs:22:pub use snapshot::{StateSnapshot, SnapshotManager};
crates/amun_state_machine/src/lib.rs:23:pub use receipt::{ExecutionReceipt, ExecutionReceipts, ErrorCode};
crates/amun_state_machine/src/lib.rs:24:pub use certification::{ExecutionCertificate, ReplayCertificate, compute_execution_fingerprint};
crates/amun_state_machine/src/lib.rs:25:pub use ordering::CanonicalOrdering;
crates/amun_state_machine/src/lib.rs:3:pub mod event;
crates/amun_state_machine/src/lib.rs:4:pub mod state;
crates/amun_state_machine/src/lib.rs:5:pub mod transition;
crates/amun_state_machine/src/lib.rs:6:pub mod scheduler;
crates/amun_state_machine/src/lib.rs:7:pub mod log;
crates/amun_state_machine/src/lib.rs:8:pub mod snapshot;
crates/amun_state_machine/src/lib.rs:9:pub mod receipt;
crates/amun_state_machine/src/log.rs:15:impl LogEntry {
crates/amun_state_machine/src/log.rs:3:use sha2::{Sha256, Digest};
crates/amun_state_machine/src/log.rs:41:#[derive(Debug, Clone)]
crates/amun_state_machine/src/log.rs:47:impl CausalLog {
crates/amun_state_machine/src/log.rs:4:use crate::event::Event;
crates/amun_state_machine/src/log.rs:7:#[derive(Debug, Clone)]
crates/amun_state_machine/src/log.rs:85:impl Default for CausalLog {
crates/amun_state_machine/src/log.rs:92:mod tests {
crates/amun_state_machine/src/log.rs:93:    use super::*;
crates/amun_state_machine/src/log.rs:94:    use crate::event::EventType;
crates/amun_state_machine/src/ordering.rs:11:#[derive(Debug, Clone, Copy, PartialEq, Eq, PartialOrd, Ord)]
crates/amun_state_machine/src/ordering.rs:19:impl CanonicalOrderKey {
crates/amun_state_machine/src/ordering.rs:42:impl CanonicalOrdering {
crates/amun_state_machine/src/ordering.rs:81:mod tests {
crates/amun_state_machine/src/ordering.rs:82:    use super::*;
crates/amun_state_machine/src/ordering.rs:83:    use crate::event::EventType;
crates/amun_state_machine/src/ordering.rs:8:use crate::event::Event;
crates/amun_state_machine/src/ordering.rs:9:use crate::event::EventType;
crates/amun_state_machine/src/receipt/mod.rs:130:impl Default for ExecutionReceipts {
crates/amun_state_machine/src/receipt/mod.rs:19:impl ErrorCode {
crates/amun_state_machine/src/receipt/mod.rs:39:#[derive(Debug, Clone)]
crates/amun_state_machine/src/receipt/mod.rs:3:use sha2::{Sha256, Digest};
crates/amun_state_machine/src/receipt/mod.rs:4:use crate::event::Event;
crates/amun_state_machine/src/receipt/mod.rs:50:impl ExecutionReceipt {
crates/amun_state_machine/src/receipt/mod.rs:6:#[derive(Debug, Clone, Copy, PartialEq, Eq)]
crates/amun_state_machine/src/receipt/mod.rs:90:#[derive(Debug, Clone)]
crates/amun_state_machine/src/receipt/mod.rs:96:impl ExecutionReceipts {
crates/amun_state_machine/src/scheduler.rs:15:impl DeterministicScheduler {
crates/amun_state_machine/src/scheduler.rs:3:use std::collections::VecDeque;
crates/amun_state_machine/src/scheduler.rs:4:use sha2::{Sha256, Digest};
crates/amun_state_machine/src/scheduler.rs:5:use crate::event::Event;
crates/amun_state_machine/src/scheduler.rs:6:use crate::state::ConstitutionalState;
crates/amun_state_machine/src/scheduler.rs:7:use crate::transition::TransitionEngine;
crates/amun_state_machine/src/scheduler.rs:84:impl Default for DeterministicScheduler {
crates/amun_state_machine/src/scheduler.rs:91:mod tests {
crates/amun_state_machine/src/scheduler.rs:92:    use super::*;
crates/amun_state_machine/src/scheduler.rs:93:    use amun_consensus_math::Fixed;
crates/amun_state_machine/src/scheduler.rs:94:    use crate::event::EventType;
crates/amun_state_machine/src/snapshot.rs:15:impl StateSnapshot {
crates/amun_state_machine/src/snapshot.rs:3:use sha2::{Sha256, Digest};
crates/amun_state_machine/src/snapshot.rs:45:impl SnapshotManager {
crates/amun_state_machine/src/snapshot.rs:4:use crate::state::ConstitutionalState;
crates/amun_state_machine/src/snapshot.rs:7:#[derive(Debug, Clone)]
crates/amun_state_machine/src/snapshot.rs:85:impl Default for SnapshotManager {
crates/amun_state_machine/src/snapshot.rs:92:mod tests {
crates/amun_state_machine/src/snapshot.rs:93:    use super::*;
crates/amun_state_machine/src/snapshot.rs:94:    use crate::state::ConstitutionalState;
crates/amun_state_machine/src/state.rs:105:mod tests {
crates/amun_state_machine/src/state.rs:106:    use super::*;
crates/amun_state_machine/src/state.rs:16:impl Account {
crates/amun_state_machine/src/state.rs:3:use std::collections::BTreeMap;
crates/amun_state_machine/src/state.rs:40:#[derive(Debug, Clone)]
crates/amun_state_machine/src/state.rs:48:impl ConstitutionalState {
crates/amun_state_machine/src/state.rs:4:use sha2::{Sha256, Digest};
crates/amun_state_machine/src/state.rs:5:use amun_consensus_math::Fixed;
crates/amun_state_machine/src/state.rs:8:#[derive(Debug, Clone, PartialEq, Eq)]
crates/amun_state_machine/src/state.rs:98:impl Default for ConstitutionalState {
crates/amun_state_machine/src/transition.rs:18:impl TransitionResult {
crates/amun_state_machine/src/transition.rs:256:mod tests {
crates/amun_state_machine/src/transition.rs:257:    use super::*;
crates/amun_state_machine/src/transition.rs:258:    use crate::state::ConstitutionalState;
crates/amun_state_machine/src/transition.rs:3:use amun_consensus_math::Fixed;
crates/amun_state_machine/src/transition.rs:4:use crate::event::{Event, EventType};
crates/amun_state_machine/src/transition.rs:51:impl TransitionEngine {
crates/amun_state_machine/src/transition.rs:5:use crate::state::{ConstitutionalState, Account};
crates/amun_state_machine/src/transition.rs:6:use crate::receipt::{ExecutionReceipt, ErrorCode};
crates/constitutional-linter/src/edge_semantics.rs:100:    use super::*;
crates/constitutional-linter/src/edge_semantics.rs:1:use serde::Deserialize;
crates/constitutional-linter/src/edge_semantics.rs:21:impl EdgeType {
crates/constitutional-linter/src/edge_semantics.rs:2:use std::collections::{HashMap, HashSet};
crates/constitutional-linter/src/edge_semantics.rs:46:#[derive(Debug, Clone)]
crates/constitutional-linter/src/edge_semantics.rs:5:#[derive(Debug, Clone, Copy, PartialEq, Eq, Hash)]
crates/constitutional-linter/src/edge_semantics.rs:99:mod tests {
crates/constitutional-linter/src/main.rs:12:#[derive(Debug, Deserialize)]
crates/constitutional-linter/src/main.rs:14:#[derive(Debug, Deserialize)]
crates/constitutional-linter/src/main.rs:16:#[derive(Debug, Deserialize)]
crates/constitutional-linter/src/main.rs:18:#[derive(Debug, Deserialize)]
crates/constitutional-linter/src/main.rs:1:use serde::Deserialize;
crates/constitutional-linter/src/main.rs:20:#[derive(Debug, Deserialize)]
crates/constitutional-linter/src/main.rs:24:#[derive(Debug, Deserialize)]
crates/constitutional-linter/src/main.rs:2:use std::collections::{HashMap, HashSet, BTreeMap, VecDeque};
crates/constitutional-linter/src/main.rs:32:#[derive(Debug, Deserialize)]
crates/constitutional-linter/src/main.rs:3:use std::process::ExitCode;
crates/constitutional-linter/src/main.rs:40:#[derive(Debug, Deserialize)]
crates/constitutional-linter/src/main.rs:54:#[derive(Debug, Deserialize)]
crates/constitutional-linter/src/main.rs:5:mod scc;
crates/constitutional-linter/src/main.rs:61:#[derive(Debug, Deserialize)]
crates/constitutional-linter/src/main.rs:68:#[derive(Debug, Clone, Copy, PartialEq, Eq, Hash, PartialOrd, Ord)]
crates/constitutional-linter/src/main.rs:6:mod edge_semantics;
crates/constitutional-linter/src/main.rs:71:impl Layer {
crates/constitutional-linter/src/main.rs:8:use scc::find_cycles;
crates/constitutional-linter/src/main.rs:9:use edge_semantics::{classify_edges, constitutional_edges_only, EdgeType};
crates/constitutional-linter/src/scc.rs:107:mod tests {
crates/constitutional-linter/src/scc.rs:108:    use super::*;
crates/constitutional-linter/src/scc.rs:1:use std::collections::{HashMap, HashSet};
crates/constitutional-linter/src/scc.rs:6:#[derive(Debug, Clone)]
