crates/amun-accounts/src/lib.rs:103:    /// Compute the raw account state root (without constitutional commitment).
crates/amun-accounts/src/lib.rs:112:        hasher.finalize().into()
crates/amun-accounts/src/lib.rs:135:        let snapshot = self.build_economic_snapshot_with_ledger(ledger);
crates/amun-accounts/src/lib.rs:142:        if let Some(commitment) =
crates/amun-accounts/src/lib.rs:143:            EndBlockPipeline::execute(identity_root, evidence_root, governance_root, &snapshot)
crates/amun-accounts/src/lib.rs:145:            ConstitutionalRoots::from_commitment(
crates/amun-accounts/src/lib.rs:147:                commitment.economic_root,
crates/amun-accounts/src/lib.rs:150:                &commitment,
crates/amun-accounts/src/lib.rs:155:                commitment_root: [0u8; 32],
crates/amun-accounts/src/lib.rs:1:use amun_constitutional_commitment::{
crates/amun-accounts/src/lib.rs:265:    fn cca_state_root_includes_commitment_root() {
crates/amun-accounts/src/lib.rs:284:        let expected: [u8; 32] = hasher.finalize().into();
crates/amun-accounts/src/lib.rs:295:        assert_ne!(roots.commitment_root, [0u8; 32]);
crates/amun-accounts/src/lib.rs:76:    // N132.2 — EconomicSnapshot builders
crates/amun-accounts/src/lib.rs:80:    pub fn build_economic_snapshot(&self) -> EconomicSnapshot {
crates/amun-accounts/src/lib.rs:82:        self.build_economic_snapshot_with_ledger(&ledger)
crates/amun-accounts/src/lib.rs:86:    pub fn build_economic_snapshot_with_ledger(&self, ledger: &EconomicLedger) -> EconomicSnapshot {
crates/amun-accounts/src/lib.rs:94:            issued_supply: ledger.issued_supply(),
crates/amun-amendments/src/proposal.rs:140:        amendment.amendment_id = amendment.compute_id();
crates/amun-amendments/src/proposal.rs:144:    fn compute_id(&self) -> [u8; 32] {
crates/amun-amendments/src/proposal.rs:155:        h.finalize()
crates/amun-attack-lab/src/simulator.rs:101:            finalized_blocks: Vec::new(),
crates/amun-attack-lab/src/simulator.rs:138:            if state.finalized_blocks.len() >= 10 {
crates/amun-attack-lab/src/simulator.rs:140:                    blocks_finalized: state.finalized_blocks.len() as u64,
crates/amun-attack-lab/src/simulator.rs:151:                state.finalized_blocks.push(FinalizedBlock {
crates/amun-attack-lab/src/simulator.rs:152:                    height: state.finalized_blocks.len() as u64 + 1,
crates/amun-attack-lab/src/simulator.rs:160:            blocks_finalized: state.finalized_blocks.len() as u64,
crates/amun-attack-lab/src/simulator.rs:167:        for block in &state.finalized_blocks {
crates/amun-attack-lab/src/simulator.rs:17:    pub finalized_blocks: Vec<FinalizedBlock>,
crates/amun-attack-lab/src/simulator.rs:51:        blocks_finalized: u64,
crates/amun-attestation/src/validator.rs:24:    pub fn verify(&self) -> bool {
crates/amun-attestation/src/validator.rs:25:        Ed25519Signer::verify(
crates/amun-audit-trail/src/lib.rs:102:        assert!(trail.verify());
crates/amun-audit-trail/src/lib.rs:113:        assert!(!trail.verify());
crates/amun-audit-trail/src/lib.rs:11:    pub commit_hash: [u8; 32],
crates/amun-audit-trail/src/lib.rs:12:    pub replay_certificate: [u8; 32],
crates/amun-audit-trail/src/lib.rs:24:        hasher.update(&self.commit_hash);
crates/amun-audit-trail/src/lib.rs:25:        hasher.update(&self.replay_certificate);
crates/amun-audit-trail/src/lib.rs:28:        hasher.finalize().into()
crates/amun-audit-trail/src/lib.rs:47:        commit_hash: [u8; 32],
crates/amun-audit-trail/src/lib.rs:48:        replay_certificate: [u8; 32],
crates/amun-audit-trail/src/lib.rs:60:            commit_hash,
crates/amun-audit-trail/src/lib.rs:61:            replay_certificate,
crates/amun-audit-trail/src/lib.rs:67:    pub fn verify(&self) -> bool {
crates/amun-audit-trail/src/lib.rs:93:        assert!(trail.verify());
crates/amun-audit/tests/audit_layer03_snapshot.rs:32:    // CONST-SNAP-002: Manifest must self-verify (constructed directly)
crates/amun-audit/tests/audit_layer03_snapshot.rs:49:            manifest.verify(),
crates/amun-audit/tests/audit_layer03_snapshot.rs:50:            "CONST-SNAP-002 VIOLATION: Manifest self-verify failed"
crates/amun-audit/tests/audit_layer03_snapshot.rs:73:        let matrix = CompatibilityEngine::compute(&id, &id);
crates/amun-audit/tests/audit_layer05_identity.rs:16:    // CONST-ID-002: Identity must self-verify
crates/amun-audit/tests/audit_layer05_identity.rs:21:            id.verify(),
crates/amun-audit/tests/audit_layer05_identity.rs:22:            "CONST-ID-002 VIOLATION: Identity must self-verify"
crates/amun-audit/tests/audit_layer05_identity.rs:38:            decoded.verify(),
crates/amun-audit/tests/audit_layer05_identity.rs:39:            "CONST-ID-003 VIOLATION: Decoded must verify"
crates/amun-audit/tests/audit_layer05_identity.rs:53:                !decoded.verify(),
crates/amun-audit/tests/audit_layer06_replay.rs:100:    fn replay003_epoch_regression() {
crates/amun-audit/tests/audit_layer06_replay.rs:102:        let path = dir.path().join("replay003.wal");
crates/amun-audit/tests/audit_layer06_replay.rs:135:        let result = ReplayVerifier::verify_full_replay(path.to_str().unwrap());
crates/amun-audit/tests/audit_layer06_replay.rs:27:    fn replay001_equivalence() {
crates/amun-audit/tests/audit_layer06_replay.rs:29:        let path = dir.path().join("replay001.wal");
crates/amun-audit/tests/audit_layer06_replay.rs:2:mod audit_replay {
crates/amun-audit/tests/audit_layer06_replay.rs:50:        let result = ReplayVerifier::verify_full_replay(path.to_str().unwrap());
crates/amun-audit/tests/audit_layer06_replay.rs:52:            Ok((replayed_root, count)) => {
crates/amun-audit/tests/audit_layer06_replay.rs:59:                    replayed_root, root.0,
crates/amun-audit/tests/audit_layer06_replay.rs:69:    fn replay002_divergence_detection() {
crates/amun-audit/tests/audit_layer06_replay.rs:71:        let path = dir.path().join("replay002.wal");
crates/amun-audit/tests/audit_layer06_replay.rs:91:        let result = ReplayVerifier::verify_full_replay(path.to_str().unwrap());
crates/amun-audit/tests/audit_layer10_adversarial.rs:37:    // CONST-ADV-002: Malformed proof must not verify
crates/amun-audit/tests/audit_layer10_adversarial.rs:48:            proof.verify(root.0),
crates/amun-audit/tests/audit_layer10_adversarial.rs:49:            "CONST-ADV-002: Valid proof must verify"
crates/amun-audit/tests/audit_layer10_adversarial.rs:53:            !proof.verify(wrong_root),
crates/amun-audit/tests/audit_layer11_crash.rs:124:        let result = ReplayVerifier::verify_full_replay(path.to_str().unwrap());
crates/amun-audit/tests/audit_layer11_crash.rs:127:            "CONST-CRASH-003 VIOLATION: Corrupted frame must fail replay"
crates/amun-audit/tests/audit_layer12_fuzzing.rs:54:                    proof.verify(root.0),
crates/amun-audit/tests/audit_layer12_fuzzing.rs:55:                    "CONST-FUZZ-003 VIOLATION: Absence proof must verify against correct root"
crates/amun-audit/tests/audit_layer13_differential.rs:31:        let hash1 = h1.finalize();
crates/amun-audit/tests/audit_layer13_differential.rs:35:        let hash2 = h2.finalize();
crates/amun-audit/tests/audit_layer15_temporal.rs:27:    fn temp001_replay_twice_same_root() {
crates/amun-audit/tests/audit_layer15_temporal.rs:50:        let result1 = ReplayVerifier::verify_full_replay(path.to_str().unwrap());
crates/amun-audit/tests/audit_layer15_temporal.rs:51:        let result2 = ReplayVerifier::verify_full_replay(path.to_str().unwrap());
crates/amun-authority-registry/src/authority.rs:18:        let id = *hasher.finalize().as_bytes();
crates/amun-authority-registry/src/executor.rs:111:    // Mark as executed
crates/amun-authority-registry/src/executor.rs:112:    journal.mark_executed(&proposal.proposal_id);
crates/amun-authority-registry/src/executor.rs:130:    fn n107_7c_execute_add_authority() {
crates/amun-authority-registry/src/executor.rs:143:        execute_governance(&proposal, &votes, 4, &mut reg, &mut journal).unwrap();
crates/amun-authority-registry/src/executor.rs:145:        assert!(journal.is_executed(&proposal.proposal_id));
crates/amun-authority-registry/src/executor.rs:149:    fn n107_7c_execute_transition() {
crates/amun-authority-registry/src/executor.rs:164:        execute_governance(&proposal, &votes, 4, &mut reg, &mut journal).unwrap();
crates/amun-authority-registry/src/executor.rs:165:        assert!(reg.transition.is_some());
crates/amun-authority-registry/src/executor.rs:169:    fn n107_7c_execute_retirement() {
crates/amun-authority-registry/src/executor.rs:17:/// Tracks which proposals have been executed to prevent replay.
crates/amun-authority-registry/src/executor.rs:181:        execute_governance(&proposal, &votes, 4, &mut reg, &mut journal).unwrap();
crates/amun-authority-registry/src/executor.rs:197:        let result = execute_governance(&proposal, &votes, 4, &mut reg, &mut journal);
crates/amun-authority-registry/src/executor.rs:20:    executed: BTreeSet<[u8; 32]>,
crates/amun-authority-registry/src/executor.rs:214:        let result = execute_governance(&proposal, &votes, 4, &mut reg, &mut journal);
crates/amun-authority-registry/src/executor.rs:231:        execute_governance(&proposal, &votes, 4, &mut reg, &mut journal).unwrap();
crates/amun-authority-registry/src/executor.rs:232:        let second = execute_governance(&proposal, &votes, 4, &mut reg, &mut journal);
crates/amun-authority-registry/src/executor.rs:28:    pub fn mark_executed(&mut self, proposal_id: &[u8; 32]) {
crates/amun-authority-registry/src/executor.rs:29:        self.executed.insert(*proposal_id);
crates/amun-authority-registry/src/executor.rs:32:    pub fn is_executed(&self, proposal_id: &[u8; 32]) -> bool {
crates/amun-authority-registry/src/executor.rs:33:        self.executed.contains(proposal_id)
crates/amun-authority-registry/src/executor.rs:38:pub fn execute_governance(
crates/amun-authority-registry/src/executor.rs:45:    // Guard: already executed
crates/amun-authority-registry/src/executor.rs:46:    if journal.is_executed(&proposal.proposal_id) {
crates/amun-authority-registry/src/executor.rs:92:            let transition = AuthorityTransition {
crates/amun-authority-registry/src/executor.rs:98:            registry.schedule_transition(transition);
crates/amun-authority-registry/src/governance.rs:11:    /// Schedule a transition from one authority version to another.
crates/amun-authority-registry/src/governance.rs:18:    /// Retire an authority so it can no longer issue certificates.
crates/amun-authority-registry/src/governance.rs:63:        let proposal_id = *hasher.finalize().as_bytes();
crates/amun-authority-registry/src/governance.rs:88:    fn n107_7_schedule_transition_proposal() {
crates/amun-authority-registry/src/recovery.rs:105:        // This entry is AFTER the snapshot height and should be replayed
crates/amun-authority-registry/src/recovery.rs:10:    /// replaying only WAL entries whose block_height is greater than
crates/amun-authority-registry/src/recovery.rs:135:        let (snapshot, snap_height, _snap_id) = build_base_snapshot();
crates/amun-authority-registry/src/recovery.rs:162:        // The executed proposal should be in the journal
crates/amun-authority-registry/src/recovery.rs:163:        assert!(recovered.journal.is_executed(&proposal.proposal_id));
crates/amun-authority-registry/src/recovery.rs:170:        let (snapshot, snap_height, _snap_id) = build_base_snapshot();
crates/amun-authority-registry/src/recovery.rs:211:        let (snapshot, snap_height, _snap_id) = build_base_snapshot();
crates/amun-authority-registry/src/recovery.rs:25:            state.apply_transaction(&record.transaction);
crates/amun-authority-registry/src/recovery.rs:29:        state.finalize_block(total_validators, registry)?;
crates/amun-authority-registry/src/recovery.rs:43:    fn build_base_snapshot() -> (Vec<u8>, u64, [u8; 32]) {
crates/amun-authority-registry/src/recovery.rs:51:        state.apply_transaction(&GovernanceTransaction::SubmitProposal(proposal));
crates/amun-authority-registry/src/recovery.rs:57:        let (snapshot, snap_height, _snap_id) = build_base_snapshot();
crates/amun-authority-registry/src/recovery.rs:89:    fn n107_8c_partial_replay() {
crates/amun-authority-registry/src/recovery.rs:90:        let (snapshot, snap_height, snap_id) = build_base_snapshot();
crates/amun-authority-registry/src/recovery.rs:9:    /// Recover the governance state by applying a base snapshot and
crates/amun-authority-registry/src/registry.rs:104:            // No transition scheduled: return the active authority
crates/amun-authority-registry/src/registry.rs:10:    pub transition: Option<AuthorityTransition>,
crates/amun-authority-registry/src/registry.rs:112:    /// Check if an authority can issue new certificates at a given height.
crates/amun-authority-registry/src/registry.rs:116:    pub fn verify_certificate_at(&self, cert: &ValidatorCertificate, height: u64) -> bool {
crates/amun-authority-registry/src/registry.rs:135:        // 4. Authority must be valid at this height (transition/grace window check)
crates/amun-authority-registry/src/registry.rs:13:/// Describes a scheduled transition from one authority version to another.
crates/amun-authority-registry/src/registry.rs:144:        // 5. Cryptographic signature must verify
crates/amun-authority-registry/src/registry.rs:145:        cert.verify(&authority.authority_public_key)
crates/amun-authority-registry/src/registry.rs:148:    pub fn can_issue_at(&self, authority_version: u64, height: u64) -> bool {
crates/amun-authority-registry/src/registry.rs:152:        if let Some(ref t) = self.transition {
crates/amun-authority-registry/src/registry.rs:153:            // After activation, the old authority cannot issue new certs
crates/amun-authority-registry/src/registry.rs:158:        // The active authority can always issue (if not revoked)
crates/amun-authority-registry/src/registry.rs:262:    fn n107_6_schedule_transition() {
crates/amun-authority-registry/src/registry.rs:274:        reg.schedule_transition(t);
crates/amun-authority-registry/src/registry.rs:275:        assert!(reg.transition.is_some());
crates/amun-authority-registry/src/registry.rs:285:        reg.schedule_transition(AuthorityTransition {
crates/amun-authority-registry/src/registry.rs:304:        let v1_pk = v1_kp.verifying_key.to_bytes();
crates/amun-authority-registry/src/registry.rs:310:        let v2_pk = v2_kp.verifying_key.to_bytes();
crates/amun-authority-registry/src/registry.rs:314:        reg.schedule_transition(AuthorityTransition {
crates/amun-authority-registry/src/registry.rs:321:        // Certificate issued by v1, verified during grace window (height 550)
crates/amun-authority-registry/src/registry.rs:322:        let cert = ValidatorCertificate::issue_v2(
crates/amun-authority-registry/src/registry.rs:332:            reg.verify_certificate_at(&cert, 550),
crates/amun-authority-registry/src/registry.rs:345:        let v1_pk = v1_kp.verifying_key.to_bytes();
crates/amun-authority-registry/src/registry.rs:351:        let v2_pk = v2_kp.verifying_key.to_bytes();
crates/amun-authority-registry/src/registry.rs:355:        reg.schedule_transition(AuthorityTransition {
crates/amun-authority-registry/src/registry.rs:362:        let cert = ValidatorCertificate::issue_v2(
crates/amun-authority-registry/src/registry.rs:372:            !reg.verify_certificate_at(&cert, 650),
crates/amun-authority-registry/src/registry.rs:385:        let v1 = ConstitutionalAuthority::new(v1_kp.verifying_key.to_bytes(), 1, 0);
crates/amun-authority-registry/src/registry.rs:389:        let v2_pk = v2_kp.verifying_key.to_bytes();
crates/amun-authority-registry/src/registry.rs:394:        reg.schedule_transition(AuthorityTransition {
crates/amun-authority-registry/src/registry.rs:401:        let cert = ValidatorCertificate::issue_v2(
crates/amun-authority-registry/src/registry.rs:411:            reg.verify_certificate_at(&cert, 650),
crates/amun-authority-registry/src/registry.rs:424:        let v1_pk = v1_kp.verifying_key.to_bytes();
crates/amun-authority-registry/src/registry.rs:430:        let cert = ValidatorCertificate::issue_v2(
crates/amun-authority-registry/src/registry.rs:440:            !reg.verify_certificate_at(&cert, 600),
crates/amun-authority-registry/src/registry.rs:452:        reg.schedule_transition(AuthorityTransition {
crates/amun-authority-registry/src/registry.rs:469:        reg.schedule_transition(AuthorityTransition {
crates/amun-authority-registry/src/registry.rs:481:    fn n107_6_old_authority_cannot_issue_after_activation() {
crates/amun-authority-registry/src/registry.rs:487:        reg.schedule_transition(AuthorityTransition {
crates/amun-authority-registry/src/registry.rs:493:        assert!(!reg.can_issue_at(1, 150));
crates/amun-authority-registry/src/registry.rs:494:        assert!(reg.can_issue_at(2, 150));
crates/amun-authority-registry/src/registry.rs:67:    /// Retire an authority so it can no longer issue new certificates.
crates/amun-authority-registry/src/registry.rs:75:    /// Schedule a transition to a new authority version.
crates/amun-authority-registry/src/registry.rs:76:    pub fn schedule_transition(&mut self, transition: AuthorityTransition) {
crates/amun-authority-registry/src/registry.rs:77:        self.transition = Some(transition);
crates/amun-authority-registry/src/registry.rs:83:        if let Some(ref t) = self.transition {
crates/amun-authority-registry/src/transaction.rs:108:        state.apply_transaction(&tx);
crates/amun-authority-registry/src/transaction.rs:119:        state.apply_transaction(&GovernanceTransaction::SubmitProposal(proposal.clone()));
crates/amun-authority-registry/src/transaction.rs:126:        state.apply_transaction(&vote_tx);
crates/amun-authority-registry/src/transaction.rs:138:    fn n107_7d_finalize_block_executes_governance() {
crates/amun-authority-registry/src/transaction.rs:148:        state.apply_transaction(&GovernanceTransaction::SubmitProposal(proposal.clone()));
crates/amun-authority-registry/src/transaction.rs:152:            state.apply_transaction(&GovernanceTransaction::CastVote {
crates/amun-authority-registry/src/transaction.rs:159:        let executed = state.finalize_block(4, &mut registry).unwrap();
crates/amun-authority-registry/src/transaction.rs:160:        assert_eq!(executed.len(), 1);
crates/amun-authority-registry/src/transaction.rs:172:        state.apply_transaction(&GovernanceTransaction::SubmitProposal(proposal.clone()));
crates/amun-authority-registry/src/transaction.rs:173:        state.apply_transaction(&GovernanceTransaction::CastVote {
crates/amun-authority-registry/src/transaction.rs:208:            state.apply_transaction(&GovernanceTransaction::SubmitProposal(proposal));
crates/amun-authority-registry/src/transaction.rs:216:    fn n107_8a_executed_proposals_survive_snapshot() {
crates/amun-authority-registry/src/transaction.rs:226:        state.apply_transaction(&GovernanceTransaction::SubmitProposal(proposal.clone()));
crates/amun-authority-registry/src/transaction.rs:228:            state.apply_transaction(&GovernanceTransaction::CastVote {
crates/amun-authority-registry/src/transaction.rs:234:        state.finalize_block(4, &mut registry).unwrap();
crates/amun-authority-registry/src/transaction.rs:238:        assert!(restored.journal.is_executed(&proposal.proposal_id));
crates/amun-authority-registry/src/transaction.rs:33:    pub fn apply_transaction(&mut self, tx: &GovernanceTransaction) {
crates/amun-authority-registry/src/transaction.rs:55:    /// After block finalization, execute any approved proposals.
crates/amun-authority-registry/src/transaction.rs:56:    pub fn finalize_block(
crates/amun-authority-registry/src/transaction.rs:61:        let mut executed = Vec::new();
crates/amun-authority-registry/src/transaction.rs:64:                if votes.is_approved(total_validators) && !self.journal.is_executed(id) {
crates/amun-authority-registry/src/transaction.rs:65:                    crate::executor::execute_governance(
crates/amun-authority-registry/src/transaction.rs:73:                    executed.push(*id);
crates/amun-authority-registry/src/transaction.rs:77:        Ok(executed)
crates/amun-authority-registry/src/wal.rs:109:    fn n107_8b_replay_execution() {
crates/amun-authority-registry/src/wal.rs:12:/// and provides replay functionality.
crates/amun-authority-registry/src/wal.rs:133:        let restored = wal.replay_and_finalize(4, &mut registry).unwrap();
crates/amun-authority-registry/src/wal.rs:134:        assert!(restored.journal.is_executed(&proposal.proposal_id));
crates/amun-authority-registry/src/wal.rs:139:    fn n107_8b_replay_after_crash() {
crates/amun-authority-registry/src/wal.rs:152:        // Simulate crash: create a new WAL and replay from persisted entries
crates/amun-authority-registry/src/wal.rs:155:        let state = restored_wal.replay();
crates/amun-authority-registry/src/wal.rs:160:    fn n107_8b_replay_deterministic() {
crates/amun-authority-registry/src/wal.rs:171:        let state1 = wal1.replay();
crates/amun-authority-registry/src/wal.rs:172:        let state2 = wal2.replay();
crates/amun-authority-registry/src/wal.rs:32:    pub fn replay(&self) -> GovernanceState {
crates/amun-authority-registry/src/wal.rs:35:            state.apply_transaction(&record.transaction);
crates/amun-authority-registry/src/wal.rs:40:    /// Replay and then finalize all approved proposals.
crates/amun-authority-registry/src/wal.rs:41:    pub fn replay_and_finalize(
crates/amun-authority-registry/src/wal.rs:46:        let mut state = self.replay();
crates/amun-authority-registry/src/wal.rs:47:        state.finalize_block(total_validators, registry)?;
crates/amun-authority-registry/src/wal.rs:67:    fn n107_8b_replay_single_proposal() {
crates/amun-authority-registry/src/wal.rs:76:        let restored = wal.replay();
crates/amun-authority-registry/src/wal.rs:81:    fn n107_8b_replay_votes() {
crates/amun-authority-registry/src/wal.rs:97:        let restored = wal.replay();
crates/amun-bench/tests/n161_state_root_bench.rs:41:        let _root = reg.compute_state_root();
crates/amun-bench/tests/n162_snapshot_bench.rs:9:fn n162_bench_snapshot_build_and_restore() {
crates/amun-benchmarks/benches/consensus_bench.rs:14:        commitment: None,
crates/amun-benchmarks/benches/storage_bench.rs:13:        commitment_root: [0u8; 32],
crates/amun-benchmarks/benches/sync_bench.rs:47:            black_box(imported.compute_state_root());
crates/amun-bindings/src/lib.rs:63:pub extern "C" fn amun_verify(
crates/amun-bindings/src/lib.rs:98:    match Ed25519Signer::verify(&pk, msg, &sig, b"AMUN_FFI", 1) {
crates/amun-block-builder/src/lib.rs:107:        self.build_block_with_certificates(
crates/amun-block-builder/src/lib.rs:119:    pub fn build_block_with_certificates(
crates/amun-block-builder/src/lib.rs:130:        let receipts = self.engine.execute_block(&transactions);
crates/amun-block-builder/src/lib.rs:131:        let economic_snapshot = self.engine.finalize_block();
crates/amun-block-builder/src/lib.rs:149:            commitment_root: roots.commitment_root,
crates/amun-block-builder/src/lib.rs:182:        let sender = sk.verifying_key().to_bytes();
crates/amun-block-builder/src/lib.rs:195:    fn n27_build_block_with_transactions() {
crates/amun-block-builder/src/lib.rs:196:        let mut builder = BlockBuilder::new();
crates/amun-block-builder/src/lib.rs:202:            sk.verifying_key().to_bytes()
crates/amun-block-builder/src/lib.rs:206:            sk.verifying_key().to_bytes()
crates/amun-block-builder/src/lib.rs:208:        builder.engine.state.create_account(a1, 1000);
crates/amun-block-builder/src/lib.rs:209:        builder.engine.state.create_account(a2, 500);
crates/amun-block-builder/src/lib.rs:20:    pub commitment_root: [u8; 32],
crates/amun-block-builder/src/lib.rs:216:        let block = builder.build_block(1, [0u8; 32], &mut mempool, 10, [0u8; 32], 1000);
crates/amun-block-builder/src/lib.rs:222:        assert_eq!(builder.engine.state.balance_of(&a1), 900);
crates/amun-block-builder/src/lib.rs:223:        assert_eq!(builder.engine.state.balance_of(&a2), 600);
crates/amun-block-builder/src/lib.rs:224:        assert_ne!(block.commitment_root, [0u8; 32]);
crates/amun-block-builder/src/lib.rs:230:        let mut builder = BlockBuilder::new();
crates/amun-block-builder/src/lib.rs:233:        let a1 = sk.verifying_key().to_bytes();
crates/amun-block-builder/src/lib.rs:234:        builder.engine.state.create_account(a1, 1000);
crates/amun-block-builder/src/lib.rs:238:        let block = builder.build_block(1, [0u8; 32], &mut mempool, 10, [0u8; 32], 1000);
crates/amun-block-builder/src/lib.rs:250:            sk.verifying_key().to_bytes()
crates/amun-block-builder/src/lib.rs:254:        let block1 = b1.build_block(1, [0u8; 32], &mut Mempool::new(), 0, [0u8; 32], 1000);
crates/amun-block-builder/src/lib.rs:255:        let block2 = b2.build_block(1, [0u8; 32], &mut Mempool::new(), 0, [0u8; 32], 1000);
crates/amun-block-builder/src/lib.rs:261:        let mut builder = BlockBuilder::new();
crates/amun-block-builder/src/lib.rs:263:        let a1 = sk.verifying_key().to_bytes();
crates/amun-block-builder/src/lib.rs:264:        builder.engine.state.create_account(a1, 1000);
crates/amun-block-builder/src/lib.rs:265:        let block = builder.build_block(1, [0u8; 32], &mut Mempool::new(), 0, [0u8; 32], 1000);
crates/amun-block-builder/src/lib.rs:267:            block.commitment_root, [0u8; 32],
crates/amun-block-builder/src/lib.rs:268:            "commitment_root must be non-zero"
crates/amun-block-builder/src/lib.rs:29:    pub fn verify_slashing_certificates(&self) -> Result<(), String> {
crates/amun-block-builder/src/lib.rs:39:            cert.verify()
crates/amun-block-builder/src/lib.rs:3:use amun_constitutional_commitment::EconomicSnapshot;
crates/amun-block-builder/src/lib.rs:41:            let recomputed = cert.compute_hash();
crates/amun-block-builder/src/lib.rs:42:            if recomputed != cert.certificate_hash {
crates/amun-block-builder/src/lib.rs:52:    pub fn verify_slashing_root(&self, expected_root: &[u8; 32]) -> Result<(), String> {
crates/amun-block-builder/src/lib.rs:78:        hasher.update(&self.commitment_root);
crates/amun-block-builder/src/lib.rs:83:        hasher.finalize().into()
crates/amun-block-builder/src/lib.rs:98:    pub fn build_block(
crates/amun-block-builder/tests/n110_4b_slashing_certificate_verification.rs:105:    let block = build_test_block(vec![cert]);
crates/amun-block-builder/tests/n110_4b_slashing_certificate_verification.rs:106:    let result = block.verify_slashing_certificates();
crates/amun-block-builder/tests/n110_4b_slashing_certificate_verification.rs:118:    let block = build_test_block(vec![cert]);
crates/amun-block-builder/tests/n110_4b_slashing_certificate_verification.rs:119:    let result = block.verify_slashing_certificates();
crates/amun-block-builder/tests/n110_4b_slashing_certificate_verification.rs:132:    let block = build_test_block(vec![]);
crates/amun-block-builder/tests/n110_4b_slashing_certificate_verification.rs:134:        block.verify_slashing_certificates().is_ok(),
crates/amun-block-builder/tests/n110_4b_slashing_certificate_verification.rs:29:fn build_test_block(certs: Vec<SlashingCertificate>) -> Block {
crates/amun-block-builder/tests/n110_4b_slashing_certificate_verification.rs:30:    let mut builder = BlockBuilder::new();
crates/amun-block-builder/tests/n110_4b_slashing_certificate_verification.rs:32:    builder.build_block_with_certificates(1, [0u8; 32], &mut mempool, 10, [0u8; 32], 1000, certs)
crates/amun-block-builder/tests/n110_4b_slashing_certificate_verification.rs:42:    let block = build_test_block(vec![cert]);
crates/amun-block-builder/tests/n110_4b_slashing_certificate_verification.rs:44:        block.verify_slashing_certificates().is_ok(),
crates/amun-block-builder/tests/n110_4b_slashing_certificate_verification.rs:4:use amun_block_builder::{Block, BlockBuilder};
crates/amun-block-builder/tests/n110_4b_slashing_certificate_verification.rs:53:                             // Recompute hash to keep it consistent? No, we want hash mismatch.
crates/amun-block-builder/tests/n110_4b_slashing_certificate_verification.rs:54:                             // verify() should catch either amount_slashed=0 or hash mismatch.
crates/amun-block-builder/tests/n110_4b_slashing_certificate_verification.rs:55:    let block = build_test_block(vec![cert]);
crates/amun-block-builder/tests/n110_4b_slashing_certificate_verification.rs:56:    let result = block.verify_slashing_certificates();
crates/amun-block-builder/tests/n110_4b_slashing_certificate_verification.rs:73:    let block = build_test_block(certs);
crates/amun-block-builder/tests/n110_4b_slashing_certificate_verification.rs:74:    let result = block.verify_slashing_certificates();
crates/amun-block-builder/tests/n111_cca_end_to_end.rs:10:    let sender = sk.verifying_key().to_bytes();
crates/amun-block-builder/tests/n111_cca_end_to_end.rs:24:    let mut builder = BlockBuilder::new();
crates/amun-block-builder/tests/n111_cca_end_to_end.rs:29:        sk.verifying_key().to_bytes()
crates/amun-block-builder/tests/n111_cca_end_to_end.rs:2:use amun_block_builder::BlockBuilder;
crates/amun-block-builder/tests/n111_cca_end_to_end.rs:33:    builder.engine.state.create_account(a1, 1000);
crates/amun-block-builder/tests/n111_cca_end_to_end.rs:38:    let block = builder.build_block(1, [0u8; 32], &mut mempool, 10, [0u8; 32], 1000);
crates/amun-block-builder/tests/n111_cca_end_to_end.rs:39:    let expected_state_root = builder
crates/amun-block-builder/tests/n111_cca_end_to_end.rs:42:        .state_root_with_ledger(&builder.engine.economic);
crates/amun-block-builder/tests/n111_cca_end_to_end.rs:59:    let mut builder1 = BlockBuilder::new();
crates/amun-block-builder/tests/n111_cca_end_to_end.rs:60:    let mut builder2 = BlockBuilder::new();
crates/amun-block-builder/tests/n111_cca_end_to_end.rs:64:        sk.verifying_key().to_bytes()
crates/amun-block-builder/tests/n111_cca_end_to_end.rs:67:    builder1.engine.state.create_account(a, 1000);
crates/amun-block-builder/tests/n111_cca_end_to_end.rs:68:    builder2.engine.state.create_account(a, 999);
crates/amun-block-builder/tests/n111_cca_end_to_end.rs:70:    let block1 = builder1.build_block(1, [0u8; 32], &mut Mempool::new(), 0, [0u8; 32], 1000);
crates/amun-block-builder/tests/n111_cca_end_to_end.rs:71:    let block2 = builder2.build_block(1, [0u8; 32], &mut Mempool::new(), 0, [0u8; 32], 1000);
crates/amun-block-builder/tests/n120_2_slashing_root.rs:100:        block.verify_slashing_root(&[0u8; 32]).is_ok(),
crates/amun-block-builder/tests/n120_2_slashing_root.rs:104:        block.verify_slashing_root(&[0x01; 32]).is_err(),
crates/amun-block-builder/tests/n120_2_slashing_root.rs:15:    let block1 = build_block_with_root([0u8; 32]);
crates/amun-block-builder/tests/n120_2_slashing_root.rs:16:    let mut block2 = build_block_with_root([0u8; 32]);
crates/amun-block-builder/tests/n120_2_slashing_root.rs:29:    let block1 = build_block_with_root([0x42; 32]);
crates/amun-block-builder/tests/n120_2_slashing_root.rs:2:use amun_block_builder::{Block, BlockBuilder};
crates/amun-block-builder/tests/n120_2_slashing_root.rs:30:    let block2 = build_block_with_root([0x42; 32]);
crates/amun-block-builder/tests/n120_2_slashing_root.rs:42:    let block = build_block_with_root([0u8; 32]);
crates/amun-block-builder/tests/n120_2_slashing_root.rs:54:    let block_a = build_block_with_root(root_a);
crates/amun-block-builder/tests/n120_2_slashing_root.rs:55:    let block_b = build_block_with_root(root_b);
crates/amun-block-builder/tests/n120_2_slashing_root.rs:5:fn build_block_with_root(root: [u8; 32]) -> Block {
crates/amun-block-builder/tests/n120_2_slashing_root.rs:65:    let block_zero = build_block_with_root([0u8; 32]);
crates/amun-block-builder/tests/n120_2_slashing_root.rs:66:    let block_nonzero = build_block_with_root([0xAB; 32]);
crates/amun-block-builder/tests/n120_2_slashing_root.rs:6:    let mut builder = BlockBuilder::new();
crates/amun-block-builder/tests/n120_2_slashing_root.rs:78:    let block = build_block_with_root(root);
crates/amun-block-builder/tests/n120_2_slashing_root.rs:80:        block.verify_slashing_root(&root).is_ok(),
crates/amun-block-builder/tests/n120_2_slashing_root.rs:87:    let block = build_block_with_root([0x42; 32]);
crates/amun-block-builder/tests/n120_2_slashing_root.rs:88:    let result = block.verify_slashing_root(&[0xFF; 32]);
crates/amun-block-builder/tests/n120_2_slashing_root.rs:8:    let mut block = builder.build_block(1, [0u8; 32], &mut mempool, 10, [0u8; 32], 1000);
crates/amun-block-builder/tests/n120_2_slashing_root.rs:98:    let block = build_block_with_root([0u8; 32]);
crates/amun-block-builder/tests/n132_3_6_economic_consistency.rs:108:        sk.verifying_key().to_bytes()
crates/amun-block-builder/tests/n132_3_6_economic_consistency.rs:10:    let sender = sk.verifying_key().to_bytes();
crates/amun-block-builder/tests/n132_3_6_economic_consistency.rs:119:    let block1 = b1.build_block(1, [0u8; 32], &mut mp1, 10, [0u8; 32], 1000);
crates/amun-block-builder/tests/n132_3_6_economic_consistency.rs:121:    let block2 = b2.build_block(1, [0u8; 32], &mut Mempool::new(), 0, [0u8; 32], 1000);
crates/amun-block-builder/tests/n132_3_6_economic_consistency.rs:1:use amun_block_builder::BlockBuilder;
crates/amun-block-builder/tests/n132_3_6_economic_consistency.rs:26:    let mut builder = BlockBuilder::new();
crates/amun-block-builder/tests/n132_3_6_economic_consistency.rs:2:use amun_constitutional_commitment::EconomicTree;
crates/amun-block-builder/tests/n132_3_6_economic_consistency.rs:31:        sk.verifying_key().to_bytes()
crates/amun-block-builder/tests/n132_3_6_economic_consistency.rs:36:    builder.engine.state.create_account(a1, 10000);
crates/amun-block-builder/tests/n132_3_6_economic_consistency.rs:42:    let block = builder.build_block(1, [0u8; 32], &mut mempool, 10, [0u8; 32], 1000);
crates/amun-block-builder/tests/n132_3_6_economic_consistency.rs:44:    let recomputed_economic =
crates/amun-block-builder/tests/n132_3_6_economic_consistency.rs:48:        block.economic_root, recomputed_economic,
crates/amun-block-builder/tests/n132_3_6_economic_consistency.rs:49:        "economic_root must match recomputed root from snapshot"
crates/amun-block-builder/tests/n132_3_6_economic_consistency.rs:55:    let mut builder = BlockBuilder::new();
crates/amun-block-builder/tests/n132_3_6_economic_consistency.rs:60:        sk.verifying_key().to_bytes()
crates/amun-block-builder/tests/n132_3_6_economic_consistency.rs:65:    builder.engine.state.create_account(a1, 10000);
crates/amun-block-builder/tests/n132_3_6_economic_consistency.rs:71:    let block = builder.build_block(1, [0u8; 32], &mut mempool, 10, [0u8; 32], 1000);
crates/amun-block-builder/tests/n132_3_6_economic_consistency.rs:73:    // Recompute the complete constitutional roots using the same canonical
crates/amun-block-builder/tests/n132_3_6_economic_consistency.rs:75:    let expected = builder
crates/amun-block-builder/tests/n132_3_6_economic_consistency.rs:78:        .constitutional_roots_with_ledger(&builder.engine.economic);
crates/amun-block-builder/tests/n28_first_economic_block.rs:110:    let block = builder.build_block(1, [0u8; 32], &mut mempool, 100, [9u8; 32], 1000);
crates/amun-block-builder/tests/n28_first_economic_block.rs:113:    assert_eq!(builder.engine.state.balance_of(&alice), 100);
crates/amun-block-builder/tests/n28_first_economic_block.rs:12:        sk.verifying_key().to_bytes()
crates/amun-block-builder/tests/n28_first_economic_block.rs:15:    builder.engine.state.create_account(alice, 1000);
crates/amun-block-builder/tests/n28_first_economic_block.rs:1:use amun_block_builder::BlockBuilder;
crates/amun-block-builder/tests/n28_first_economic_block.rs:29:    let genesis_root = builder.engine.state.state_root();
crates/amun-block-builder/tests/n28_first_economic_block.rs:30:    let block = builder.build_block(1, [0u8; 32], &mut mempool, 100, [9u8; 32], 123456);
crates/amun-block-builder/tests/n28_first_economic_block.rs:31:    assert_eq!(builder.engine.state.balance_of(&alice), 700);
crates/amun-block-builder/tests/n28_first_economic_block.rs:32:    assert_eq!(builder.engine.state.balance_of(&bob), 300);
crates/amun-block-builder/tests/n28_first_economic_block.rs:42:    let mut builder = BlockBuilder::new();
crates/amun-block-builder/tests/n28_first_economic_block.rs:47:        sk.verifying_key().to_bytes()
crates/amun-block-builder/tests/n28_first_economic_block.rs:51:        sk.verifying_key().to_bytes()
crates/amun-block-builder/tests/n28_first_economic_block.rs:54:    builder.engine.state.create_account(a1, 1000);
crates/amun-block-builder/tests/n28_first_economic_block.rs:55:    builder.engine.state.create_account(a2, 500);
crates/amun-block-builder/tests/n28_first_economic_block.rs:81:    let block = builder.build_block(1, [0u8; 32], &mut mempool, 100, [9u8; 32], 1000);
crates/amun-block-builder/tests/n28_first_economic_block.rs:84:    assert_eq!(builder.engine.state.balance_of(&a1), 800);
crates/amun-block-builder/tests/n28_first_economic_block.rs:85:    assert_eq!(builder.engine.state.balance_of(&a3), 350);
crates/amun-block-builder/tests/n28_first_economic_block.rs:8:    let mut builder = BlockBuilder::new();
crates/amun-block-builder/tests/n28_first_economic_block.rs:90:    let mut builder = BlockBuilder::new();
crates/amun-block-builder/tests/n28_first_economic_block.rs:94:        sk.verifying_key().to_bytes()
crates/amun-block-builder/tests/n28_first_economic_block.rs:96:    builder.engine.state.create_account(alice, 100);
crates/amun-block-builder/tests/n32_certified_block.rs:100:    let block1 = builder.build_block(1, [0u8; 32], &mut mempool, 100, [9u8; 32], 1000);
crates/amun-block-builder/tests/n32_certified_block.rs:123:    let block2 = builder.build_block(
crates/amun-block-builder/tests/n32_certified_block.rs:146:    assert_eq!(builder.engine.state.balance_of(&alice), 700);
crates/amun-block-builder/tests/n32_certified_block.rs:151:    let mut builder = BlockBuilder::new();
crates/amun-block-builder/tests/n32_certified_block.rs:155:        sk.verifying_key().to_bytes()
crates/amun-block-builder/tests/n32_certified_block.rs:157:    builder.engine.state.create_account(alice, 1000);
crates/amun-block-builder/tests/n32_certified_block.rs:158:    let state_root_before = builder.engine.state.state_root();
crates/amun-block-builder/tests/n32_certified_block.rs:173:    let block = builder.build_block(1, [0u8; 32], &mut mempool, 100, [9u8; 32], 1000);
crates/amun-block-builder/tests/n32_certified_block.rs:188:        builder
crates/amun-block-builder/tests/n32_certified_block.rs:191:            .state_root_with_ledger(&builder.engine.economic)
crates/amun-block-builder/tests/n32_certified_block.rs:1:use amun_block_builder::{Block, BlockBuilder};
crates/amun-block-builder/tests/n32_certified_block.rs:25:    let mut builder = BlockBuilder::new();
crates/amun-block-builder/tests/n32_certified_block.rs:31:        sk.verifying_key().to_bytes()
crates/amun-block-builder/tests/n32_certified_block.rs:34:    builder.engine.state.create_account(alice, 1000);
crates/amun-block-builder/tests/n32_certified_block.rs:52:    let block = builder.build_block(1, [0u8; 32], &mut mempool, 100, [9u8; 32], 123456);
crates/amun-block-builder/tests/n32_certified_block.rs:72:    assert_eq!(builder.engine.state.balance_of(&alice), 700);
crates/amun-block-builder/tests/n32_certified_block.rs:73:    assert_eq!(builder.engine.state.balance_of(&bob), 300);
crates/amun-block-builder/tests/n32_certified_block.rs:78:    let mut builder = BlockBuilder::new();
crates/amun-block-builder/tests/n32_certified_block.rs:82:        sk.verifying_key().to_bytes()
crates/amun-block-builder/tests/n32_certified_block.rs:84:    builder.engine.state.create_account(alice, 1000);
crates/amun-block/src/body.rs:43:    pub(crate) fn compute_encoded_size(&self) -> Result<usize, FailureContext> {
crates/amun-block/src/chain.rs:21:    pub fn finalize_block(&mut self, block: Block) {
crates/amun-block/src/chain.rs:4:/// Deterministic finalized blockchain.
crates/amun-block/src/tests.rs:85:    assert_eq!(blk.compute_id(), blk.compute_id());
crates/amun-bls/src/aggregate.rs:16:    let hash = hasher.finalize();
crates/amun-bls/src/aggregate.rs:31:    let hash = hasher.finalize();
crates/amun-bls/src/keygen.rs:20:        let hash = hasher.finalize();
crates/amun-bls/src/keygen.rs:27:        let pub_hash = pub_hasher.finalize();
crates/amun-bls/src/sign.rs:10:    let hash = hasher.finalize();
crates/amun-bls/src/sign.rs:17:        let r = round.finalize();
crates/amun-bls/src/tests.rs:14:    fn test_sign_and_verify() {
crates/amun-bls/src/tests.rs:18:        assert!(verify(msg, &sig, &kp.public).expect("test invariant"));
crates/amun-bls/src/tests.rs:25:        assert!(!verify(msg, &zero_sig, &kp.public).expect("test invariant"));
crates/amun-bls/src/verify.rs:15:pub fn verify_aggregate(_message: &[u8], signature: &[u8; BLS_SIGNATURE_SIZE], public_keys: &[PublicKey]) -> AmunResult<bool> {
crates/amun-bls/src/verify.rs:7:pub fn verify(message: &[u8], signature: &[u8; BLS_SIGNATURE_SIZE], _public_key: &PublicKey) -> AmunResult<bool> {
crates/amun-bytecode/src/interpreter.rs:54:    pub fn execute(
crates/amun-bytecode/src/interpreter.rs:60:        if !program.verify() {
crates/amun-bytecode/src/lib.rs:27:        assert!(p1.verify());
crates/amun-bytecode/src/lib.rs:31:    fn w6_execute_simple_program() {
crates/amun-bytecode/src/lib.rs:45:        let (_buffer, result) = interpreter.execute(&program, &ctx, pre_state).unwrap();
crates/amun-bytecode/src/lib.rs:56:    fn w6_execute_out_of_gas() {
crates/amun-bytecode/src/lib.rs:70:        let (_, result) = interpreter.execute(&program, &ctx, pre_state).unwrap();
crates/amun-bytecode/src/program.rs:29:        program.program_hash = program.compute_hash();
crates/amun-bytecode/src/program.rs:33:    pub fn compute_hash(&self) -> [u8; 32] {
crates/amun-bytecode/src/program.rs:43:        let hash = hasher.finalize();
crates/amun-bytecode/src/program.rs:49:    pub fn verify(&self) -> bool {
crates/amun-bytecode/src/program.rs:50:        self.program_hash == self.compute_hash()
crates/amun-byzantine-tests/tests/attack_suite.rs:14:use amun_transition_proof::transition_proof::TransitionProof;
crates/amun-byzantine-tests/tests/attack_suite.rs:276:    assert!(proof.verify_integrity());
crates/amun-byzantine-tests/tests/attack_suite.rs:279:    assert!(!tampered.verify_integrity());
crates/amun-byzantine-tests/tests/attack_suite.rs:283:fn byz_010_proof_replay_attack_blocked() {
crates/amun-byzantine-tests/tests/attack_suite.rs:38:    let result = ConstitutionalRuntime::execute(
crates/amun-byzantine-tests/tests/attack_suite.rs:50:            transition_proof, ..
crates/amun-byzantine-tests/tests/attack_suite.rs:51:        } => transition_proof,
crates/amun-byzantine-tests/tests/attack_suite.rs:56:    let replay = ReplayVerifier::replay(&proof, &program, &mut fresh_reg, &[]);
crates/amun-byzantine-tests/tests/attack_suite.rs:58:        replay,
crates/amun-byzantine-tests/tests/attack_suite.rs:59:        amun_replay_verifier::replay_verifier::ReplayResult::Match { .. }
crates/amun-byzantine-tests/tests/attack_suite.rs:9:use amun_replay_verifier::replay_verifier::ReplayVerifier;
crates/amun-canonical-codec/src/hasher.rs:31:    pub fn finalize(self) -> [u8; 32] {
crates/amun-canonical-codec/src/hasher.rs:32:        self.hasher.finalize().into()
crates/amun-canonical-collections/src/lib.rs:124:        h.finalize().into()
crates/amun-canonical-collections/src/lib.rs:164:        h.finalize().into()
crates/amun-canonical-collections/src/lib.rs:179:    #[test] fn test_replay_root_deterministic() { let mut a = CanonicalSet::new(); let mut b = CanonicalSet::new(); a.insert(1u64).unwrap(); a.insert(2u64).unwrap(); b.insert(2u64).unwrap(); b.insert(1u64).unwrap(); assert_eq!(a.canonical_root(), b.canonical_root()); }
crates/amun-canonical-collections/src/lib.rs:1://! Canonical Collections — deterministic, replay-safe container types.
crates/amun-canonical-collections/src/lib.rs:20:    fn verify_root(&self, expected: &[u8; 32]) -> bool { self.canonical_root() == *expected }
crates/amun-canonical-collections/src/lib.rs:21:    fn is_replay_stable(&self) -> bool { true }
crates/amun-canonical-collections/src/lib.rs:76:        h.finalize().into()
crates/amun-canonical-collections/src/lib.rs:8://!   - REPLAY-SAFE: canonical_root() produces verifiable commitments
crates/amun-canonical/src/encoder.rs:55:        let h = hasher.finalize();
crates/amun-canonical/src/enum_registry.rs:35:    pub fn validate(&self, name: &str, variant: u8, version: u32) -> bool {
crates/amun-canonical/src/float_ban.rs:18:    pub fn verify_type<T: 'static>() -> Result<(), &'static str> {
crates/amun-canonical/src/float_ban.rs:4:    pub fn verify_no_floats(code: &str) -> Result<(), Vec<&'static str>> {
crates/amun-certificate-network/src/distribution.rs:102:    pub fn build_from_runtime(
crates/amun-certificate-network/src/distribution.rs:130:        rt.apply_transition(&[1u8; 32], &[0xAA; 32]);
crates/amun-certificate-network/src/distribution.rs:174:            InclusionProofMessage::InclusionProofResponse { proof } => assert!(proof.verify()),
crates/amun-certificate-network/src/distribution.rs:192:        assert!(bundle.verify().is_ok());
crates/amun-certificate-network/src/distribution.rs:199:        assert!(bundle.verify().is_err());
crates/amun-certificate-network/src/distribution.rs:211:                assert!(received.verify().is_ok());
crates/amun-certificate-network/src/distribution.rs:230:    fn n9e_bundle_builder() {
crates/amun-certificate-network/src/distribution.rs:232:        rt.apply_transition(&[1u8; 32], &[0xAA; 32]);
crates/amun-certificate-network/src/distribution.rs:249:        let bundle = BundleBuilder::build_from_runtime(block, &rt, [0u8; 32]).unwrap();
crates/amun-certificate-network/src/distribution.rs:250:        assert!(bundle.verify().is_ok());
crates/amun-certificate-network/src/distribution.rs:287:        assert!(deserialized.verify().is_ok());
crates/amun-certificate-network/src/distribution.rs:66:    pub fn verify(&self) -> Result<(), String> {
crates/amun-certificate-network/src/distribution.rs:67:        amun_constitutional_block::verify_light_client_proof(
crates/amun-certificate-network/src/gossip.rs:168:        rt.apply_transition(&[1u8; 32], &[0xAA; 32]);
crates/amun-certificate-network/src/gossip.rs:246:            ProofSync::ProofResponse { proof: p } => assert!(p.verify()),
crates/amun-certificate-network/src/gossip.rs:258:            BundleGossip::BundleResponse { bundle: b } => assert!(b.verify().is_ok()),
crates/amun-certificate-network/src/gossip.rs:348:                assert!(b.verify().is_ok());
crates/amun-chain-checkpoint/src/bootstrap.rs:19:        verify_checkpoint_sequence(bundles, &self.trusted_checkpoint_root)
crates/amun-chain-checkpoint/src/bootstrap.rs:1:use crate::inclusion::{verify_checkpoint_sequence, CheckpointBundle};
crates/amun-chain-checkpoint/src/bootstrap.rs:22:    pub fn verify_complete_chain(&self, expected_state_root: &str) -> Result<(), String> {
crates/amun-chain-checkpoint/src/bootstrap.rs:23:        self.node.verify_chain()?;
crates/amun-chain-checkpoint/src/bootstrap.rs:51:        rt.apply_transition(&[height as u8; 32], &[0xAA; 32]);
crates/amun-chain-checkpoint/src/chain.rs:106:            .verify()
crates/amun-chain-checkpoint/src/chain.rs:115:            .verify()
crates/amun-chain-checkpoint/src/chain.rs:123:        assert!(proof.verify().is_err());
crates/amun-chain-checkpoint/src/chain.rs:12:    pub fn verify(&self) -> Result<(), String> {
crates/amun-chain-checkpoint/src/chain.rs:18:            bundle.verify()?;
crates/amun-chain-checkpoint/src/chain.rs:56:        rt.apply_transition(&[height as u8; 32], &[0xAA; 32]);
crates/amun-chain-checkpoint/src/chain.rs:96:                .verify()
crates/amun-chain-checkpoint/src/inclusion.rs:110:        rt.apply_transition(&[height as u8; 32], &[0xAA; 32]);
crates/amun-chain-checkpoint/src/inclusion.rs:167:        assert!(proof.verify());
crates/amun-chain-checkpoint/src/inclusion.rs:176:        assert!(!proof.verify());
crates/amun-chain-checkpoint/src/inclusion.rs:184:        assert!(!proof.verify());
crates/amun-chain-checkpoint/src/inclusion.rs:191:        assert!(CheckpointBundle::new(c, proof).verify().is_ok());
crates/amun-chain-checkpoint/src/inclusion.rs:194:    fn n12d_light_verify_sequence() {
crates/amun-chain-checkpoint/src/inclusion.rs:202:        assert!(verify_checkpoint_sequence(&bundles, &root).is_ok());
crates/amun-chain-checkpoint/src/inclusion.rs:205:    fn n12d_light_verify_wrong_root() {
crates/amun-chain-checkpoint/src/inclusion.rs:209:        assert!(verify_checkpoint_sequence(&[CheckpointBundle::new(c1, p1)], &[0x11; 32]).is_err());
crates/amun-chain-checkpoint/src/inclusion.rs:2:use amun_constitutional_commitments::smt::{MerkleProof, SparseMerkleTree};
crates/amun-chain-checkpoint/src/inclusion.rs:47:    pub fn verify(&self) -> bool {
crates/amun-chain-checkpoint/src/inclusion.rs:52:        tree.verify(&self.root, &self.proof)
crates/amun-chain-checkpoint/src/inclusion.rs:73:    pub fn verify(&self) -> Result<(), String> {
crates/amun-chain-checkpoint/src/inclusion.rs:74:        self.checkpoint.verify()?;
crates/amun-chain-checkpoint/src/inclusion.rs:75:        if !self.inclusion_proof.verify() {
crates/amun-chain-checkpoint/src/inclusion.rs:82:pub fn verify_checkpoint_sequence(
crates/amun-chain-checkpoint/src/inclusion.rs:90:        bundle.verify()?;
crates/amun-chain-checkpoint/src/lib.rs:112:                .verify()
crates/amun-chain-checkpoint/src/lib.rs:124:            final_replay_certificate_root: last_bundle.block_header.replay_certificate_root.clone(),
crates/amun-chain-checkpoint/src/lib.rs:129:        cert.checkpoint_hash = cert.compute_hash();
crates/amun-chain-checkpoint/src/lib.rs:138:    pub fn compute_hash(&self) -> String {
crates/amun-chain-checkpoint/src/lib.rs:145:        bytes.extend_from_slice(self.final_replay_certificate_root.as_bytes());
crates/amun-chain-checkpoint/src/lib.rs:150:        hex::encode(hasher.finalize().as_bytes())
crates/amun-chain-checkpoint/src/lib.rs:157:    pub fn verify(&self) -> Result<(), String> {
crates/amun-chain-checkpoint/src/lib.rs:158:        let recomputed = self.compute_hash();
crates/amun-chain-checkpoint/src/lib.rs:159:        if self.checkpoint_hash != recomputed {
crates/amun-chain-checkpoint/src/lib.rs:161:                "Checkpoint hash mismatch: stored hash '{}' does not match recomputed hash '{}'",
crates/amun-chain-checkpoint/src/lib.rs:162:                self.checkpoint_hash, recomputed
crates/amun-chain-checkpoint/src/lib.rs:240:        rt.apply_transition(&[height as u8; 32], &[0xAA; 32]);
crates/amun-chain-checkpoint/src/lib.rs:274:        assert!(cert.verify().is_ok());
crates/amun-chain-checkpoint/src/lib.rs:284:        assert!(cert.verify().is_ok());
crates/amun-chain-checkpoint/src/lib.rs:315:        assert!(cert.verify().is_err());
crates/amun-chain-checkpoint/src/lib.rs:45:/// It commits to the final state root, evidence root, and replay certificate root
crates/amun-chain-checkpoint/src/lib.rs:61:    pub final_replay_certificate_root: String,
crates/amun-chain-checkpoint/src/lib.rs:62:    /// Blake3 hash of all checkpoint fields (constitutional commitment).
crates/amun-chain-checkpoint/tests/n15_constitutional_join.rs:135:        rt_check.apply_transition(&[height as u8; 32], &[0xBB; 32]);
crates/amun-chain-checkpoint/tests/n15_constitutional_join.rs:138:    let mut rt_verify = ConstitutionalStateRuntime::new();
crates/amun-chain-checkpoint/tests/n15_constitutional_join.rs:140:        rt_verify.apply_transition(&[height as u8; 32], &[0xBB; 32]);
crates/amun-chain-checkpoint/tests/n15_constitutional_join.rs:142:    assert_eq!(rt_check.state_root(), rt_verify.state_root());
crates/amun-chain-checkpoint/tests/n15_constitutional_join.rs:18:        rt_a.apply_transition(&[height as u8; 32], &[0xAA; 32]);
crates/amun-chain-checkpoint/tests/n15_constitutional_join.rs:71:        rt_b.apply_transition(&[height as u8; 32], &[0xAA; 32]);
crates/amun-chain-checkpoint/tests/n15_constitutional_join.rs:77:    assert!(recursive.verify().is_ok());
crates/amun-chain-checkpoint/tests/n15_constitutional_join.rs:95:        rt.apply_transition(&[height as u8; 32], &[0xBB; 32]);
crates/amun-chain-checkpoint/tests/n16_adversarial_bootstrap.rs:103:    let (_, bundle1, root) = build_checkpoint_bundle(0, 2);
crates/amun-chain-checkpoint/tests/n16_adversarial_bootstrap.rs:105:    let (_, mut bundle2, _) = build_checkpoint_bundle(3, 5);
crates/amun-chain-checkpoint/tests/n16_adversarial_bootstrap.rs:10:fn build_checkpoint_bundle(
crates/amun-chain-checkpoint/tests/n16_adversarial_bootstrap.rs:121:    let (cp, bundle, root) = build_checkpoint_bundle(0, 4);
crates/amun-chain-checkpoint/tests/n16_adversarial_bootstrap.rs:19:        rt.apply_transition(&[height as u8; 32], &[0xCC; 32]);
crates/amun-chain-checkpoint/tests/n16_adversarial_bootstrap.rs:57:fn build_bundle(start: u64, end: u64) -> (CheckpointBundle, [u8; 32]) {
crates/amun-chain-checkpoint/tests/n16_adversarial_bootstrap.rs:58:    let (_, bundle, root) = build_checkpoint_bundle(start, end);
crates/amun-chain-checkpoint/tests/n16_adversarial_bootstrap.rs:64:    let (cp1, _, root) = build_checkpoint_bundle(0, 2);
crates/amun-chain-checkpoint/tests/n16_adversarial_bootstrap.rs:65:    let (bundle2, _) = build_bundle(3, 5);
crates/amun-chain-checkpoint/tests/n16_adversarial_bootstrap.rs:77:    let (_, mut bundle, root) = build_checkpoint_bundle(0, 4);
crates/amun-chain-checkpoint/tests/n16_adversarial_bootstrap.rs:86:    let (_, bundle1, root) = build_checkpoint_bundle(0, 2);
crates/amun-chain-checkpoint/tests/n16_adversarial_bootstrap.rs:87:    let (bundle2, _) = build_bundle(4, 6);
crates/amun-chain-checkpoint/tests/n16_adversarial_bootstrap.rs:95:    let (bundle, _) = build_bundle(0, 4);
crates/amun-chain-context/src/lib.rs:26:        domain_separator.copy_from_slice(&hasher.finalize().as_bytes()[..32]);
crates/amun-chain-context/src/lib.rs:44:    pub fn verify_binding(&self) -> bool {
crates/amun-chain-context/src/lib.rs:51:        let mut computed = [0u8; 32];
crates/amun-chain-context/src/lib.rs:52:        computed.copy_from_slice(&hasher.finalize().as_bytes()[..32]);
crates/amun-chain-context/src/lib.rs:53:        computed == self.domain_separator
crates/amun-chain-position/src/lib.rs:15:    pub replay_root: [u8; 32],
crates/amun-chain-position/src/lib.rs:24:        replay_root: [u8; 32],
crates/amun-chain-position/src/lib.rs:31:        h.update(&replay_root);
crates/amun-chain-position/src/lib.rs:33:        seal_hash.copy_from_slice(&h.finalize().as_bytes()[..32]);
crates/amun-chain-position/src/lib.rs:38:            replay_root,
crates/amun-chain-position/src/lib.rs:42:    pub fn verify(&self) -> bool {
crates/amun-chain-position/src/lib.rs:48:        h.update(&self.replay_root);
crates/amun-chain-position/src/lib.rs:50:        c.copy_from_slice(&h.finalize().as_bytes()[..32]);
crates/amun-chain-position/src/lib.rs:86:        out.copy_from_slice(&h.finalize().as_bytes()[..32]);
crates/amun-chain-store/examples/snapshot_builder_test.rs:14:        commitment_root: [0u8; 32],
crates/amun-chain-store/examples/snapshot_restore_test.rs:14:        commitment_root: [0u8; 32],
crates/amun-chain-store/examples/snapshot_verification_test.rs:14:        commitment_root: [0u8; 32],
crates/amun-chain-store/examples/snapshot_verification_test.rs:2:use amun_chain_store::snapshot::{create_snapshot, verify_snapshot};
crates/amun-chain-store/examples/snapshot_verification_test.rs:37:    // Test 1: verify valid snapshot
crates/amun-chain-store/examples/snapshot_verification_test.rs:38:    let manifest = verify_snapshot(&snapshot_dir).unwrap();
crates/amun-chain-store/examples/snapshot_verification_test.rs:46:    match verify_snapshot(&snapshot_dir) {
crates/amun-chain-store/examples/snapshot_verification_test.rs:61:    match verify_snapshot(&snapshot_dir) {
crates/amun-chain-store/src/record.rs:18:    /// CCA v1.0: Constitutional commitment root (hash of serialized commitment)
crates/amun-chain-store/src/record.rs:19:    pub commitment_root: [u8; 32],
crates/amun-chain-store/src/record.rs:55:            commitment_root: [0x11; 32],
crates/amun-chain-store/src/record.rs:64:        assert_eq!(decoded.commitment_root, record.commitment_root);
crates/amun-chain-store/src/snapshot.rs:124:    let manifest = verify_snapshot(snapshot_dir)?;
crates/amun-chain-store/src/snapshot.rs:141:        commitment_root: [0u8; 32],
crates/amun-chain-store/src/snapshot.rs:16:/// Create a snapshot of the current chain state at the latest finalized height.
crates/amun-chain-store/src/snapshot.rs:37:    // Serialise the manifest (without snapshot_hash) to compute its hash
crates/amun-chain-store/src/snapshot.rs:70:pub fn verify_snapshot(snapshot_dir: &Path) -> Result<SnapshotManifest, String> {
crates/amun-chain-store/src/snapshot.rs:86:    // 3. Recompute hash from the fields (excluding snapshot_hash itself)
crates/amun-chain-store/src/snapshot.rs:98:            "Hash mismatch: stored={} computed={}",
crates/amun-chain-store/src/store.rs:151:            commitment_root: [0u8; 32],
crates/amun-chain-store/src/sync.rs:162:            commitment_root: [0u8; 32],
crates/amun-chain-store/tests/n120_2_record_roundtrip.rs:16:        commitment_root: [0u8; 32],
crates/amun-chunked-snapshot/src/chunk.rs:32:        chunk_hash.copy_from_slice(&h.finalize().as_bytes()[..32]);
crates/amun-chunked-snapshot/src/chunk.rs:43:    pub fn verify(&self, prev_hash: [u8; 32]) -> bool {
crates/amun-chunked-snapshot/src/chunk.rs:54:        let mut computed = [0u8; 32];
crates/amun-chunked-snapshot/src/chunk.rs:55:        computed.copy_from_slice(&h.finalize().as_bytes()[..32]);
crates/amun-chunked-snapshot/src/chunk.rs:56:        computed == self.chunk_hash && self.previous_chunk_hash == prev_hash
crates/amun-chunked-snapshot/src/lib.rs:7:pub use verifier::verify_chunk;
crates/amun-chunked-snapshot/src/manifest.rs:28:        manifest_hash.copy_from_slice(&h.finalize().as_bytes()[..32]);
crates/amun-chunked-snapshot/src/manifest.rs:39:    pub fn verify(&self) -> bool {
crates/amun-chunked-snapshot/src/manifest.rs:48:        let mut computed = [0u8; 32];
crates/amun-chunked-snapshot/src/manifest.rs:49:        computed.copy_from_slice(&h.finalize().as_bytes()[..32]);
crates/amun-chunked-snapshot/src/manifest.rs:50:        computed == self.manifest_hash
crates/amun-chunked-snapshot/src/verifier.rs:14:    if !chunk.verify(prev_hash) {
crates/amun-chunked-snapshot/src/verifier.rs:5:pub fn verify_chunk(
crates/amun-cli/src/main.rs:103:            match amun_crypto::Ed25519Signer::verify(
crates/amun-codec/src/domain.rs:50:        PublicHash32::new(hasher.finalize().into())
crates/amun-codec/src/hash.rs:16:        Ok(PublicHash32::new(hasher.finalize().into()))
crates/amun-codec/src/writer.rs:125:    pub fn commit_transaction(&mut self) -> WriteResult {
crates/amun-codec/src/writer.rs:31:    pub fn commit(&mut self) {}
crates/amun-compatibility/src/matrix.rs:16:        if !self.replay_safe && !self.snapshot_safe {
crates/amun-compatibility/src/matrix.rs:18:        } else if !self.replay_safe && self.snapshot_safe {
crates/amun-compatibility/src/matrix.rs:20:        } else if self.replay_safe && self.proof_safe && self.governance_safe {
crates/amun-compatibility/src/matrix.rs:22:        } else if self.replay_safe && self.proof_safe {
crates/amun-compatibility/src/matrix.rs:24:        } else if self.replay_safe {
crates/amun-compatibility/src/matrix.rs:44:    pub fn compute(source: &ConstitutionalIdentity, target: &ConstitutionalIdentity) -> Self {
crates/amun-compatibility/src/matrix.rs:51:            replay_safe: same_empty_root && same_max_depth && same_proof,
crates/amun-compatibility/src/matrix.rs:7:    pub replay_safe: bool,
crates/amun-compatibility/src/migration.rs:18:    /// Full migration - state must be replayed
crates/amun-compatibility/src/migration.rs:20:    /// Expensive migration - complete rebuild required
crates/amun-compatibility/src/migration.rs:6:    pub requires_replay: bool,
crates/amun-compatibility/src/migration.rs:7:    pub requires_snapshot_rebuild: bool,
crates/amun-compatibility/src/migration.rs:8:    pub requires_proof_rebuild: bool,
crates/amun-complexity-budget/src/budget.rs:13:            max_consensus_transitions: 50,
crates/amun-complexity-budget/src/budget.rs:26:        if metrics.consensus_transitions > self.max_consensus_transitions {
crates/amun-complexity-budget/src/budget.rs:28:                field: "consensus_transitions",
crates/amun-complexity-budget/src/budget.rs:3:    pub max_consensus_transitions: usize,
crates/amun-complexity-budget/src/metrics.rs:14:        consensus_transitions: usize,
crates/amun-complexity-budget/src/metrics.rs:20:            + (consensus_transitions as u128).saturating_mul(5_000)
crates/amun-complexity-budget/src/metrics.rs:26:            consensus_transitions,
crates/amun-complexity-budget/src/metrics.rs:4:    pub consensus_transitions: usize,
crates/amun-consensus-execution/src/block_dag.rs:102:            committed: true,
crates/amun-consensus-execution/src/block_dag.rs:124:            last_committed: Some(genesis_hash),
crates/amun-consensus-execution/src/block_dag.rs:125:            finalized_height: 0,
crates/amun-consensus-execution/src/block_dag.rs:16:    pub committed: bool,
crates/amun-consensus-execution/src/block_dag.rs:178:    pub fn commit_block(&mut self, hash: &[u8; 32]) {
crates/amun-consensus-execution/src/block_dag.rs:180:            block.committed = true;
crates/amun-consensus-execution/src/block_dag.rs:181:            self.last_committed = Some(*hash);
crates/amun-consensus-execution/src/block_dag.rs:186:    pub fn update_canonical_spine(&mut self, finalized_block: [u8; 32]) {
crates/amun-consensus-execution/src/block_dag.rs:187:        let mut spine = vec![finalized_block];
crates/amun-consensus-execution/src/block_dag.rs:188:        let mut current = Some(finalized_block);
crates/amun-consensus-execution/src/block_dag.rs:190:        visited.insert(finalized_block);
crates/amun-consensus-execution/src/block_dag.rs:226:    pub fn finalize_and_prune(&mut self, height: u64, finalized_block: [u8; 32]) {
crates/amun-consensus-execution/src/block_dag.rs:228:            height > self.finalized_height,
crates/amun-consensus-execution/src/block_dag.rs:231:        self.finalized_height = height;
crates/amun-consensus-execution/src/block_dag.rs:232:        self.update_canonical_spine(finalized_block);
crates/amun-consensus-execution/src/block_dag.rs:250:                b.position.sequence < self.finalized_height
crates/amun-consensus-execution/src/block_dag.rs:266:            .retain(|h, _| *h >= self.finalized_height || *h == 0);
crates/amun-consensus-execution/src/block_dag.rs:280:    pub fn highest_committed_height(&self) -> u64 {
crates/amun-consensus-execution/src/block_dag.rs:281:        self.last_committed_block()
crates/amun-consensus-execution/src/block_dag.rs:286:    pub fn last_committed_block(&self) -> Option<&BlockNode> {
crates/amun-consensus-execution/src/block_dag.rs:287:        self.last_committed.and_then(|h| self.blocks.get(&h))
crates/amun-consensus-execution/src/block_dag.rs:35:            committed: false,
crates/amun-consensus-execution/src/block_dag.rs:87:    pub last_committed: Option<[u8; 32]>,
crates/amun-consensus-execution/src/block_dag.rs:88:    pub finalized_height: u64,
crates/amun-consensus-execution/src/commit.rs:102:            return Some(committed);
crates/amun-consensus-execution/src/commit.rs:108:    pub fn try_commit_3chain(
crates/amun-consensus-execution/src/commit.rs:125:        let committed = qc1.block_hash;
crates/amun-consensus-execution/src/commit.rs:126:        self.committed_blocks
crates/amun-consensus-execution/src/commit.rs:127:            .push((qc1.position.sequence, committed));
crates/amun-consensus-execution/src/commit.rs:128:        self.commit_index += 1;
crates/amun-consensus-execution/src/commit.rs:129:        Some(committed)
crates/amun-consensus-execution/src/commit.rs:132:    pub fn is_committed(&self, block_hash: &[u8; 32]) -> bool {
crates/amun-consensus-execution/src/commit.rs:133:        self.committed_blocks.iter().any(|(_, h)| h == block_hash)
crates/amun-consensus-execution/src/commit.rs:136:    pub fn last_committed_height(&self) -> u64 {
crates/amun-consensus-execution/src/commit.rs:137:        self.committed_blocks.last().map(|(h, _)| *h).unwrap_or(0)
crates/amun-consensus-execution/src/commit.rs:140:    pub fn finalize(&mut self, height: u64) {
crates/amun-consensus-execution/src/commit.rs:141:        self.finalized_height = height;
crates/amun-consensus-execution/src/commit.rs:148:            commit_index: self.commit_index,
crates/amun-consensus-execution/src/commit.rs:149:            finalized_height: self.finalized_height,
crates/amun-consensus-execution/src/commit.rs:150:            last_committed_height: self.last_committed_height(),
crates/amun-consensus-execution/src/commit.rs:156:        self.commit_index = checkpoint.commit_index;
crates/amun-consensus-execution/src/commit.rs:157:        self.finalized_height = checkpoint.finalized_height;
crates/amun-consensus-execution/src/commit.rs:17:    pub committed_blocks: Vec<(u64, [u8; 32])>,
crates/amun-consensus-execution/src/commit.rs:18:    pub finalized_height: u64,
crates/amun-consensus-execution/src/commit.rs:19:    pub commit_index: u64,
crates/amun-consensus-execution/src/commit.rs:24:    pub commit_index: u64,
crates/amun-consensus-execution/src/commit.rs:25:    pub finalized_height: u64,
crates/amun-consensus-execution/src/commit.rs:26:    pub last_committed_height: u64,
crates/amun-consensus-execution/src/commit.rs:36:            committed_blocks: Vec::new(),
crates/amun-consensus-execution/src/commit.rs:37:            finalized_height: 0,
crates/amun-consensus-execution/src/commit.rs:38:            commit_index: 0,
crates/amun-consensus-execution/src/commit.rs:82:    pub fn try_commit_2chain(&mut self, qc: &QuorumCertificate) -> Option<[u8; 32]> {
crates/amun-consensus-execution/src/commit.rs:96:            let committed = last_qc.block_hash;
crates/amun-consensus-execution/src/commit.rs:97:            self.committed_blocks
crates/amun-consensus-execution/src/commit.rs:98:                .push((last_qc.position.sequence, committed));
crates/amun-consensus-execution/src/commit.rs:99:            self.commit_index += 1;
crates/amun-consensus-execution/src/fork_choice.rs:100:            // 3-chain commit rule: commit block1
crates/amun-consensus-execution/src/fork_choice.rs:102:                .committed_qcs
crates/amun-consensus-execution/src/fork_choice.rs:106:                self.committed_qcs.push(qc1.clone());
crates/amun-consensus-execution/src/fork_choice.rs:10:    pub validated_qc: Option<QuorumCertificate>,
crates/amun-consensus-execution/src/fork_choice.rs:111:    fn update_validated_qc(&mut self, qc: QuorumCertificate) {
crates/amun-consensus-execution/src/fork_choice.rs:112:        match &self.validated_qc {
crates/amun-consensus-execution/src/fork_choice.rs:115:                    self.validated_qc = Some(qc);
crates/amun-consensus-execution/src/fork_choice.rs:118:            None => self.validated_qc = Some(qc),
crates/amun-consensus-execution/src/fork_choice.rs:12:    pub committed_qcs: Vec<QuorumCertificate>,
crates/amun-consensus-execution/src/fork_choice.rs:160:    pub fn verify_lock_monotonicity(&self) -> bool {
crates/amun-consensus-execution/src/fork_choice.rs:22:            validated_qc: None,
crates/amun-consensus-execution/src/fork_choice.rs:23:            committed_qcs: Vec::new(),
crates/amun-consensus-execution/src/fork_choice.rs:41:        self.try_advance_lock_and_commit(&qc, dag);
crates/amun-consensus-execution/src/fork_choice.rs:42:        self.update_validated_qc(qc);
crates/amun-consensus-execution/src/fork_choice.rs:52:    /// Try 2-chain lock and 3-chain commit with round monotonicity
crates/amun-consensus-execution/src/fork_choice.rs:53:    fn try_advance_lock_and_commit(&mut self, qc3: &QuorumCertificate, dag: &BlockDAG) {
crates/amun-consensus-execution/src/fork_choice.rs:73:        // 2-chain lock: verify round monotonicity
crates/amun-consensus-execution/src/fork_choice.rs:85:        // 3-chain commit: verify strict round monotonicity
crates/amun-consensus-execution/src/lib.rs:14:pub use commit::{CommitCheckpoint, CommitRule};
crates/amun-consensus-execution/src/lib.rs:4:pub mod commit;
crates/amun-consensus-execution/src/persistent_state.rs:102:            committed_blocks_set: BTreeSet::new(),
crates/amun-consensus-execution/src/persistent_state.rs:112:        let auth = wal.validate_authority_chain()?;
crates/amun-consensus-execution/src/persistent_state.rs:122:            state.apply_wal_entry(entry)?;
crates/amun-consensus-execution/src/persistent_state.rs:128:    pub fn validate_snapshot_binding(&self, snapshot: &SnapshotCheckpoint) -> Result<(), String> {
crates/amun-consensus-execution/src/persistent_state.rs:13:    pub commit_rule: CommitRule,
crates/amun-consensus-execution/src/persistent_state.rs:149:    pub fn validate_authority(&self) -> Result<AuthorityValidation, String> {
crates/amun-consensus-execution/src/persistent_state.rs:150:        self.wal.validate_authority_chain()
crates/amun-consensus-execution/src/persistent_state.rs:167:    fn require_block_committed(&self, bh: &[u8; 32], ctx: &str) -> Result<(), String> {
crates/amun-consensus-execution/src/persistent_state.rs:168:        if !self.committed_blocks_set.contains(bh) {
crates/amun-consensus-execution/src/persistent_state.rs:170:                "Causal: {} not committed at {}",
crates/amun-consensus-execution/src/persistent_state.rs:179:    fn apply_wal_entry(&mut self, entry: &WALEntry) -> Result<(), String> {
crates/amun-consensus-execution/src/persistent_state.rs:18:    committed_blocks_set: BTreeSet<[u8; 32]>,
crates/amun-consensus-execution/src/persistent_state.rs:198:                self.commit_rule.register_block(bh, ph, e.height, e.round);
crates/amun-consensus-execution/src/persistent_state.rs:214:                if e.commit_index > self.commit_rule.commit_index {
crates/amun-consensus-execution/src/persistent_state.rs:215:                    self.commit_rule.commit_index = e.commit_index;
crates/amun-consensus-execution/src/persistent_state.rs:217:                self.dag.commit_block(&bh);
crates/amun-consensus-execution/src/persistent_state.rs:218:                self.committed_blocks_set.insert(bh);
crates/amun-consensus-execution/src/persistent_state.rs:223:                let fb = Self::decode_hash_safe(&e.finalized_block)?;
crates/amun-consensus-execution/src/persistent_state.rs:225:                self.require_block_committed(&fb, "FINALIZE")?;
crates/amun-consensus-execution/src/persistent_state.rs:226:                if e.height > self.commit_rule.finalized_height {
crates/amun-consensus-execution/src/persistent_state.rs:227:                    self.commit_rule.finalize(e.height);
crates/amun-consensus-execution/src/persistent_state.rs:228:                    self.dag.finalize_and_prune(e.height, fb);
crates/amun-consensus-execution/src/persistent_state.rs:247:        self.apply_wal_entry(&entry)
crates/amun-consensus-execution/src/persistent_state.rs:249:    pub fn record_commit(&mut self, bh: [u8; 32], h: u64) -> Result<(), String> {
crates/amun-consensus-execution/src/persistent_state.rs:253:            commit_index: self.commit_rule.commit_index,
crates/amun-consensus-execution/src/persistent_state.rs:257:        self.apply_wal_entry(&entry)
crates/amun-consensus-execution/src/persistent_state.rs:259:    pub fn record_finalize(&mut self, h: u64, fb: [u8; 32]) -> Result<(), String> {
crates/amun-consensus-execution/src/persistent_state.rs:262:            finalized_block: Self::encode_hash(fb),
crates/amun-consensus-execution/src/persistent_state.rs:266:        self.apply_wal_entry(&entry)
crates/amun-consensus-execution/src/persistent_state.rs:271:            commit_index: self.commit_rule.commit_index,
crates/amun-consensus-execution/src/persistent_state.rs:272:            finalized_height: self.commit_rule.finalized_height,
crates/amun-consensus-execution/src/persistent_state.rs:2:use crate::commit::CommitRule;
crates/amun-consensus-execution/src/persistent_state.rs:306:            commit_index: self.commit_rule.commit_index,
crates/amun-consensus-execution/src/persistent_state.rs:307:            finalized_height: self.commit_rule.finalized_height,
crates/amun-consensus-execution/src/persistent_state.rs:34:    commit_index: u64,
crates/amun-consensus-execution/src/persistent_state.rs:39:    finalized_block: String,
crates/amun-consensus-execution/src/persistent_state.rs:44:    pub commit_index: u64,
crates/amun-consensus-execution/src/persistent_state.rs:45:    pub finalized_height: u64,
crates/amun-consensus-execution/src/persistent_state.rs:58:    pub commit_index: u64,
crates/amun-consensus-execution/src/persistent_state.rs:59:    pub finalized_height: u64,
crates/amun-consensus-execution/src/persistent_state.rs:97:            commit_rule: cr,
crates/amun-consensus-execution/src/proposal.rs:1:use crate::commit::CommitRule;
crates/amun-consensus-execution/src/proposal.rs:36:    pub fn verify(&self) -> bool {
crates/amun-consensus-execution/src/proposal.rs:46:    pub fn is_safe(&self, commit_rule: &CommitRule) -> bool {
crates/amun-consensus-execution/src/proposal.rs:47:        if let Some(ref locked_qc) = commit_rule.locked_qc {
crates/amun-consensus-execution/src/proposal.rs:49:                if !commit_rule.is_descendant(parent, &locked_qc.block_hash)
crates/amun-consensus-execution/src/proposer.rs:36:        proposal_hash.copy_from_slice(&h.finalize().as_bytes()[..32]);
crates/amun-consensus-execution/src/proposer.rs:41:    pub fn verify(&self) -> bool {
crates/amun-consensus-execution/src/proposer.rs:52:        let mut computed = [0u8; 32];
crates/amun-consensus-execution/src/proposer.rs:53:        computed.copy_from_slice(&h.finalize().as_bytes()[..32]);
crates/amun-consensus-execution/src/proposer.rs:54:        computed == self.proposal_hash
crates/amun-consensus-execution/src/voter.rs:100:            ConsensusPhase::Precommit => {
crates/amun-consensus-execution/src/voter.rs:101:                let round_votes = self.precommits.entry(key).or_default();
crates/amun-consensus-execution/src/voter.rs:136:                .precommits
crates/amun-consensus-execution/src/voter.rs:20:    precommits: BTreeMap<(u64, [u8; 32]), BTreeMap<u64, ConsensusVote>>,
crates/amun-consensus-execution/src/voter.rs:31:            precommits: BTreeMap::new(),
crates/amun-consensus-integration/src/consensus_integrator.rs:113:    fn w17_execute_block_with_proofs() {
crates/amun-consensus-integration/src/consensus_integrator.rs:122:            pre_state_root: registry.compute_state_root(),
crates/amun-consensus-integration/src/consensus_integrator.rs:125:        let block = ConsensusIntegrator::execute_block(
crates/amun-consensus-integration/src/consensus_integrator.rs:133:        assert_eq!(block.transitions.len(), 1);
crates/amun-consensus-integration/src/consensus_integrator.rs:134:        assert!(block.verify_all_proofs());
crates/amun-consensus-integration/src/consensus_integrator.rs:148:            pre_state_root: registry.compute_state_root(),
crates/amun-consensus-integration/src/consensus_integrator.rs:151:        let block = ConsensusIntegrator::execute_block(
crates/amun-consensus-integration/src/consensus_integrator.rs:15:    pub fn execute_block(
crates/amun-consensus-integration/src/consensus_integrator.rs:161:        assert!(cert.verify());
crates/amun-consensus-integration/src/consensus_integrator.rs:175:            pre_state_root: registry.compute_state_root(),
crates/amun-consensus-integration/src/consensus_integrator.rs:178:        let block = ConsensusIntegrator::execute_block(
crates/amun-consensus-integration/src/consensus_integrator.rs:200:            pre_state_root: registry.compute_state_root(),
crates/amun-consensus-integration/src/consensus_integrator.rs:203:        let block = ConsensusIntegrator::execute_block(
crates/amun-consensus-integration/src/consensus_integrator.rs:227:            pre_state_root: registry.compute_state_root(),
crates/amun-consensus-integration/src/consensus_integrator.rs:230:        let block = ConsensusIntegrator::execute_block(
crates/amun-consensus-integration/src/consensus_integrator.rs:238:        assert_eq!(block.state_root, registry.compute_state_root());
crates/amun-consensus-integration/src/consensus_integrator.rs:239:        assert_eq!(block.proof_root, block.compute_proof_root());
crates/amun-consensus-integration/src/consensus_integrator.rs:240:        assert!(!block.transitions.is_empty());
crates/amun-consensus-integration/src/consensus_integrator.rs:24:        let mut transitions = Vec::new();
crates/amun-consensus-integration/src/consensus_integrator.rs:27:            let result = ConstitutionalRuntime::execute(
crates/amun-consensus-integration/src/consensus_integrator.rs:40:                    transition_proof, ..
crates/amun-consensus-integration/src/consensus_integrator.rs:43:                    transition_proof, ..
crates/amun-consensus-integration/src/consensus_integrator.rs:45:                    transitions.push(transition_proof);
crates/amun-consensus-integration/src/consensus_integrator.rs:50:        let state_root = registry.compute_state_root();
crates/amun-consensus-integration/src/consensus_integrator.rs:57:            transitions,
crates/amun-consensus-integration/src/consensus_integrator.rs:61:        block.proof_root = block.compute_proof_root();
crates/amun-consensus-integration/src/consensus_integrator.rs:69:        let hash = hasher.finalize();
crates/amun-consensus-integration/src/consensus_integrator.rs:83:        if !block.verify_all_proofs() {
crates/amun-consensus-integration/src/consensus_integrator.rs:96:        Ok(ConstitutionalFinalityCertificate::issue(block, qc))
crates/amun-consensus-integration/src/consensus_types.rs:101:    fn compute_hash(&self) -> [u8; 32] {
crates/amun-consensus-integration/src/consensus_types.rs:109:        let hash = hasher.finalize();
crates/amun-consensus-integration/src/consensus_types.rs:115:    pub fn verify(&self) -> bool {
crates/amun-consensus-integration/src/consensus_types.rs:116:        self.certificate_hash == self.compute_hash() && self.qc.is_valid()
crates/amun-consensus-integration/src/consensus_types.rs:12:    pub transitions: Vec<TransitionProof>,
crates/amun-consensus-integration/src/consensus_types.rs:18:    pub fn compute_proof_root(&self) -> [u8; 32] {
crates/amun-consensus-integration/src/consensus_types.rs:21:        for proof in &self.transitions {
crates/amun-consensus-integration/src/consensus_types.rs:24:        let hash = hasher.finalize();
crates/amun-consensus-integration/src/consensus_types.rs:2:use amun_transition_proof::transition_proof::TransitionProof;
crates/amun-consensus-integration/src/consensus_types.rs:30:    pub fn verify_all_proofs(&self) -> bool {
crates/amun-consensus-integration/src/consensus_types.rs:31:        if self.transitions.is_empty() {
crates/amun-consensus-integration/src/consensus_types.rs:34:        for proof in &self.transitions {
crates/amun-consensus-integration/src/consensus_types.rs:35:            if !proof.verify_integrity() {
crates/amun-consensus-integration/src/consensus_types.rs:39:        self.proof_root == self.compute_proof_root()
crates/amun-consensus-integration/src/consensus_types.rs:88:    pub fn issue(block: &ConstitutionalBlock, qc: ConstitutionalQC) -> Self {
crates/amun-consensus-integration/src/consensus_types.rs:97:        cert.certificate_hash = cert.compute_hash();
crates/amun-consensus-law/src/finality.rs:14:        precommit_signatures: &[[u8; 64]],
crates/amun-consensus-law/src/finality.rs:20:        for sig in precommit_signatures {
crates/amun-consensus-law/src/finality.rs:24:        out.copy_from_slice(&hasher.finalize().as_bytes()[..32]);
crates/amun-consensus-law/src/finality.rs:6:    pub fn is_finalized(precommit_votes: u64, total_stake: u64) -> bool {
crates/amun-consensus-law/src/finality.rs:8:        precommit_votes >= threshold
crates/amun-consensus-law/src/invariants.rs:14:    pub fn single_finality_holds(finalized: &[(u64, [u8; 32])], f: u64, n: u64) -> bool {
crates/amun-consensus-law/src/invariants.rs:18:        for i in 0..finalized.len() {
crates/amun-consensus-law/src/invariants.rs:19:            for j in (i + 1)..finalized.len() {
crates/amun-consensus-law/src/invariants.rs:20:                let (h1, b1) = finalized[i];
crates/amun-consensus-law/src/invariants.rs:21:                let (h2, b2) = finalized[j];
crates/amun-consensus-law/src/lib.rs:10:pub use transitions::TransitionLaw;
crates/amun-consensus-law/src/lib.rs:4:pub mod transitions;
crates/amun-consensus-law/src/safety.rs:10:        if commit_a_height != commit_b_height {
crates/amun-consensus-law/src/safety.rs:13:        commit_a_hash == commit_b_hash
crates/amun-consensus-law/src/safety.rs:4:    pub fn no_conflicting_commits(
crates/amun-consensus-law/src/safety.rs:5:        commit_a_height: u64,
crates/amun-consensus-law/src/safety.rs:6:        commit_b_height: u64,
crates/amun-consensus-law/src/safety.rs:7:        commit_a_hash: [u8; 32],
crates/amun-consensus-law/src/safety.rs:8:        commit_b_hash: [u8; 32],
crates/amun-consensus-law/src/transitions.rs:12:    pub fn valid_transition(from: ConsensusPhase, to: ConsensusPhase) -> bool {
crates/amun-consensus-law/src/transitions.rs:16:                | (ConsensusPhase::Prevote, ConsensusPhase::Precommit)
crates/amun-consensus-law/src/transitions.rs:17:                | (ConsensusPhase::Precommit, ConsensusPhase::Commit)
crates/amun-consensus-law/src/transitions.rs:21:                | (ConsensusPhase::Precommit, ConsensusPhase::Propose)
crates/amun-consensus-law/src/transitions.rs:28:            ConsensusPhase::Prevote | ConsensusPhase::Precommit | ConsensusPhase::Commit
crates/amun-consensus-law/src/transitions.rs:5:    Precommit,
crates/amun-consensus-law/src/validator.rs:16:    pub fn must_precommit_after_quorum_prevotes(
crates/amun-consensus-messages/src/lib.rs:6:    Precommit,
crates/amun-consensus-messages/src/message.rs:39:            ConsensusPhase::Precommit => 2u8,
crates/amun-consensus-messages/src/message.rs:46:        message_hash.copy_from_slice(&h.finalize().as_bytes()[..32]);
crates/amun-consensus-messages/src/message.rs:51:    pub fn verify(&self) -> bool {
crates/amun-consensus-messages/src/message.rs:60:            ConsensusPhase::Precommit => 2u8,
crates/amun-consensus-messages/src/message.rs:66:        let mut computed = [0u8; 32];
crates/amun-consensus-messages/src/message.rs:67:        computed.copy_from_slice(&h.finalize().as_bytes()[..32]);
crates/amun-consensus-messages/src/message.rs:68:        computed == self.message_hash
crates/amun-consensus-messages/src/message.rs:8:    Precommit,
crates/amun-consensus-messages/src/proposal.rs:30:        proposal_hash.copy_from_slice(&h.finalize().as_bytes()[..32]);
crates/amun-consensus-messages/src/proposal.rs:35:    pub fn verify(&self) -> bool {
crates/amun-consensus-messages/src/proposal.rs:43:        let mut computed = [0u8; 32];
crates/amun-consensus-messages/src/proposal.rs:44:        computed.copy_from_slice(&h.finalize().as_bytes()[..32]);
crates/amun-consensus-messages/src/proposal.rs:45:        computed == self.proposal_hash
crates/amun-consensus-messages/src/vote.rs:25:    pub fn is_precommit(&self) -> bool { self.message.phase == ConsensusPhase::Precommit }
crates/amun-consensus-messages/src/vote.rs:26:    pub fn verify(&self) -> bool { self.message.verify() }
crates/amun-consensus-network/src/certificate_evidence_validation.rs:113:        let result = validate_certificate_evidence(&cert, &store);
crates/amun-consensus-network/src/certificate_evidence_validation.rs:139:        let result = validate_certificate_evidence(&cert, &store);
crates/amun-consensus-network/src/certificate_evidence_validation.rs:153:        let result = validate_certificate_evidence(&cert, &store);
crates/amun-consensus-network/src/certificate_evidence_validation.rs:165:    fn n111_6_build_missing_evidence_request() {
crates/amun-consensus-network/src/certificate_evidence_validation.rs:166:        let req = build_missing_evidence_request([0xAA; 32], vec![[0xB1; 32], [0xB2; 32]]);
crates/amun-consensus-network/src/certificate_evidence_validation.rs:31:pub fn validate_certificate_evidence(
crates/amun-consensus-network/src/certificate_evidence_validation.rs:53:pub fn build_missing_evidence_request(
crates/amun-consensus-network/src/certificate_gossip.rs:26:        cert.verify()?;
crates/amun-consensus-network/src/engine.rs:164:        if let Err(e) = qc.verify_strict(validator_powers) {
crates/amun-consensus-network/src/engine.rs:173:    pub fn finalize(&mut self, history_root: [u8; 32]) -> Option<FinalityCertificate> {
crates/amun-consensus-network/src/engine.rs:194:    pub blocks_finalized: u64,
crates/amun-consensus-network/src/engine.rs:205:    pub fn record_block_finalized(&mut self, _h: u64) {
crates/amun-consensus-network/src/engine.rs:206:        self.blocks_finalized += 1;
crates/amun-consensus-network/src/engine.rs:214:            self.qcs_formed, self.blocks_finalized, self.votes_received
crates/amun-consensus-network/src/engine.rs:351:            if !amun_validator_identity::verify_ed25519(pk, &payload, &vote.signature) {
crates/amun-consensus-network/src/engine.rs:357:                // N109.9: Vote binding enforcement — verify ExecutionCommitment
crates/amun-consensus-network/src/engine.rs:358:                crate::vote_binding::verify_vote_binding(&vote)?;
crates/amun-consensus-network/src/engine.rs:367:            // Already finalized or duplicate late vote.
crates/amun-consensus-network/src/engine.rs:425:                let evidence_id = crate::evidence_store::EvidenceRecord::compute_evidence_id(
crates/amun-consensus-network/src/engine.rs:483:    /// Try to advance: form QC, finalize, update history.
crates/amun-consensus-network/src/engine.rs:507:        if let Err(e) = ConsensusEngine::verify_qc_signatures(&validator_keys, qc) {
crates/amun-consensus-network/src/engine.rs:511:        let cert = round.finalize(history_root)?;
crates/amun-consensus-network/src/engine.rs:515:        self.metrics.record_block_finalized(height);
crates/amun-consensus-network/src/engine.rs:536:    pub fn is_finalized(&self, height: u64) -> bool {
crates/amun-consensus-network/src/engine.rs:550:    fn verify_qc_signatures(
crates/amun-consensus-network/src/engine.rs:574:            if !amun_validator_identity::verify_ed25519(pk, &payload, &vote.signature) {
crates/amun-consensus-network/src/engine.rs:587:    fn n68_round_propose_vote_qc_finalize() {
crates/amun-consensus-network/src/engine.rs:604:                commitment: None,
crates/amun-consensus-network/src/engine.rs:614:        assert!(engine.is_finalized(1));
crates/amun-consensus-network/src/engine.rs:634:                    commitment: None,
crates/amun-consensus-network/src/engine.rs:660:            commitment: None,
crates/amun-consensus-network/src/engine.rs:682:            commitment: None,
crates/amun-consensus-network/src/engine.rs:710:                        commitment: None,
crates/amun-consensus-network/src/engine.rs:718:            assert!(engine.is_finalized(height));
crates/amun-consensus-network/src/engine.rs:734:        let pk = sk.verifying_key().to_bytes();
crates/amun-consensus-network/src/engine.rs:761:            commitment: None,
crates/amun-consensus-network/src/engine.rs:774:            commitment: None,
crates/amun-consensus-network/src/engine.rs:796:            commitment: None,
crates/amun-consensus-network/src/evidence_gossip.rs:178:        assert!(EvidenceGossip::verify_announcement(&ann, 50).is_ok());
crates/amun-consensus-network/src/evidence_gossip.rs:190:        let err = EvidenceGossip::verify_announcement(&ann, 50).unwrap_err();
crates/amun-consensus-network/src/evidence_gossip.rs:203:        assert!(EvidenceGossip::verify_announcement(&ann, 50).is_err());
crates/amun-consensus-network/src/evidence_gossip.rs:215:        assert!(EvidenceGossip::verify_announcement(&ann, 50).is_err());
crates/amun-consensus-network/src/evidence_gossip.rs:79:    pub fn verify_announcement(
crates/amun-consensus-network/src/evidence_store.rs:102:        payload.extend_from_slice(computed);
crates/amun-consensus-network/src/evidence_store.rs:106:    pub fn invalid_execution_commitment(v: [u8; 32], h: u64, t: u64, reason: &str) -> Self {
crates/amun-consensus-network/src/evidence_store.rs:49:    pub fn compute_evidence_id(
crates/amun-consensus-network/src/evidence_store.rs:70:        hasher.finalize().into()
crates/amun-consensus-network/src/evidence_store.rs:81:            Self::compute_evidence_id(&validator_id, height, &evidence_type, &payload);
crates/amun-consensus-network/src/evidence_store.rs:98:        computed: &[u8; 32],
crates/amun-consensus-network/src/execution_commitment.rs:102:    /// N109.8: Verify the commitment's signature.
crates/amun-consensus-network/src/execution_commitment.rs:105:    pub fn verify(&self) -> Result<(), String> {
crates/amun-consensus-network/src/execution_commitment.rs:109:        let recomputed = Self::compute_execution_root(
crates/amun-consensus-network/src/execution_commitment.rs:115:        if recomputed != self.execution_root {
crates/amun-consensus-network/src/execution_commitment.rs:120:        let verifying_key = ed25519_dalek::VerifyingKey::from_bytes(&self.validator_id)
crates/amun-consensus-network/src/execution_commitment.rs:124:        verifying_key
crates/amun-consensus-network/src/execution_commitment.rs:125:            .verify(&self.execution_root, &signature)
crates/amun-consensus-network/src/execution_commitment.rs:137:        let pk = sk.verifying_key().to_bytes();
crates/amun-consensus-network/src/execution_commitment.rs:13://   - Replay of commitments across heights
crates/amun-consensus-network/src/execution_commitment.rs:142:    fn n109_8_compute_execution_root_is_deterministic() {
crates/amun-consensus-network/src/execution_commitment.rs:148:        let r1 = ExecutionCommitment::compute_execution_root(&pk, h, &bh, &sr);
crates/amun-consensus-network/src/execution_commitment.rs:149:        let r2 = ExecutionCommitment::compute_execution_root(&pk, h, &bh, &sr);
crates/amun-consensus-network/src/execution_commitment.rs:14://   - Reuse of commitments by different validators
crates/amun-consensus-network/src/execution_commitment.rs:159:        let r1 = ExecutionCommitment::compute_execution_root(&[1u8; 32], h, &bh, &sr);
crates/amun-consensus-network/src/execution_commitment.rs:15://   - Splitting: voting for block A while committing to block B
crates/amun-consensus-network/src/execution_commitment.rs:160:        let r2 = ExecutionCommitment::compute_execution_root(&[2u8; 32], h, &bh, &sr);
crates/amun-consensus-network/src/execution_commitment.rs:170:        let r1 = ExecutionCommitment::compute_execution_root(&pk, 1, &bh, &sr);
crates/amun-consensus-network/src/execution_commitment.rs:171:        let r2 = ExecutionCommitment::compute_execution_root(&pk, 2, &bh, &sr);
crates/amun-consensus-network/src/execution_commitment.rs:176:    fn n109_8_sign_and_verify() {
crates/amun-consensus-network/src/execution_commitment.rs:181:        let mut commit = ExecutionCommitment::new(pk, 5, bh, sr);
crates/amun-consensus-network/src/execution_commitment.rs:182:        commit.sign(&sk);
crates/amun-consensus-network/src/execution_commitment.rs:184:        assert!(commit.verify().is_ok(), "signature must verify");
crates/amun-consensus-network/src/execution_commitment.rs:193:        let mut commit = ExecutionCommitment::new(pk, 3, bh, sr);
crates/amun-consensus-network/src/execution_commitment.rs:194:        commit.sign(&sk);
crates/amun-consensus-network/src/execution_commitment.rs:197:        commit.state_root = [0xFF; 32];
crates/amun-consensus-network/src/execution_commitment.rs:200:            commit.verify().is_err(),
crates/amun-consensus-network/src/execution_commitment.rs:206:    fn n109_8_replayed_commitment_rejected() {
crates/amun-consensus-network/src/execution_commitment.rs:211:        // Create commitment at height 1
crates/amun-consensus-network/src/execution_commitment.rs:212:        let mut commit_h1 = ExecutionCommitment::new(pk, 1, bh, sr);
crates/amun-consensus-network/src/execution_commitment.rs:213:        commit_h1.sign(&sk);
crates/amun-consensus-network/src/execution_commitment.rs:215:        // Try to replay the SAME commitment at height 2 (should fail)
crates/amun-consensus-network/src/execution_commitment.rs:216:        let commit_h2 = ExecutionCommitment::new(pk, 2, bh, sr);
crates/amun-consensus-network/src/execution_commitment.rs:219:            commit_h1.execution_root, commit_h2.execution_root,
crates/amun-consensus-network/src/execution_commitment.rs:220:            "replay across heights must produce different execution_root"
crates/amun-consensus-network/src/execution_commitment.rs:24:/// N109.8: A signed statement that a specific validator executed a specific
crates/amun-consensus-network/src/execution_commitment.rs:28:/// preventing any form of splitting or replay.
crates/amun-consensus-network/src/execution_commitment.rs:31:    /// The validator making this commitment
crates/amun-consensus-network/src/execution_commitment.rs:35:    /// Block height this commitment refers to
crates/amun-consensus-network/src/execution_commitment.rs:38:    /// Hash of the block that was executed
crates/amun-consensus-network/src/execution_commitment.rs:47:    /// Binds all four fields into a single cryptographic commitment.
crates/amun-consensus-network/src/execution_commitment.rs:5://   WHO executed:  validator_id
crates/amun-consensus-network/src/execution_commitment.rs:60:    pub fn compute_execution_root(
crates/amun-consensus-network/src/execution_commitment.rs:72:        hasher.finalize().into()
crates/amun-consensus-network/src/execution_commitment.rs:75:    /// N109.8: Create a new ExecutionCommitment and compute its execution_root.
crates/amun-consensus-network/src/execution_commitment.rs:76:    /// The caller must sign the commitment separately using their Ed25519 key.
crates/amun-consensus-network/src/execution_commitment.rs:84:            Self::compute_execution_root(&validator_id, height, &block_hash, &state_root);
crates/amun-consensus-network/src/execution_commitment.rs:95:    /// N109.8: Sign the commitment with an Ed25519 signing key.
crates/amun-consensus-network/src/execution_receipt.rs:3:// state_root is the SMT root after applying all transactions in the block.
crates/amun-consensus-network/src/finality_gate.rs:12:/// N118.1: Check if a certificate can be executed at the given finalized height.
crates/amun-consensus-network/src/finality_gate.rs:13:pub fn is_certificate_finalized(cert: &MultiSignerCertificate, finalized_height: u64) -> bool {
crates/amun-consensus-network/src/finality_gate.rs:14:    cert.certificate.executed_at_height <= finalized_height
crates/amun-consensus-network/src/finality_gate.rs:17:/// N118.1: Execute a certificate only if it has been finalized.
crates/amun-consensus-network/src/finality_gate.rs:18:/// Returns Err if the certificate's height exceeds the finalized height.
crates/amun-consensus-network/src/finality_gate.rs:19:pub fn execute_if_finalized<F, T>(
crates/amun-consensus-network/src/finality_gate.rs:21:    finalized_height: u64,
crates/amun-consensus-network/src/finality_gate.rs:22:    execute: F,
crates/amun-consensus-network/src/finality_gate.rs:27:    if !is_certificate_finalized(cert, finalized_height) {
crates/amun-consensus-network/src/finality_gate.rs:29:            "N118.1: certificate not finalized (cert_height={}, finalized={})",
crates/amun-consensus-network/src/finality_gate.rs:30:            cert.certificate.executed_at_height, finalized_height
crates/amun-consensus-network/src/finality_gate.rs:33:    execute()
crates/amun-consensus-network/src/finality_gate.rs:3:// Ensures that a MultiSignerCertificate can only be executed
crates/amun-consensus-network/src/finality_gate.rs:4:// after the block containing it has been finalized.
crates/amun-consensus-network/src/finality_gate.rs:67:    fn n118_1_finalized_certificate_accepted() {
crates/amun-consensus-network/src/finality_gate.rs:69:        assert!(is_certificate_finalized(&cert, 100));
crates/amun-consensus-network/src/finality_gate.rs:70:        assert!(is_certificate_finalized(&cert, 150));
crates/amun-consensus-network/src/finality_gate.rs:72:        let result = execute_if_finalized(&cert, 100, || Ok("executed"));
crates/amun-consensus-network/src/finality_gate.rs:73:        assert_eq!(result.unwrap(), "executed");
crates/amun-consensus-network/src/finality_gate.rs:77:    fn n118_1_unfinalized_certificate_rejected() {
crates/amun-consensus-network/src/finality_gate.rs:79:        assert!(!is_certificate_finalized(&cert, 99));
crates/amun-consensus-network/src/finality_gate.rs:7://   certificate.executed_at_height <= finalized_height → ACCEPT
crates/amun-consensus-network/src/finality_gate.rs:81:        let result = execute_if_finalized(&cert, 99, || Ok("executed"));
crates/amun-consensus-network/src/finality_gate.rs:83:        assert!(result.unwrap_err().contains("not finalized"));
crates/amun-consensus-network/src/finality_gate.rs:8://   certificate.executed_at_height > finalized_height  → REJECT
crates/amun-consensus-network/src/finality_gate.rs:90:            is_certificate_finalized(&cert, 100),
crates/amun-consensus-network/src/finality_gate.rs:91:            "height 100 == finalized 100 must be accepted"
crates/amun-consensus-network/src/finality_gate.rs:94:            !is_certificate_finalized(&cert, 99),
crates/amun-consensus-network/src/finality_gate.rs:95:            "height 100 > finalized 99 must be rejected"
crates/amun-consensus-network/src/integrated_slashing.rs:65:    /// This is the main entry point. Every time verify_vote_binding fails,
crates/amun-consensus-network/src/lib.rs:20:pub mod execution_commitment;
crates/amun-consensus-network/src/lib.rs:30:pub mod slashing_certificate_builder;
crates/amun-consensus-network/src/lib.rs:41:    build_missing_evidence_request, process_evidence_response, validate_certificate_evidence,
crates/amun-consensus-network/src/lib.rs:47:pub use execution_commitment::ExecutionCommitment;
crates/amun-consensus-network/src/lib.rs:49:pub use finality_gate::{execute_if_finalized, is_certificate_finalized};
crates/amun-consensus-network/src/lib.rs:60:pub use re_executor::verify_block_execution;
crates/amun-consensus-network/src/lib.rs:63:pub use slashing_certificate_builder::SlashingCertificateBuilder;
crates/amun-consensus-network/src/lib.rs:65:pub use slashing_inclusion_proof::{build_inclusion_proof, SlashingInclusionProof};
crates/amun-consensus-network/src/lib.rs:70:pub use vote_binding::verify_vote_binding;
crates/amun-consensus-network/src/messages.rs:102:        if !self.verify_consistency() {
crates/amun-consensus-network/src/messages.rs:107:        let mut computed_power = 0u64;
crates/amun-consensus-network/src/messages.rs:125:            computed_power += power;
crates/amun-consensus-network/src/messages.rs:134:        if computed_power != self.approval_power {
crates/amun-consensus-network/src/messages.rs:136:                "Approval power mismatch stored={} computed={}",
crates/amun-consensus-network/src/messages.rs:137:                self.approval_power, computed_power
crates/amun-consensus-network/src/messages.rs:141:        if computed_power * 3 <= self.total_voting_power * 2 {
crates/amun-consensus-network/src/messages.rs:147:            computed_power,
crates/amun-consensus-network/src/messages.rs:156:/// A finality certificate issued after a QC is formed.
crates/amun-consensus-network/src/messages.rs:17:    /// N109.8: Cryptographic execution commitment (optional for backward compatibility).
crates/amun-consensus-network/src/messages.rs:183:            commitment: None,
crates/amun-consensus-network/src/messages.rs:20:    pub commitment: Option<ExecutionCommitment>,
crates/amun-consensus-network/src/messages.rs:210:        assert!(proof.verify_standalone().is_ok());
crates/amun-consensus-network/src/messages.rs:231:        assert!(qc.verify_strict(&powers).is_err());
crates/amun-consensus-network/src/messages.rs:257:        assert!(qc.verify_strict(&powers).is_err());
crates/amun-consensus-network/src/messages.rs:270:        assert!(proof.verify_standalone().is_err());
crates/amun-consensus-network/src/messages.rs:283:        assert!(proof.verify_standalone().is_err());
crates/amun-consensus-network/src/messages.rs:296:        assert!(proof.verify_standalone().is_err());
crates/amun-consensus-network/src/messages.rs:311:        assert!(proof.verify_standalone().is_err());
crates/amun-consensus-network/src/messages.rs:324:        assert!(proof.verify_standalone().is_err());
crates/amun-consensus-network/src/messages.rs:343:        assert!(qc.verify());
crates/amun-consensus-network/src/messages.rs:362:        assert!(!qc.verify_quorum());
crates/amun-consensus-network/src/messages.rs:380:        assert!(!qc.verify_consistency());
crates/amun-consensus-network/src/messages.rs:406:        assert!(decoded.verify());
crates/amun-consensus-network/src/messages.rs:457:        let h1 = hasher.finalize();
crates/amun-consensus-network/src/messages.rs:45:    pub fn verify_standalone(&self) -> Result<(), String> {
crates/amun-consensus-network/src/messages.rs:469:        let h2 = hasher2.finalize();
crates/amun-consensus-network/src/messages.rs:494:/// Carries the complete serialized block so every validator can re-execute.
crates/amun-consensus-network/src/messages.rs:534:use crate::execution_commitment::ExecutionCommitment;
crates/amun-consensus-network/src/messages.rs:536:/// N109.8: A vote that carries a full execution commitment.
crates/amun-consensus-network/src/messages.rs:537:/// Every vote is now a signed statement: "I executed block X and got state_root Y".
crates/amun-consensus-network/src/messages.rs:561:    /// N109.8: Cryptographic execution commitment
crates/amun-consensus-network/src/messages.rs:564:    pub commitment: ExecutionCommitment,
crates/amun-consensus-network/src/messages.rs:81:    pub fn verify_quorum(&self) -> bool {
crates/amun-consensus-network/src/messages.rs:85:    pub fn verify_consistency(&self) -> bool {
crates/amun-consensus-network/src/messages.rs:91:    pub fn verify(&self) -> bool {
crates/amun-consensus-network/src/messages.rs:92:        self.verify_quorum() && self.verify_consistency()
crates/amun-consensus-network/src/messages.rs:94:    pub fn verify_strict(&self, validator_powers: &HashMap<[u8; 32], u64>) -> Result<(), String> {
crates/amun-consensus-network/src/messages.rs:96:            if self.verify() {
crates/amun-consensus-network/src/metrics.rs:8:    ///   - The proposer executed incorrectly (bug or byzantine)
crates/amun-consensus-network/src/metrics.rs:9:    ///   - The local validator executed incorrectly (bug or corrupt state)
crates/amun-consensus-network/src/misbehavior.rs:140:            commitment: None,
crates/amun-consensus-network/src/misbehavior.rs:70:        proof.verify_standalone()?;
crates/amun-consensus-network/src/misbehavior_registry.rs:14://   - Registry survives reload by rebuilding from EvidenceStore
crates/amun-consensus-network/src/misbehavior_registry.rs:221:    /// N109.11: Rebuild registry from EvidenceStore (e.g., after restart)
crates/amun-consensus-network/src/misbehavior_registry.rs:222:    pub fn rebuild_from_evidence(
crates/amun-consensus-network/src/misbehavior_registry.rs:362:    fn n109_11_registry_rebuilds_from_evidence_store() {
crates/amun-consensus-network/src/misbehavior_registry.rs:380:            MisbehaviorRegistry::rebuild_from_evidence(MisbehaviorThresholds::default(), &store);
crates/amun-consensus-network/src/multi_signer_certificate.rs:116:        let pk = sk.verifying_key().to_bytes();
crates/amun-consensus-network/src/multi_signer_certificate.rs:158:    fn n116_verify_approvals_counts_correctly() {
crates/amun-consensus-network/src/multi_signer_certificate.rs:165:        let valid = ms.verify_approvals().unwrap();
crates/amun-consensus-network/src/multi_signer_certificate.rs:176:        let valid = ms.verify_approvals().unwrap();
crates/amun-consensus-network/src/multi_signer_certificate.rs:47:    pub fn verify_approvals(&self) -> Result<usize, String> {
crates/amun-consensus-network/src/multi_signer_certificate.rs:58:            let verifying_key = ed25519_dalek::VerifyingKey::from_bytes(public_key)
crates/amun-consensus-network/src/multi_signer_certificate.rs:61:            if verifying_key.verify(&payload, &sig).is_ok() {
crates/amun-consensus-network/src/multi_signer_certificate.rs:70:        let valid = self.verify_approvals()?;
crates/amun-consensus-network/src/network_consensus.rs:111:        // Phase 3: Form QC and finalize
crates/amun-consensus-network/src/network_consensus.rs:126:        // Single validator — should be able to self-finalize
crates/amun-consensus-network/src/network_consensus.rs:146:                commitment: None,
crates/amun-consensus-network/src/network_consensus.rs:70:            commitment: None,
crates/amun-consensus-network/src/network_consensus.rs:7:/// Networked consensus: validators communicate via TCP to propose, vote, and finalize.
crates/amun-consensus-network/src/re_executor.rs:14:    let computed_root =
crates/amun-consensus-network/src/re_executor.rs:17:    if computed_root != proposal.state_root {
crates/amun-consensus-network/src/re_executor.rs:19:            "N109.7 STATE_ROOT_MISMATCH: height={} proposed={} computed={}",
crates/amun-consensus-network/src/re_executor.rs:22:            hex::encode(computed_root),
crates/amun-consensus-network/src/re_executor.rs:27:        state_root: computed_root,
crates/amun-consensus-network/src/re_executor.rs:6:/// N109.7: Re-execute a block and verify the state root.
crates/amun-consensus-network/src/re_executor.rs:7:pub fn verify_block_execution<F>(
crates/amun-consensus-network/src/real_staking_adapter.rs:141:        assert!(result.is_some(), "N110.1b FAIL: slash should execute");
crates/amun-consensus-network/src/slashing_certificate.rs:102:        data.extend_from_slice(&self.executed_at_height.to_le_bytes());
crates/amun-consensus-network/src/slashing_certificate.rs:10:// can independently verify that the slashing was justified.
crates/amun-consensus-network/src/slashing_certificate.rs:112:    pub fn verify_signature(&self) -> Result<(), String> {
crates/amun-consensus-network/src/slashing_certificate.rs:117:        let verifying_key = ed25519_dalek::VerifyingKey::from_bytes(&self.signer_public_key)
crates/amun-consensus-network/src/slashing_certificate.rs:121:        verifying_key
crates/amun-consensus-network/src/slashing_certificate.rs:122:            .verify(&payload, &sig)
crates/amun-consensus-network/src/slashing_certificate.rs:130:        self.signer_public_key = signing_key.verifying_key().to_bytes();
crates/amun-consensus-network/src/slashing_certificate.rs:136:    pub fn compute_hash(&self) -> [u8; 32] {
crates/amun-consensus-network/src/slashing_certificate.rs:147:        hasher.finalize().into()
crates/amun-consensus-network/src/slashing_certificate.rs:164:        executed_at_height: u64,
crates/amun-consensus-network/src/slashing_certificate.rs:192:            executed_at_height,
crates/amun-consensus-network/src/slashing_certificate.rs:199:        cert.certificate_hash = cert.compute_hash();
crates/amun-consensus-network/src/slashing_certificate.rs:204:    pub fn verify(&self) -> Result<(), String> {
crates/amun-consensus-network/src/slashing_certificate.rs:205:        let recomputed = self.compute_hash();
crates/amun-consensus-network/src/slashing_certificate.rs:206:        if recomputed != self.certificate_hash {
crates/amun-consensus-network/src/slashing_certificate.rs:215:        // N114.2: If signed, verify the signature
crates/amun-consensus-network/src/slashing_certificate.rs:217:            self.verify_signature()?;
crates/amun-consensus-network/src/slashing_certificate.rs:22:/// Contains all information needed for any third party to verify:
crates/amun-consensus-network/src/slashing_certificate.rs:253:        assert!(decoded.verify().is_ok());
crates/amun-consensus-network/src/slashing_certificate.rs:284:        assert_eq!(cert1.compute_hash(), cert1.certificate_hash);
crates/amun-consensus-network/src/slashing_certificate.rs:285:        assert_eq!(cert2.compute_hash(), cert2.certificate_hash);
crates/amun-consensus-network/src/slashing_certificate.rs:318:    fn n110_2_verify_rejects_tampered_amount() {
crates/amun-consensus-network/src/slashing_certificate.rs:332:        assert!(cert.verify().is_err());
crates/amun-consensus-network/src/slashing_certificate.rs:66:    /// Height at which slashing was executed
crates/amun-consensus-network/src/slashing_certificate.rs:67:    pub executed_at_height: u64,
crates/amun-consensus-network/src/slashing_certificate_builder.rs:14:    executed_at_height: Option<u64>,
crates/amun-consensus-network/src/slashing_certificate_builder.rs:29:            executed_at_height: None,
crates/amun-consensus-network/src/slashing_certificate_builder.rs:69:    pub fn executed_at_height(mut self, v: u64) -> Self {
crates/amun-consensus-network/src/slashing_certificate_builder.rs:70:        self.executed_at_height = Some(v);
crates/amun-consensus-network/src/slashing_certificate_builder.rs:74:    pub fn build(self) -> SlashingCertificate {
crates/amun-consensus-network/src/slashing_certificate_builder.rs:85:            self.executed_at_height.unwrap(),
crates/amun-consensus-network/src/slashing_fraud_proof.rs:122:            proof.verify().is_ok(),
crates/amun-consensus-network/src/slashing_fraud_proof.rs:123:            "N121.3 FAIL: valid fraud proof must verify"
crates/amun-consensus-network/src/slashing_fraud_proof.rs:136:            proof.verify().is_err(),
crates/amun-consensus-network/src/slashing_fraud_proof.rs:154:            proof.verify().is_err(),
crates/amun-consensus-network/src/slashing_fraud_proof.rs:155:            "N121.3 FAIL: tampered slash history must invalidate proof"
crates/amun-consensus-network/src/slashing_fraud_proof.rs:170:            proof.verify().is_err(),
crates/amun-consensus-network/src/slashing_fraud_proof.rs:187:        assert!(decoded.verify().is_ok());
crates/amun-consensus-network/src/slashing_fraud_proof.rs:24:    /// The correctly computed slashing_root
crates/amun-consensus-network/src/slashing_fraud_proof.rs:28:    /// The executed slashes that produce the expected_root
crates/amun-consensus-network/src/slashing_fraud_proof.rs:4:// match the locally computed root. These proofs can be gossiped
crates/amun-consensus-network/src/slashing_fraud_proof.rs:53:        proof.proof_id = proof.compute_proof_id();
crates/amun-consensus-network/src/slashing_fraud_proof.rs:58:    fn compute_proof_id(&self) -> [u8; 32] {
crates/amun-consensus-network/src/slashing_fraud_proof.rs:5:// so other validators can independently verify the mismatch.
crates/amun-consensus-network/src/slashing_fraud_proof.rs:65:        hasher.finalize().into()
crates/amun-consensus-network/src/slashing_fraud_proof.rs:70:    pub fn verify(&self) -> Result<(), String> {
crates/amun-consensus-network/src/slashing_fraud_proof.rs:72:        let recomputed_id = self.compute_proof_id();
crates/amun-consensus-network/src/slashing_fraud_proof.rs:73:        if recomputed_id != self.proof_id {
crates/amun-consensus-network/src/slashing_fraud_proof.rs:77:        // Recompute the expected root from the provided history
crates/amun-consensus-network/src/slashing_fraud_proof.rs:78:        let recomputed_root = merkle_root(&self.slash_history);
crates/amun-consensus-network/src/slashing_fraud_proof.rs:79:        if recomputed_root != self.expected_root {
crates/amun-consensus-network/src/slashing_fraud_proof.rs:93:        self.claimed_root != self.expected_root && self.verify().is_ok()
crates/amun-consensus-network/src/slashing_inclusion_proof.rs:10:/// N121.4: A Merkle inclusion proof for an executed slash.
crates/amun-consensus-network/src/slashing_inclusion_proof.rs:142:            next_level.push(hasher.finalize().into());
crates/amun-consensus-network/src/slashing_inclusion_proof.rs:179:        let proof = build_inclusion_proof(&slashes, 0).unwrap();
crates/amun-consensus-network/src/slashing_inclusion_proof.rs:181:            proof.verify().is_ok(),
crates/amun-consensus-network/src/slashing_inclusion_proof.rs:182:            "N121.4 FAIL: single element proof must verify"
crates/amun-consensus-network/src/slashing_inclusion_proof.rs:193:        let proof = build_inclusion_proof(&slashes, 2).unwrap();
crates/amun-consensus-network/src/slashing_inclusion_proof.rs:195:            proof.verify().is_ok(),
crates/amun-consensus-network/src/slashing_inclusion_proof.rs:196:            "N121.4 FAIL: inclusion proof for index 2 must verify"
crates/amun-consensus-network/src/slashing_inclusion_proof.rs:204:        let mut proof = build_inclusion_proof(&slashes, 1).unwrap();
crates/amun-consensus-network/src/slashing_inclusion_proof.rs:210:            proof.verify().is_err(),
crates/amun-consensus-network/src/slashing_inclusion_proof.rs:218:        assert!(build_inclusion_proof(&slashes, 5).is_err());
crates/amun-consensus-network/src/slashing_inclusion_proof.rs:223:        assert!(build_inclusion_proof(&[], 0).is_err());
crates/amun-consensus-network/src/slashing_inclusion_proof.rs:232:            let proof = build_inclusion_proof(&slashes, i).unwrap();
crates/amun-consensus-network/src/slashing_inclusion_proof.rs:239:                proof.verify().is_ok(),
crates/amun-consensus-network/src/slashing_inclusion_proof.rs:240:                "N121.4 FAIL: proof must verify at index {}",
crates/amun-consensus-network/src/slashing_inclusion_proof.rs:3:// Enables light clients and validators to verify that a specific
crates/amun-consensus-network/src/slashing_inclusion_proof.rs:40:        hasher.finalize().into()
crates/amun-consensus-network/src/slashing_inclusion_proof.rs:44:    pub fn verify(&self) -> Result<(), String> {
crates/amun-consensus-network/src/slashing_inclusion_proof.rs:76:            current = hasher.finalize().into();
crates/amun-consensus-network/src/slashing_inclusion_proof.rs:94:pub fn build_inclusion_proof(
crates/amun-consensus-network/src/slashing_inclusion_proof.rs:99:        return Err("N121.4: cannot build proof for empty ledger".into());
crates/amun-consensus-network/src/slashing_ledger.rs:100:    /// N119.5: Get all executed slashes for a validator.
crates/amun-consensus-network/src/slashing_ledger.rs:157:    fn n119_2_replay_rejected() {
crates/amun-consensus-network/src/slashing_ledger.rs:163:        let r1 = ledger.execute(&cert, || Ok("executed"));
crates/amun-consensus-network/src/slashing_ledger.rs:165:        assert!(ledger.is_executed(&id));
crates/amun-consensus-network/src/slashing_ledger.rs:167:        // Second execution: rejected (replay protection)
crates/amun-consensus-network/src/slashing_ledger.rs:168:        let r2 = ledger.execute(&cert, || Ok("executed again"));
crates/amun-consensus-network/src/slashing_ledger.rs:169:        assert!(r2.is_err(), "N119.2 FAIL: replay must be rejected");
crates/amun-consensus-network/src/slashing_ledger.rs:170:        assert!(r2.unwrap_err().contains("already executed"));
crates/amun-consensus-network/src/slashing_ledger.rs:171:        assert_eq!(ledger.executed_count(), 1);
crates/amun-consensus-network/src/slashing_ledger.rs:179:        ledger.execute(&cert, || Ok(())).unwrap();
crates/amun-consensus-network/src/slashing_ledger.rs:180:        assert_eq!(ledger.executed_count(), 1);
crates/amun-consensus-network/src/slashing_ledger.rs:18:    hasher.update(&cert.executed_at_height.to_le_bytes());
crates/amun-consensus-network/src/slashing_ledger.rs:204:        ledger.execute(&cert, || Ok(100u64)).unwrap();
crates/amun-consensus-network/src/slashing_ledger.rs:207:        let r2 = ledger.execute(&cert, || Ok(200u64));
crates/amun-consensus-network/src/slashing_ledger.rs:210:            ledger.executed_count(),
crates/amun-consensus-network/src/slashing_ledger.rs:238:        ledger.execute(&cert1, || Ok(())).unwrap();
crates/amun-consensus-network/src/slashing_ledger.rs:239:        ledger.execute(&cert2, || Ok(())).unwrap();
crates/amun-consensus-network/src/slashing_ledger.rs:25:    hasher.finalize().into()
crates/amun-consensus-network/src/slashing_ledger.rs:28:/// N119.5: Record of an executed slash for auditability.
crates/amun-consensus-network/src/slashing_ledger.rs:3:// Prevents the same SlashingCertificate from being executed
crates/amun-consensus-network/src/slashing_ledger.rs:40:/// N119.1: Persistent ledger preventing replay of slashing certificates.
crates/amun-consensus-network/src/slashing_ledger.rs:43:    executed_ids: HashSet<[u8; 32]>,
crates/amun-consensus-network/src/slashing_ledger.rs:44:    /// N119.5: Audit trail of all executed slashes.
crates/amun-consensus-network/src/slashing_ledger.rs:51:            executed_ids: HashSet::new(),
crates/amun-consensus-network/src/slashing_ledger.rs:56:    /// N119.1: Check if a certificate has already been executed.
crates/amun-consensus-network/src/slashing_ledger.rs:57:    pub fn is_executed(&self, id: &[u8; 32]) -> bool {
crates/amun-consensus-network/src/slashing_ledger.rs:58:        self.executed_ids.contains(id)
crates/amun-consensus-network/src/slashing_ledger.rs:62:    /// Returns Err if the certificate was already executed (replay protection).
crates/amun-consensus-network/src/slashing_ledger.rs:63:    pub fn execute<F, T>(&mut self, cert: &SlashingCertificate, execute_fn: F) -> Result<T, String>
crates/amun-consensus-network/src/slashing_ledger.rs:70:        if self.executed_ids.contains(&id) {
crates/amun-consensus-network/src/slashing_ledger.rs:72:                "N119: certificate already executed: {:02x?}",
crates/amun-consensus-network/src/slashing_ledger.rs:78:        let result = execute_fn()?;
crates/amun-consensus-network/src/slashing_ledger.rs:81:        self.executed_ids.insert(id);
crates/amun-consensus-network/src/slashing_ledger.rs:88:            height: cert.executed_at_height,
crates/amun-consensus-network/src/slashing_ledger.rs:95:    /// N119.1: Get the number of executed slashes.
crates/amun-consensus-network/src/slashing_ledger.rs:96:    pub fn executed_count(&self) -> usize {
crates/amun-consensus-network/src/slashing_ledger.rs:97:        self.executed_ids.len()
crates/amun-consensus-network/src/slashing_merkle.rs:10:/// N120.1: Leaf hash for a single executed slash.
crates/amun-consensus-network/src/slashing_merkle.rs:19:    hasher.finalize().into()
crates/amun-consensus-network/src/slashing_merkle.rs:22:/// N120.1: Compute the Merkle root from a slice of executed slashes.
crates/amun-consensus-network/src/slashing_merkle.rs:3:// Computes a Merkle root from the SlashingLedger's executed certificates,
crates/amun-consensus-network/src/slashing_merkle.rs:43:            next.push(hasher.finalize().into());
crates/amun-consensus-network/src/slashing_merkle.rs:4:// enabling the root to be committed in block headers for consensus
crates/amun-consensus-network/src/slashing_state.rs:107:        state.execute(&cert, || Ok(())).unwrap();
crates/amun-consensus-network/src/slashing_state.rs:117:        assert!(state.verify_consistency().is_ok());
crates/amun-consensus-network/src/slashing_state.rs:118:        assert_eq!(state.executed_count(), 1);
crates/amun-consensus-network/src/slashing_state.rs:11:/// Wraps the deterministic ledger and exposes a root for consensus commitment.
crates/amun-consensus-network/src/slashing_state.rs:138:        state.execute(&cert1, || Ok(())).unwrap();
crates/amun-consensus-network/src/slashing_state.rs:140:        assert_eq!(state.executed_count(), 1);
crates/amun-consensus-network/src/slashing_state.rs:142:        state.execute(&cert2, || Ok(())).unwrap();
crates/amun-consensus-network/src/slashing_state.rs:144:        assert_eq!(state.executed_count(), 2);
crates/amun-consensus-network/src/slashing_state.rs:150:        assert!(state.verify_consistency().is_ok());
crates/amun-consensus-network/src/slashing_state.rs:154:    fn n121_1_replay_protection_preserved() {
crates/amun-consensus-network/src/slashing_state.rs:158:        state.execute(&cert, || Ok(())).unwrap();
crates/amun-consensus-network/src/slashing_state.rs:162:        let result = state.execute(&cert, || Ok(()));
crates/amun-consensus-network/src/slashing_state.rs:163:        assert!(result.is_err(), "N121.1 FAIL: replay must be rejected");
crates/amun-consensus-network/src/slashing_state.rs:164:        assert!(result.unwrap_err().contains("already executed"));
crates/amun-consensus-network/src/slashing_state.rs:169:            "N121.1 FAIL: root must not change on replay"
crates/amun-consensus-network/src/slashing_state.rs:171:        assert_eq!(state.executed_count(), 1);
crates/amun-consensus-network/src/slashing_state.rs:27:    pub fn execute<F, T>(
crates/amun-consensus-network/src/slashing_state.rs:30:        execute_fn: F,
crates/amun-consensus-network/src/slashing_state.rs:35:        let result = self.ledger.execute(cert, execute_fn)?;
crates/amun-consensus-network/src/slashing_state.rs:42:    pub fn verify_consistency(&self) -> Result<(), String> {
crates/amun-consensus-network/src/slashing_state.rs:43:        let recomputed = merkle_root(&self.ledger.history);
crates/amun-consensus-network/src/slashing_state.rs:44:        if recomputed != self.root {
crates/amun-consensus-network/src/slashing_state.rs:50:    /// Get the number of executed slashes.
crates/amun-consensus-network/src/slashing_state.rs:51:    pub fn executed_count(&self) -> usize {
crates/amun-consensus-network/src/slashing_state.rs:52:        self.ledger.executed_count()
crates/amun-consensus-network/src/slashing_state.rs:5:// This root is committed alongside state_root and history_root.
crates/amun-consensus-network/src/slashing_state.rs:97:        assert_eq!(state.executed_count(), 0);
crates/amun-consensus-network/src/slashing_state.rs:98:        assert!(state.verify_consistency().is_ok());
crates/amun-consensus-network/src/staking_adapter.rs:102:        cert.verify_signature()
crates/amun-consensus-network/src/staking_adapter.rs:107:            Some(ValidatorAction::Slash) => Ok(Some(self.execute_slash(validator_id))),
crates/amun-consensus-network/src/staking_adapter.rs:113:    fn execute_slash(&mut self, validator_id: &[u8; 32]) -> SlashResult {
crates/amun-consensus-network/src/staking_adapter.rs:238:            "N110.1 FAIL: should execute slash when threshold crossed"
crates/amun-consensus-network/src/staking_adapter.rs:374:        // Validator 1: commit offenses
crates/amun-consensus-network/src/staking_adapter.rs:433:    /// N115: Signed certificate executes slash successfully
crates/amun-consensus-network/src/staking_adapter.rs:435:    fn n115_signed_certificate_executes_slash() {
crates/amun-consensus-network/src/staking_adapter.rs:471:            "N115 FAIL: Slash must execute with signed certificate"
crates/amun-consensus-network/src/staking_adapter.rs:517:    fn n118_2a_unfinalized_certificate_rejected() {
crates/amun-consensus-network/src/staking_adapter.rs:53:    /// N110.1: Check if a validator is slashable and execute the slash.
crates/amun-consensus-network/src/staking_adapter.rs:543:        cert.add_approval(k.verifying_key().to_bytes(), &k).unwrap();
crates/amun-consensus-network/src/staking_adapter.rs:545:        let r = adapter.execute_after_finality(&vid, &cert, 99);
crates/amun-consensus-network/src/staking_adapter.rs:547:            r.is_err() && r.unwrap_err().contains("not finalized"),
crates/amun-consensus-network/src/staking_adapter.rs:553:    fn n118_2b_finalized_certificate_executes() {
crates/amun-consensus-network/src/staking_adapter.rs:55:    /// Returns SlashResult if slashing was executed, None if validator
crates/amun-consensus-network/src/staking_adapter.rs:583:            cert.add_approval(ak.verifying_key().to_bytes(), &ak)
crates/amun-consensus-network/src/staking_adapter.rs:586:        let r = adapter.execute_after_finality(&vid, &cert, 100);
crates/amun-consensus-network/src/staking_adapter.rs:60:            Some(ValidatorAction::Slash) => Some(self.execute_slash(validator_id)),
crates/amun-consensus-network/src/staking_adapter.rs:67:    pub fn execute_after_finality(
crates/amun-consensus-network/src/staking_adapter.rs:71:        finalized_height: u64,
crates/amun-consensus-network/src/staking_adapter.rs:73:        if !crate::finality_gate::is_certificate_finalized(cert, finalized_height) {
crates/amun-consensus-network/src/staking_adapter.rs:74:            return Err("N118.2: certificate not finalized".to_string());
crates/amun-consensus-network/src/staking_adapter.rs:80:            .verify_signature()
crates/amun-consensus-network/src/staking_adapter.rs:86:            Some(ValidatorAction::Slash) => Ok(Some(self.execute_slash(validator_id))),
crates/amun-consensus-network/src/validation.rs:27:        let computed = blake3::hash(&self.block_bytes);
crates/amun-consensus-network/src/validation.rs:28:        if computed.as_bytes() != &self.block_hash {
crates/amun-consensus-network/src/validation.rs:30:                "HASH_INTEGRITY: stated={} computed={}",
crates/amun-consensus-network/src/validation.rs:32:                hex::encode(computed.as_bytes())
crates/amun-consensus-network/src/validation.rs:5:    pub fn validate_basic(
crates/amun-consensus-network/src/validator_identity.rs:101:        if !identity.verify_binding() {
crates/amun-consensus-network/src/validator_identity.rs:169:        assert!(id.verify_binding());
crates/amun-consensus-network/src/validator_identity.rs:176:        assert!(!id.verify_binding());
crates/amun-consensus-network/src/validator_identity.rs:212:    fn n113_1_binding_must_verify_before_registration() {
crates/amun-consensus-network/src/validator_identity.rs:274:        assert!(decoded.verify_binding());
crates/amun-consensus-network/src/validator_identity.rs:48:        let binding = Self::compute_binding(&validator_id, public_key);
crates/amun-consensus-network/src/validator_identity.rs:59:    pub fn compute_binding(validator_id: &[u8; 32], public_key: &PublicKey) -> [u8; 32] {
crates/amun-consensus-network/src/validator_identity.rs:64:        hasher.finalize().into()
crates/amun-consensus-network/src/validator_identity.rs:68:    pub fn verify_binding(&self) -> bool {
crates/amun-consensus-network/src/validator_identity.rs:69:        let recomputed = Self::compute_binding(&self.validator_id, &self.to_public_key());
crates/amun-consensus-network/src/validator_identity.rs:70:        recomputed == self.identity_binding
crates/amun-consensus-network/src/validator_identity.rs:76:        let binding = Self::compute_binding(&validator_id, &pk);
crates/amun-consensus-network/src/vote_binding.rs:108:            commitment: Some(make_signed_commitment(
crates/amun-consensus-network/src/vote_binding.rs:10:/// If the vote has NO commitment (legacy vote), the check passes
crates/amun-consensus-network/src/vote_binding.rs:123:            commitment: None, // Legacy vote — no commitment
crates/amun-consensus-network/src/vote_binding.rs:132:    fn n109_9_valid_vote_with_commitment_passes() {
crates/amun-consensus-network/src/vote_binding.rs:134:        let vote = make_vote_with_commitment(&sk, pk, 5, [0xAA; 32], [0xBB; 32]);
crates/amun-consensus-network/src/vote_binding.rs:135:        assert!(verify_vote_binding(&vote).is_ok());
crates/amun-consensus-network/src/vote_binding.rs:13:/// If the vote HAS a commitment, all four binding checks are enforced:
crates/amun-consensus-network/src/vote_binding.rs:141:        let mut vote = make_vote_with_commitment(&sk, pk, 5, [0xAA; 32], [0xBB; 32]);
crates/amun-consensus-network/src/vote_binding.rs:143:        let err = verify_vote_binding(&vote).unwrap_err();
crates/amun-consensus-network/src/vote_binding.rs:14:///   1. vote.height     == commitment.height
crates/amun-consensus-network/src/vote_binding.rs:150:        let mut vote = make_vote_with_commitment(&sk, pk, 5, [0xAA; 32], [0xBB; 32]);
crates/amun-consensus-network/src/vote_binding.rs:152:        let err = verify_vote_binding(&vote).unwrap_err();
crates/amun-consensus-network/src/vote_binding.rs:159:        let mut vote = make_vote_with_commitment(&sk, pk, 5, [0xAA; 32], [0xBB; 32]);
crates/amun-consensus-network/src/vote_binding.rs:15:///   2. vote.block_hash == commitment.block_hash
crates/amun-consensus-network/src/vote_binding.rs:160:        vote.commitment.as_mut().unwrap().execution_root = [0xDE; 32];
crates/amun-consensus-network/src/vote_binding.rs:161:        let err = verify_vote_binding(&vote).unwrap_err();
crates/amun-consensus-network/src/vote_binding.rs:166:    fn n109_9_unsigned_commitment_rejected() {
crates/amun-consensus-network/src/vote_binding.rs:168:        let mut vote = make_vote_with_commitment(&sk, pk, 5, [0xAA; 32], [0xBB; 32]);
crates/amun-consensus-network/src/vote_binding.rs:169:        vote.commitment.as_mut().unwrap().signature = [0u8; 64];
crates/amun-consensus-network/src/vote_binding.rs:16:///   3. execution_root is recomputed and verified
crates/amun-consensus-network/src/vote_binding.rs:170:        let err = verify_vote_binding(&vote).unwrap_err();
crates/amun-consensus-network/src/vote_binding.rs:178:        let mut vote = make_vote_with_commitment(&sk1, pk1, 5, [0xAA; 32], [0xBB; 32]);
crates/amun-consensus-network/src/vote_binding.rs:17:///   4. commitment signature is valid
crates/amun-consensus-network/src/vote_binding.rs:180:        vote.commitment.as_mut().unwrap().validator_id = pk2;
crates/amun-consensus-network/src/vote_binding.rs:181:        // execution_root is still computed for pk1, but validator_id claims pk2
crates/amun-consensus-network/src/vote_binding.rs:183:        let err = verify_vote_binding(&vote).unwrap_err();
crates/amun-consensus-network/src/vote_binding.rs:18:pub fn verify_vote_binding(vote: &ConsensusVote) -> Result<(), String> {
crates/amun-consensus-network/src/vote_binding.rs:196:    fn n109_9_legacy_vote_without_commitment_passes() {
crates/amun-consensus-network/src/vote_binding.rs:19:    // N109.9: If no commitment present, allow (backward compat)
crates/amun-consensus-network/src/vote_binding.rs:200:            verify_vote_binding(&vote).is_ok(),
crates/amun-consensus-network/src/vote_binding.rs:201:            "Legacy votes without commitment must be accepted for backward compatibility"
crates/amun-consensus-network/src/vote_binding.rs:207:        // Simulate: 3 votes total, 2 with commitment, 1 legacy — all pass
crates/amun-consensus-network/src/vote_binding.rs:20:    let c = match &vote.commitment {
crates/amun-consensus-network/src/vote_binding.rs:212:        let v1 = make_vote_with_commitment(&sk1, pk1, 10, [0xCC; 32], [0xDD; 32]);
crates/amun-consensus-network/src/vote_binding.rs:213:        let v2 = make_vote_with_commitment(&sk2, pk2, 10, [0xCC; 32], [0xDD; 32]);
crates/amun-consensus-network/src/vote_binding.rs:217:            verify_vote_binding(&v1).is_ok(),
crates/amun-consensus-network/src/vote_binding.rs:218:            "vote with commitment must pass"
crates/amun-consensus-network/src/vote_binding.rs:21:        Some(commitment) => commitment,
crates/amun-consensus-network/src/vote_binding.rs:221:            verify_vote_binding(&v2).is_ok(),
crates/amun-consensus-network/src/vote_binding.rs:222:            "vote with commitment must pass"
crates/amun-consensus-network/src/vote_binding.rs:225:            verify_vote_binding(&v3).is_ok(),
crates/amun-consensus-network/src/vote_binding.rs:23:            // Legacy vote — no commitment to verify
crates/amun-consensus-network/src/vote_binding.rs:32:            "N109.9 HEIGHT_MISMATCH: vote.height={} commitment.height={}",
crates/amun-consensus-network/src/vote_binding.rs:40:            "N109.9 BLOCK_MISMATCH: vote.block_hash={:?} commitment.block_hash={:?}",
crates/amun-consensus-network/src/vote_binding.rs:47:    let recomputed = ExecutionCommitment::compute_execution_root(
crates/amun-consensus-network/src/vote_binding.rs:4:use crate::execution_commitment::ExecutionCommitment;
crates/amun-consensus-network/src/vote_binding.rs:53:    if recomputed != c.execution_root {
crates/amun-consensus-network/src/vote_binding.rs:55:            "N109.9 EXEC_ROOT_MISMATCH: stated={:?} recomputed={:?}",
crates/amun-consensus-network/src/vote_binding.rs:57:            &recomputed[..4]
crates/amun-consensus-network/src/vote_binding.rs:62:    c.verify()
crates/amun-consensus-network/src/vote_binding.rs:71:    use crate::execution_commitment::ExecutionCommitment;
crates/amun-consensus-network/src/vote_binding.rs:77:        let pk = sk.verifying_key().to_bytes();
crates/amun-consensus-network/src/vote_binding.rs:81:    fn make_signed_commitment(
crates/amun-consensus-network/src/vote_binding.rs:88:        let mut commit = ExecutionCommitment::new(pk, height, block_hash, state_root);
crates/amun-consensus-network/src/vote_binding.rs:89:        commit.sign(sk);
crates/amun-consensus-network/src/vote_binding.rs:90:        commit
crates/amun-consensus-network/src/vote_binding.rs:93:    fn make_vote_with_commitment(
crates/amun-consensus-network/tests/n109_8_execution_commitment.rs:107:fn n109_8_commitment_roundtrip() {
crates/amun-consensus-network/tests/n109_8_execution_commitment.rs:108:    let commit = make_commitment([1u8; 32], 42, [2u8; 32], [3u8; 32]);
crates/amun-consensus-network/tests/n109_8_execution_commitment.rs:110:    let encoded = postcard::to_stdvec(&commit).expect("N109.8: serialize");
crates/amun-consensus-network/tests/n109_8_execution_commitment.rs:113:    assert_eq!(decoded.validator_id, commit.validator_id);
crates/amun-consensus-network/tests/n109_8_execution_commitment.rs:114:    assert_eq!(decoded.height, commit.height);
crates/amun-consensus-network/tests/n109_8_execution_commitment.rs:115:    assert_eq!(decoded.block_hash, commit.block_hash);
crates/amun-consensus-network/tests/n109_8_execution_commitment.rs:116:    assert_eq!(decoded.state_root, commit.state_root);
crates/amun-consensus-network/tests/n109_8_execution_commitment.rs:117:    assert_eq!(decoded.execution_root, commit.execution_root);
crates/amun-consensus-network/tests/n109_8_execution_commitment.rs:11://   7. GATEKEEPER: vote fields match commitment fields
crates/amun-consensus-network/tests/n109_8_execution_commitment.rs:121:// TEST 2: Same execution → same commitment (determinism)
crates/amun-consensus-network/tests/n109_8_execution_commitment.rs:124:fn n109_8_same_execution_same_commitment() {
crates/amun-consensus-network/tests/n109_8_execution_commitment.rs:125:    let c1 = make_commitment([1u8; 32], 5, [0xAA; 32], [0xBB; 32]);
crates/amun-consensus-network/tests/n109_8_execution_commitment.rs:126:    let c2 = make_commitment([1u8; 32], 5, [0xAA; 32], [0xBB; 32]);
crates/amun-consensus-network/tests/n109_8_execution_commitment.rs:137:// TEST 3: Different execution → different commitment
crates/amun-consensus-network/tests/n109_8_execution_commitment.rs:140:fn n109_8_different_execution_different_commitment() {
crates/amun-consensus-network/tests/n109_8_execution_commitment.rs:141:    let c1 = make_commitment([1u8; 32], 5, [0xAA; 32], [0xBB; 32]);
crates/amun-consensus-network/tests/n109_8_execution_commitment.rs:142:    let c2 = make_commitment([1u8; 32], 5, [0xAA; 32], [0xCC; 32]); // Different state_root
crates/amun-consensus-network/tests/n109_8_execution_commitment.rs:152:// TEST 4: Tampered commitment detected
crates/amun-consensus-network/tests/n109_8_execution_commitment.rs:155:fn n109_8_tampered_commitment_rejected() {
crates/amun-consensus-network/tests/n109_8_execution_commitment.rs:156:    let mut commit = make_commitment([9u8; 32], 3, [0x11; 32], [0x22; 32]);
crates/amun-consensus-network/tests/n109_8_execution_commitment.rs:159:    commit.state_root = [0xFF; 32];
crates/amun-consensus-network/tests/n109_8_execution_commitment.rs:161:    // Recompute — should not match the old execution_root
crates/amun-consensus-network/tests/n109_8_execution_commitment.rs:162:    let recomputed = compute_execution_root(
crates/amun-consensus-network/tests/n109_8_execution_commitment.rs:163:        &commit.validator_id,
crates/amun-consensus-network/tests/n109_8_execution_commitment.rs:164:        commit.height,
crates/amun-consensus-network/tests/n109_8_execution_commitment.rs:165:        &commit.block_hash,
crates/amun-consensus-network/tests/n109_8_execution_commitment.rs:166:        &commit.state_root,
crates/amun-consensus-network/tests/n109_8_execution_commitment.rs:169:        recomputed, commit.execution_root,
crates/amun-consensus-network/tests/n109_8_execution_commitment.rs:180:    let commit = make_commitment(pk, 7, [0xDE; 32], [0xAD; 32]);
crates/amun-consensus-network/tests/n109_8_execution_commitment.rs:183:    // Any third party can recompute it and verify the signature covers it.
crates/amun-consensus-network/tests/n109_8_execution_commitment.rs:184:    let recomputed =
crates/amun-consensus-network/tests/n109_8_execution_commitment.rs:185:        compute_execution_root(&pk, commit.height, &commit.block_hash, &commit.state_root);
crates/amun-consensus-network/tests/n109_8_execution_commitment.rs:187:        recomputed, commit.execution_root,
crates/amun-consensus-network/tests/n109_8_execution_commitment.rs:191:    // The commitment carries the validator's identity
crates/amun-consensus-network/tests/n109_8_execution_commitment.rs:193:        commit.validator_id, pk,
crates/amun-consensus-network/tests/n109_8_execution_commitment.rs:194:        "N109.8 FAIL: commitment must identify the validator"
crates/amun-consensus-network/tests/n109_8_execution_commitment.rs:199:// TEST 6: Different validator → different commitment even with same data
crates/amun-consensus-network/tests/n109_8_execution_commitment.rs:202:fn n109_8_different_validator_different_commitment() {
crates/amun-consensus-network/tests/n109_8_execution_commitment.rs:206:    let c1 = make_commitment([1u8; 32], 1, bh, sr);
crates/amun-consensus-network/tests/n109_8_execution_commitment.rs:207:    let c2 = make_commitment([2u8; 32], 1, bh, sr);
crates/amun-consensus-network/tests/n109_8_execution_commitment.rs:216:// TEST 7: GATEKEEPER — vote fields match commitment fields
crates/amun-consensus-network/tests/n109_8_execution_commitment.rs:222:// The vote and its commitment must refer to the exact same execution.
crates/amun-consensus-network/tests/n109_8_execution_commitment.rs:224:fn n109_8_vote_commitment_matches_vote_target() {
crates/amun-consensus-network/tests/n109_8_execution_commitment.rs:232:    // GATEKEEPER CHECK 1: vote.height == commitment.height
crates/amun-consensus-network/tests/n109_8_execution_commitment.rs:234:        vote.height, vote.commitment.height,
crates/amun-consensus-network/tests/n109_8_execution_commitment.rs:235:        "N109.8 GATEKEEPER FAIL: vote.height ({}) != commitment.height ({})",
crates/amun-consensus-network/tests/n109_8_execution_commitment.rs:236:        vote.height, vote.commitment.height
crates/amun-consensus-network/tests/n109_8_execution_commitment.rs:239:    // GATEKEEPER CHECK 2: vote.block_hash == commitment.block_hash
crates/amun-consensus-network/tests/n109_8_execution_commitment.rs:241:        vote.block_hash, vote.commitment.block_hash,
crates/amun-consensus-network/tests/n109_8_execution_commitment.rs:242:        "N109.8 GATEKEEPER FAIL: vote.block_hash != commitment.block_hash"
crates/amun-consensus-network/tests/n109_8_execution_commitment.rs:245:    // GATEKEEPER CHECK 3: vote.state_root == commitment.state_root
crates/amun-consensus-network/tests/n109_8_execution_commitment.rs:247:        vote.state_root, vote.commitment.state_root,
crates/amun-consensus-network/tests/n109_8_execution_commitment.rs:248:        "N109.8 GATEKEEPER FAIL: vote.state_root != commitment.state_root"
crates/amun-consensus-network/tests/n109_8_execution_commitment.rs:251:    // GATEKEEPER CHECK 4: vote.voter_id == commitment.validator_id
crates/amun-consensus-network/tests/n109_8_execution_commitment.rs:253:        vote.voter_id, vote.commitment.validator_id,
crates/amun-consensus-network/tests/n109_8_execution_commitment.rs:254:        "N109.8 GATEKEEPER FAIL: vote.voter_id != commitment.validator_id"
crates/amun-consensus-network/tests/n109_8_execution_commitment.rs:258:    let recomputed = compute_execution_root(&voter, height, &block_hash, &state_root);
crates/amun-consensus-network/tests/n109_8_execution_commitment.rs:260:        vote.commitment.execution_root, recomputed,
crates/amun-consensus-network/tests/n109_8_execution_commitment.rs:266:// TEST 8: Vote with mismatched commitment is detectable
crates/amun-consensus-network/tests/n109_8_execution_commitment.rs:269:fn n109_8_mismatched_vote_commitment_detected() {
crates/amun-consensus-network/tests/n109_8_execution_commitment.rs:275:    // Replace commitment with one for block B (attack attempt)
crates/amun-consensus-network/tests/n109_8_execution_commitment.rs:276:    vote.commitment = make_commitment(voter, 3, [0xFF; 32], [0xEE; 32]);
crates/amun-consensus-network/tests/n109_8_execution_commitment.rs:279:    let mismatch = vote.block_hash != vote.commitment.block_hash
crates/amun-consensus-network/tests/n109_8_execution_commitment.rs:280:        || vote.state_root != vote.commitment.state_root
crates/amun-consensus-network/tests/n109_8_execution_commitment.rs:281:        || vote.height != vote.commitment.height
crates/amun-consensus-network/tests/n109_8_execution_commitment.rs:282:        || vote.voter_id != vote.commitment.validator_id;
crates/amun-consensus-network/tests/n109_8_execution_commitment.rs:286:        "N109.8 FAIL: vote with mismatched commitment must be detectable"
crates/amun-consensus-network/tests/n109_8_execution_commitment.rs:290:        vote.block_hash, vote.commitment.block_hash,
crates/amun-consensus-network/tests/n109_8_execution_commitment.rs:296:// TEST 9: Vote roundtrip with commitment
crates/amun-consensus-network/tests/n109_8_execution_commitment.rs:299:fn n109_8_vote_with_commitment_roundtrip() {
crates/amun-consensus-network/tests/n109_8_execution_commitment.rs:310:        decoded.commitment.execution_root,
crates/amun-consensus-network/tests/n109_8_execution_commitment.rs:311:        vote.commitment.execution_root
crates/amun-consensus-network/tests/n109_8_execution_commitment.rs:314:        decoded.commitment.validator_id,
crates/amun-consensus-network/tests/n109_8_execution_commitment.rs:315:        vote.commitment.validator_id
crates/amun-consensus-network/tests/n109_8_execution_commitment.rs:46:    commitment: ExecutionCommitment,
crates/amun-consensus-network/tests/n109_8_execution_commitment.rs:50:// Helper: compute execution_root = blake3(validator_id || height || block_hash || state_root)
crates/amun-consensus-network/tests/n109_8_execution_commitment.rs:52:fn compute_execution_root(
crates/amun-consensus-network/tests/n109_8_execution_commitment.rs:64:    hasher.finalize().into()
crates/amun-consensus-network/tests/n109_8_execution_commitment.rs:67:// Helper: create a commitment with computed execution_root
crates/amun-consensus-network/tests/n109_8_execution_commitment.rs:68:fn make_commitment(
crates/amun-consensus-network/tests/n109_8_execution_commitment.rs:6://   2. Sign → verify cycle
crates/amun-consensus-network/tests/n109_8_execution_commitment.rs:74:    let execution_root = compute_execution_root(&validator_id, height, &block_hash, &state_root);
crates/amun-consensus-network/tests/n109_8_execution_commitment.rs:7://   3. Same execution → same commitment
crates/amun-consensus-network/tests/n109_8_execution_commitment.rs:85:// Helper: create a vote with commitment
crates/amun-consensus-network/tests/n109_8_execution_commitment.rs:8://   4. Different execution → different commitment
crates/amun-consensus-network/tests/n109_8_execution_commitment.rs:99:        commitment: make_commitment(voter_id, height, block_hash, state_root),
crates/amun-consensus-network/tests/n109_8_execution_commitment.rs:9://   5. Tampered commitment rejected
crates/amun-consensus-network/tests/n109_block_propagation.rs:100:            hex::encode(computed),
crates/amun-consensus-network/tests/n109_block_propagation.rs:129:    let computed: [u8; 32] = blake3::hash(&proposal.block_bytes).into();
crates/amun-consensus-network/tests/n109_block_propagation.rs:131:        proposal.block_hash, computed,
crates/amun-consensus-network/tests/n109_block_propagation.rs:257:fn n109_validate_basic_accepts_valid_proposal() {
crates/amun-consensus-network/tests/n109_block_propagation.rs:260:    let result = validate_basic_testable(&p, 0, &parent, 1050);
crates/amun-consensus-network/tests/n109_block_propagation.rs:272:fn n109_validate_basic_rejects_wrong_height() {
crates/amun-consensus-network/tests/n109_block_propagation.rs:275:    let result = validate_basic_testable(&p, 0, &parent, 5000);
crates/amun-consensus-network/tests/n109_block_propagation.rs:287:fn n109_validate_basic_rejects_parent_mismatch() {
crates/amun-consensus-network/tests/n109_block_propagation.rs:289:    let result = validate_basic_testable(&p, 0, &[0xBB; 32], 1000);
crates/amun-consensus-network/tests/n109_block_propagation.rs:304:fn n109_validate_basic_rejects_hash_mismatch() {
crates/amun-consensus-network/tests/n109_block_propagation.rs:307:    let result = validate_basic_testable(&p, 0, &[0u8; 32], 1000);
crates/amun-consensus-network/tests/n109_block_propagation.rs:56:    let block_bytes = hasher.finalize().as_bytes().to_vec();
crates/amun-consensus-network/tests/n109_block_propagation.rs:61:    let state_root: [u8; 32] = state_hasher.finalize().into();
crates/amun-consensus-network/tests/n109_block_propagation.rs:6:// Tests N109.1 through N109.6 before building N109.7.
crates/amun-consensus-network/tests/n109_block_propagation.rs:73:fn validate_basic_testable(
crates/amun-consensus-network/tests/n109_block_propagation.rs:95:    let computed: [u8; 32] = blake3::hash(&p.block_bytes).into();
crates/amun-consensus-network/tests/n109_block_propagation.rs:96:    if computed != p.block_hash {
crates/amun-consensus-network/tests/n109_block_propagation.rs:98:            "HASH_INTEGRITY: stated={} computed={}",
crates/amun-consensus-network/tests/n109_deterministic_execution.rs:103:        state_root: honest_root, // Proposer computed correctly
crates/amun-consensus-network/tests/n109_deterministic_execution.rs:108:    let result = verify_block_execution(&proposal, |bytes| simulate_executor(bytes, 42));
crates/amun-consensus-network/tests/n109_deterministic_execution.rs:119:// TEST: Validator C re-executes and MISMATCHES → vote rejected
crates/amun-consensus-network/tests/n109_deterministic_execution.rs:137:    let result = verify_block_execution(&proposal, |bytes| simulate_executor(bytes, 99));
crates/amun-consensus-network/tests/n109_deterministic_execution.rs:181:        let result = verify_block_execution(&proposal, |bytes| simulate_executor(bytes, seed));
crates/amun-consensus-network/tests/n109_deterministic_execution.rs:248:    let result = verify_block_execution(&proposal, |bytes| simulate_executor(bytes, 1));
crates/amun-consensus-network/tests/n109_deterministic_execution.rs:277:    let result = verify_block_execution(&proposal, |_bytes| {
crates/amun-consensus-network/tests/n109_deterministic_execution.rs:294:// TEST: Cache retention — proposal stays until finalized
crates/amun-consensus-network/tests/n109_deterministic_execution.rs:297:fn n109_7c_proposal_retained_until_finalized() {
crates/amun-consensus-network/tests/n109_deterministic_execution.rs:313:    // N109.7: Re-execute using cached proposal
crates/amun-consensus-network/tests/n109_deterministic_execution.rs:317:    let result = verify_block_execution(cached, |bytes| simulate_executor(bytes, 1));
crates/amun-consensus-network/tests/n109_deterministic_execution.rs:51:fn verify_block_execution<F>(
crates/amun-consensus-network/tests/n109_deterministic_execution.rs:58:    let computed_root =
crates/amun-consensus-network/tests/n109_deterministic_execution.rs:61:    if computed_root != proposal.state_root {
crates/amun-consensus-network/tests/n109_deterministic_execution.rs:63:            "N109.7 STATE_ROOT_MISMATCH: height={} proposed={} computed={}",
crates/amun-consensus-network/tests/n109_deterministic_execution.rs:66:            hex::encode(computed_root),
crates/amun-consensus-network/tests/n109_deterministic_execution.rs:71:        state_root: computed_root,
crates/amun-consensus-network/tests/n109_deterministic_execution.rs:86:    Ok(hasher.finalize().into())
crates/amun-consensus-network/tests/n109_deterministic_execution.rs:90:// TEST: Validator B re-executes and matches → vote accepted
crates/amun-consensus-network/tests/n111_7_end_to_end_evidence_sync.rs:106:    // Node B tries to validate — evidence is missing
crates/amun-consensus-network/tests/n111_7_end_to_end_evidence_sync.rs:107:    let result_b = validate_certificate_evidence(&cert, &store_b);
crates/amun-consensus-network/tests/n111_7_end_to_end_evidence_sync.rs:121:    let request = build_missing_evidence_request([0xBB; 32], missing_ids);
crates/amun-consensus-network/tests/n111_7_end_to_end_evidence_sync.rs:12:    build_missing_evidence_request, process_evidence_response, validate_certificate_evidence,
crates/amun-consensus-network/tests/n111_7_end_to_end_evidence_sync.rs:151:    // Phase 5: Node B re-validates — all evidence now present
crates/amun-consensus-network/tests/n111_7_end_to_end_evidence_sync.rs:153:    let result_b_after = validate_certificate_evidence(&cert, &store_b);
crates/amun-consensus-network/tests/n111_7_end_to_end_evidence_sync.rs:192:    let result = validate_certificate_evidence(&cert, &store_b);
crates/amun-consensus-network/tests/n111_7_end_to_end_evidence_sync.rs:203:    let result_after = validate_certificate_evidence(&cert, &store_b);
crates/amun-consensus-network/tests/n111_7_end_to_end_evidence_sync.rs:92:    // Node A validates locally — all evidence present
crates/amun-consensus-network/tests/n111_7_end_to_end_evidence_sync.rs:93:    let result_a = validate_certificate_evidence(&cert, &store_a);
crates/amun-consensus-network/tests/n112_4_push_sync_end_to_end.rs:103:    let result_before = validate_certificate_evidence(&cert, &store_b);
crates/amun-consensus-network/tests/n112_4_push_sync_end_to_end.rs:11:    process_incoming_evidence_push, validate_certificate_evidence, EvidenceCount, EvidenceGossip,
crates/amun-consensus-network/tests/n112_4_push_sync_end_to_end.rs:128:    // Phase 4: Node B validates the certificate — ACCEPTED without pull
crates/amun-consensus-network/tests/n112_4_push_sync_end_to_end.rs:130:    let result_after = validate_certificate_evidence(&cert, &store_b);
crates/amun-consensus-network/tests/n112_4_push_sync_end_to_end.rs:177:// N112.4: Certificate validated immediately after push (no pull cycle)
crates/amun-consensus-network/tests/n112_4_push_sync_end_to_end.rs:205:    let result = validate_certificate_evidence(&cert, &store_b);
crates/amun-consensus-network/tests/n114_3_certificate_signatures.rs:119:    assert!(cert1.verify_signature().is_ok());
crates/amun-consensus-network/tests/n114_3_certificate_signatures.rs:120:    assert!(cert2.verify_signature().is_ok());
crates/amun-consensus-network/tests/n114_3_certificate_signatures.rs:138:        decoded.verify_signature().is_ok(),
crates/amun-consensus-network/tests/n114_3_certificate_signatures.rs:139:        "N114.3 FAIL: Roundtripped certificate must verify"
crates/amun-consensus-network/tests/n114_3_certificate_signatures.rs:38:        signing_key.verifying_key().to_bytes()
crates/amun-consensus-network/tests/n114_3_certificate_signatures.rs:42:        cert.verify_signature().is_ok(),
crates/amun-consensus-network/tests/n114_3_certificate_signatures.rs:43:        "N114.3 FAIL: Signed certificate must verify"
crates/amun-consensus-network/tests/n114_3_certificate_signatures.rs:59:        cert.verify_signature().is_err(),
crates/amun-consensus-network/tests/n114_3_certificate_signatures.rs:77:        cert.verify_signature().is_err(),
crates/amun-consensus-network/tests/n114_3_certificate_signatures.rs:95:        cert.verify_signature().is_err(),
crates/amun-consensus-network/tests/n121_2_deterministic_replay.rs:100:    assert!(state.verify_consistency().is_ok());
crates/amun-consensus-network/tests/n121_2_deterministic_replay.rs:103:/// N121.2: Single event replay is deterministic
crates/amun-consensus-network/tests/n121_2_deterministic_replay.rs:105:fn n121_2_single_event_replay_deterministic() {
crates/amun-consensus-network/tests/n121_2_deterministic_replay.rs:109:    state1.execute(&cert, || Ok(())).unwrap();
crates/amun-consensus-network/tests/n121_2_deterministic_replay.rs:112:    state2.execute(&cert, || Ok(())).unwrap();
crates/amun-consensus-network/tests/n121_2_deterministic_replay.rs:116:        "N121.2 FAIL: single event replay must be deterministic"
crates/amun-consensus-network/tests/n121_2_deterministic_replay.rs:125:    state.execute(&cert, || Ok(())).unwrap();
crates/amun-consensus-network/tests/n121_2_deterministic_replay.rs:131:        state.verify_consistency().is_err(),
crates/amun-consensus-network/tests/n121_2_deterministic_replay.rs:29:/// N121.2 Gatekeeper: Three nodes replay the same events → same root
crates/amun-consensus-network/tests/n121_2_deterministic_replay.rs:31:fn n121_2_three_nodes_same_replay_same_root() {
crates/amun-consensus-network/tests/n121_2_deterministic_replay.rs:3:// Verifies that replaying the same sequence of slashing certificates
crates/amun-consensus-network/tests/n121_2_deterministic_replay.rs:41:        state_a.execute(cert, || Ok(())).unwrap();
crates/amun-consensus-network/tests/n121_2_deterministic_replay.rs:47:        state_b.execute(cert, || Ok(())).unwrap();
crates/amun-consensus-network/tests/n121_2_deterministic_replay.rs:53:        state_c.execute(cert, || Ok(())).unwrap();
crates/amun-consensus-network/tests/n121_2_deterministic_replay.rs:64:    assert_eq!(state_a.executed_count(), 3);
crates/amun-consensus-network/tests/n121_2_deterministic_replay.rs:65:    assert_eq!(state_b.executed_count(), 3);
crates/amun-consensus-network/tests/n121_2_deterministic_replay.rs:66:    assert_eq!(state_c.executed_count(), 3);
crates/amun-consensus-network/tests/n121_2_deterministic_replay.rs:77:    state_a.execute(&cert1, || Ok(())).unwrap();
crates/amun-consensus-network/tests/n121_2_deterministic_replay.rs:78:    state_a.execute(&cert2, || Ok(())).unwrap();
crates/amun-consensus-network/tests/n121_2_deterministic_replay.rs:82:    state_b.execute(&cert2, || Ok(())).unwrap();
crates/amun-consensus-network/tests/n121_2_deterministic_replay.rs:83:    state_b.execute(&cert1, || Ok(())).unwrap();
crates/amun-consensus-network/tests/n121_2_deterministic_replay.rs:94:fn n121_2_replay_empty_produces_zero_root() {
crates/amun-consensus-network/tests/n121_5_snapshot_and_audit.rs:132:    assert_eq!(state.executed_count(), 0);
crates/amun-consensus-network/tests/n121_5_snapshot_and_audit.rs:135:        .execute(&make_cert([0x42; 32], 100, 15000), || Ok(()))
crates/amun-consensus-network/tests/n121_5_snapshot_and_audit.rs:137:    assert_eq!(state.executed_count(), 1);
crates/amun-consensus-network/tests/n121_5_snapshot_and_audit.rs:140:        .execute(&make_cert([0x99; 32], 200, 5000), || Ok(()))
crates/amun-consensus-network/tests/n121_5_snapshot_and_audit.rs:142:    assert_eq!(state.executed_count(), 2);
crates/amun-consensus-network/tests/n121_5_snapshot_and_audit.rs:150:    assert_eq!(state.executed_count(), 0);
crates/amun-consensus-network/tests/n121_5_snapshot_and_audit.rs:35:        .execute(&make_cert([0x42; 32], 100, 15000), || Ok(()))
crates/amun-consensus-network/tests/n121_5_snapshot_and_audit.rs:38:        .execute(&make_cert([0x99; 32], 200, 5000), || Ok(()))
crates/amun-consensus-network/tests/n121_5_snapshot_and_audit.rs:46:        state.verify_consistency().is_ok(),
crates/amun-consensus-network/tests/n121_5_snapshot_and_audit.rs:58:    // Simulate: build state, snapshot it, rebuild from scratch
crates/amun-consensus-network/tests/n121_5_snapshot_and_audit.rs:68:        original.execute(cert, || Ok(())).unwrap();
crates/amun-consensus-network/tests/n121_5_snapshot_and_audit.rs:72:    // Rebuild from the same certificates (simulating restore from snapshot)
crates/amun-consensus-network/tests/n121_5_snapshot_and_audit.rs:75:        restored.execute(cert, || Ok(())).unwrap();
crates/amun-consensus-network/tests/n121_5_snapshot_and_audit.rs:82:    assert!(restored.verify_consistency().is_ok());
crates/amun-consensus-network/tests/n121_5_snapshot_and_audit.rs:91:        .execute(&make_cert([0x42; 32], 100, 15000), || Ok(()))
crates/amun-consensus-network/tests/n121_5_snapshot_and_audit.rs:94:        .execute(&make_cert([0x99; 32], 200, 5000), || Ok(()))
crates/amun-consensus-network/tests/n121_5_snapshot_and_audit.rs:97:        .execute(&make_cert([0x42; 32], 300, 10000), || Ok(()))
crates/amun-consensus-proof/src/safety.rs:10:        finalized_b: bool,
crates/amun-consensus-proof/src/safety.rs:18:        if finalized_a && finalized_b {
crates/amun-consensus-proof/src/safety.rs:9:        finalized_a: bool,
crates/amun-consensus-reactor/src/event.rs:18:    /// A quorum of precommits was achieved
crates/amun-consensus-reactor/src/event.rs:19:    PrecommitQuorum {
crates/amun-consensus-reactor/src/event.rs:28:    /// An epoch transition should occur
crates/amun-consensus-reactor/src/reactor.rs:13:    pub finalized_height: u64,
crates/amun-consensus-reactor/src/reactor.rs:24:            finalized_height: 0,
crates/amun-consensus-reactor/src/reactor.rs:52:                ReactorEvent::PrecommitQuorum { .. } => {
crates/amun-consensus-reactor/src/reactor.rs:53:                    self.pacemaker.round_state.precommit_quorum = true;
crates/amun-consensus-reactor/src/reactor.rs:72:        let _batch = self.scheduler.execute_batch(10);
crates/amun-consensus-signatures/src/domain.rs:30:        h.finalize().as_bytes().to_vec()
crates/amun-consensus-signatures/src/domain.rs:3:/// Domain-separated signing contexts to prevent cross-message replay.
crates/amun-consensus/amun_consensus/src/block/mod.rs:101:        hasher.finalize().into()
crates/amun-consensus/amun_consensus/src/block/mod.rs:128:        hasher.finalize().into()
crates/amun-consensus/amun_consensus/src/block/mod.rs:75:        hasher.finalize().into()
crates/amun-consensus/src/action.rs:100:            amun_constitutional_commitments::SparseMerkleTree::new(b"AMUN_EVIDENCE_DOMAIN");
crates/amun-consensus/src/action.rs:113:            amun_constitutional_commitments::SparseMerkleTree::new(b"AMUN_EVIDENCE_DOMAIN");
crates/amun-consensus/src/action.rs:137:    pub fn verify(&self) -> bool {
crates/amun-consensus/src/action.rs:138:        let tree = amun_constitutional_commitments::SparseMerkleTree::new(b"AMUN_EVIDENCE_DOMAIN");
crates/amun-consensus/src/action.rs:139:        tree.verify(&self.evidence_root, &self.proof)
crates/amun-consensus/src/action.rs:26:    pub fn compute_hash(&self) -> [u8; 32] {
crates/amun-consensus/src/action.rs:2:use amun_constitutional_commitments::smt::MerkleProof;
crates/amun-consensus/src/action.rs:70:        record.hash = record.compute_hash();
crates/amun-consensus/src/action.rs:81:    pub fn verify(&self) -> bool {
crates/amun-consensus/src/action.rs:8:    BroadcastPrecommit(Vote),
crates/amun-consensus/src/action.rs:91:            if self.records[i].hash != self.records[i].compute_hash() {
crates/amun-consensus/src/pacemaker.rs:20:    pub fn apply(&self, value: u64) -> Option<u64> {
crates/amun-consensus/src/pacemaker.rs:32:    pub base_precommit_timeout_ms: u64,
crates/amun-consensus/src/pacemaker.rs:42:            base_precommit_timeout_ms: 1000,
crates/amun-consensus/src/pacemaker.rs:64:            ConsensusStep::Precommit => self.config.base_precommit_timeout_ms,
crates/amun-consensus/src/pacemaker.rs:71:            value = self.config.timeout_multiplier.apply(value)?;
crates/amun-consensus/src/round_state_machine.rs:104:                    self.emit(ConsensusAction::BroadcastPrecommit(Vote {
crates/amun-consensus/src/round_state_machine.rs:109:                        vote_type: VoteType::Precommit,
crates/amun-consensus/src/round_state_machine.rs:113:                ConsensusStep::Precommit => {
crates/amun-consensus/src/round_state_machine.rs:115:                    self.pending_commit_qc = qc.clone();
crates/amun-consensus/src/round_state_machine.rs:126:    pub fn finalize_commit(&mut self) -> Result<QuorumCertificate, &'static str> {
crates/amun-consensus/src/round_state_machine.rs:127:        let qc = self.pending_commit_qc.take().ok_or("no pending commit")?;
crates/amun-consensus/src/round_state_machine.rs:128:        self.last_committed_height = self.state.height;
crates/amun-consensus/src/round_state_machine.rs:129:        // N126.1: Constitutional state transition verification
crates/amun-consensus/src/round_state_machine.rs:130:        // State transition is verified through the proof engine which checks:
crates/amun-consensus/src/round_state_machine.rs:132:        //   - ReplayDeterminism (replay root == original root)
crates/amun-consensus/src/round_state_machine.rs:143:                true, // replay_deterministic
crates/amun-consensus/src/round_state_machine.rs:145:                true, // state_transition_valid (verified by N126)
crates/amun-consensus/src/round_state_machine.rs:157:        self.state.commit()?;
crates/amun-consensus/src/round_state_machine.rs:159:        self.committed_qc = Some(qc.clone());
crates/amun-consensus/src/round_state_machine.rs:15:    pub pending_commit_qc: Option<QuorumCertificate>,
crates/amun-consensus/src/round_state_machine.rs:16:    pub last_committed_height: u64,
crates/amun-consensus/src/round_state_machine.rs:177:    pub fn is_committed(&self) -> bool {
crates/amun-consensus/src/round_state_machine.rs:178:        self.pending_commit_qc.is_some() && self.state.step == ConsensusStep::Commit
crates/amun-consensus/src/round_state_machine.rs:17:    pub committed_qc: Option<QuorumCertificate>,
crates/amun-consensus/src/round_state_machine.rs:29:            pending_commit_qc: None,
crates/amun-consensus/src/round_state_machine.rs:30:            last_committed_height: height.saturating_sub(1),
crates/amun-consensus/src/round_state_machine.rs:34:            committed_qc: None,
crates/amun-consensus/src/round_state_machine.rs:90:            ConsensusStep::Precommit => VoteType::Precommit,
crates/amun-consensus/src/state.rs:44:            ConsensusStep::Prevote => ConsensusStep::Precommit,
crates/amun-consensus/src/state.rs:45:            ConsensusStep::Precommit => ConsensusStep::Commit,
crates/amun-consensus/src/state.rs:51:    pub fn commit(&mut self) -> Result<(), &'static str> {
crates/amun-consensus/src/state.rs:7:    Precommit,
crates/amun-consensus/src/types.rs:28:    Precommit,
crates/amun-consensus/src/validator.rs:16:    /// Must be rebuilt after deserialization via rebuild_index().
crates/amun-consensus/src/validator.rs:39:    /// Rebuild the internal power index from the validators list.
crates/amun-consensus/src/validator.rs:41:    pub fn rebuild_index(&mut self) {
crates/amun-constitution-builder/src/certificate.rs:39:            "replay semantics".into(),
crates/amun-constitution-builder/src/digest.rs:18:        *hasher.finalize().as_bytes()
crates/amun-constitution-builder/src/federation.rs:23:    pub replay_boundary: String,
crates/amun-constitution-builder/src/federation.rs:63:            replay_boundary: "Treaty-scoped".into(),
crates/amun-constitution-builder/src/federation.rs:89:        lines.push(format!("Replay Boundary: {}", self.replay_boundary));
crates/amun-constitution-builder/src/hashing.rs:17:pub fn compute_specification_hash(root: &Path) -> Result<String, String> {
crates/amun-constitution-builder/src/hashing.rs:18:    let hashes = compute_all_hashes(root)?;
crates/amun-constitution-builder/src/hashing.rs:23:pub fn compute_all_hashes(root: &Path) -> Result<SpecificationHashes, String> {
crates/amun-constitution-builder/src/hashing.rs:27:    let semantic_hash = compute_hash_for_extensions(root, &semantic_exts)?;
crates/amun-constitution-builder/src/hashing.rs:28:    let documentary_hash = compute_hash_for_extensions(root, &documentary_exts)?;
crates/amun-constitution-builder/src/hashing.rs:32:    let combined_hash = compute_hash_for_extensions(root, &all_exts)?;
crates/amun-constitution-builder/src/hashing.rs:41:fn compute_hash_for_extensions(root: &Path, extensions: &[&str]) -> Result<String, String> {
crates/amun-constitution-builder/src/hashing.rs:55:    Ok(hasher.finalize().to_hex().to_string())
crates/amun-constitution-builder/src/lib.rs:15:pub mod verify;
crates/amun-constitution-builder/src/lib.rs:22:pub use hashing::{compute_all_hashes, compute_specification_hash, SpecificationHashes};
crates/amun-constitution-builder/src/lib.rs:27:pub use verify::VerificationEngine;
crates/amun-constitution-builder/src/treaty.rs:18:    pub replay_boundaries: Vec<String>,
crates/amun-constitution-builder/src/treaty.rs:38:            replay_boundaries: vec!["Treaty-scoped".into()],
crates/amun-constitution-builder/src/treaty.rs:65:        for b in &self.replay_boundaries {
crates/amun-constitution-builder/src/verify.rs:11:    pub fn verify_replay<T: CanonicalSerialize + PartialEq>(
crates/amun-constitution-builder/tests/determinism_tests.rs:12:    VerificationEngine::verify_replay(&m1, &m2).expect("Manifests must be identical");
crates/amun-constitution-builder/tests/determinism_tests.rs:1:use amun_constitution_builder::*;
crates/amun-constitution-builder/tests/determinism_tests.rs:40:    VerificationEngine::verify_replay(&f1, &f2).expect("Federation artifacts must be identical");
crates/amun-constitution-builder/tests/determinism_tests.rs:58:    VerificationEngine::verify_replay(&t1, &t2).expect("Treaties must be identical");
crates/amun-constitution-core/src/lib.rs:9:pub use phase::is_legal_phase_transition;
crates/amun-constitution-core/src/ordering.rs:16:pub fn validate_ordering(ids: &[u64]) -> Result<(), &'static str> {
crates/amun-constitution-core/src/phase.rs:14:            ConstitutionalPhase::Precommit => 2,
crates/amun-constitution-core/src/phase.rs:19:/// Check if a phase transition is legal.
crates/amun-constitution-core/src/phase.rs:20:pub fn is_legal_phase_transition(from: ConstitutionalPhase, to: ConstitutionalPhase) -> bool {
crates/amun-constitution-core/src/phase.rs:24:            | (ConstitutionalPhase::Prevote, ConstitutionalPhase::Precommit)
crates/amun-constitution-core/src/phase.rs:25:            | (ConstitutionalPhase::Precommit, ConstitutionalPhase::Propose)
crates/amun-constitution-core/src/phase.rs:6:    Precommit,
crates/amun-constitution/src/canonical_form.rs:17:    pub transition_algebra_version: u16,
crates/amun-constitution/src/canonical_form.rs:24:    pub fn compute_hash(&self) -> Hash<ConstitutionDomain> {
crates/amun-constitution/src/canonical_form.rs:34:        hasher.update(&self.transition_algebra_version.to_le_bytes());
crates/amun-constitution/src/canonical_form.rs:37:        Hash::new(hasher.finalize().into())
crates/amun-constitution/src/canonical_form.rs:48:    transition_algebra_version: 1,
crates/amun-constitution/src/capacity.rs:25:    pub fn verify_compatible(&self, other: &Self) -> Result<(), &'static str> {
crates/amun-constitution/src/execution_semantics.rs:51:    fn execute_transaction(&self, ctx: &ExecutionContext, tx: &Transaction) -> ExecutionResult;
crates/amun-constitution/src/execution_semantics.rs:53:    fn execute_block(
crates/amun-constitution/src/fork_choice.rs:8:    pub finalized_block: BlockHash,
crates/amun-constitution/src/freeze_map.rs:38:    pub requires_replay_preservation: bool,
crates/amun-constitution/src/freeze_map.rs:53:                requires_replay_preservation: true,
crates/amun-constitution/src/freeze_map.rs:55:                description: "Tree depth - changing this breaks all proofs, replays, and snapshots",
crates/amun-constitution/src/freeze_map.rs:62:                requires_replay_preservation: true,
crates/amun-constitution/src/freeze_map.rs:71:                requires_replay_preservation: true,
crates/amun-constitution/src/freeze_map.rs:80:                requires_replay_preservation: true,
crates/amun-constitution/src/freeze_map.rs:89:                requires_replay_preservation: false,
crates/amun-constitution/src/freeze_map.rs:8:    /// Amendment requires constitutional supermajority + replay proof
crates/amun-constitution/src/freeze_map.rs:98:                requires_replay_preservation: false,
crates/amun-constitution/src/freeze_validator.rs:17:    pub preserves_replay: bool,
crates/amun-constitution/src/freeze_validator.rs:28:    pub fn validate_change(
crates/amun-constitution/src/freeze_validator.rs:48:        if boundary.requires_replay_preservation && !context.preserves_replay {
crates/amun-constitution/src/freeze_validator.rs:61:            if !proof.verify() {
crates/amun-constitution/src/freeze_validator.rs:67:        } else if boundary.requires_replay_preservation || boundary.requires_snapshot_compatibility
crates/amun-constitution/src/hash_domains.rs:19:        amun_kernel_types::PublicHash32::new(hasher.finalize().into())
crates/amun-constitution/src/liveness.rs:16:            precommit_timeout_rounds: 3,
crates/amun-constitution/src/liveness.rs:17:            commit_timeout_rounds: 3,
crates/amun-constitution/src/liveness.rs:42:    pub fn verify(&self, params: &LogicalLivenessParameters) -> Result<(), &'static str> {
crates/amun-constitution/src/liveness.rs:6:    pub precommit_timeout_rounds: u32,
crates/amun-constitution/src/liveness.rs:7:    pub commit_timeout_rounds: u32,
crates/amun-constitution/src/operational_semantics.rs:25:pub fn execute_semantics(_initial: Configuration) -> Configuration {
crates/amun-constitution/src/quorum_transition.rs:19:    pub fn verify_safety(&self) -> Result<(), &'static str> {
crates/amun-constitution/src/quorum_transition.rs:1:// Quorum transition safety theorem parameters.
crates/amun-constitution/src/quorum_transition.rs:26:            Err("Insufficient quorum overlap for safe transition")
crates/amun-constitution/src/stake_quorum.rs:51:    pub fn verify_weighted_transition(&self, new_set: &Self) -> Result<(), &'static str> {
crates/amun-constitution/src/stake_quorum.rs:59:            Err("Insufficient stake overlap for safe transition")
crates/amun-constitution/src/synchrony.rs:23:    pub fn verify(&self) -> Result<(), &'static str> {
crates/amun-constitution/src/tests.rs:10:    assert!(c1.verify_compatible(&c2).is_ok());
crates/amun-constitution/src/tests.rs:14:fn test_quorum_transition_safe() {
crates/amun-constitution/src/tests.rs:20:    assert!(params.verify_safety().is_ok());
crates/amun-constitution/src/tests.rs:24:fn test_quorum_transition_unsafe() {
crates/amun-constitution/src/tests.rs:30:    assert!(params.verify_safety().is_err());
crates/amun-constitution/src/tests.rs:4:use crate::quorum_transition::*;
crates/amun-constitutional-authority-semantics/src/capability.rs:11:    pub subject_verifying_key_hex: String,
crates/amun-constitutional-authority-semantics/src/capability.rs:1:use amun_constitution_builder::canonical_bytes::CanonicalSerialize;
crates/amun-constitutional-authority-semantics/src/capability.rs:2:use amun_constitution_builder::digest::ArtifactDigest;
crates/amun-constitutional-authority-semantics/src/capability.rs:37:            subject_verifying_key_hex: subject_key,
crates/amun-constitutional-authority-semantics/src/capability.rs:42:        let id = tmp.compute_id();
crates/amun-constitutional-authority-semantics/src/capability.rs:52:    fn compute_id(&self) -> String {
crates/amun-constitutional-authority-semantics/src/capability.rs:56:        hex::encode(h.finalize().as_bytes())
crates/amun-constitutional-authority-semantics/src/delegation.rs:18:        if witness.signature.verifying_key_hex != prev.artifact.subject_verifying_key_hex {
crates/amun-constitutional-authority-semantics/src/delegation.rs:30:    pub fn verify(&self) -> Result<(), String> {
crates/amun-constitutional-authority-semantics/src/delegation.rs:32:            w.verify()?;
crates/amun-constitutional-authority-semantics/src/delegation.rs:37:            if curr.signature.verifying_key_hex != prev.artifact.subject_verifying_key_hex {
crates/amun-constitutional-authority-semantics/tests/authority_tests.rs:36:        delegate1.verifying_key_hex(),
crates/amun-constitutional-authority-semantics/tests/authority_tests.rs:46:        delegate2.verifying_key_hex(),
crates/amun-constitutional-authority-semantics/tests/authority_tests.rs:55:    assert!(chain.verify().is_ok());
crates/amun-constitutional-authority-semantics/tests/authority_tests.rs:67:        delegate1.verifying_key_hex(),
crates/amun-constitutional-authority-semantics/tests/authority_tests.rs:77:        delegate1.verifying_key_hex(),
crates/amun-constitutional-authority/src/certificate.rs:102:            issuer: String::new(),
crates/amun-constitutional-authority/src/certificate.rs:104:            subject_verifying_key_hex: String::new(),
crates/amun-constitutional-authority/src/certificate.rs:10:/// `issuer`, and `subject`).  This guarantees that the certificate
crates/amun-constitutional-authority/src/certificate.rs:114:    fn compute_id(&self) -> String {
crates/amun-constitutional-authority/src/certificate.rs:119:        hex::encode(hasher.finalize().as_bytes())
crates/amun-constitutional-authority/src/certificate.rs:124:    /// This deliberately omits `certificate_id`, `issuer`, and `subject`
crates/amun-constitutional-authority/src/certificate.rs:130:        c.issuer = String::new();
crates/amun-constitutional-authority/src/certificate.rs:18:    pub issuer: String,         // certificate_id of the issuer
crates/amun-constitutional-authority/src/certificate.rs:20:    pub subject_verifying_key_hex: String,
crates/amun-constitutional-authority/src/certificate.rs:37:        *hasher.finalize().as_bytes()
crates/amun-constitutional-authority/src/certificate.rs:55:        tmp.subject_verifying_key_hex = subject_public_key_hex;
crates/amun-constitutional-authority/src/certificate.rs:5:use amun_constitution_builder::{canonical_bytes::CanonicalSerialize, digest::ArtifactDigest};
crates/amun-constitutional-authority/src/certificate.rs:61:        let id = tmp.compute_id();
crates/amun-constitutional-authority/src/certificate.rs:63:        tmp.issuer = id.clone();
crates/amun-constitutional-authority/src/certificate.rs:68:    /// Create a child certificate issued by a parent.
crates/amun-constitutional-authority/src/certificate.rs:70:        issuer_id: String, // parent certificate_id
crates/amun-constitutional-authority/src/certificate.rs:72:        lineage_parent: String, // same as issuer_id
crates/amun-constitutional-authority/src/certificate.rs:79:        tmp.issuer = issuer_id;
crates/amun-constitutional-authority/src/certificate.rs:80:        tmp.subject_verifying_key_hex = subject_public_key_hex;
crates/amun-constitutional-authority/src/certificate.rs:87:        let id = tmp.compute_id();
crates/amun-constitutional-authority/src/chain.rs:34:    /// Look up the public verifying key for a given certificate id.
crates/amun-constitutional-authority/src/chain.rs:39:            .map(|s| s.signature.verifying_key_hex.clone())
crates/amun-constitutional-authority/src/chain.rs:43:    /// - every certificate is signed by its issuer's key
crates/amun-constitutional-authority/src/chain.rs:47:    pub fn validate(&self, revocation: &RevocationRegistry) -> Result<(), String> {
crates/amun-constitutional-authority/src/chain.rs:59:                if cert.issuer != cert.subject {
crates/amun-constitutional-authority/src/chain.rs:63:                    .verify()
crates/amun-constitutional-authority/src/chain.rs:66:                let issuer_key = self.resolve_key(&cert.issuer).ok_or_else(|| {
crates/amun-constitutional-authority/src/chain.rs:67:                    format!("Issuer certificate {} not found in chain", cert.issuer)
crates/amun-constitutional-authority/src/chain.rs:69:                if signed.signature.verifying_key_hex != issuer_key {
crates/amun-constitutional-authority/src/chain.rs:71:                        "Certificate {} not signed by issuer {}",
crates/amun-constitutional-authority/src/chain.rs:72:                        cert.certificate_id, cert.issuer
crates/amun-constitutional-authority/src/chain.rs:76:                    .verify()
crates/amun-constitutional-authority/src/lib.rs:10://! via a domain-separated BLAKE3 digest computed over a stable
crates/amun-constitutional-authority/src/lib.rs:7://! This crate provides the primitives for building replay-safe,
crates/amun-constitutional-authority/src/revocation.rs:11:/// guaranteeing replay stability.
crates/amun-constitutional-authority/src/rotation.rs:17:    pub fn validate_rotation(
crates/amun-constitutional-authority/src/rotation.rs:23:            .verify()
crates/amun-constitutional-authority/src/rotation.rs:26:        if new_signed_cert.artifact.subject_verifying_key_hex == old_public_key_hex {
crates/amun-constitutional-authority/src/rotation.rs:30:        if old_keypair.verifying_key_hex() != old_public_key_hex {
crates/amun-constitutional-authority/src/trust.rs:30:        self.signed_cert.artifact.issuer == self.signed_cert.artifact.subject
crates/amun-constitutional-authority/src/trust.rs:33:    pub fn verify(&self) -> Result<(), String> {
crates/amun-constitutional-authority/src/trust.rs:37:        self.signed_cert.verify()
crates/amun-constitutional-authority/tests/authority_tests.rs:104:        new.verifying_key_hex(),
crates/amun-constitutional-authority/tests/authority_tests.rs:112:    assert!(KeyRotationLaw::validate_rotation(&old.verifying_key_hex(), &signed, &old).is_ok());
crates/amun-constitutional-authority/tests/authority_tests.rs:118:    let root = build_root(&key);
crates/amun-constitutional-authority/tests/authority_tests.rs:122:    assert!(anchor.verify().is_ok());
crates/amun-constitutional-authority/tests/authority_tests.rs:17:fn build_child(
crates/amun-constitutional-authority/tests/authority_tests.rs:1:use amun_constitution_builder::digest::ArtifactDigest;
crates/amun-constitutional-authority/tests/authority_tests.rs:23:        key.verifying_key_hex(),
crates/amun-constitutional-authority/tests/authority_tests.rs:35:    let a = build_root(&key);
crates/amun-constitutional-authority/tests/authority_tests.rs:36:    let b = build_root(&key);
crates/amun-constitutional-authority/tests/authority_tests.rs:45:    let root = build_root(&root_key);
crates/amun-constitutional-authority/tests/authority_tests.rs:46:    let child = build_child(&root, &child_key);
crates/amun-constitutional-authority/tests/authority_tests.rs:52:    assert!(chain.validate(&RevocationRegistry::new()).is_ok());
crates/amun-constitutional-authority/tests/authority_tests.rs:56:fn wrong_issuer_key_rejected() {
crates/amun-constitutional-authority/tests/authority_tests.rs:60:    let root = build_root(&root_key);
crates/amun-constitutional-authority/tests/authority_tests.rs:61:    let child = build_child(&root, &child_key);
crates/amun-constitutional-authority/tests/authority_tests.rs:65:    assert!(chain.validate(&RevocationRegistry::new()).is_err());
crates/amun-constitutional-authority/tests/authority_tests.rs:72:    let root = build_root(&root_key);
crates/amun-constitutional-authority/tests/authority_tests.rs:73:    let mut child = build_child(&root, &child_key);
crates/amun-constitutional-authority/tests/authority_tests.rs:7:fn build_root(key: &ConstitutionalKeyPair) -> ConstitutionalCertificate {
crates/amun-constitutional-authority/tests/authority_tests.rs:86:    let root = build_root(&root_key);
crates/amun-constitutional-authority/tests/authority_tests.rs:87:    let child = build_child(&root, &child_key);
crates/amun-constitutional-authority/tests/authority_tests.rs:95:    assert!(chain.validate(&reg).is_err());
crates/amun-constitutional-authority/tests/authority_tests.rs:9:        key.verifying_key_hex(),
crates/amun-constitutional-block/src/block.rs:100:            replay_certificate_root,
crates/amun-constitutional-block/src/block.rs:17:    pub replay_certificate_root: String,
crates/amun-constitutional-block/src/block.rs:1:use amun_constitutional_commitments::SparseMerkleTree;
crates/amun-constitutional-block/src/block.rs:33:        replay_certificate_root: String,
crates/amun-constitutional-block/src/block.rs:46:            replay_certificate_root,
crates/amun-constitutional-block/src/block.rs:49:        let hash = block.compute_hash();
crates/amun-constitutional-block/src/block.rs:54:    pub fn compute_hash(&self) -> String {
crates/amun-constitutional-block/src/block.rs:59:        hex::encode(hasher.finalize().as_bytes())
crates/amun-constitutional-block/src/block.rs:73:    pub fn build(
crates/amun-constitutional-block/src/block.rs:83:        replay_certificate_root: String,
crates/amun-constitutional-block/src/chain.rs:45:    pub fn verify(&self) -> Result<(), String> {
crates/amun-constitutional-block/src/chain.rs:47:            let recomputed = block.compute_hash();
crates/amun-constitutional-block/src/chain.rs:48:            if recomputed != block.block_hash {
crates/amun-constitutional-block/src/chain.rs:51:                    block.block_height, block.block_hash, recomputed
crates/amun-constitutional-block/src/chain.rs:61:    pub fn verify_block_evidence(
crates/amun-constitutional-block/src/chain.rs:70:        let computed = hex::encode(log.evidence_root());
crates/amun-constitutional-block/src/chain.rs:71:        if block.evidence_root != computed {
crates/amun-constitutional-block/src/chain.rs:74:                height, block.evidence_root, computed
crates/amun-constitutional-block/src/chain.rs:80:    /// Full chain evidence audit — verify every block against its ActionLog.
crates/amun-constitutional-block/src/chain.rs:81:    pub fn verify_chain_evidence(
crates/amun-constitutional-block/src/chain.rs:93:            self.verify_block_evidence(i as u64, log)?;
crates/amun-constitutional-block/src/finalizer.rs:19:    pub fn finalize(
crates/amun-constitutional-block/src/finalizer.rs:34:        let (state_root, replay_certificate_root) = match &ctx.state_runtime {
crates/amun-constitutional-block/src/finalizer.rs:53:            replay_certificate_root,
crates/amun-constitutional-block/src/lib.rs:106:/// Light client verification: validate a block's state root using only
crates/amun-constitutional-block/src/lib.rs:109:/// No full state, no journal replay, no full certificate set needed.
crates/amun-constitutional-block/src/lib.rs:114:///   3. Merkle root matches block.replay_certificate_root
crates/amun-constitutional-block/src/lib.rs:116:pub fn verify_light_client_proof(
crates/amun-constitutional-block/src/lib.rs:122:    if !inclusion_proof.verify() {
crates/amun-constitutional-block/src/lib.rs:135:    // Step 3: Verify the merkle root matches the block's commitment
crates/amun-constitutional-block/src/lib.rs:137:    if block.replay_certificate_root != proof_root {
crates/amun-constitutional-block/src/lib.rs:140:            block.replay_certificate_root, proof_root
crates/amun-constitutional-block/src/lib.rs:34:pub mod finalizer;
crates/amun-constitutional-block/src/lib.rs:44:/// 1. Block's replay_certificate_root matches the certificate's merkle root.
crates/amun-constitutional-block/src/lib.rs:47:/// Note: Full replay verification (N6B) will add journal-based validation.
crates/amun-constitutional-block/src/lib.rs:48:pub fn verify_block_provenance(
crates/amun-constitutional-block/src/lib.rs:52:    // 1. Verify certificate merkle root matches block commitment
crates/amun-constitutional-block/src/lib.rs:53:    let computed_root = hex::encode(ConstitutionalStateRuntime::certificate_merkle_root(
crates/amun-constitutional-block/src/lib.rs:56:    if block.replay_certificate_root != computed_root {
crates/amun-constitutional-block/src/lib.rs:58:            "Certificate root mismatch: block={} computed={}",
crates/amun-constitutional-block/src/lib.rs:59:            block.replay_certificate_root, computed_root
crates/amun-constitutional-block/src/lib.rs:77:/// Full replay verification: cryptographic proof that the block's state
crates/amun-constitutional-block/src/lib.rs:78:/// was produced by the exact journal of transitions claimed.
crates/amun-constitutional-block/src/lib.rs:84:///   - verify_block_provenance() for block↔certificate binding
crates/amun-constitutional-block/src/lib.rs:85:///   - ReplayCertificate::verify() for journal↔state proof
crates/amun-constitutional-block/src/lib.rs:86:pub fn verify_full_replay(
crates/amun-constitutional-block/src/lib.rs:91:    // Step 1: Verify block ↔ certificate commitment
crates/amun-constitutional-block/src/lib.rs:92:    verify_block_provenance(block, cert)?;
crates/amun-constitutional-block/src/lib.rs:95:    if !cert.verify(records) {
crates/amun-constitutional-block/src/lib.rs:97:            "Full replay verification failed: journal does not produce the claimed state".into(),
crates/amun-constitutional-block/tests/block_tests.rs:168:fn test_verify_block_provenance_valid() {
crates/amun-constitutional-block/tests/block_tests.rs:169:    use amun_constitutional_block::verify_block_provenance;
crates/amun-constitutional-block/tests/block_tests.rs:173:    rt.apply_transition(&[1u8; 32], &[0xAA; 32]);
crates/amun-constitutional-block/tests/block_tests.rs:192:    assert!(verify_block_provenance(&block, &cert).is_ok());
crates/amun-constitutional-block/tests/block_tests.rs:196:fn test_verify_block_provenance_tampered_state_fails() {
crates/amun-constitutional-block/tests/block_tests.rs:197:    use amun_constitutional_block::verify_block_provenance;
crates/amun-constitutional-block/tests/block_tests.rs:201:    rt.apply_transition(&[1u8; 32], &[0xAA; 32]);
crates/amun-constitutional-block/tests/block_tests.rs:220:    assert!(verify_block_provenance(&block, &cert).is_err());
crates/amun-constitutional-block/tests/block_tests.rs:224:fn test_verify_block_provenance_wrong_certificate_fails() {
crates/amun-constitutional-block/tests/block_tests.rs:225:    use amun_constitutional_block::verify_block_provenance;
crates/amun-constitutional-block/tests/block_tests.rs:229:    rt.apply_transition(&[1u8; 32], &[0xAA; 32]);
crates/amun-constitutional-block/tests/block_tests.rs:248:    assert!(verify_block_provenance(&block, &cert).is_err());
crates/amun-constitutional-block/tests/block_tests.rs:252:fn n6b_full_replay_valid() {
crates/amun-constitutional-block/tests/block_tests.rs:253:    use amun_constitutional_block::verify_full_replay;
crates/amun-constitutional-block/tests/block_tests.rs:257:    rt.apply_transition(&[1u8; 32], &[0xAA; 32]);
crates/amun-constitutional-block/tests/block_tests.rs:258:    rt.apply_transition(&[2u8; 32], &[0xBB; 32]);
crates/amun-constitutional-block/tests/block_tests.rs:277:    assert!(verify_full_replay(&block, &cert, rt.journal()).is_ok());
crates/amun-constitutional-block/tests/block_tests.rs:281:fn n6b_full_replay_tampered_journal_fails() {
crates/amun-constitutional-block/tests/block_tests.rs:282:    use amun_constitutional_block::verify_full_replay;
crates/amun-constitutional-block/tests/block_tests.rs:286:    rt.apply_transition(&[1u8; 32], &[0xAA; 32]);
crates/amun-constitutional-block/tests/block_tests.rs:287:    rt.apply_transition(&[2u8; 32], &[0xBB; 32]);
crates/amun-constitutional-block/tests/block_tests.rs:2:use amun_constitutional_commitments::SparseMerkleTree;
crates/amun-constitutional-block/tests/block_tests.rs:307:    tampered[0].transition_hash = [0xFF; 32];
crates/amun-constitutional-block/tests/block_tests.rs:309:    assert!(verify_full_replay(&block, &cert, &tampered).is_err());
crates/amun-constitutional-block/tests/block_tests.rs:313:fn n6b_full_replay_wrong_count_fails() {
crates/amun-constitutional-block/tests/block_tests.rs:314:    use amun_constitutional_block::verify_full_replay;
crates/amun-constitutional-block/tests/block_tests.rs:318:    rt.apply_transition(&[1u8; 32], &[0xAA; 32]);
crates/amun-constitutional-block/tests/block_tests.rs:319:    rt.apply_transition(&[2u8; 32], &[0xBB; 32]);
crates/amun-constitutional-block/tests/block_tests.rs:339:    assert!(verify_full_replay(&block, &cert, &rt.journal()[..1]).is_err());
crates/amun-constitutional-block/tests/block_tests.rs:344:    use amun_constitutional_block::verify_light_client_proof;
crates/amun-constitutional-block/tests/block_tests.rs:348:    rt.apply_transition(&[1u8; 32], &[0xAA; 32]);
crates/amun-constitutional-block/tests/block_tests.rs:369:    assert!(verify_light_client_proof(&block, &cert, &inclusion_proof).is_ok());
crates/amun-constitutional-block/tests/block_tests.rs:374:    use amun_constitutional_block::verify_light_client_proof;
crates/amun-constitutional-block/tests/block_tests.rs:378:    rt.apply_transition(&[1u8; 32], &[0xAA; 32]);
crates/amun-constitutional-block/tests/block_tests.rs:402:    assert!(verify_light_client_proof(&block, &cert, &inclusion_proof).is_err());
crates/amun-constitutional-block/tests/block_tests.rs:407:    use amun_constitutional_block::verify_light_client_proof;
crates/amun-constitutional-block/tests/block_tests.rs:411:    rt1.apply_transition(&[1u8; 32], &[0xAA; 32]);
crates/amun-constitutional-block/tests/block_tests.rs:415:    rt2.apply_transition(&[2u8; 32], &[0xBB; 32]);
crates/amun-constitutional-block/tests/block_tests.rs:438:    assert!(verify_light_client_proof(&block, &cert2, &inclusion_proof).is_err());
crates/amun-constitutional-block/tests/block_tests.rs:443:    use amun_constitutional_block::verify_light_client_proof;
crates/amun-constitutional-block/tests/block_tests.rs:447:    rt.apply_transition(&[1u8; 32], &[0xAA; 32]);
crates/amun-constitutional-block/tests/block_tests.rs:454:    // Block has a different replay_certificate_root
crates/amun-constitutional-block/tests/block_tests.rs:468:    assert!(verify_light_client_proof(&block, &cert, &inclusion_proof).is_err());
crates/amun-constitutional-block/tests/finalizer_tests.rs:15:    state.apply_transition(&[1u8; 32], &[0xAA; 32]);
crates/amun-constitutional-block/tests/finalizer_tests.rs:26:    let block = BlockFinalizer::finalize(&mut chain, &log, ctx).unwrap();
crates/amun-constitutional-block/tests/finalizer_tests.rs:29:    assert!(!block.replay_certificate_root.is_empty());
crates/amun-constitutional-block/tests/finalizer_tests.rs:3:    finalizer::{BlockFinalizer, FinalizationContext},
crates/amun-constitutional-block/tests/finalizer_tests.rs:40:    state1.apply_transition(&[1u8; 32], &[0xAA; 32]);
crates/amun-constitutional-block/tests/finalizer_tests.rs:41:    state2.apply_transition(&[1u8; 32], &[0xBB; 32]);
crates/amun-constitutional-block/tests/finalizer_tests.rs:60:    let b1 = BlockFinalizer::finalize(&mut chain1, &log, ctx1).unwrap();
crates/amun-constitutional-block/tests/finalizer_tests.rs:61:    let b2 = BlockFinalizer::finalize(&mut chain2, &log, ctx2).unwrap();
crates/amun-constitutional-block/tests/finalizer_tests.rs:65:    assert_ne!(b1.replay_certificate_root, b2.replay_certificate_root);
crates/amun-constitutional-block/tests/finalizer_tests.rs:9:fn test_commit_creates_block_with_state_root() {
crates/amun-constitutional-block/tests/replay_tests.rs:21:    BlockFinalizer::finalize(&mut chain, &log, ctx).unwrap();
crates/amun-constitutional-block/tests/replay_tests.rs:22:    chain.verify_block_evidence(0, &log).unwrap();
crates/amun-constitutional-block/tests/replay_tests.rs:39:    BlockFinalizer::finalize(&mut chain, &log, ctx).unwrap();
crates/amun-constitutional-block/tests/replay_tests.rs:3:    finalizer::{BlockFinalizer, FinalizationContext},
crates/amun-constitutional-block/tests/replay_tests.rs:43:    assert!(chain.verify_block_evidence(0, &tampered).is_err());
crates/amun-constitutional-block/tests/replay_tests.rs:47:fn test_full_chain_replay_audit() {
crates/amun-constitutional-block/tests/replay_tests.rs:61:        BlockFinalizer::finalize(&mut chain, &log, ctx).unwrap();
crates/amun-constitutional-block/tests/replay_tests.rs:64:    chain.verify_chain_evidence(&logs).unwrap();
crates/amun-constitutional-commitment/src/apphash.rs:12:        commitment: &ConstitutionalCommitment,
crates/amun-constitutional-commitment/src/apphash.rs:14:        let commitment_root_val = commitment_root(commitment);
crates/amun-constitutional-commitment/src/apphash.rs:1:use crate::commitment::ConstitutionalCommitment;
crates/amun-constitutional-commitment/src/apphash.rs:21:        hasher.update(&commitment_root_val);
crates/amun-constitutional-commitment/src/apphash.rs:22:        *hasher.finalize().as_bytes()
crates/amun-constitutional-commitment/src/apphash.rs:2:use crate::roots::commitment_root;
crates/amun-constitutional-commitment/src/apphash.rs:8:    pub fn compute_state_root(
crates/amun-constitutional-commitment/src/economic_error.rs:5:    #[error("Invalid circulating supply: computed {computed}, stored {stored}")]
crates/amun-constitutional-commitment/src/economic_error.rs:6:    InvalidCirculatingSupply { computed: u64, stored: u64 },
crates/amun-constitutional-commitment/src/economic_snapshot.rs:8:    pub issued_supply: u64,
crates/amun-constitutional-commitment/src/economic_tree.rs:13:    *hasher.finalize().as_bytes()
crates/amun-constitutional-commitment/src/economic_tree.rs:21:    *hasher.finalize().as_bytes()
crates/amun-constitutional-commitment/src/economic_tree.rs:24:fn build_merkle_root(mut hashes: Vec<Hash32>) -> Hash32 {
crates/amun-constitutional-commitment/src/economic_tree.rs:45:        let computed_circulating = snapshot
crates/amun-constitutional-commitment/src/economic_tree.rs:51:        if computed_circulating != snapshot.circulating_supply {
crates/amun-constitutional-commitment/src/economic_tree.rs:53:                computed: computed_circulating,
crates/amun-constitutional-commitment/src/economic_tree.rs:64:            leaf_hash(5, snapshot.issued_supply),
crates/amun-constitutional-commitment/src/economic_tree.rs:69:        Ok(build_merkle_root(leaves))
crates/amun-constitutional-commitment/src/endblock.rs:10:    pub fn execute(
crates/amun-constitutional-commitment/src/endblock.rs:17:        let constitutional_root = compute_constitutional_root(
crates/amun-constitutional-commitment/src/endblock.rs:1:use crate::commitment::ConstitutionalCommitment;
crates/amun-constitutional-commitment/src/endblock.rs:4:use crate::roots::compute_constitutional_root;
crates/amun-constitutional-commitment/src/lib.rs:12:pub mod verify;
crates/amun-constitutional-commitment/src/lib.rs:15:pub use commitment::ConstitutionalCommitment;
crates/amun-constitutional-commitment/src/lib.rs:20:pub use roots::{commitment_root, compute_constitutional_root};
crates/amun-constitutional-commitment/src/lib.rs:25:pub use verify::{VerificationResult, Verifier};
crates/amun-constitutional-commitment/src/lib.rs:2:pub mod commitment;
crates/amun-constitutional-commitment/src/roots.rs:1:use crate::commitment::ConstitutionalCommitment;
crates/amun-constitutional-commitment/src/roots.rs:20:    *hasher.finalize().as_bytes()
crates/amun-constitutional-commitment/src/roots.rs:23:pub fn commitment_root(commitment: &ConstitutionalCommitment) -> Hash32 {
crates/amun-constitutional-commitment/src/roots.rs:24:    let serialized = serialize_v1(commitment);
crates/amun-constitutional-commitment/src/roots.rs:28:    *hasher.finalize().as_bytes()
crates/amun-constitutional-commitment/src/roots.rs:8:pub fn compute_constitutional_root(
crates/amun-constitutional-commitment/src/roots_bundle.rs:17:    pub fn from_commitment(
crates/amun-constitutional-commitment/src/roots_bundle.rs:1:use crate::commitment::ConstitutionalCommitment;
crates/amun-constitutional-commitment/src/roots_bundle.rs:22:        commitment: &ConstitutionalCommitment,
crates/amun-constitutional-commitment/src/roots_bundle.rs:24:        let commitment_root_val = commitment_root(commitment);
crates/amun-constitutional-commitment/src/roots_bundle.rs:26:            compute_constitutional_root(identity_root, [0u8; 32], governance_root, economic_root);
crates/amun-constitutional-commitment/src/roots_bundle.rs:2:use crate::roots::{commitment_root, compute_constitutional_root};
crates/amun-constitutional-commitment/src/roots_bundle.rs:31:        hasher.update(&commitment_root_val);
crates/amun-constitutional-commitment/src/roots_bundle.rs:32:        let state_root_val = *hasher.finalize().as_bytes();
crates/amun-constitutional-commitment/src/roots_bundle.rs:36:            commitment_root: commitment_root_val,
crates/amun-constitutional-commitment/src/roots_bundle.rs:5:/// All constitutional roots for a block, computed by the CCA layer.
crates/amun-constitutional-commitment/src/roots_bundle.rs:9:    pub commitment_root: Hash32,
crates/amun-constitutional-commitment/src/rpc.rs:1:use crate::commitment::ConstitutionalCommitment;
crates/amun-constitutional-commitment/src/rpc.rs:22:    pub fn new(height: u64, commitment: &ConstitutionalCommitment, app_hash: Hash32) -> Self {
crates/amun-constitutional-commitment/src/rpc.rs:25:            version: commitment.version,
crates/amun-constitutional-commitment/src/rpc.rs:26:            identity_root: hash_to_hex(&commitment.identity_root),
crates/amun-constitutional-commitment/src/rpc.rs:27:            evidence_root: hash_to_hex(&commitment.evidence_root),
crates/amun-constitutional-commitment/src/rpc.rs:28:            governance_root: hash_to_hex(&commitment.governance_root),
crates/amun-constitutional-commitment/src/rpc.rs:29:            economic_root: hash_to_hex(&commitment.economic_root),
crates/amun-constitutional-commitment/src/rpc.rs:30:            constitutional_root: hash_to_hex(&commitment.constitutional_root),
crates/amun-constitutional-commitment/src/serializer.rs:12:    buf[offset..offset + 32].copy_from_slice(&commitment.identity_root);
crates/amun-constitutional-commitment/src/serializer.rs:15:    buf[offset..offset + 32].copy_from_slice(&commitment.evidence_root);
crates/amun-constitutional-commitment/src/serializer.rs:18:    buf[offset..offset + 32].copy_from_slice(&commitment.governance_root);
crates/amun-constitutional-commitment/src/serializer.rs:1:use crate::commitment::ConstitutionalCommitment;
crates/amun-constitutional-commitment/src/serializer.rs:21:    buf[offset..offset + 32].copy_from_slice(&commitment.economic_root);
crates/amun-constitutional-commitment/src/serializer.rs:24:    buf[offset..offset + 32].copy_from_slice(&commitment.constitutional_root);
crates/amun-constitutional-commitment/src/serializer.rs:5:pub fn serialize_v1(commitment: &ConstitutionalCommitment) -> [u8; SERIALIZED_LENGTH] {
crates/amun-constitutional-commitment/src/serializer.rs:9:    buf[offset..offset + 2].copy_from_slice(&commitment.version.to_be_bytes());
crates/amun-constitutional-commitment/src/state.rs:10:        serialize_v1(commitment).to_vec()
crates/amun-constitutional-commitment/src/state.rs:1:use crate::commitment::ConstitutionalCommitment;
crates/amun-constitutional-commitment/src/state.rs:4:pub const CONSTITUTIONAL_STATE_KEY: &[u8] = b"constitutional_commitment";
crates/amun-constitutional-commitment/src/state.rs:9:    pub fn save(commitment: &ConstitutionalCommitment) -> Vec<u8> {
crates/amun-constitutional-commitment/src/verify.rs:10:    pub commitment_root_match: bool,
crates/amun-constitutional-commitment/src/verify.rs:11:    pub recomputed_constitutional_root: Hash32,
crates/amun-constitutional-commitment/src/verify.rs:12:    pub recomputed_commitment_root: Hash32,
crates/amun-constitutional-commitment/src/verify.rs:14:    pub stored_commitment_root: Hash32,
crates/amun-constitutional-commitment/src/verify.rs:18:    pub fn verify(
crates/amun-constitutional-commitment/src/verify.rs:1:use crate::commitment::ConstitutionalCommitment;
crates/amun-constitutional-commitment/src/verify.rs:24:        stored_commitment_root: Hash32,
crates/amun-constitutional-commitment/src/verify.rs:26:        let recomputed_constitutional = compute_constitutional_root(
crates/amun-constitutional-commitment/src/verify.rs:2:use crate::roots::{commitment_root, compute_constitutional_root};
crates/amun-constitutional-commitment/src/verify.rs:33:        let commitment = ConstitutionalCommitment {
crates/amun-constitutional-commitment/src/verify.rs:39:            constitutional_root: recomputed_constitutional,
crates/amun-constitutional-commitment/src/verify.rs:41:        let recomputed_commitment = commitment_root(&commitment);
crates/amun-constitutional-commitment/src/verify.rs:44:            constitutional_root_match: recomputed_constitutional == stored_constitutional_root,
crates/amun-constitutional-commitment/src/verify.rs:45:            commitment_root_match: recomputed_commitment == stored_commitment_root,
crates/amun-constitutional-commitment/src/verify.rs:46:            recomputed_constitutional_root: recomputed_constitutional,
crates/amun-constitutional-commitment/src/verify.rs:47:            recomputed_commitment_root: recomputed_commitment,
crates/amun-constitutional-commitment/src/verify.rs:49:            stored_commitment_root,
crates/amun-constitutional-commitment/src/verify.rs:54:        result.constitutional_root_match && result.commitment_root_match
crates/amun-constitutional-commitment/tests/determinism.rs:16:    let root_a = compute_constitutional_root(id, ev, gv, ec);
crates/amun-constitutional-commitment/tests/determinism.rs:17:    let root_b = compute_constitutional_root(id, ev, gv, ec);
crates/amun-constitutional-commitment/tests/determinism.rs:1:use amun_constitutional_commitment::{
crates/amun-constitutional-commitment/tests/determinism.rs:28:    let root_a = compute_constitutional_root(id, ev, gv, ec);
crates/amun-constitutional-commitment/tests/determinism.rs:2:    commitment_root, compute_constitutional_root, ConstitutionalCommitment, Hash32,
crates/amun-constitutional-commitment/tests/determinism.rs:32:    let root_b = compute_constitutional_root(id2, ev, gv, ec);
crates/amun-constitutional-commitment/tests/determinism.rs:37:fn identical_commitments_produce_identical_commitment_root() {
crates/amun-constitutional-commitment/tests/determinism.rs:42:    let cr = compute_constitutional_root(id, ev, gv, ec);
crates/amun-constitutional-commitment/tests/determinism.rs:62:    assert_eq!(commitment_root(&c1), commitment_root(&c2));
crates/amun-constitutional-commitment/tests/determinism.rs:66:fn single_byte_change_in_commitment_produces_different_commitment_root() {
crates/amun-constitutional-commitment/tests/determinism.rs:71:    let cr = compute_constitutional_root(id, ev, gv, ec);
crates/amun-constitutional-commitment/tests/determinism.rs:82:    let root_a = commitment_root(&c);
crates/amun-constitutional-commitment/tests/determinism.rs:84:    let root_b = commitment_root(&c);
crates/amun-constitutional-commitment/tests/economic_tree.rs:16:        issued_supply: 200_000,
crates/amun-constitutional-commitment/tests/economic_tree.rs:1:use amun_constitutional_commitment::{
crates/amun-constitutional-commitment/tests/economic_tree.rs:2:    compute_constitutional_root, EconomicError, EconomicSnapshot, EconomicTree, Hash32,
crates/amun-constitutional-commitment/tests/economic_tree.rs:65:    let const_root_a = compute_constitutional_root(
crates/amun-constitutional-commitment/tests/economic_tree.rs:76:    let const_root_b = compute_constitutional_root(
crates/amun-constitutional-commitment/tests/endblock_pipeline.rs:100:    let com_a = EndBlockPipeline::execute(id, ev, gv, &snap).unwrap();
crates/amun-constitutional-commitment/tests/endblock_pipeline.rs:101:    let com_b = EndBlockPipeline::execute(id, ev, gv, &snap).unwrap();
crates/amun-constitutional-commitment/tests/endblock_pipeline.rs:107:    let state_root_a = AppHashPipeline::compute_state_root(acc, stk, gov, &com_a);
crates/amun-constitutional-commitment/tests/endblock_pipeline.rs:108:    let state_root_b = AppHashPipeline::compute_state_root(acc, stk, gov, &com_b);
crates/amun-constitutional-commitment/tests/endblock_pipeline.rs:126:    let result = EndBlockPipeline::execute(id, ev, gv, &snap);
crates/amun-constitutional-commitment/tests/endblock_pipeline.rs:14:        issued_supply: 200_000,
crates/amun-constitutional-commitment/tests/endblock_pipeline.rs:1:use amun_constitutional_commitment::{AppHashPipeline, EconomicSnapshot, EndBlockPipeline, Hash32};
crates/amun-constitutional-commitment/tests/endblock_pipeline.rs:21:fn endblock_pipeline_produces_commitment() {
crates/amun-constitutional-commitment/tests/endblock_pipeline.rs:27:    let commitment = EndBlockPipeline::execute(id, ev, gv, &snap);
crates/amun-constitutional-commitment/tests/endblock_pipeline.rs:28:    assert!(commitment.is_some());
crates/amun-constitutional-commitment/tests/endblock_pipeline.rs:29:    let c = commitment.unwrap();
crates/amun-constitutional-commitment/tests/endblock_pipeline.rs:47:    let com_a = EndBlockPipeline::execute(id, ev, gv, &snap_a).unwrap();
crates/amun-constitutional-commitment/tests/endblock_pipeline.rs:48:    let com_b = EndBlockPipeline::execute(id, ev, gv, &snap_b).unwrap();
crates/amun-constitutional-commitment/tests/endblock_pipeline.rs:54:    let state_root_a = AppHashPipeline::compute_state_root(acc, stk, gov, &com_a);
crates/amun-constitutional-commitment/tests/endblock_pipeline.rs:55:    let state_root_b = AppHashPipeline::compute_state_root(acc, stk, gov, &com_b);
crates/amun-constitutional-commitment/tests/endblock_pipeline.rs:75:    let com_a = EndBlockPipeline::execute(id, ev_a, gv, &snap).unwrap();
crates/amun-constitutional-commitment/tests/endblock_pipeline.rs:76:    let com_b = EndBlockPipeline::execute(id, ev_b, gv, &snap).unwrap();
crates/amun-constitutional-commitment/tests/endblock_pipeline.rs:82:    let state_root_a = AppHashPipeline::compute_state_root(acc, stk, gov, &com_a);
crates/amun-constitutional-commitment/tests/endblock_pipeline.rs:83:    let state_root_b = AppHashPipeline::compute_state_root(acc, stk, gov, &com_b);
crates/amun-constitutional-commitment/tests/rpc.rs:16:        issued_supply: 200_000,
crates/amun-constitutional-commitment/tests/rpc.rs:1:use amun_constitutional_commitment::{
crates/amun-constitutional-commitment/tests/rpc.rs:29:    let commitment = EndBlockPipeline::execute(id, ev, gv, &snap).unwrap();
crates/amun-constitutional-commitment/tests/rpc.rs:34:    let state_root = AppHashPipeline::compute_state_root(acc, stk, gov_state, &commitment);
crates/amun-constitutional-commitment/tests/rpc.rs:37:    let status = ConstitutionalStatus::new(7990, &commitment, app_hash);
crates/amun-constitutional-commitment/tests/rpc.rs:62:    let com_a = EndBlockPipeline::execute(id, ev, gv, &snap_a).unwrap();
crates/amun-constitutional-commitment/tests/rpc.rs:63:    let com_b = EndBlockPipeline::execute(id, ev, gv, &snap_b).unwrap();
crates/amun-constitutional-commitment/tests/rpc.rs:69:    let sr_a = AppHashPipeline::compute_state_root(acc, stk, gov_state, &com_a);
crates/amun-constitutional-commitment/tests/rpc.rs:70:    let sr_b = AppHashPipeline::compute_state_root(acc, stk, gov_state, &com_b);
crates/amun-constitutional-commitment/tests/rpc.rs:90:    let commitment = EndBlockPipeline::execute(id, ev, gv, &snap).unwrap();
crates/amun-constitutional-commitment/tests/rpc.rs:95:    let state_root = AppHashPipeline::compute_state_root(acc, stk, gov_state, &commitment);
crates/amun-constitutional-commitment/tests/rpc.rs:98:    let status = ConstitutionalStatus::new(7990, &commitment, app_hash);
crates/amun-constitutional-commitment/tests/state.rs:102:    let com_a = make_commitment(id, ev_a, gv, ec);
crates/amun-constitutional-commitment/tests/state.rs:103:    let com_b = make_commitment(id, ev_b, gv, ec);
crates/amun-constitutional-commitment/tests/state.rs:105:    let root_a = commitment_root(&com_a);
crates/amun-constitutional-commitment/tests/state.rs:106:    let root_b = commitment_root(&com_b);
crates/amun-constitutional-commitment/tests/state.rs:113:fn same_state_produces_same_commitment_root() {
crates/amun-constitutional-commitment/tests/state.rs:121:    let com_a = make_commitment(id, ev, gv, ec);
crates/amun-constitutional-commitment/tests/state.rs:122:    let com_b = make_commitment(id, ev, gv, ec);
crates/amun-constitutional-commitment/tests/state.rs:124:    let root_a = commitment_root(&com_a);
crates/amun-constitutional-commitment/tests/state.rs:125:    let root_b = commitment_root(&com_b);
crates/amun-constitutional-commitment/tests/state.rs:17:        issued_supply: 200_000,
crates/amun-constitutional-commitment/tests/state.rs:1:use amun_constitutional_commitment::{
crates/amun-constitutional-commitment/tests/state.rs:23:fn make_commitment(id: Hash32, ev: Hash32, gv: Hash32, ec: Hash32) -> ConstitutionalCommitment {
crates/amun-constitutional-commitment/tests/state.rs:24:    let cr = compute_constitutional_root(id, ev, gv, ec);
crates/amun-constitutional-commitment/tests/state.rs:2:    commitment_root, compute_constitutional_root, ConstitutionalCommitment, ConstitutionalState,
crates/amun-constitutional-commitment/tests/state.rs:39:    let commitment = make_commitment(make_hash(0x11), make_hash(0x22), make_hash(0x33), ec);
crates/amun-constitutional-commitment/tests/state.rs:41:    let bytes = ConstitutionalState::save(&commitment);
crates/amun-constitutional-commitment/tests/state.rs:44:    assert_eq!(commitment.version, loaded.version);
crates/amun-constitutional-commitment/tests/state.rs:45:    assert_eq!(commitment.identity_root, loaded.identity_root);
crates/amun-constitutional-commitment/tests/state.rs:46:    assert_eq!(commitment.evidence_root, loaded.evidence_root);
crates/amun-constitutional-commitment/tests/state.rs:47:    assert_eq!(commitment.governance_root, loaded.governance_root);
crates/amun-constitutional-commitment/tests/state.rs:48:    assert_eq!(commitment.economic_root, loaded.economic_root);
crates/amun-constitutional-commitment/tests/state.rs:49:    assert_eq!(commitment.constitutional_root, loaded.constitutional_root);
crates/amun-constitutional-commitment/tests/state.rs:53:fn commitment_root_from_stored_bytes() {
crates/amun-constitutional-commitment/tests/state.rs:56:    let commitment = make_commitment(make_hash(0x11), make_hash(0x22), make_hash(0x33), ec);
crates/amun-constitutional-commitment/tests/state.rs:58:    let expected_root = commitment_root(&commitment);
crates/amun-constitutional-commitment/tests/state.rs:60:    let bytes = ConstitutionalState::save(&commitment);
crates/amun-constitutional-commitment/tests/state.rs:62:    let stored_root = commitment_root(&loaded);
crates/amun-constitutional-commitment/tests/state.rs:81:    let com_a = make_commitment(id, ev, gv, ec_a);
crates/amun-constitutional-commitment/tests/state.rs:82:    let com_b = make_commitment(id, ev, gv, ec_b);
crates/amun-constitutional-commitment/tests/state.rs:84:    let root_a = commitment_root(&com_a);
crates/amun-constitutional-commitment/tests/state.rs:85:    let root_b = commitment_root(&com_b);
crates/amun-constitutional-commitment/tests/verify.rs:105:    let commitment = EndBlockPipeline::execute(id, ev, gv, &snap).unwrap();
crates/amun-constitutional-commitment/tests/verify.rs:110:    let state_root = AppHashPipeline::compute_state_root(acc, stk, gov_state, &commitment);
crates/amun-constitutional-commitment/tests/verify.rs:112:    let stored_commitment = commitment_root(&commitment);
crates/amun-constitutional-commitment/tests/verify.rs:114:    let result = Verifier::verify(
crates/amun-constitutional-commitment/tests/verify.rs:115:        commitment.identity_root,
crates/amun-constitutional-commitment/tests/verify.rs:116:        commitment.evidence_root,
crates/amun-constitutional-commitment/tests/verify.rs:117:        commitment.governance_root,
crates/amun-constitutional-commitment/tests/verify.rs:118:        commitment.economic_root,
crates/amun-constitutional-commitment/tests/verify.rs:119:        commitment.constitutional_root,
crates/amun-constitutional-commitment/tests/verify.rs:120:        stored_commitment,
crates/amun-constitutional-commitment/tests/verify.rs:125:        result.recomputed_constitutional_root,
crates/amun-constitutional-commitment/tests/verify.rs:126:        commitment.constitutional_root
crates/amun-constitutional-commitment/tests/verify.rs:128:    assert_eq!(result.recomputed_commitment_root, stored_commitment);
crates/amun-constitutional-commitment/tests/verify.rs:131:        amun_constitutional_commitment::ConstitutionalStatus::new(7990, &commitment, app_hash);
crates/amun-constitutional-commitment/tests/verify.rs:16:        issued_supply: 200_000,
crates/amun-constitutional-commitment/tests/verify.rs:1:use amun_constitutional_commitment::{
crates/amun-constitutional-commitment/tests/verify.rs:29:    let commitment = EndBlockPipeline::execute(id, ev, gv, &snap).unwrap();
crates/amun-constitutional-commitment/tests/verify.rs:2:    roots::commitment_root, AppHashPipeline, EconomicSnapshot, EndBlockPipeline, Hash32, Verifier,
crates/amun-constitutional-commitment/tests/verify.rs:30:    let stored_commitment = commitment_root(&commitment);
crates/amun-constitutional-commitment/tests/verify.rs:32:    let result = Verifier::verify(
crates/amun-constitutional-commitment/tests/verify.rs:36:        commitment.economic_root,
crates/amun-constitutional-commitment/tests/verify.rs:37:        commitment.constitutional_root,
crates/amun-constitutional-commitment/tests/verify.rs:38:        stored_commitment,
crates/amun-constitutional-commitment/tests/verify.rs:42:    assert!(result.commitment_root_match);
crates/amun-constitutional-commitment/tests/verify.rs:53:    let commitment = EndBlockPipeline::execute(id, ev, gv, &snap).unwrap();
crates/amun-constitutional-commitment/tests/verify.rs:54:    let stored_commitment = commitment_root(&commitment);
crates/amun-constitutional-commitment/tests/verify.rs:56:    let mut tampered = commitment.constitutional_root;
crates/amun-constitutional-commitment/tests/verify.rs:59:    let result = Verifier::verify(
crates/amun-constitutional-commitment/tests/verify.rs:63:        commitment.economic_root,
crates/amun-constitutional-commitment/tests/verify.rs:65:        stored_commitment,
crates/amun-constitutional-commitment/tests/verify.rs:79:    let commitment = EndBlockPipeline::execute(id, ev, gv, &snap).unwrap();
crates/amun-constitutional-commitment/tests/verify.rs:80:    let stored_commitment = commitment_root(&commitment);
crates/amun-constitutional-commitment/tests/verify.rs:82:    let mut tampered_economic = commitment.economic_root;
crates/amun-constitutional-commitment/tests/verify.rs:85:    let result = Verifier::verify(
crates/amun-constitutional-commitment/tests/verify.rs:90:        commitment.constitutional_root,
crates/amun-constitutional-commitment/tests/verify.rs:91:        stored_commitment,
crates/amun-constitutional-commitments/src/smt.rs:109:        *h.finalize().as_bytes()
crates/amun-constitutional-commitments/src/smt.rs:117:        *h.finalize().as_bytes()
crates/amun-constitutional-commitments/src/smt.rs:125:        *h.finalize().as_bytes()
crates/amun-constitutional-commitments/src/smt.rs:131:    fn build(&self, depth: usize, keys: &[[u8; 32]]) -> [u8; 32] {
crates/amun-constitutional-commitments/src/smt.rs:141:        let left = self.build(depth + 1, &keys[..split]);
crates/amun-constitutional-commitments/src/smt.rs:142:        let right = self.build(depth + 1, &keys[split..]);
crates/amun-constitutional-commitments/src/smt.rs:169:            let sibling = self.build(depth + 1, &keys[split..]);
crates/amun-constitutional-commitments/src/smt.rs:174:            let sibling = self.build(depth + 1, &keys[..split]);
crates/amun-constitutional-commitments/src/smt.rs:60:        self.build(0, &self.sorted_keys)
crates/amun-constitutional-commitments/src/smt.rs:84:    pub fn verify(&self, root: &[u8; 32], proof: &MerkleProof) -> bool {
crates/amun-constitutional-commitments/tests/commitment_tests.rs:17:    let (s1, g1, e1) = build_domain_roots();
crates/amun-constitutional-commitments/tests/commitment_tests.rs:18:    let (s2, g2, e2) = build_domain_roots();
crates/amun-constitutional-commitments/tests/commitment_tests.rs:1:use amun_constitutional_commitments::SparseMerkleTree;
crates/amun-constitutional-commitments/tests/commitment_tests.rs:26:    let (s, g, e) = build_domain_roots();
crates/amun-constitutional-commitments/tests/commitment_tests.rs:38:    assert!(state_tree.verify(&state_root, &proof));
crates/amun-constitutional-commitments/tests/commitment_tests.rs:3:fn build_domain_roots() -> ([u8; 32], [u8; 32], [u8; 32]) {
crates/amun-constitutional-commitments/tests/commitment_tests.rs:43:    assert!(!gov_tree.verify(&gov_root, &proof));
crates/amun-constitutional-enforcement/src/constitutional_evidence.rs:109:    pub transition_valid: bool,
crates/amun-constitutional-enforcement/src/constitutional_evidence.rs:118:    pub replay_deterministic: bool,
crates/amun-constitutional-enforcement/src/constitutional_evidence.rs:147:    pub fn build(
crates/amun-constitutional-enforcement/src/constitutional_evidence.rs:149:        replay: ReplayEvidence,
crates/amun-constitutional-enforcement/src/constitutional_evidence.rs:159:            transition_valid: execution.transition_valid,
crates/amun-constitutional-enforcement/src/constitutional_evidence.rs:160:            replay_deterministic: replay.replay_deterministic,
crates/amun-constitutional-enforcement/src/constitutional_evidence.rs:17:    pub transition_valid: bool,
crates/amun-constitutional-enforcement/src/constitutional_evidence.rs:183:    fn n127a_1_builder_assembles_all_evidence() {
crates/amun-constitutional-enforcement/src/constitutional_evidence.rs:188:            transition_valid: true,
crates/amun-constitutional-enforcement/src/constitutional_evidence.rs:190:        let replay = ReplayEvidence {
crates/amun-constitutional-enforcement/src/constitutional_evidence.rs:191:            replay_deterministic: true,
crates/amun-constitutional-enforcement/src/constitutional_evidence.rs:201:        let evidence = ConstitutionalEvidenceBuilder::build(exec, replay, gov, qc, true, true);
crates/amun-constitutional-enforcement/src/constitutional_evidence.rs:204:        assert!(evidence.replay_deterministic);
crates/amun-constitutional-enforcement/src/constitutional_evidence.rs:20:    pub replay_deterministic: bool,
crates/amun-constitutional-enforcement/src/constitutional_evidence.rs:45:        replay_deterministic: bool,
crates/amun-constitutional-enforcement/src/constitutional_evidence.rs:47:        transition_valid: bool,
crates/amun-constitutional-enforcement/src/constitutional_evidence.rs:57:            replay_deterministic,
crates/amun-constitutional-enforcement/src/constitutional_evidence.rs:59:            transition_valid,
crates/amun-constitutional-enforcement/src/constitutional_evidence.rs:69:        transition_valid: bool,
crates/amun-constitutional-enforcement/src/constitutional_evidence.rs:75:            transition_valid,
crates/amun-constitutional-enforcement/src/constitutional_evidence.rs:79:    /// N127A.3: Build from replay verification.
crates/amun-constitutional-enforcement/src/constitutional_evidence.rs:80:    pub fn from_replay(replay_deterministic: bool) -> ReplayEvidence {
crates/amun-constitutional-enforcement/src/constitutional_evidence.rs:82:            replay_deterministic,
crates/amun-constitutional-enforcement/src/evidence_providers.rs:102:        replay.replay_deterministic,
crates/amun-constitutional-enforcement/src/evidence_providers.rs:104:        execution.transition_valid,
crates/amun-constitutional-enforcement/src/evidence_providers.rs:10:/// N127D: Provides execution evidence from available commit-time data.
crates/amun-constitutional-enforcement/src/evidence_providers.rs:121:        assert!(evidence.transition_valid);
crates/amun-constitutional-enforcement/src/evidence_providers.rs:125:    fn n127d_replay_provider_with_qc() {
crates/amun-constitutional-enforcement/src/evidence_providers.rs:127:        assert!(evidence.replay_deterministic);
crates/amun-constitutional-enforcement/src/evidence_providers.rs:131:    fn n127d_replay_provider_without_qc() {
crates/amun-constitutional-enforcement/src/evidence_providers.rs:133:        assert!(!evidence.replay_deterministic);
crates/amun-constitutional-enforcement/src/evidence_providers.rs:149:        assert!(evidence.replay_deterministic);
crates/amun-constitutional-enforcement/src/evidence_providers.rs:15:    /// At commit time, the QC has already verified:
crates/amun-constitutional-enforcement/src/evidence_providers.rs:17:    ///   - No double-spend (execution engine rejects before block building)
crates/amun-constitutional-enforcement/src/evidence_providers.rs:18:    ///   - State transition occurred (state_root != history_root)
crates/amun-constitutional-enforcement/src/evidence_providers.rs:29:            // State transition occurred if state differs from history
crates/amun-constitutional-enforcement/src/evidence_providers.rs:30:            transition_valid: state_root != history_root || *history_root == [0u8; 32],
crates/amun-constitutional-enforcement/src/evidence_providers.rs:35:/// N127D: Provides replay evidence.
crates/amun-constitutional-enforcement/src/evidence_providers.rs:36:/// N109.7 guarantees that every validator re-executes the block
crates/amun-constitutional-enforcement/src/evidence_providers.rs:37:/// and compares state_root before voting. QC formation = replay verified.
crates/amun-constitutional-enforcement/src/evidence_providers.rs:44:        transition_valid: bool,
crates/amun-constitutional-enforcement/src/evidence_providers.rs:47:            // QC formation = validators re-executed and agreed on state_root
crates/amun-constitutional-enforcement/src/evidence_providers.rs:48:            replay_deterministic: qc_verified && state_root_valid && transition_valid,
crates/amun-constitutional-enforcement/src/evidence_providers.rs:68:    pub fn from_quorum_certificate(block_hash: &[u8; 32], qc_verify_quorum: bool) -> QcEvidence {
crates/amun-constitutional-enforcement/src/evidence_providers.rs:71:            finality_supermajority: qc_verify_quorum,
crates/amun-constitutional-enforcement/src/evidence_providers.rs:81:    qc_verify_quorum: bool,
crates/amun-constitutional-enforcement/src/evidence_providers.rs:87:    let replay = ReplayEvidenceProvider::from_qc_and_state(
crates/amun-constitutional-enforcement/src/evidence_providers.rs:88:        qc_verify_quorum,
crates/amun-constitutional-enforcement/src/evidence_providers.rs:90:        execution.transition_valid,
crates/amun-constitutional-enforcement/src/evidence_providers.rs:93:    let qc = QcEvidenceProvider::from_quorum_certificate(block_hash, qc_verify_quorum);
crates/amun-constitutional-enforcement/src/evidence_records.rs:106:    pub replay_evidence: ReplayEvidence,
crates/amun-constitutional-enforcement/src/evidence_records.rs:114:    pub transition_valid: bool,
crates/amun-constitutional-enforcement/src/evidence_records.rs:129:        replay_evidence: ReplayEvidence,
crates/amun-constitutional-enforcement/src/evidence_records.rs:135:        transition_valid: bool,
crates/amun-constitutional-enforcement/src/evidence_records.rs:143:            replay_evidence,
crates/amun-constitutional-enforcement/src/evidence_records.rs:149:            transition_valid,
crates/amun-constitutional-enforcement/src/evidence_records.rs:152:        record.evidence_hash = record.compute_hash();
crates/amun-constitutional-enforcement/src/evidence_records.rs:156:    fn compute_hash(&self) -> [u8; 32] {
crates/amun-constitutional-enforcement/src/evidence_records.rs:164:        hasher.finalize().into()
crates/amun-constitutional-enforcement/src/evidence_records.rs:168:    pub fn verify(&self) -> bool {
crates/amun-constitutional-enforcement/src/evidence_records.rs:169:        self.compute_hash() == self.evidence_hash
crates/amun-constitutional-enforcement/src/evidence_records.rs:204:    fn n128_replay_evidence_deterministic() {
crates/amun-constitutional-enforcement/src/evidence_records.rs:211:    fn n128_replay_evidence_divergent() {
crates/amun-constitutional-enforcement/src/evidence_records.rs:233:        assert!(record.verify());
crates/amun-constitutional-enforcement/src/evidence_records.rs:253:        assert!(!record.verify());
crates/amun-constitutional-enforcement/src/evidence_records.rs:4:// Each record can be independently verified and cryptographically validated.
crates/amun-constitutional-enforcement/src/evidence_records.rs:72:/// N128: Structured replay evidence.
crates/amun-constitutional-enforcement/src/evidence_records.rs:78:    /// State root from replay execution
crates/amun-constitutional-enforcement/src/evidence_records.rs:80:    pub replay_state_root: [u8; 32],
crates/amun-constitutional-enforcement/src/evidence_records.rs:86:    pub fn new(original: [u8; 32], replay: [u8; 32]) -> Self {
crates/amun-constitutional-enforcement/src/evidence_records.rs:89:            replay_state_root: replay,
crates/amun-constitutional-enforcement/src/evidence_records.rs:90:            deterministic: original == replay,
crates/amun-constitutional-enforcement/src/lib.rs:131:        replay_deterministic: bool,
crates/amun-constitutional-enforcement/src/lib.rs:133:        transition_valid: bool,
crates/amun-constitutional-enforcement/src/lib.rs:170:                replay_deterministic,
crates/amun-constitutional-enforcement/src/lib.rs:180:                transition_valid,
crates/amun-constitutional-enforcement/src/lib.rs:181:                "Invalid transition",
crates/amun-constitutional-enforcement/src/lib.rs:36:pub mod state_transition;
crates/amun-constitutional-enforcement/src/lib.rs:93:            evidence.replay_deterministic,
crates/amun-constitutional-enforcement/src/lib.rs:95:            evidence.transition_valid,
crates/amun-constitutional-enforcement/src/proof_engine.rs:102:        replay_root: &[u8; 32],
crates/amun-constitutional-enforcement/src/proof_engine.rs:107:        transition_valid: bool,
crates/amun-constitutional-enforcement/src/proof_engine.rs:113:        if !Self::verify_state_root_integrity(block_state_root, execution_state_root) {
crates/amun-constitutional-enforcement/src/proof_engine.rs:126:        if !Self::verify_chain_continuity(block_parent, tip_hash) {
crates/amun-constitutional-enforcement/src/proof_engine.rs:135:        if !Self::verify_signatures(transactions) {
crates/amun-constitutional-enforcement/src/proof_engine.rs:144:        if !Self::verify_no_double_spend(sender_nonce_pairs) {
crates/amun-constitutional-enforcement/src/proof_engine.rs:14:    pub fn verify_state_root_integrity(
crates/amun-constitutional-enforcement/src/proof_engine.rs:153:        if !Self::verify_slashing_evidence_binding(evidence_ids, evidence_available) {
crates/amun-constitutional-enforcement/src/proof_engine.rs:162:        if !Self::verify_validator_governance(governance_approved) {
crates/amun-constitutional-enforcement/src/proof_engine.rs:171:        if !Self::verify_replay_determinism(original_root, replay_root) {
crates/amun-constitutional-enforcement/src/proof_engine.rs:180:        if !Self::verify_finality_supermajority(approval_power, total_power) {
crates/amun-constitutional-enforcement/src/proof_engine.rs:192:        if !Self::verify_state_transition(pre_state_root, post_state_root, transition_valid) {
crates/amun-constitutional-enforcement/src/proof_engine.rs:195:                description: "State transition is invalid".into(),
crates/amun-constitutional-enforcement/src/proof_engine.rs:201:        if !Self::verify_evidence_validity(evidence_hash_valid) {
crates/amun-constitutional-enforcement/src/proof_engine.rs:21:    /// Verify chain continuity: block must build on the previous block.
crates/amun-constitutional-enforcement/src/proof_engine.rs:22:    pub fn verify_chain_continuity(block_parent: &[u8; 32], tip_hash: &[u8; 32]) -> bool {
crates/amun-constitutional-enforcement/src/proof_engine.rs:235:            &[0x11; 32], // replay matches
crates/amun-constitutional-enforcement/src/proof_engine.rs:268:            &root, // replay matches
crates/amun-constitutional-enforcement/src/proof_engine.rs:29:    pub fn verify_signatures(transactions: &[([u8; 32], Vec<u8>, [u8; 64])]) -> bool {
crates/amun-constitutional-enforcement/src/proof_engine.rs:31:            if !amun_validator_identity::verify_ed25519(&sender, payload, signature) {
crates/amun-constitutional-enforcement/src/proof_engine.rs:41:    pub fn verify_no_double_spend(sender_nonce_pairs: &[([u8; 32], u64)]) -> bool {
crates/amun-constitutional-enforcement/src/proof_engine.rs:52:    pub fn verify_slashing_evidence_binding(
crates/amun-constitutional-enforcement/src/proof_engine.rs:60:    pub fn verify_validator_governance(governance_approved: bool) -> bool {
crates/amun-constitutional-enforcement/src/proof_engine.rs:64:    /// Verify replay determinism: replaying the block produces the same state root.
crates/amun-constitutional-enforcement/src/proof_engine.rs:65:    pub fn verify_replay_determinism(original_root: &[u8; 32], replay_root: &[u8; 32]) -> bool {
crates/amun-constitutional-enforcement/src/proof_engine.rs:66:        original_root == replay_root
crates/amun-constitutional-enforcement/src/proof_engine.rs:70:    pub fn verify_finality_supermajority(approval_power: u64, total_power: u64) -> bool {
crates/amun-constitutional-enforcement/src/proof_engine.rs:74:    /// Verify state transition validity.
crates/amun-constitutional-enforcement/src/proof_engine.rs:75:    pub fn verify_state_transition(
crates/amun-constitutional-enforcement/src/proof_engine.rs:78:        transition_valid: bool,
crates/amun-constitutional-enforcement/src/proof_engine.rs:80:        pre_state_root != post_state_root && transition_valid
crates/amun-constitutional-enforcement/src/proof_engine.rs:84:    pub fn verify_evidence_validity(evidence_hash_valid: bool) -> bool {
crates/amun-constitutional-enforcement/src/state_transition.rs:107:    let post_state_root = execute_fn();
crates/amun-constitutional-enforcement/src/state_transition.rs:108:    let replay_root = replay_fn();
crates/amun-constitutional-enforcement/src/state_transition.rs:114:        replay_root,
crates/amun-constitutional-enforcement/src/state_transition.rs:119:    result.verify(height)
crates/amun-constitutional-enforcement/src/state_transition.rs:127:    fn n126_identical_execution_and_replay_is_constitutional() {
crates/amun-constitutional-enforcement/src/state_transition.rs:12:    /// The pre-state root before the transition
crates/amun-constitutional-enforcement/src/state_transition.rs:131:        let verdict = verify_state_transition(
crates/amun-constitutional-enforcement/src/state_transition.rs:135:            || post_root,          // replay matches
crates/amun-constitutional-enforcement/src/state_transition.rs:142:    fn n126_replay_divergence_is_unconstitutional() {
crates/amun-constitutional-enforcement/src/state_transition.rs:145:        let wrong_replay = [0xFF; 32];
crates/amun-constitutional-enforcement/src/state_transition.rs:147:        let verdict = verify_state_transition(
crates/amun-constitutional-enforcement/src/state_transition.rs:151:            || wrong_replay, // replay differs!
crates/amun-constitutional-enforcement/src/state_transition.rs:160:            _ => panic!("Expected Unconstitutional for replay divergence"),
crates/amun-constitutional-enforcement/src/state_transition.rs:167:        let verdict = verify_state_transition(
crates/amun-constitutional-enforcement/src/state_transition.rs:16:    /// The replay state root (independently computed)
crates/amun-constitutional-enforcement/src/state_transition.rs:17:    pub replay_root: [u8; 32],
crates/amun-constitutional-enforcement/src/state_transition.rs:27:    /// N126: Create from the raw data produced by execution and replay.
crates/amun-constitutional-enforcement/src/state_transition.rs:31:        replay_root: [u8; 32],
crates/amun-constitutional-enforcement/src/state_transition.rs:38:            replay_root,
crates/amun-constitutional-enforcement/src/state_transition.rs:3:// Verifies that state transitions are deterministic and
crates/amun-constitutional-enforcement/src/state_transition.rs:45:    /// N126: Verify the state transition constitutionally.
crates/amun-constitutional-enforcement/src/state_transition.rs:46:    pub fn verify(&self, height: u64) -> ConstitutionalVerdict {
crates/amun-constitutional-enforcement/src/state_transition.rs:49:        // N126.1: State transition must change state (empty blocks are valid but rare)
crates/amun-constitutional-enforcement/src/state_transition.rs:4:// constitutionally valid. Replaces the `transition_valid: bool`
crates/amun-constitutional-enforcement/src/state_transition.rs:55:        if self.post_state_root != self.replay_root {
crates/amun-constitutional-enforcement/src/state_transition.rs:59:                    "Replay divergence: execution={:02x?} replay={:02x?}",
crates/amun-constitutional-enforcement/src/state_transition.rs:5:// parameter with real execution and replay verification.
crates/amun-constitutional-enforcement/src/state_transition.rs:61:                    &self.replay_root[..4]
crates/amun-constitutional-enforcement/src/state_transition.rs:87:/// N126: Execute and verify a state transition constitutionally.
crates/amun-constitutional-enforcement/src/state_transition.rs:89:/// This function takes the pre-state, executes a block, replays it,
crates/amun-constitutional-enforcement/src/state_transition.rs:92:/// `execute_fn` is the actual execution function that produces post_state_root.
crates/amun-constitutional-enforcement/src/state_transition.rs:93:/// `replay_fn` is the independent replay that must produce the same root.
crates/amun-constitutional-enforcement/src/state_transition.rs:95:pub fn verify_state_transition<F, R, S>(
crates/amun-constitutional-enforcement/src/state_transition.rs:98:    execute_fn: F,
crates/amun-constitutional-enforcement/src/state_transition.rs:99:    replay_fn: R,
crates/amun-constitutional-enforcement/src/state_transition.rs:9:/// N126: Result of verifying a state transition.
crates/amun-constitutional-evidence/src/lib.rs:23:/// - `state_root`: The finalized state hash `H` that this context is anchored to.
crates/amun-constitutional-evidence/src/lib.rs:31:/// Represents constitutional evidence submitted to authorize a state transition.
crates/amun-constitutional-evidence/src/lib.rs:50:/// transition it authorizes is legitimate. `false` otherwise.
crates/amun-constitutional-geometry/src/curvature.rs:23:/// caused by replay divergence.
crates/amun-constitutional-geometry/src/curvature.rs:32:    pub fn new(divergence_count: u64, total_transitions: u64) -> Self {
crates/amun-constitutional-geometry/src/curvature.rs:33:        let curvature = if total_transitions > 0 {
crates/amun-constitutional-geometry/src/curvature.rs:34:            divergence_count as f64 / total_transitions as f64
crates/amun-constitutional-geometry/src/fields.rs:41:            tensor.replay_distance,
crates/amun-constitutional-geometry/src/flow_dynamics.rs:28:    /// Attraction toward replay determinism
crates/amun-constitutional-geometry/src/flow_dynamics.rs:57:    pub fn compute_total_force(&mut self) {
crates/amun-constitutional-geometry/src/flow_dynamics.rs:94:        self.compute_total_force();
crates/amun-constitutional-geometry/src/horizons.rs:15:    /// Replay horizon: replay divergence has made reconciliation impossible
crates/amun-constitutional-geometry/src/metric_tensor.rs:3:/// distances are computed at EACH point in the space. The metric
crates/amun-constitutional-geometry/src/metric_tensor.rs:49:    pub fn apply_gravitational_mass(&mut self, invariant_mass: f64, at_dimension: usize) {
crates/amun-constitutional-geometry/src/metric_tensor.rs:54:            self.recompute_determinant();
crates/amun-constitutional-geometry/src/metric_tensor.rs:58:    fn recompute_determinant(&mut self) {
crates/amun-constitutional-geometry/src/metric_tensor.rs:9:    /// The 7x7 metric tensor (physics, replay, lineage, temporal,
crates/amun-constitutional-geometry/src/metrics.rs:11:    /// Distance in replay space (replay guarantee compatibility)
crates/amun-constitutional-geometry/src/metrics.rs:12:    pub replay_distance: f64,
crates/amun-constitutional-geometry/src/metrics.rs:35:            replay_distance: 0.0,
crates/amun-constitutional-geometry/src/metrics.rs:47:            + self.replay_distance.powi(2)
crates/amun-constitutional-geometry/src/metrics.rs:75:    pub fn compute(local: &ConstitutionalIdentity, remote: &ConstitutionalIdentity) -> Self {
crates/amun-constitutional-geometry/src/metrics.rs:90:        // Replay distance: can replay be preserved?
crates/amun-constitutional-geometry/src/metrics.rs:92:            tensor.replay_distance = 20.0;
crates/amun-constitutional-geometry/src/metrics.rs:99:        let requires_causal_jump = tensor.replay_distance > 30.0;
crates/amun-constitutional-geometry/src/trajectories.rs:30:    /// Move along the trajectory by applying a constitutional delta.
crates/amun-constitutional-geometry/src/trajectories.rs:31:    pub fn apply_delta(&mut self, delta_tensor: &DistanceTensor, new_point: [u8; 32]) {
crates/amun-constitutional-governance/src/capability.rs:15:    pub subject_verifying_key_hex: String, // who holds this capability
crates/amun-constitutional-governance/src/capability.rs:30:        *hasher.finalize().as_bytes()
crates/amun-constitutional-governance/src/capability.rs:48:            subject_verifying_key_hex: subject_public_key_hex,
crates/amun-constitutional-governance/src/capability.rs:53:        let id = tmp.compute_id();
crates/amun-constitutional-governance/src/capability.rs:5:use amun_constitution_builder::{canonical_bytes::CanonicalSerialize, digest::ArtifactDigest};
crates/amun-constitutional-governance/src/capability.rs:64:    fn compute_id(&self) -> String {
crates/amun-constitutional-governance/src/capability.rs:68:        hex::encode(hasher.finalize().as_bytes())
crates/amun-constitutional-governance/src/delegation.rs:10:pub fn verify_delegation_chain(
crates/amun-constitutional-governance/src/delegation.rs:20:        .verify()
crates/amun-constitutional-governance/src/delegation.rs:22:    if first.signature.verifying_key_hex != root_public_key_hex {
crates/amun-constitutional-governance/src/delegation.rs:31:        let prev_subject_key = &prev.artifact.subject_verifying_key_hex;
crates/amun-constitutional-governance/src/delegation.rs:32:        if &curr.signature.verifying_key_hex != prev_subject_key {
crates/amun-constitutional-governance/src/delegation.rs:39:        curr.verify()
crates/amun-constitutional-governance/src/lib.rs:15://! model formal and replay-verifiable.
crates/amun-constitutional-governance/src/lib.rs:7://! This crate provides the building blocks for replay-safe,
crates/amun-constitutional-governance/src/voting.rs:45:        let id = tmp.compute_id();
crates/amun-constitutional-governance/src/voting.rs:56:    fn compute_id(&self) -> String {
crates/amun-constitutional-governance/src/voting.rs:60:        hex::encode(hasher.finalize().as_bytes())
crates/amun-constitutional-governance/src/voting.rs:6:use amun_constitution_builder::canonical_bytes::CanonicalSerialize;
crates/amun-constitutional-governance/src/voting.rs:7:use amun_constitution_builder::digest::ArtifactDigest;
crates/amun-constitutional-governance/src/voting.rs:92:    pub fn compute(proposal: &Proposal, ballots: &[Ballot], eligible_voters: &[String]) -> Self {
crates/amun-constitutional-governance/tests/governance_tests.rs:134:    let tally = Tally::compute(&proposal, &ballots, &eligible);
crates/amun-constitutional-governance/tests/governance_tests.rs:140:    let tally2 = Tally::compute(&proposal, &ballots, &eligible);
crates/amun-constitutional-governance/tests/governance_tests.rs:15:        key.verifying_key_hex(),
crates/amun-constitutional-governance/tests/governance_tests.rs:1:use amun_constitution_builder::digest::ArtifactDigest;
crates/amun-constitutional-governance/tests/governance_tests.rs:23:        key.verifying_key_hex(),
crates/amun-constitutional-governance/tests/governance_tests.rs:41:        delegate1_key.verifying_key_hex(),
crates/amun-constitutional-governance/tests/governance_tests.rs:51:        delegate2_key.verifying_key_hex(),
crates/amun-constitutional-governance/tests/governance_tests.rs:59:    assert!(delegation::verify_delegation_chain(&chain, &root_key.verifying_key_hex()).is_ok());
crates/amun-constitutional-governance/tests/governance_tests.rs:77:    assert!(delegation::verify_delegation_chain(&chain, &root_key.verifying_key_hex()).is_err());
crates/amun-constitutional-integration/src/bin/n47_8_production_replay.rs:152:            if cert.verify() {
crates/amun-constitutional-integration/src/bin/n47_8_production_replay.rs:24:        println!("  This replay requires real AmunChain execution data.");
crates/amun-constitutional-integration/src/bin/n47_8_production_replay.rs:33:        println!("  Skipping production replay — N47.8 deferred.");
crates/amun-constitutional-integration/src/lib.rs:101:            "forall fc in FinalityCertificate : verify_signatures(fc) = true",
crates/amun-constitutional-integration/src/lib.rs:13:    pub fn build_obligation_registry() -> ObligationRegistry {
crates/amun-constitutional-integration/src/lib.rs:162:                "Replay results must match finalized state",
crates/amun-constitutional-integration/src/lib.rs:20:            "No conflicting finalized blocks at same height",
crates/amun-constitutional-integration/src/lib.rs:319:        let data_hash = hex::encode(hasher.finalize().as_bytes());
crates/amun-constitutional-integration/src/lib.rs:325:            cert.issued_at,
crates/amun-constitutional-integration/src/lib.rs:346:        let registry = Self::build_obligation_registry();
crates/amun-constitutional-integration/src/lib.rs:349:            if !cert.verify() {
crates/amun-constitutional-integration/src/lib.rs:424:        VerificationCertificate::issue(
crates/amun-constitutional-integration/src/lib.rs:449:    fn n47_7_build_obligation_registry() {
crates/amun-constitutional-integration/src/lib.rs:450:        let reg = ConstitutionalBridge::build_obligation_registry();
crates/amun-constitutional-integration/src/lib.rs:50:            "Every finalized block has replay evidence",
crates/amun-constitutional-integration/src/lib.rs:51:            "forall b in Finalized : exists replay_certificate(b)",
crates/amun-constitutional-integration/src/lib.rs:70:            "Every replay certificate maps to evidence",
crates/amun-constitutional-integration/src/lib.rs:71:            "forall rc in ReplayCertificate : exists ev in EvidenceRoot : ev.replay = rc",
crates/amun-constitutional-integration/src/lib.rs:90:            "Every finalized block has finality certificate",
crates/amun-constitutional-kernel/src/amendment.rs:13:/// Activates an approved amendment by applying its state transition.
crates/amun-constitutional-kernel/src/amendment.rs:52:        let (version, _receipt) = machine.transition(
crates/amun-constitutional-kernel/src/context.rs:9:/// that authorises it and the epoch in which it executes.
crates/amun-constitutional-kernel/src/enforcer.rs:8:/// The CapabilityEnforcer validates that an operation is authorised by
crates/amun-constitutional-kernel/src/lib.rs:14://! - Replay-safe receipts: every transition leaves a verifiable proof.
crates/amun-constitutional-kernel/src/lib.rs:8://! constitutional authority during state transitions.  Every operation
crates/amun-constitutional-kernel/src/receipt.rs:42:        let id = tmp.compute_id();
crates/amun-constitutional-kernel/src/receipt.rs:53:    fn compute_id(&self) -> String {
crates/amun-constitutional-kernel/src/receipt.rs:57:        hex::encode(hasher.finalize().as_bytes())
crates/amun-constitutional-kernel/src/receipt.rs:5:use amun_constitution_builder::{canonical_bytes::CanonicalSerialize, digest::ArtifactDigest};
crates/amun-constitutional-kernel/src/receipt.rs:8:/// An execution receipt proves that a state transition occurred under
crates/amun-constitutional-kernel/src/state_machine.rs:26:    pub fn apply(&self, updates: BTreeMap<String, String>) -> Self {
crates/amun-constitutional-kernel/src/state_machine.rs:55:    pub fn transition(
crates/amun-constitutional-kernel/src/state_machine.rs:66:        self.state = self.state.apply(updates);
crates/amun-constitutional-kernel/tests/kernel_tests.rs:104:    let (ctx, capabilities, _) = build_test_context();
crates/amun-constitutional-kernel/tests/kernel_tests.rs:12:fn build_test_context() -> (
crates/amun-constitutional-kernel/tests/kernel_tests.rs:137:    let (ctx, capabilities, _) = build_test_context();
crates/amun-constitutional-kernel/tests/kernel_tests.rs:144:        "kernel transition".into(),
crates/amun-constitutional-kernel/tests/kernel_tests.rs:178:    let tally = Tally::compute(&proposal, &ballots, &eligible);
crates/amun-constitutional-kernel/tests/kernel_tests.rs:19:        key.verifying_key_hex(),
crates/amun-constitutional-kernel/tests/kernel_tests.rs:30:            key.verifying_key_hex(),
crates/amun-constitutional-kernel/tests/kernel_tests.rs:38:            key.verifying_key_hex(),
crates/amun-constitutional-kernel/tests/kernel_tests.rs:52:    let (ctx, capabilities, _) = build_test_context();
crates/amun-constitutional-kernel/tests/kernel_tests.rs:58:        .transition(
crates/amun-constitutional-kernel/tests/kernel_tests.rs:65:        .expect("transition should succeed");
crates/amun-constitutional-kernel/tests/kernel_tests.rs:70:        .transition(
crates/amun-constitutional-kernel/tests/kernel_tests.rs:77:        .expect("transition should succeed");
crates/amun-constitutional-kernel/tests/kernel_tests.rs:86:    let (ctx, _capabilities, _) = build_test_context();
crates/amun-constitutional-kernel/tests/kernel_tests.rs:92:    let result = machine.transition(
crates/amun-constitutional-proof/src/article_i_certificate.rs:25:    pub issued_at: u64,
crates/amun-constitutional-proof/src/article_i_certificate.rs:29:    /// Try to issue an Article I certificate by inspecting the registry.
crates/amun-constitutional-proof/src/article_i_certificate.rs:32:    pub fn issue(registry: &ObligationRegistry, issued_at: u64) -> Option<Self> {
crates/amun-constitutional-proof/src/article_i_certificate.rs:65:        // Build a temporary graph from the registry and validate
crates/amun-constitutional-proof/src/article_i_certificate.rs:75:        let derived_ok = graph.validate_derived_terminate_in_primary(&kinds).is_ok();
crates/amun-constitutional-proof/src/article_i_certificate.rs:94:            issued_at,
crates/amun-constitutional-proof/src/article_iii_certificate.rs:19:    pub issued_at: u64,
crates/amun-constitutional-proof/src/article_iii_certificate.rs:23:    pub fn issue(archive: &EvidenceArchive, issued_at: u64) -> Option<Self> {
crates/amun-constitutional-proof/src/article_iii_certificate.rs:37:            issued_at,
crates/amun-constitutional-proof/src/certification.rs:127:    fn gate_c4_all_phase_verdicts_issued(verdicts: &[ConstitutionalVerdict]) -> GateResult {
crates/amun-constitutional-proof/src/certification.rs:133:            description: "All phase verdicts issued".into(),
crates/amun-constitutional-proof/src/certification.rs:24:    pub issued_at: u64,
crates/amun-constitutional-proof/src/certification.rs:25:    pub issued_by: String,
crates/amun-constitutional-proof/src/certification.rs:40:        issued_at: u64,
crates/amun-constitutional-proof/src/certification.rs:41:        issued_by: String,
crates/amun-constitutional-proof/src/certification.rs:47:            Self::gate_c4_all_phase_verdicts_issued(verdicts),
crates/amun-constitutional-proof/src/certification.rs:75:            issued_at,
crates/amun-constitutional-proof/src/certification.rs:76:            issued_by,
crates/amun-constitutional-proof/src/constitutional_verdict.rs:124:        hex::encode(hasher.finalize().as_bytes())
crates/amun-constitutional-proof/src/constitutional_verdict.rs:28:    pub issued_at: u64,
crates/amun-constitutional-proof/src/constitutional_verdict.rs:31:    /// Hash computed over the immutable identity and results of the verdict.
crates/amun-constitutional-proof/src/constitutional_verdict.rs:32:    /// Excludes `evidence_refs` so that the same verdict can be validated
crates/amun-constitutional-proof/src/constitutional_verdict.rs:46:        issued_at: u64,
crates/amun-constitutional-proof/src/constitutional_verdict.rs:67:            issued_at,
crates/amun-constitutional-proof/src/constitutional_verdict.rs:72:        verdict.verdict_hash = verdict.compute_hash();
crates/amun-constitutional-proof/src/constitutional_verdict.rs:77:    pub fn verify(&self) -> bool {
crates/amun-constitutional-proof/src/constitutional_verdict.rs:78:        self.verdict_hash == self.compute_hash()
crates/amun-constitutional-proof/src/constitutional_verdict.rs:7:/// A constitutional verdict issued after evaluating a set of proof obligations.
crates/amun-constitutional-proof/src/constitutional_verdict.rs:88:    fn compute_hash(&self) -> String {
crates/amun-constitutional-proof/src/constitutional_verdict.rs:94:        hasher.update(&self.issued_at.to_le_bytes());
crates/amun-constitutional-proof/src/dependency_graph.rs:79:    pub fn validate_derived_terminate_in_primary(
crates/amun-constitutional-proof/src/evidence_archive.rs:82:    pub fn verify(&mut self, evidence_id: &str) -> Result<(), String> {
crates/amun-constitutional-proof/src/evidence_archive.rs:88:            return Err("cannot verify rejected evidence".into());
crates/amun-constitutional-proof/src/evidence_type.rs:8:    #[serde(rename = "replay")]
crates/amun-constitutional-proof/src/lib.rs:1114:    fn n47_3_s1_verify_and_archive() {
crates/amun-constitutional-proof/src/lib.rs:1120:        archive.verify("EV-LIFECYCLE").unwrap();
crates/amun-constitutional-proof/src/lib.rs:1165:        assert!(archive.verify("EV-REJ").is_err());
crates/amun-constitutional-proof/src/lib.rs:1335:    fn n47_3_cert_issue() {
crates/amun-constitutional-proof/src/lib.rs:1349:        let cert = ArticleIIICertificate::issue(&archive, 1000);
crates/amun-constitutional-proof/src/lib.rs:1357:        assert!(ArticleIIICertificate::issue(&archive, 1000).is_none());
crates/amun-constitutional-proof/src/lib.rs:1476:        assert!(pkg.verify());
crates/amun-constitutional-proof/src/lib.rs:1522:        assert!(pkg.verify());
crates/amun-constitutional-proof/src/lib.rs:181:            "No conflicting finalized blocks at same height",
crates/amun-constitutional-proof/src/lib.rs:215:    fn n47_1_s1_status_builder() {
crates/amun-constitutional-proof/src/lib.rs:325:        assert!(graph.validate_derived_terminate_in_primary(&kinds).is_ok());
crates/amun-constitutional-proof/src/lib.rs:340:        let result = graph.validate_derived_terminate_in_primary(&kinds);
crates/amun-constitutional-proof/src/lib.rs:469:    fn n47_1_cert_issue_success() {
crates/amun-constitutional-proof/src/lib.rs:484:        let cert = ArticleICertificate::issue(&reg, 1000);
crates/amun-constitutional-proof/src/lib.rs:510:        assert!(ArticleICertificate::issue(&reg, 1000).is_none());
crates/amun-constitutional-proof/src/lib.rs:529:        assert!(ArticleICertificate::issue(&reg, 1000).is_none());
crates/amun-constitutional-proof/src/lib.rs:547:        let reason = FailureReason::new("MISSING_EVIDENCE", "No replay data found");
crates/amun-constitutional-proof/src/lib.rs:612:        assert!(verdict.verify());
crates/amun-constitutional-proof/src/lib.rs:676:    fn n47_2_s1_compute_verdict_hash() {
crates/amun-constitutional-proof/src/lib.rs:730:        assert!(parsed.verify());
crates/amun-constitutional-proof/src/lib.rs:833:            FailureReason::new("MIN", "minor issue"),
crates/amun-constitutional-proof/src/lib.rs:987:            "amun-replay-engine".into(),
crates/amun-constitutional-proof/src/obligation_namespace.rs:9:    #[serde(rename = "replay")]
crates/amun-constitutional-proof/src/obligation_registry.rs:116:    fn build_graph_from_registry(&self) -> DependencyGraph {
crates/amun-constitutional-proof/src/obligation_registry.rs:50:        self.graph.validate_derived_terminate_in_primary(&kinds)?;
crates/amun-constitutional-proof/src/obligation_registry.rs:53:            self.graph = self.build_graph_from_registry();
crates/amun-constitutional-proof/src/publication_package.rs:104:    fn compute_package_hash(&self) -> String {
crates/amun-constitutional-proof/src/publication_package.rs:114:        hex::encode(hasher.finalize().as_bytes())
crates/amun-constitutional-proof/src/publication_package.rs:122:        hex::encode(hasher.finalize().as_bytes())
crates/amun-constitutional-proof/src/publication_package.rs:78:        pkg.package_hash = pkg.compute_package_hash();
crates/amun-constitutional-proof/src/publication_package.rs:7:/// required to independently verify the N47 results.
crates/amun-constitutional-proof/src/publication_package.rs:88:    pub fn verify(&self) -> bool {
crates/amun-constitutional-proof/src/publication_package.rs:89:        self.package_hash == self.compute_package_hash()
crates/amun-constitutional-proof/src/verdict_evaluator.rs:21:    /// computed according to the constitutional rules.
crates/amun-constitutional-proof/src/verdict_evaluator.rs:29:        issued_at: u64,
crates/amun-constitutional-proof/src/verdict_evaluator.rs:32:        let overall = Self::compute_overall_result(obligations, &results);
crates/amun-constitutional-proof/src/verdict_evaluator.rs:40:            issued_at,
crates/amun-constitutional-proof/src/verdict_evaluator.rs:47:    pub fn compute_overall_result(
crates/amun-constitutional-quarantine/src/levels.rs:25:    pub replay_verified: bool,
crates/amun-constitutional-quarantine/src/pipeline.rs:34:    pub fn verify_physics(&mut self, snapshot_root: [u8; 32], passed: bool) {
crates/amun-constitutional-quarantine/src/pipeline.rs:38:            replay_verified: false,
crates/amun-constitutional-quarantine/src/pipeline.rs:47:    pub fn verify_replay(&mut self, snapshot_root: [u8; 32], passed: bool) {
crates/amun-constitutional-quarantine/src/pipeline.rs:54:            record.replay_verified = passed;
crates/amun-constitutional-quarantine/src/pipeline.rs:61:    pub fn verify_lineage(&mut self, snapshot_root: [u8; 32], passed: bool) {
crates/amun-constitutional-runtime/src/block_validator.rs:117:                    pre_state_root: registry.compute_state_root(),
crates/amun-constitutional-runtime/src/block_validator.rs:125:            ConstitutionalBlockValidator::validate_block(&programs, &mut registry, &[]).unwrap();
crates/amun-constitutional-runtime/src/block_validator.rs:129:        assert_eq!(result.committed, 5);
crates/amun-constitutional-runtime/src/block_validator.rs:14:    pub committed: usize,
crates/amun-constitutional-runtime/src/block_validator.rs:166:                    pre_state_root: registry.compute_state_root(),
crates/amun-constitutional-runtime/src/block_validator.rs:174:            ConstitutionalBlockValidator::validate_block(&programs, &mut registry, &[]).unwrap();
crates/amun-constitutional-runtime/src/block_validator.rs:178:        assert_eq!(result.committed, 5);
crates/amun-constitutional-runtime/src/block_validator.rs:186:        let _root_before = registry.compute_state_root();
crates/amun-constitutional-runtime/src/block_validator.rs:200:                    pre_state_root: registry.compute_state_root(),
crates/amun-constitutional-runtime/src/block_validator.rs:208:            ConstitutionalBlockValidator::validate_block(&programs, &mut registry, &[]).unwrap();
crates/amun-constitutional-runtime/src/block_validator.rs:212:        assert_eq!(result.state_root, registry.compute_state_root());
crates/amun-constitutional-runtime/src/block_validator.rs:29:    pub fn validate_block(
crates/amun-constitutional-runtime/src/block_validator.rs:36:        let mut committed = 0;
crates/amun-constitutional-runtime/src/block_validator.rs:42:            let result = ConstitutionalRuntime::execute(
crates/amun-constitutional-runtime/src/block_validator.rs:57:                    committed += 1;
crates/amun-constitutional-runtime/src/block_validator.rs:71:        let state_root = registry.compute_state_root();
crates/amun-constitutional-runtime/src/block_validator.rs:76:            committed,
crates/amun-constitutional-runtime/src/certificate_chain.rs:103:    use amun_transition_proof::transition_proof::TransitionProof;
crates/amun-constitutional-runtime/src/certificate_chain.rs:119:            committed: 1,
crates/amun-constitutional-runtime/src/certificate_chain.rs:126:        let transitions = vec![TransitionProof::new(
crates/amun-constitutional-runtime/src/certificate_chain.rs:139:        let mut cert = ConstitutionalFinalityCertificate::issue(
crates/amun-constitutional-runtime/src/certificate_chain.rs:141:            transitions,
crates/amun-constitutional-runtime/src/certificate_chain.rs:147:        cert.certificate_hash = cert.compute_hash();
crates/amun-constitutional-runtime/src/certificate_chain.rs:158:        assert!(chain.verify_chain());
crates/amun-constitutional-runtime/src/certificate_chain.rs:17:        if !certificates[0].verify() {
crates/amun-constitutional-runtime/src/certificate_chain.rs:186:        assert!(!chain.verify_chain());
crates/amun-constitutional-runtime/src/certificate_chain.rs:210:        assert!(!chain.verify_chain());
crates/amun-constitutional-runtime/src/certificate_chain.rs:21:            if !certificates[i].verify() {
crates/amun-constitutional-runtime/src/certificate_chain.rs:35:        let chain_root = Self::compute_chain_root(&certificates);
crates/amun-constitutional-runtime/src/certificate_chain.rs:44:    pub fn verify_chain(&self) -> bool {
crates/amun-constitutional-runtime/src/certificate_chain.rs:49:            if !cert.verify() {
crates/amun-constitutional-runtime/src/certificate_chain.rs:60:        Self::compute_chain_root(&self.certificates) == self.chain_root
crates/amun-constitutional-runtime/src/certificate_chain.rs:64:        self.verify_chain()
crates/amun-constitutional-runtime/src/certificate_chain.rs:79:    fn compute_chain_root(
crates/amun-constitutional-runtime/src/certificate_chain.rs:90:        let hash = hasher.finalize();
crates/amun-constitutional-runtime/src/finality_certificate.rs:109:    pub fn compute_evidence_root(transitions: &[TransitionProof]) -> [u8; 32] {
crates/amun-constitutional-runtime/src/finality_certificate.rs:110:        let ids: Vec<[u8; 32]> = transitions
crates/amun-constitutional-runtime/src/finality_certificate.rs:114:        Self::compute_merkle_root(ids)
crates/amun-constitutional-runtime/src/finality_certificate.rs:117:    pub fn compute_pccv_root(transitions: &[TransitionProof]) -> [u8; 32] {
crates/amun-constitutional-runtime/src/finality_certificate.rs:118:        let hashes: Vec<[u8; 32]> = transitions
crates/amun-constitutional-runtime/src/finality_certificate.rs:124:                let hash = hasher.finalize();
crates/amun-constitutional-runtime/src/finality_certificate.rs:130:        Self::compute_merkle_root(hashes)
crates/amun-constitutional-runtime/src/finality_certificate.rs:150:    fn n52_issue_finality_certificate() {
crates/amun-constitutional-runtime/src/finality_certificate.rs:165:                    pre_state_root: registry.compute_state_root(),
crates/amun-constitutional-runtime/src/finality_certificate.rs:172:            ConstitutionalBlockValidator::validate_block(&programs, &mut registry, &[]).unwrap();
crates/amun-constitutional-runtime/src/finality_certificate.rs:173:        let transitions = vec![TransitionProof::new(
crates/amun-constitutional-runtime/src/finality_certificate.rs:17:    pub transitions: Vec<TransitionProof>,
crates/amun-constitutional-runtime/src/finality_certificate.rs:186:        let cert = ConstitutionalFinalityCertificate::issue(
crates/amun-constitutional-runtime/src/finality_certificate.rs:188:            transitions,
crates/amun-constitutional-runtime/src/finality_certificate.rs:193:        assert!(cert.verify());
crates/amun-constitutional-runtime/src/finality_certificate.rs:1:use amun_transition_proof::transition_proof::TransitionProof;
crates/amun-constitutional-runtime/src/finality_certificate.rs:201:            committed: 3,
crates/amun-constitutional-runtime/src/finality_certificate.rs:208:        let c1 = ConstitutionalFinalityCertificate::issue(&br, vec![], [0xaa; 32], 1, [0xbb; 32]);
crates/amun-constitutional-runtime/src/finality_certificate.rs:209:        let c2 = ConstitutionalFinalityCertificate::issue(&br, vec![], [0xaa; 32], 1, [0xbb; 32]);
crates/amun-constitutional-runtime/src/finality_certificate.rs:217:            committed: 3,
crates/amun-constitutional-runtime/src/finality_certificate.rs:225:            ConstitutionalFinalityCertificate::issue(&br, vec![], [0xaa; 32], 1, [0xbb; 32]);
crates/amun-constitutional-runtime/src/finality_certificate.rs:227:        assert!(!cert.verify());
crates/amun-constitutional-runtime/src/finality_certificate.rs:23:    pub fn issue(
crates/amun-constitutional-runtime/src/finality_certificate.rs:25:        transitions: Vec<TransitionProof>,
crates/amun-constitutional-runtime/src/finality_certificate.rs:32:            Self::compute_merkle_root(transitions.iter().map(|p| p.proof_hash).collect());
crates/amun-constitutional-runtime/src/finality_certificate.rs:33:        let evidence_root = Self::compute_evidence_root(&transitions);
crates/amun-constitutional-runtime/src/finality_certificate.rs:34:        let pccv_root = Self::compute_pccv_root(&transitions);
crates/amun-constitutional-runtime/src/finality_certificate.rs:38:            transitions.iter().map(|_| "VERIFIED".to_string()).collect();
crates/amun-constitutional-runtime/src/finality_certificate.rs:50:            transitions,
crates/amun-constitutional-runtime/src/finality_certificate.rs:54:        cert.certificate_hash = cert.compute_hash();
crates/amun-constitutional-runtime/src/finality_certificate.rs:58:    pub fn verify(&self) -> bool {
crates/amun-constitutional-runtime/src/finality_certificate.rs:59:        self.certificate_hash == self.compute_hash() && self.all_verified
crates/amun-constitutional-runtime/src/finality_certificate.rs:63:        self.all_verified && !self.transitions.is_empty() && self.proof_root != [0u8; 32]
crates/amun-constitutional-runtime/src/finality_certificate.rs:66:    pub fn compute_hash(&self) -> [u8; 32] {
crates/amun-constitutional-runtime/src/finality_certificate.rs:77:        let hash = hasher.finalize();
crates/amun-constitutional-runtime/src/finality_certificate.rs:83:    pub fn compute_merkle_root(hashes: Vec<[u8; 32]>) -> [u8; 32] {
crates/amun-constitutional-runtime/src/finality_certificate.rs:99:                let hash = hasher.finalize();
crates/amun-constitutional-runtime/src/history_root.rs:111:            committed: 1,
crates/amun-constitutional-runtime/src/history_root.rs:118:        let transitions = vec![TransitionProof::new(
crates/amun-constitutional-runtime/src/history_root.rs:131:        let mut cert = ConstitutionalFinalityCertificate::issue(
crates/amun-constitutional-runtime/src/history_root.rs:133:            transitions,
crates/amun-constitutional-runtime/src/history_root.rs:139:        cert.certificate_hash = cert.compute_hash();
crates/amun-constitutional-runtime/src/history_root.rs:144:    fn n54_compute_history_root() {
crates/amun-constitutional-runtime/src/history_root.rs:174:    fn n54_verify_chain_against_root() {
crates/amun-constitutional-runtime/src/history_root.rs:181:        assert!(root.verify_chain(&chain));
crates/amun-constitutional-runtime/src/history_root.rs:196:        assert!(!root.verify_chain(&tampered_chain));
crates/amun-constitutional-runtime/src/history_root.rs:21:            chain.certificates.iter().map(|c| c.transitions.len()).sum();
crates/amun-constitutional-runtime/src/history_root.rs:27:                c.transitions
crates/amun-constitutional-runtime/src/history_root.rs:38:        let history_root = Self::compute_history_root(chain);
crates/amun-constitutional-runtime/src/history_root.rs:4:/// A cryptographic commitment to the entire constitutional history.
crates/amun-constitutional-runtime/src/history_root.rs:52:    pub fn verify_chain(&self, chain: &CertificateChain) -> bool {
crates/amun-constitutional-runtime/src/history_root.rs:53:        if !chain.verify_chain() {
crates/amun-constitutional-runtime/src/history_root.rs:65:        Self::compute_history_root(chain) == self.history_root
crates/amun-constitutional-runtime/src/history_root.rs:68:    fn compute_history_root(chain: &CertificateChain) -> [u8; 32] {
crates/amun-constitutional-runtime/src/history_root.rs:81:        let hash = hasher.finalize();
crates/amun-constitutional-runtime/src/history_root.rs:95:    use amun_transition_proof::transition_proof::TransitionProof;
crates/amun-constitutional-runtime/src/runtime_pipeline.rs:10:use amun_transition_proof::transition_proof::TransitionProof;
crates/amun-constitutional-runtime/src/runtime_pipeline.rs:120:                transition_proof: proof,
crates/amun-constitutional-runtime/src/runtime_pipeline.rs:125:        let commit_result =
crates/amun-constitutional-runtime/src/runtime_pipeline.rs:126:            VMKernel::commit(&buffer, registry).map_err(|e| format!("Commit error: {:?}", e))?;
crates/amun-constitutional-runtime/src/runtime_pipeline.rs:128:        let post_state_root = match &commit_result {
crates/amun-constitutional-runtime/src/runtime_pipeline.rs:150:        let proof = ProofBuilder::build(
crates/amun-constitutional-runtime/src/runtime_pipeline.rs:162:        // Build enhanced proof and verify constitutionally
crates/amun-constitutional-runtime/src/runtime_pipeline.rs:163:        use amun_pccv::transition_proof_engine::TransitionProofEngine as PCCVEngine;
crates/amun-constitutional-runtime/src/runtime_pipeline.rs:164:        let enhanced_proof = PCCVEngine::build_proof(
crates/amun-constitutional-runtime/src/runtime_pipeline.rs:175:        let pccv_result = amun_pccv::pccv_verifier::PCCVVerifier::verify(&enhanced_proof, registry);
crates/amun-constitutional-runtime/src/runtime_pipeline.rs:17:    /// Transaction committed successfully with PCCV verification.
crates/amun-constitutional-runtime/src/runtime_pipeline.rs:20:        transition_proof: TransitionProof,
crates/amun-constitutional-runtime/src/runtime_pipeline.rs:211:                transition_proof: proof,
crates/amun-constitutional-runtime/src/runtime_pipeline.rs:219:            transition_proof: proof,
crates/amun-constitutional-runtime/src/runtime_pipeline.rs:239:    fn n50_execute_with_pccv_integration() {
crates/amun-constitutional-runtime/src/runtime_pipeline.rs:252:            pre_state_root: registry.compute_state_root(),
crates/amun-constitutional-runtime/src/runtime_pipeline.rs:256:        let result = ConstitutionalRuntime::execute(
crates/amun-constitutional-runtime/src/runtime_pipeline.rs:26:        transition_proof: TransitionProof,
crates/amun-constitutional-runtime/src/runtime_pipeline.rs:281:        // requires the VM to actually execute resource operations.
crates/amun-constitutional-runtime/src/runtime_pipeline.rs:294:            pre_state_root: registry.compute_state_root(),
crates/amun-constitutional-runtime/src/runtime_pipeline.rs:298:        let result = ConstitutionalRuntime::execute(
crates/amun-constitutional-runtime/src/runtime_pipeline.rs:332:        let root_before = registry.compute_state_root();
crates/amun-constitutional-runtime/src/runtime_pipeline.rs:346:        let _result = ConstitutionalRuntime::execute(
crates/amun-constitutional-runtime/src/runtime_pipeline.rs:358:            registry.compute_state_root(),
crates/amun-constitutional-runtime/src/runtime_pipeline.rs:37:    pub fn execute(
crates/amun-constitutional-runtime/src/runtime_pipeline.rs:46:        let pre_state_root = registry.compute_state_root();
crates/amun-constitutional-runtime/src/runtime_pipeline.rs:49:        if !program.verify() {
crates/amun-constitutional-runtime/src/runtime_pipeline.rs:57:            .execute(program, ctx, pre_state)
crates/amun-constitutional-runtime/src/runtime_pipeline.rs:92:                transition_proof: proof,
crates/amun-constitutional-runtime/src/runtime_pipeline.rs:97:        let passed = VMKernel::verify(&mut buffer, registry);
crates/amun-constitutional-runtime/src/runtime_pipeline.rs:9:use amun_transition_proof::proof_builder::ProofBuilder;
crates/amun-constitutional-semantics/src/lib.rs:114:    #[test] fn test_commitment_verification() { let e = vec![mk(1,[0x01;32],[0x00;32]), mk(2,[0x02;32],[0x01;32])]; let c = TranscriptCommitment::new_sequential(&e, [0xBB;32]); assert!(c.verify_events(&e)); }
crates/amun-constitutional-semantics/src/lib.rs:115:    #[test] fn test_commitment_detects_tamper() { let e1 = mk(1,[0x01;32],[0x00;32]); let e2 = mk(2,[0x02;32],[0x01;32]); let e3 = mk(3,[0x03;32],[0x02;32]); let c = TranscriptCommitment::new_sequential(&vec![e1.clone(), e2], [0xBB;32]); assert!(!c.verify_events(&vec![e1, e3])); }
crates/amun-constitutional-semantics/src/lib.rs:117:    #[test] fn test_finality_replay_safety() { assert!(!EventFinality::Tentative.is_replay_safe()); assert!(EventFinality::Finalized.is_replay_safe()); }
crates/amun-constitutional-semantics/src/lib.rs:120:    #[test] fn test_replay_policy() { assert!(ReplayPolicy::CONSENSUS_AUTHORITATIVE.replay_required); assert!(!ReplayPolicy::EPHEMERAL.replay_required); }
crates/amun-constitutional-semantics/src/lib.rs:121:    #[test] fn test_authority_binding() { let b = AuthorityBinding { authority: EventAuthority::Authoritative, authority_set_root: [0xAA;32], authority_epoch: [0xBB;32], authority_proof: AuthorityProof::SingleSignature { validator_id: 1, signature: [0;64] } }; assert!(b.verify_binding(EventAuthority::Authoritative)); assert!(!b.verify_binding(EventAuthority::Derived)); }
crates/amun-constitutional-semantics/src/lib.rs:13:pub struct TranscriptCommitment { pub root: [u8; 32], pub event_count: u64, pub start_sequence: u64, pub end_sequence: u64, pub epoch_id: [u8; 32], pub accumulator_type: AccumulatorType, pub commitment_version: u32 }
crates/amun-constitutional-semantics/src/lib.rs:1://! Constitutional Semantics — complete truth model for replay verification.
crates/amun-constitutional-semantics/src/lib.rs:20:        Self { root: h.finalize().into(), event_count: events.len() as u64, start_sequence: start, end_sequence: end, epoch_id, accumulator_type: AccumulatorType::Sequential, commitment_version: 1 }
crates/amun-constitutional-semantics/src/lib.rs:22:    pub fn verify_events(&self, events: &[TranscriptEntry]) -> bool { let r = Self::new_sequential(events, self.epoch_id); r.root == self.root && r.event_count == self.event_count }
crates/amun-constitutional-semantics/src/lib.rs:23:    pub fn verify_boundary(&self, boundary: &ReplayBoundary) -> bool { self.start_sequence >= boundary.finalized_sequence }
crates/amun-constitutional-semantics/src/lib.rs:29:    pub fn is_replay_safe(&self) -> bool { matches!(self, EventFinality::Finalized | EventFinality::ReplayCertified) }
crates/amun-constitutional-semantics/src/lib.rs:32:#[derive(Debug, Clone, PartialEq, Eq)] pub struct FinalizedEvent { pub event: TranscriptEntry, pub finality: EventFinality, pub finalized_at_sequence: Option<u64>, pub commitment_root: Option<[u8; 32]> }
crates/amun-constitutional-semantics/src/lib.rs:34:    pub fn new(event: TranscriptEntry, finality: EventFinality) -> Self { Self { event, finality, finalized_at_sequence: None, commitment_root: None } }
crates/amun-constitutional-semantics/src/lib.rs:35:    pub fn with_finalization(mut self, at_sequence: u64, commitment: [u8; 32]) -> Self { self.finality = EventFinality::Finalized; self.finalized_at_sequence = Some(at_sequence); self.commitment_root = Some(commitment); self }
crates/amun-constitutional-semantics/src/lib.rs:36:    pub fn with_replay_certification(mut self, at_sequence: u64) -> Self { self.finality = EventFinality::ReplayCertified; self.finalized_at_sequence = Some(at_sequence); self }
crates/amun-constitutional-semantics/src/lib.rs:43:    pub fn verify_binding(&self, event_authority: EventAuthority) -> bool { self.authority == event_authority }
crates/amun-constitutional-semantics/src/lib.rs:44:    pub fn verify_epoch(&self, current_epoch: &[u8; 32]) -> bool { self.authority_epoch == *current_epoch }
crates/amun-constitutional-semantics/src/lib.rs:56:        Self { witnesses: n, normalization_root: hasher.finalize().into(), normalization_version: 1 }
crates/amun-constitutional-semantics/src/lib.rs:58:    pub fn verify_normalization(&self, witnesses: &[(ReplayDomain, u64, [u8; 32])]) -> bool { Self::normalize(witnesses).normalization_root == self.normalization_root }
crates/amun-constitutional-semantics/src/lib.rs:62:#[derive(Debug, Clone, PartialEq, Eq)] pub struct ReplayPolicy { pub authority: EventAuthority, pub replay_required: bool, pub divergence_is_violation: bool, pub contributes_to_causality: bool, pub can_be_checkpoint: bool, pub requires_certification: bool }
crates/amun-constitutional-semantics/src/lib.rs:6:use amun_replay_semantics::{ReplayDomain, ReplayBoundary, ReplayFailure};
crates/amun-constitutional-semantics/src/lib.rs:70:            self.replay_required as u8,
crates/amun-constitutional-semantics/src/lib.rs:83:        h.finalize().into()
crates/amun-constitutional-semantics/src/lib.rs:86:    pub const CONSENSUS_AUTHORITATIVE: Self = Self { authority: EventAuthority::Authoritative, replay_required: true, divergence_is_violation: true, contributes_to_causality: true, can_be_checkpoint: true, requires_certification: true };
crates/amun-constitutional-semantics/src/lib.rs:87:    pub const DERIVED: Self = Self { authority: EventAuthority::Derived, replay_required: false, divergence_is_violation: false, contributes_to_causality: true, can_be_checkpoint: false, requires_certification: false };
crates/amun-constitutional-semantics/src/lib.rs:88:    pub const EPHEMERAL: Self = Self { authority: EventAuthority::Ephemeral, replay_required: false, divergence_is_violation: false, contributes_to_causality: false, can_be_checkpoint: false, requires_certification: false };
crates/amun-constitutional-semantics/src/lib.rs:89:    pub const CERTIFYING: Self = Self { authority: EventAuthority::Certifying, replay_required: true, divergence_is_violation: true, contributes_to_causality: true, can_be_checkpoint: true, requires_certification: true };
crates/amun-constitutional-signing/src/keys.rs:15:        let verifying_key = signing_key.verifying_key();
crates/amun-constitutional-signing/src/keys.rs:18:            verifying_key,
crates/amun-constitutional-signing/src/keys.rs:22:    pub fn verifying_key_hex(&self) -> String {
crates/amun-constitutional-signing/src/keys.rs:23:        hex::encode(self.verifying_key.as_bytes())
crates/amun-constitutional-signing/src/keys.rs:31:    pub fn verifying_key(&self) -> &VerifyingKey {
crates/amun-constitutional-signing/src/keys.rs:32:        &self.verifying_key
crates/amun-constitutional-signing/src/keys.rs:7:    verifying_key: VerifyingKey,
crates/amun-constitutional-signing/src/signature.rs:14:    pub fn new(sig: Signature, verifying_key_hex: String) -> Self {
crates/amun-constitutional-signing/src/signature.rs:17:            verifying_key_hex,
crates/amun-constitutional-signing/src/signature.rs:40:        st.serialize_field("verifying_key_hex", &self.verifying_key_hex)?;
crates/amun-constitutional-signing/src/signature.rs:54:            verifying_key_hex: String,
crates/amun-constitutional-signing/src/signature.rs:68:            verifying_key_hex: h.verifying_key_hex,
crates/amun-constitutional-signing/src/signature.rs:6:    pub verifying_key_hex: String,
crates/amun-constitutional-signing/src/signed_artifact.rs:17:        let verifying_hex = keypair.verifying_key_hex();
crates/amun-constitutional-signing/src/signed_artifact.rs:20:            signature: ConstitutionalSignature::new(sig, verifying_hex),
crates/amun-constitutional-signing/src/signed_artifact.rs:24:    pub fn verify(&self) -> Result<(), String> {
crates/amun-constitutional-signing/src/signed_artifact.rs:25:        let key_bytes = hex::decode(&self.signature.verifying_key_hex)
crates/amun-constitutional-signing/src/signed_artifact.rs:26:            .map_err(|e| format!("Invalid verifying key hex: {}", e))?;
crates/amun-constitutional-signing/src/signed_artifact.rs:30:        let verifying_key =
crates/amun-constitutional-signing/src/signed_artifact.rs:31:            VerifyingKey::from_bytes(&arr).map_err(|e| format!("Invalid verifying key: {}", e))?;
crates/amun-constitutional-signing/src/signed_artifact.rs:34:        verifying_key
crates/amun-constitutional-signing/src/signed_artifact.rs:35:            .verify(&digest, self.signature.dalek_signature())
crates/amun-constitutional-signing/src/signed_artifact.rs:3:use amun_constitution_builder::digest::ArtifactDigest;
crates/amun-constitutional-signing/src/signed_artifact.rs:44:            && self.signature.verifying_key_hex == other.signature.verifying_key_hex
crates/amun-constitutional-signing/src/signed_artifact.rs:53:            .field("signature", &self.signature.verifying_key_hex)
crates/amun-constitutional-signing/tests/signing_tests.rs:15:    assert!(signed.verify().is_ok());
crates/amun-constitutional-signing/tests/signing_tests.rs:19:fn test_sign_and_verify_federation() {
crates/amun-constitutional-signing/tests/signing_tests.rs:1:use amun_constitution_builder::{
crates/amun-constitutional-signing/tests/signing_tests.rs:32:    assert!(signed.verify().is_ok());
crates/amun-constitutional-signing/tests/signing_tests.rs:36:fn test_sign_and_verify_treaty() {
crates/amun-constitutional-signing/tests/signing_tests.rs:44:    assert!(signed.verify().is_ok());
crates/amun-constitutional-signing/tests/signing_tests.rs:65:    assert!(signed.verify().is_ok());
crates/amun-constitutional-signing/tests/signing_tests.rs:67:    // Tampering with the artifact must invalidate the signature.
crates/amun-constitutional-signing/tests/signing_tests.rs:74:    assert!(tampered_signed.verify().is_err());
crates/amun-constitutional-signing/tests/signing_tests.rs:7:fn test_sign_and_verify_manifest() {
crates/amun-constitutional-sim/src/divergence.rs:60:    pub fn compute(s1: &SimulationState, s2: &SimulationState) -> f64 {
crates/amun-constitutional-sim/src/divergence.rs:83:        let d = Self::compute(current, reference);
crates/amun-constitutional-sim/src/effectiveness.rs:28:            .filter(|row| row[claim.issuer])
crates/amun-constitutional-sim/src/effectiveness.rs:40:            let has_treaty = state.treaties[claim.issuer][claim.subject];
crates/amun-constitutional-sim/src/effectiveness.rs:7:    pub fn compute(claim: &LegitimacyClaim, state: &SimulationState) -> f64 {
crates/amun-constitutional-sim/src/effectiveness.rs:81:        state.effectiveness = claims.iter().map(|c| Self::compute(c, state)).collect();
crates/amun-constitutional-sim/src/evolution.rs:100:            let issuer = rng.gen_range(0..n);
crates/amun-constitutional-sim/src/evolution.rs:102:            while subject == issuer {
crates/amun-constitutional-sim/src/evolution.rs:106:                issuer,
crates/amun-constitutional-sim/src/evolution.rs:109:                scope: state.jurisdictions[issuer].clone(),
crates/amun-constitutional-sim/src/evolution.rs:123:    pub fn apply(
crates/amun-constitutional-sim/src/evolution.rs:35:            entity_avg[claim.issuer] += eff;
crates/amun-constitutional-sim/src/evolution.rs:36:            entity_count[claim.issuer] += 1;
crates/amun-constitutional-sim/src/runner.rs:34:            EvolutionOperator::apply(
crates/amun-constitutional-sim/src/runner.rs:45:            let div = DivergenceEngine::compute(&state, &reference);
crates/amun-constitutional-sim/src/state.rs:25:    pub issuer: usize,
crates/amun-constitutional-sim/src/state.rs:86:                    issuer: i,
crates/amun-constitutional-state/src/lib.rs:13:/// A record of a state transition for deterministic replay.
crates/amun-constitutional-state/src/lib.rs:148:        assert!(key.starts_with(b"transition/"));
crates/amun-constitutional-state/src/lib.rs:152:    fn test_transition_changes_state_root() {
crates/amun-constitutional-state/src/lib.rs:155:        rt.apply_transition(&[1u8; 32], &[0xAA; 32]);
crates/amun-constitutional-state/src/lib.rs:160:    fn test_same_transition_same_root() {
crates/amun-constitutional-state/src/lib.rs:163:        rt1.apply_transition(&[1u8; 32], &[0xAA; 32]);
crates/amun-constitutional-state/src/lib.rs:164:        rt2.apply_transition(&[1u8; 32], &[0xAA; 32]);
crates/amun-constitutional-state/src/lib.rs:169:    fn test_replay_produces_same_root() {
crates/amun-constitutional-state/src/lib.rs:16:    pub transition_id: [u8; 32],
crates/amun-constitutional-state/src/lib.rs:171:        original.apply_transition(&[1u8; 32], &[0xAA; 32]);
crates/amun-constitutional-state/src/lib.rs:172:        original.apply_transition(&[2u8; 32], &[0xBB; 32]);
crates/amun-constitutional-state/src/lib.rs:175:        let replayed = ConstitutionalStateRuntime::replay(original.journal());
crates/amun-constitutional-state/src/lib.rs:176:        let root2 = replayed.state_root();
crates/amun-constitutional-state/src/lib.rs:17:    pub transition_hash: [u8; 32],
crates/amun-constitutional-state/src/lib.rs:181:    fn test_replay_order_independence() {
crates/amun-constitutional-state/src/lib.rs:183:        rt1.apply_transition(&[1u8; 32], &[0xAA; 32]);
crates/amun-constitutional-state/src/lib.rs:184:        rt1.apply_transition(&[2u8; 32], &[0xBB; 32]);
crates/amun-constitutional-state/src/lib.rs:189:        let rt2 = ConstitutionalStateRuntime::replay(&reversed);
crates/amun-constitutional-state/src/lib.rs:199:    pub transition_count: u64,
crates/amun-constitutional-state/src/lib.rs:1:use amun_constitutional_commitments::SparseMerkleTree;
crates/amun-constitutional-state/src/lib.rs:212:            value[..].copy_from_slice(&record.transition_hash);
crates/amun-constitutional-state/src/lib.rs:218:    /// Create a replay certificate for a block transition.
crates/amun-constitutional-state/src/lib.rs:226:            transition_count: self.journal.len() as u64,
crates/amun-constitutional-state/src/lib.rs:235:    /// Verify that replaying the journal produces the claimed post_state_root.
crates/amun-constitutional-state/src/lib.rs:236:    pub fn verify(&self, records: &[StateTransitionRecord]) -> bool {
crates/amun-constitutional-state/src/lib.rs:237:        let replayed = ConstitutionalStateRuntime::replay(records);
crates/amun-constitutional-state/src/lib.rs:238:        replayed.state_root() == self.post_state_root
crates/amun-constitutional-state/src/lib.rs:239:            && replayed.journal_root() == self.journal_root
crates/amun-constitutional-state/src/lib.rs:240:            && records.len() as u64 == self.transition_count
crates/amun-constitutional-state/src/lib.rs:249:    fn test_replay_certificate_valid() {
crates/amun-constitutional-state/src/lib.rs:251:        rt.apply_transition(&[1u8; 32], &[0xAA; 32]);
crates/amun-constitutional-state/src/lib.rs:252:        rt.apply_transition(&[2u8; 32], &[0xBB; 32]);
crates/amun-constitutional-state/src/lib.rs:256:        assert!(cert.verify(rt.journal()));
crates/amun-constitutional-state/src/lib.rs:260:    fn test_replay_certificate_detects_tampering() {
crates/amun-constitutional-state/src/lib.rs:262:        rt.apply_transition(&[1u8; 32], &[0xAA; 32]);
crates/amun-constitutional-state/src/lib.rs:263:        rt.apply_transition(&[2u8; 32], &[0xBB; 32]);
crates/amun-constitutional-state/src/lib.rs:267:        tampered[0].transition_hash = [0xFF; 32]; // corrupt first transition
crates/amun-constitutional-state/src/lib.rs:269:        assert!(!cert.verify(&tampered));
crates/amun-constitutional-state/src/lib.rs:281:    /// All 5 fields are included: block_height, transition_count,
crates/amun-constitutional-state/src/lib.rs:286:        bytes.extend_from_slice(&self.transition_count.to_le_bytes());
crates/amun-constitutional-state/src/lib.rs:294:        let hash = hasher.finalize();
crates/amun-constitutional-state/src/lib.rs:308:        rt.apply_transition(&[1u8; 32], &[0xAA; 32]);
crates/amun-constitutional-state/src/lib.rs:317:        rt.apply_transition(&[1u8; 32], &[0xAA; 32]);
crates/amun-constitutional-state/src/lib.rs:327:        rt1.apply_transition(&[1u8; 32], &[0xAA; 32]);
crates/amun-constitutional-state/src/lib.rs:328:        rt2.apply_transition(&[1u8; 32], &[0xBB; 32]);
crates/amun-constitutional-state/src/lib.rs:337:        rt.apply_transition(&[1u8; 32], &[0xAA; 32]);
crates/amun-constitutional-state/src/lib.rs:347:        rt1.apply_transition(&[1u8; 32], &[0xAA; 32]);
crates/amun-constitutional-state/src/lib.rs:348:        rt2.apply_transition(&[1u8; 32], &[0xAA; 32]);
crates/amun-constitutional-state/src/lib.rs:349:        rt2.apply_transition(&[2u8; 32], &[0xBB; 32]);
crates/amun-constitutional-state/src/lib.rs:376:        rt.apply_transition(&[1u8; 32], &[0xAA; 32]);
crates/amun-constitutional-state/src/lib.rs:388:        rt1.apply_transition(&[1u8; 32], &[0xAA; 32]);
crates/amun-constitutional-state/src/lib.rs:392:        rt2.apply_transition(&[2u8; 32], &[0xBB; 32]);
crates/amun-constitutional-state/src/lib.rs:402:use amun_constitutional_commitments::smt::MerkleProof;
crates/amun-constitutional-state/src/lib.rs:416:    /// is part of the merkle root computed from the provided certificates.
crates/amun-constitutional-state/src/lib.rs:442:    pub fn verify(&self) -> bool {
crates/amun-constitutional-state/src/lib.rs:448:        tree.verify(&self.root, &self.proof)
crates/amun-constitutional-state/src/lib.rs:459:        rt1.apply_transition(&[1u8; 32], &[0xAA; 32]);
crates/amun-constitutional-state/src/lib.rs:463:        rt2.apply_transition(&[2u8; 32], &[0xBB; 32]);
crates/amun-constitutional-state/src/lib.rs:472:        assert!(proof.verify());
crates/amun-constitutional-state/src/lib.rs:478:        rt1.apply_transition(&[1u8; 32], &[0xAA; 32]);
crates/amun-constitutional-state/src/lib.rs:482:        rt2.apply_transition(&[2u8; 32], &[0xBB; 32]);
crates/amun-constitutional-state/src/lib.rs:492:        assert!(!proof.verify());
crates/amun-constitutional-state/src/lib.rs:498:        rt.apply_transition(&[1u8; 32], &[0xAA; 32]);
crates/amun-constitutional-state/src/lib.rs:67:    /// Record a transition and update state.
crates/amun-constitutional-state/src/lib.rs:68:    pub fn apply_transition(&mut self, transition_id: &[u8; 32], transition_hash: &[u8; 32]) {
crates/amun-constitutional-state/src/lib.rs:69:        let key = Self::canonical_key(keys::TRANSITION, transition_id);
crates/amun-constitutional-state/src/lib.rs:6:    pub const TRANSITION: &[u8] = b"transition/";
crates/amun-constitutional-state/src/lib.rs:70:        self.set(&key, transition_hash);
crates/amun-constitutional-state/src/lib.rs:72:            transition_id: *transition_id,
crates/amun-constitutional-state/src/lib.rs:73:            transition_hash: *transition_hash,
crates/amun-constitutional-state/src/lib.rs:77:    /// Returns the journal of all applied transitions.
crates/amun-constitutional-state/src/lib.rs:83:    pub fn replay(records: &[StateTransitionRecord]) -> Self {
crates/amun-constitutional-state/src/lib.rs:86:            rt.apply_transition(&record.transition_id, &record.transition_hash);
crates/amun-constitutional-verifier/src/verifier.rs:145:        assert!(verify_qc(&qc, &set));
crates/amun-constitutional-verifier/src/verifier.rs:146:        assert!(verify_vote_uniqueness(&qc));
crates/amun-constitutional-verifier/src/verifier.rs:36:pub fn verify_vote(vote: &ConsensusVote, validator_set: &ValidatorSet) -> bool {
crates/amun-constitutional-verifier/src/verifier.rs:59:pub fn verify_vote_uniqueness(qc: &QuorumCertificate) -> bool {
crates/amun-constitutional-verifier/src/verifier.rs:6:pub fn verify_qc(qc: &QuorumCertificate, validator_set: &ValidatorSet) -> bool {
crates/amun-constitutional-verifier/src/verifier.rs:99:    fn test_verify_qc() {
crates/amun-constitutional/src/architectural_invariants.rs:106:/// deterministic replay lineage and attested transcript scope,
crates/amun-constitutional/src/architectural_invariants.rs:109:/// CONSEQUENCE: State roots are attestations of replay outcomes,
crates/amun-constitutional/src/architectural_invariants.rs:111:/// the same replay lineage produced it — not the same database
crates/amun-constitutional/src/architectural_invariants.rs:114:    "State identity is replay-derived, not storage-derived.";
crates/amun-constitutional/src/architectural_invariants.rs:118:/// Snapshot restoration validity is derived from replay lineage,
crates/amun-constitutional/src/architectural_invariants.rs:11:/// replay locality, and admissibility are all local within a
crates/amun-constitutional/src/architectural_invariants.rs:131:/// Restoration does not create a new replay lineage. It continues
crates/amun-constitutional/src/architectural_invariants.rs:133:/// The restored execution is a CONTINUATION of the original replay,
crates/amun-constitutional/src/architectural_invariants.rs:136:/// CONSEQUENCE: After restoration, the replay journal continues
crates/amun-constitutional/src/architectural_invariants.rs:138:/// (context → boundary → evidence → commitment → receipt) remains
crates/amun-constitutional/src/architectural_invariants.rs:185:/// accidental replay equivalence, and operational proof leakage.
crates/amun-constitutional/src/architectural_invariants.rs:204:/// The runtime executes and produces artifacts; the constitutional kernel
crates/amun-constitutional/src/architectural_invariants.rs:24:/// A ReplayCertificate attests replay ADMISSIBILITY, not
crates/amun-constitutional/src/architectural_invariants.rs:26:/// that the state transition achieved consensus or finality.
crates/amun-constitutional/src/architectural_invariants.rs:28:/// CONSEQUENCE: Certificates are replay witnesses, not
crates/amun-constitutional/src/architectural_invariants.rs:38:/// constitutional governance action that invalidates ALL
crates/amun-constitutional/src/artifact_graph.rs:132:    pub fn verify_all_edges(&self) -> Result<(), ConstitutionalFailure> {
crates/amun-constitutional/src/artifact_graph.rs:155:        assert!(g.verify_all_edges().is_ok());
crates/amun-constitutional/src/artifact_graph.rs:8://! given two artifact hashes, can we verify that the edge
crates/amun-constitutional/src/canonical_witness.rs:62:        witness.replay_revision,
crates/amun-constitutional/src/causal_edge.rs:110:    fn verify_provenance(&self) -> Result<(), ConstitutionalFailure> {
crates/amun-constitutional/src/causal_edge.rs:111:        if self.constitutional_revision == 0 || self.replay_revision == 0 {
crates/amun-constitutional/src/causal_edge.rs:128:        replay_revision: u32,
crates/amun-constitutional/src/causal_edge.rs:138:            replay_revision,
crates/amun-constitutional/src/causal_edge.rs:175:        assert!(e.verify().is_ok());
crates/amun-constitutional/src/causal_edge.rs:188:        assert!(e.verify_structure().is_err());
crates/amun-constitutional/src/causal_edge.rs:28:    pub replay_revision: u32,
crates/amun-constitutional/src/causal_edge.rs:56:    fn replay_revision(&self) -> u32 {
crates/amun-constitutional/src/causal_edge.rs:57:        self.replay_revision
crates/amun-constitutional/src/causal_edge.rs:66:            .update_revision(self.constitutional_revision, self.replay_revision)
crates/amun-constitutional/src/causal_edge.rs:6://!   - ArtifactEdge: structural relationship (evidence→commitment, etc.)
crates/amun-constitutional/src/causal_edge.rs:72:        h.finalize()
crates/amun-constitutional/src/causal_edge.rs:75:    fn verify_structure(&self) -> Result<(), ConstitutionalFailure> {
crates/amun-constitutional/src/causal_edge.rs:97:    fn verify_semantics(&self) -> Result<(), ConstitutionalFailure> {
crates/amun-constitutional/src/causality_chain.rs:102:    fn verify_semantics(&self) -> Result<(), ConstitutionalFailure> {
crates/amun-constitutional/src/causality_chain.rs:115:    fn verify_provenance(&self) -> Result<(), ConstitutionalFailure> {
crates/amun-constitutional/src/causality_chain.rs:116:        if self.constitutional_revision == 0 || self.replay_revision == 0 {
crates/amun-constitutional/src/causality_chain.rs:128:    fn verify_constitutional(&self) -> Result<(), ConstitutionalFailure> {
crates/amun-constitutional/src/causality_chain.rs:162:        replay_revision: u32,
crates/amun-constitutional/src/causality_chain.rs:171:            replay_revision,
crates/amun-constitutional/src/causality_chain.rs:201:        assert!(c.verify().is_ok());
crates/amun-constitutional/src/causality_chain.rs:216:        assert!(c.verify().is_ok());
crates/amun-constitutional/src/causality_chain.rs:231:        assert!(c.verify_structure().is_err());
crates/amun-constitutional/src/causality_chain.rs:254:        assert!(c.verify_constitutional().is_err());
crates/amun-constitutional/src/causality_chain.rs:31:    pub replay_revision: u32,
crates/amun-constitutional/src/causality_chain.rs:56:    fn replay_revision(&self) -> u32 {
crates/amun-constitutional/src/causality_chain.rs:57:        self.replay_revision
crates/amun-constitutional/src/causality_chain.rs:66:            .update_revision(self.constitutional_revision, self.replay_revision)
crates/amun-constitutional/src/causality_chain.rs:74:        h.finalize()
crates/amun-constitutional/src/causality_chain.rs:77:    fn verify_structure(&self) -> Result<(), ConstitutionalFailure> {
crates/amun-constitutional/src/causality_type.rs:25:    /// Example: receipt is admissible because commitment is admissible.
crates/amun-constitutional/src/causality_type.rs:32:    /// B's state is derived from A's state via replay.
crates/amun-constitutional/src/causality_type.rs:33:    /// Example: post-transition state is causally derived from pre-transition state.
crates/amun-constitutional/src/causality_type.rs:37:    /// Example: post-revision artifacts depend on the revision transition.
crates/amun-constitutional/src/causality_type.rs:61:        h.finalize()
crates/amun-constitutional/src/certificate_scope.rs:113:            || self.replay_revision != other.replay_revision
crates/amun-constitutional/src/certificate_scope.rs:13://!   This prevents: replay ambiguity, overlapping admissibility conflicts,
crates/amun-constitutional/src/certificate_scope.rs:156:    pub fn verify_against_parent(
crates/amun-constitutional/src/certificate_scope.rs:180:            replay_revision: 1,
crates/amun-constitutional/src/certificate_scope.rs:19:use crate::replay_outcome::ReplayOutcome;
crates/amun-constitutional/src/certificate_scope.rs:1://! CertificateScope — the admissibility envelope of a replay certificate.
crates/amun-constitutional/src/certificate_scope.rs:250:    fn test_verify_against_parent_ok() {
crates/amun-constitutional/src/certificate_scope.rs:253:        assert!(child.verify_against_parent(&parent).is_ok());
crates/amun-constitutional/src/certificate_scope.rs:257:    fn test_verify_against_parent_divergent() {
crates/amun-constitutional/src/certificate_scope.rs:261:        assert!(child.verify_against_parent(&parent).is_err());
crates/amun-constitutional/src/certificate_scope.rs:41:/// The constitutional scope of a replay certificate.
crates/amun-constitutional/src/certificate_scope.rs:56:    /// Constitutional revision this certificate was issued under.
crates/amun-constitutional/src/certificate_scope.rs:59:    /// Replay revision this certificate was issued under.
crates/amun-constitutional/src/certificate_scope.rs:60:    pub replay_revision: u32,
crates/amun-constitutional/src/certificate_scope.rs:78:            .update_u32(self.replay_revision)
crates/amun-constitutional/src/certificate_scope.rs:81:        h.finalize()
crates/amun-constitutional/src/constitutional_failure.rs:102:            .update_optional_u64(self.replay_domain.map(|x| x as u64))
crates/amun-constitutional/src/constitutional_failure.rs:108:        h.finalize()
crates/amun-constitutional/src/constitutional_failure.rs:111:    pub fn verify_structure(&self) -> Result<(), Self> {
crates/amun-constitutional/src/constitutional_failure.rs:132:    pub fn verify_semantics(&self) -> Result<(), Self> {
crates/amun-constitutional/src/constitutional_failure.rs:144:    pub fn verify_provenance(&self) -> Result<(), Self> {
crates/amun-constitutional/src/constitutional_failure.rs:146:            || self.replay_revision == 0
crates/amun-constitutional/src/constitutional_failure.rs:159:    pub fn verify_admissibility_graph(&self) -> Result<(), Self> {
crates/amun-constitutional/src/constitutional_failure.rs:174:    pub fn verify_constitutional(&self) -> Result<(), Self> {
crates/amun-constitutional/src/constitutional_failure.rs:175:        self.verify_admissibility_graph()?;
crates/amun-constitutional/src/constitutional_failure.rs:178:    pub fn verify(&self) -> Result<(), Self> {
crates/amun-constitutional/src/constitutional_failure.rs:179:        self.verify_structure()?;
crates/amun-constitutional/src/constitutional_failure.rs:180:        self.verify_semantics()?;
crates/amun-constitutional/src/constitutional_failure.rs:181:        self.verify_provenance()?;
crates/amun-constitutional/src/constitutional_failure.rs:182:        self.verify_constitutional()?;
crates/amun-constitutional/src/constitutional_failure.rs:186:    pub fn with_replay_domain(mut self, d: u8) -> Self {
crates/amun-constitutional/src/constitutional_failure.rs:187:        self.replay_domain = Some(d);
crates/amun-constitutional/src/constitutional_failure.rs:232:    fn t_verify() {
crates/amun-constitutional/src/constitutional_failure.rs:233:        assert!(m().verify().is_ok());
crates/amun-constitutional/src/constitutional_failure.rs:39:    pub replay_revision: u32,
crates/amun-constitutional/src/constitutional_failure.rs:46:    pub replay_domain: Option<u8>,
crates/amun-constitutional/src/constitutional_failure.rs:70:            replay_revision: 1,
crates/amun-constitutional/src/constitutional_failure.rs:77:            replay_domain: None,
crates/amun-constitutional/src/constitutional_failure.rs:95:            .update_revision(self.constitutional_revision, self.replay_revision)
crates/amun-constitutional/src/constitutional_hasher.rs:103:            .finalize();
crates/amun-constitutional/src/constitutional_hasher.rs:113:            .finalize();
crates/amun-constitutional/src/constitutional_hasher.rs:116:        let h2 = hasher.update_u64(42).clone().finalize();
crates/amun-constitutional/src/constitutional_hasher.rs:23:    pub fn update_revision(&mut self, constitutional: u32, replay: u32) -> &mut Self {
crates/amun-constitutional/src/constitutional_hasher.rs:25:        self.inner.update(replay.to_le_bytes());
crates/amun-constitutional/src/constitutional_hasher.rs:72:    pub fn finalize(self) -> [u8; 32] {
crates/amun-constitutional/src/constitutional_hasher.rs:73:        self.inner.finalize().into()
crates/amun-constitutional/src/constitutional_hasher.rs:86:            .finalize();
crates/amun-constitutional/src/constitutional_hasher.rs:90:            .finalize();
crates/amun-constitutional/src/constitutional_hasher.rs:99:            .finalize();
crates/amun-constitutional/src/constitutional_object.rs:11:    fn verify(&self) -> Result<(), ConstitutionalFailure> {
crates/amun-constitutional/src/constitutional_object.rs:12:        self.verify_structure()?;
crates/amun-constitutional/src/constitutional_object.rs:13:        self.verify_semantics()?;
crates/amun-constitutional/src/constitutional_object.rs:14:        self.verify_provenance()?;
crates/amun-constitutional/src/constitutional_object.rs:15:        self.verify_constitutional()?;
crates/amun-constitutional/src/constitutional_object.rs:24:    fn replay_revision(&self) -> u32;
crates/amun-constitutional/src/constitutional_object.rs:5:    fn verify_structure(&self) -> Result<(), ConstitutionalFailure>;
crates/amun-constitutional/src/constitutional_object.rs:6:    fn verify_semantics(&self) -> Result<(), ConstitutionalFailure>;
crates/amun-constitutional/src/constitutional_object.rs:7:    fn verify_provenance(&self) -> Result<(), ConstitutionalFailure>;
crates/amun-constitutional/src/constitutional_object.rs:8:    fn verify_constitutional(&self) -> Result<(), ConstitutionalFailure> {
crates/amun-constitutional/src/constitutional_witness.rs:101:    fn replay_revision(&self) -> u32 {
crates/amun-constitutional/src/constitutional_witness.rs:102:        self.replay_revision
crates/amun-constitutional/src/constitutional_witness.rs:111:            .update_revision(self.constitutional_revision, self.replay_revision)
crates/amun-constitutional/src/constitutional_witness.rs:122:        h.finalize()
crates/amun-constitutional/src/constitutional_witness.rs:125:    fn verify_structure(&self) -> Result<(), ConstitutionalFailure> {
crates/amun-constitutional/src/constitutional_witness.rs:147:    fn verify_semantics(&self) -> Result<(), ConstitutionalFailure> {
crates/amun-constitutional/src/constitutional_witness.rs:160:    fn verify_provenance(&self) -> Result<(), ConstitutionalFailure> {
crates/amun-constitutional/src/constitutional_witness.rs:161:        if self.constitutional_revision == 0 || self.replay_revision == 0 {
crates/amun-constitutional/src/constitutional_witness.rs:173:    fn verify_constitutional(&self) -> Result<(), ConstitutionalFailure> {
crates/amun-constitutional/src/constitutional_witness.rs:202:        replay_revision: u32,
crates/amun-constitutional/src/constitutional_witness.rs:213:            replay_revision,
crates/amun-constitutional/src/constitutional_witness.rs:231:        // For now, we verify that the count is consistent.
crates/amun-constitutional/src/constitutional_witness.rs:262:        assert!(w.verify().is_ok());
crates/amun-constitutional/src/constitutional_witness.rs:297:        assert!(w.verify_structure().is_err());
crates/amun-constitutional/src/constitutional_witness.rs:306:        assert!(w.verify_constitutional().is_err());
crates/amun-constitutional/src/constitutional_witness.rs:70:    pub replay_revision: u32,
crates/amun-constitutional/src/continuation_chain.rs:103:    fn verify_semantics(&self) -> Result<(), ConstitutionalFailure> {
crates/amun-constitutional/src/continuation_chain.rs:116:    fn verify_provenance(&self) -> Result<(), ConstitutionalFailure> {
crates/amun-constitutional/src/continuation_chain.rs:117:        if self.constitutional_revision == 0 || self.replay_revision == 0 {
crates/amun-constitutional/src/continuation_chain.rs:134:        replay_revision: u32,
crates/amun-constitutional/src/continuation_chain.rs:146:            replay_revision,
crates/amun-constitutional/src/continuation_chain.rs:162:    pub fn verify_continuation(
crates/amun-constitutional/src/continuation_chain.rs:217:        assert!(chain.verify().is_ok());
crates/amun-constitutional/src/continuation_chain.rs:220:    fn test_verify_continuation_ok() {
crates/amun-constitutional/src/continuation_chain.rs:225:        assert!(chain.verify_continuation(&rp).is_ok());
crates/amun-constitutional/src/continuation_chain.rs:233:        assert!(chain.verify_continuation(&rp).is_err());
crates/amun-constitutional/src/continuation_chain.rs:24:///   - The restoration point (where replay resumes)
crates/amun-constitutional/src/continuation_chain.rs:34:    pub replay_revision: u32,
crates/amun-constitutional/src/continuation_chain.rs:3://! The continuation chain verifies that the post-restoration replay
crates/amun-constitutional/src/continuation_chain.rs:69:    fn replay_revision(&self) -> u32 {
crates/amun-constitutional/src/continuation_chain.rs:70:        self.replay_revision
crates/amun-constitutional/src/continuation_chain.rs:79:            .update_revision(self.constitutional_revision, self.replay_revision)
crates/amun-constitutional/src/continuation_chain.rs:7://!   Restoration does not create a new replay lineage. The chain
crates/amun-constitutional/src/continuation_chain.rs:87:        h.finalize()
crates/amun-constitutional/src/continuation_chain.rs:90:    fn verify_structure(&self) -> Result<(), ConstitutionalFailure> {
crates/amun-constitutional/src/divergence_point.rs:106:    fn verify_semantics(&self) -> Result<(), ConstitutionalFailure> {
crates/amun-constitutional/src/divergence_point.rs:119:    fn verify_provenance(&self) -> Result<(), ConstitutionalFailure> {
crates/amun-constitutional/src/divergence_point.rs:120:        if self.constitutional_revision == 0 || self.replay_revision == 0 {
crates/amun-constitutional/src/divergence_point.rs:137:        replay_revision: u32,
crates/amun-constitutional/src/divergence_point.rs:151:            replay_revision,
crates/amun-constitutional/src/divergence_point.rs:16:/// The point in the transcript where replay diverged.
crates/amun-constitutional/src/divergence_point.rs:195:        assert!(d.verify().is_ok());
crates/amun-constitutional/src/divergence_point.rs:1://! DivergencePoint — the constitutional position where replay diverged.
crates/amun-constitutional/src/divergence_point.rs:216:    fn test_replay_error() {
crates/amun-constitutional/src/divergence_point.rs:26:    pub replay_revision: u32,
crates/amun-constitutional/src/divergence_point.rs:69:    fn replay_revision(&self) -> u32 {
crates/amun-constitutional/src/divergence_point.rs:70:        self.replay_revision
crates/amun-constitutional/src/divergence_point.rs:79:            .update_revision(self.constitutional_revision, self.replay_revision)
crates/amun-constitutional/src/divergence_point.rs:90:        h.finalize()
crates/amun-constitutional/src/divergence_point.rs:93:    fn verify_structure(&self) -> Result<(), ConstitutionalFailure> {
crates/amun-constitutional/src/divergence_resolution.rs:100:    fn verify_structure(&self) -> Result<(), ConstitutionalFailure> {
crates/amun-constitutional/src/divergence_resolution.rs:113:    fn verify_semantics(&self) -> Result<(), ConstitutionalFailure> {
crates/amun-constitutional/src/divergence_resolution.rs:126:    fn verify_provenance(&self) -> Result<(), ConstitutionalFailure> {
crates/amun-constitutional/src/divergence_resolution.rs:127:        if self.constitutional_revision == 0 || self.replay_revision == 0 {
crates/amun-constitutional/src/divergence_resolution.rs:144:        replay_revision: u32,
crates/amun-constitutional/src/divergence_resolution.rs:157:            replay_revision,
crates/amun-constitutional/src/divergence_resolution.rs:190:        assert!(r.verify().is_ok());
crates/amun-constitutional/src/divergence_resolution.rs:31:        h.finalize()
crates/amun-constitutional/src/divergence_resolution.rs:41:    pub replay_revision: u32,
crates/amun-constitutional/src/divergence_resolution.rs:78:    fn replay_revision(&self) -> u32 {
crates/amun-constitutional/src/divergence_resolution.rs:79:        self.replay_revision
crates/amun-constitutional/src/divergence_resolution.rs:88:            .update_revision(self.constitutional_revision, self.replay_revision)
crates/amun-constitutional/src/divergence_resolution.rs:97:        h.finalize()
crates/amun-constitutional/src/divergence_type.rs:11:/// The constitutional classification of a replay divergence.
crates/amun-constitutional/src/divergence_type.rs:18:    /// A divergence caused by replay error — should be investigated.
crates/amun-constitutional/src/divergence_type.rs:1://! DivergenceType — constitutional classification of replay divergence.
crates/amun-constitutional/src/divergence_type.rs:43:        h.finalize()
crates/amun-constitutional/src/divergence_type.rs:4://! governance transitions), others are violations (replay errors, boundary
crates/amun-constitutional/src/divergence_type.rs:56:    /// Returns true if this divergence indicates a replay error.
crates/amun-constitutional/src/execution_boundary.rs:107:    fn verify_provenance(&self) -> Result<(), ConstitutionalFailure> {
crates/amun-constitutional/src/execution_boundary.rs:108:        if self.constitutional_revision == 0 || self.replay_revision == 0 {
crates/amun-constitutional/src/execution_boundary.rs:135:            replay_revision: 1,
crates/amun-constitutional/src/execution_boundary.rs:13:    pub replay_revision: u32,
crates/amun-constitutional/src/execution_boundary.rs:142:            max_transitions: limits.admissibility.max_transition_depth,
crates/amun-constitutional/src/execution_boundary.rs:182:    fn t_verify() {
crates/amun-constitutional/src/execution_boundary.rs:183:        assert!(mb().verify().is_ok());
crates/amun-constitutional/src/execution_boundary.rs:20:    pub max_transitions: u64,
crates/amun-constitutional/src/execution_boundary.rs:39:    fn replay_revision(&self) -> u32 {
crates/amun-constitutional/src/execution_boundary.rs:40:        self.replay_revision
crates/amun-constitutional/src/execution_boundary.rs:48:            .update_revision(self.constitutional_revision, self.replay_revision)
crates/amun-constitutional/src/execution_boundary.rs:54:            .update_u64(self.max_transitions)
crates/amun-constitutional/src/execution_boundary.rs:61:        h.finalize()
crates/amun-constitutional/src/execution_boundary.rs:63:    fn verify_structure(&self) -> Result<(), ConstitutionalFailure> {
crates/amun-constitutional/src/execution_boundary.rs:73:        if self.max_events == 0 || self.max_transitions == 0 {
crates/amun-constitutional/src/execution_boundary.rs:95:    fn verify_semantics(&self) -> Result<(), ConstitutionalFailure> {
crates/amun-constitutional/src/execution_context.rs:102:            replay_lineage_hash: None,
crates/amun-constitutional/src/execution_context.rs:110:    pub fn with_replay_lineage(mut self, h: [u8; 32]) -> Self {
crates/amun-constitutional/src/execution_context.rs:111:        self.replay_lineage_hash = Some(h);
crates/amun-constitutional/src/execution_context.rs:12:    pub replay_revision: u32,
crates/amun-constitutional/src/execution_context.rs:131:    fn t_verify() {
crates/amun-constitutional/src/execution_context.rs:132:        assert!(ExecutionContext::new(1, [0xAB; 32], 0).verify().is_ok());
crates/amun-constitutional/src/execution_context.rs:16:    pub replay_lineage_hash: Option<[u8; 32]>,
crates/amun-constitutional/src/execution_context.rs:32:    fn replay_revision(&self) -> u32 {
crates/amun-constitutional/src/execution_context.rs:33:        self.replay_revision
crates/amun-constitutional/src/execution_context.rs:41:            .update_revision(self.constitutional_revision, self.replay_revision)
crates/amun-constitutional/src/execution_context.rs:44:            .update_optional_hash(self.replay_lineage_hash.as_ref())
crates/amun-constitutional/src/execution_context.rs:48:        h.finalize()
crates/amun-constitutional/src/execution_context.rs:50:    fn verify_structure(&self) -> Result<(), ConstitutionalFailure> {
crates/amun-constitutional/src/execution_context.rs:62:    fn verify_semantics(&self) -> Result<(), ConstitutionalFailure> {
crates/amun-constitutional/src/execution_context.rs:74:    fn verify_provenance(&self) -> Result<(), ConstitutionalFailure> {
crates/amun-constitutional/src/execution_context.rs:75:        if self.constitutional_revision == 0 || self.replay_revision == 0 {
crates/amun-constitutional/src/execution_context.rs:98:            replay_revision: 1,
crates/amun-constitutional/src/execution_journal.rs:106:            replay_revision: 1,
crates/amun-constitutional/src/execution_journal.rs:120:    pub fn with_revision(mut self, constitutional: u32, replay: u32) -> Self {
crates/amun-constitutional/src/execution_journal.rs:122:        self.replay_revision = replay;
crates/amun-constitutional/src/execution_journal.rs:138:    pub replay_revision: u32,
crates/amun-constitutional/src/execution_journal.rs:13:    pub replay_revision: u32,
crates/amun-constitutional/src/execution_journal.rs:157:    fn replay_revision(&self) -> u32 {
crates/amun-constitutional/src/execution_journal.rs:158:        self.replay_revision
crates/amun-constitutional/src/execution_journal.rs:166:            .update_revision(self.constitutional_revision, self.replay_revision)
crates/amun-constitutional/src/execution_journal.rs:172:        h.finalize()
crates/amun-constitutional/src/execution_journal.rs:174:    fn verify_structure(&self) -> Result<(), ConstitutionalFailure> {
crates/amun-constitutional/src/execution_journal.rs:186:    fn verify_semantics(&self) -> Result<(), ConstitutionalFailure> {
crates/amun-constitutional/src/execution_journal.rs:198:    fn verify_provenance(&self) -> Result<(), ConstitutionalFailure> {
crates/amun-constitutional/src/execution_journal.rs:199:        if self.constitutional_revision == 0 || self.replay_revision == 0 {
crates/amun-constitutional/src/execution_journal.rs:218:            replay_revision: 1,
crates/amun-constitutional/src/execution_journal.rs:231:        entry.verify()?;
crates/amun-constitutional/src/execution_journal.rs:241:        if entry.replay_revision != self.replay_revision {
crates/amun-constitutional/src/execution_journal.rs:299:    fn t_entry_verify() {
crates/amun-constitutional/src/execution_journal.rs:300:        assert!(me(&mc(), 1, 0, None).verify().is_ok());
crates/amun-constitutional/src/execution_journal.rs:35:    fn replay_revision(&self) -> u32 {
crates/amun-constitutional/src/execution_journal.rs:36:        self.replay_revision
crates/amun-constitutional/src/execution_journal.rs:44:            .update_revision(self.constitutional_revision, self.replay_revision)
crates/amun-constitutional/src/execution_journal.rs:52:        h.finalize()
crates/amun-constitutional/src/execution_journal.rs:54:    fn verify_structure(&self) -> Result<(), ConstitutionalFailure> {
crates/amun-constitutional/src/execution_journal.rs:66:    fn verify_semantics(&self) -> Result<(), ConstitutionalFailure> {
crates/amun-constitutional/src/execution_journal.rs:78:    fn verify_provenance(&self) -> Result<(), ConstitutionalFailure> {
crates/amun-constitutional/src/execution_journal.rs:79:        if self.constitutional_revision == 0 || self.replay_revision == 0 {
crates/amun-constitutional/src/execution_limits.rs:103:            .update_u64(self.admissibility.max_transition_depth);
crates/amun-constitutional/src/execution_limits.rs:108:        h.finalize()
crates/amun-constitutional/src/execution_limits.rs:114:    pub fn verify_structure(&self) -> Result<(), ConstitutionalFailure> {
crates/amun-constitutional/src/execution_limits.rs:126:    pub fn verify_semantics(&self) -> Result<(), ConstitutionalFailure> {
crates/amun-constitutional/src/execution_limits.rs:138:    pub fn verify_provenance(&self) -> Result<(), ConstitutionalFailure> {
crates/amun-constitutional/src/execution_limits.rs:139:        if self.constitutional_revision == 0 || self.replay_revision == 0 {
crates/amun-constitutional/src/execution_limits.rs:150:    pub fn verify_constitutional(&self) -> Result<(), ConstitutionalFailure> {
crates/amun-constitutional/src/execution_limits.rs:151:        if self.proof.max_proof_chain_depth > self.admissibility.max_transition_depth {
crates/amun-constitutional/src/execution_limits.rs:157:                "Proof depth exceeds transition depth",
crates/amun-constitutional/src/execution_limits.rs:169:        if self.replay.max_transcript_span == 0 || self.admissibility.max_events_per_context == 0 {
crates/amun-constitutional/src/execution_limits.rs:17:    pub max_transition_depth: u64,
crates/amun-constitutional/src/execution_limits.rs:180:    pub fn verify(&self) -> Result<(), ConstitutionalFailure> {
crates/amun-constitutional/src/execution_limits.rs:181:        self.verify_structure()?;
crates/amun-constitutional/src/execution_limits.rs:182:        self.verify_semantics()?;
crates/amun-constitutional/src/execution_limits.rs:183:        self.verify_provenance()?;
crates/amun-constitutional/src/execution_limits.rs:184:        self.verify_constitutional()?;
crates/amun-constitutional/src/execution_limits.rs:193:    fn t_default_verify() {
crates/amun-constitutional/src/execution_limits.rs:194:        assert!(ExecutionLimits::constitutional_default().verify().is_ok());
crates/amun-constitutional/src/execution_limits.rs:38:    pub replay_revision: u32,
crates/amun-constitutional/src/execution_limits.rs:44:    pub replay: ReplayLimits,
crates/amun-constitutional/src/execution_limits.rs:57:            replay_revision: 1,
crates/amun-constitutional/src/execution_limits.rs:63:            replay: ReplayLimits {
crates/amun-constitutional/src/execution_limits.rs:65:                max_replay_divergence: 1000,
crates/amun-constitutional/src/execution_limits.rs:72:                max_transition_depth: 1000,
crates/amun-constitutional/src/execution_limits.rs:92:            .update_revision(self.constitutional_revision, self.replay_revision)
crates/amun-constitutional/src/execution_limits.rs:97:        h.update_u64(self.replay.max_transcript_span)
crates/amun-constitutional/src/execution_limits.rs:98:            .update_u64(self.replay.max_replay_divergence)
crates/amun-constitutional/src/execution_limits.rs:99:            .update_u64(self.replay.max_journal_entries);
crates/amun-constitutional/src/execution_limits.rs:9:    pub max_replay_divergence: u64,
crates/amun-constitutional/src/execution_receipt.rs:106:            .update_revision(self.constitutional_revision, self.replay_revision)
crates/amun-constitutional/src/execution_receipt.rs:112:            .update_bytes(&self.commitment_hash)
crates/amun-constitutional/src/execution_receipt.rs:115:            .update_u8(self.replay_outcome as u8);
crates/amun-constitutional/src/execution_receipt.rs:117:        h.finalize()
crates/amun-constitutional/src/execution_receipt.rs:120:    fn verify_structure(&self) -> Result<(), ConstitutionalFailure> {
crates/amun-constitutional/src/execution_receipt.rs:133:    fn verify_semantics(&self) -> Result<(), ConstitutionalFailure> {
crates/amun-constitutional/src/execution_receipt.rs:146:    fn verify_provenance(&self) -> Result<(), ConstitutionalFailure> {
crates/amun-constitutional/src/execution_receipt.rs:147:        if self.constitutional_revision == 0 || self.replay_revision == 0 {
crates/amun-constitutional/src/execution_receipt.rs:159:    fn verify_constitutional(&self) -> Result<(), ConstitutionalFailure> {
crates/amun-constitutional/src/execution_receipt.rs:160:        // NOTE: We do NOT verify parent_receipt_hash validity.
crates/amun-constitutional/src/execution_receipt.rs:16://!   replay ADMISSIBILITY, not execution finality.
crates/amun-constitutional/src/execution_receipt.rs:172:        replay_revision: u32,
crates/amun-constitutional/src/execution_receipt.rs:177:        commitment_hash: ConstitutionalHash,
crates/amun-constitutional/src/execution_receipt.rs:180:        replay_outcome: ReplayOutcome,
crates/amun-constitutional/src/execution_receipt.rs:187:            replay_revision,
crates/amun-constitutional/src/execution_receipt.rs:194:            commitment_hash,
crates/amun-constitutional/src/execution_receipt.rs:197:            replay_outcome,
crates/amun-constitutional/src/execution_receipt.rs:205:        self.replay_outcome.is_admitted()
crates/amun-constitutional/src/execution_receipt.rs:208:        self.replay_outcome.is_failure()
crates/amun-constitutional/src/execution_receipt.rs:243:        assert!(make_receipt(1, 0, [0xAB; 32], None).verify().is_ok());
crates/amun-constitutional/src/execution_receipt.rs:255:        assert!(r.verify().is_ok());
crates/amun-constitutional/src/execution_receipt.rs:26:use crate::replay_outcome::ReplayOutcome;
crates/amun-constitutional/src/execution_receipt.rs:28:/// A terminal constitutional witness attesting to replay admissibility.
crates/amun-constitutional/src/execution_receipt.rs:51:    pub replay_revision: u32,
crates/amun-constitutional/src/execution_receipt.rs:70:    pub commitment_hash: ConstitutionalHash,
crates/amun-constitutional/src/execution_receipt.rs:72:    /// Certificate attesting replay admissibility (admissibility-first model).
crates/amun-constitutional/src/execution_receipt.rs:80:    pub replay_outcome: ReplayOutcome,
crates/amun-constitutional/src/execution_receipt.rs:97:    fn replay_revision(&self) -> u32 {
crates/amun-constitutional/src/execution_receipt.rs:98:        self.replay_revision
crates/amun-constitutional/src/execution_receipt.rs:9://!      This preserves replay locality and prevents global sequencing bottlenecks.
crates/amun-constitutional/src/hash_domain_registry.rs:16:/// Changing a domain invalidates ALL historical artifacts
crates/amun-constitutional/src/hash_domains.rs:13://!   Changing an existing tag invalidates ALL historical artifacts.
crates/amun-constitutional/src/lib.rs:121:pub use replay_certificate::ReplayCertificate;
crates/amun-constitutional/src/lib.rs:122:pub use replay_outcome::ReplayOutcome;
crates/amun-constitutional/src/lib.rs:130:pub use transition_commitment::TransitionCommitment;
crates/amun-constitutional/src/lib.rs:131:pub use transition_evidence::TransitionEvidence;
crates/amun-constitutional/src/lib.rs:53:pub mod transition_commitment;
crates/amun-constitutional/src/lib.rs:54:pub mod transition_evidence;
crates/amun-constitutional/src/lib.rs:59:pub mod replay_certificate;
crates/amun-constitutional/src/lib.rs:60:pub mod replay_outcome;
crates/amun-constitutional/src/replay_certificate.rs:101:    fn verify_provenance(&self) -> Result<(), ConstitutionalFailure> {
crates/amun-constitutional/src/replay_certificate.rs:102:        if self.constitutional_revision == 0 || self.replay_revision == 0 {
crates/amun-constitutional/src/replay_certificate.rs:114:    fn verify_constitutional(&self) -> Result<(), ConstitutionalFailure> {
crates/amun-constitutional/src/replay_certificate.rs:116:            || self.scope.replay_revision != self.replay_revision
crates/amun-constitutional/src/replay_certificate.rs:134:        replay_revision: u32,
crates/amun-constitutional/src/replay_certificate.rs:139:        outcome: crate::replay_outcome::ReplayOutcome,
crates/amun-constitutional/src/replay_certificate.rs:149:            replay_revision,
crates/amun-constitutional/src/replay_certificate.rs:157:            replay_revision,
crates/amun-constitutional/src/replay_certificate.rs:170:    pub fn outcome(&self) -> crate::replay_outcome::ReplayOutcome {
crates/amun-constitutional/src/replay_certificate.rs:177:    pub fn verify_scope_against_parent(
crates/amun-constitutional/src/replay_certificate.rs:181:        match self.scope.verify_against_parent(&parent.scope) {
crates/amun-constitutional/src/replay_certificate.rs:197:    use crate::replay_outcome::ReplayOutcome;
crates/amun-constitutional/src/replay_certificate.rs:213:        assert!(mc(1, 0, 99, ReplayOutcome::Admitted, None).verify().is_ok());
crates/amun-constitutional/src/replay_certificate.rs:22:    pub replay_revision: u32,
crates/amun-constitutional/src/replay_certificate.rs:240:        assert!(c.verify_scope_against_parent(&p).is_ok());
crates/amun-constitutional/src/replay_certificate.rs:260:        assert!(c.verify_scope_against_parent(&p).is_err());
crates/amun-constitutional/src/replay_certificate.rs:267:        assert!(c.verify_structure().is_err());
crates/amun-constitutional/src/replay_certificate.rs:274:        assert!(c.verify_constitutional().is_err());
crates/amun-constitutional/src/replay_certificate.rs:42:    fn replay_revision(&self) -> u32 {
crates/amun-constitutional/src/replay_certificate.rs:43:        self.replay_revision
crates/amun-constitutional/src/replay_certificate.rs:51:            .update_revision(self.constitutional_revision, self.replay_revision)
crates/amun-constitutional/src/replay_certificate.rs:57:            .update_u32(self.scope.replay_revision)
crates/amun-constitutional/src/replay_certificate.rs:63:        h.finalize()
crates/amun-constitutional/src/replay_certificate.rs:66:    fn verify_structure(&self) -> Result<(), ConstitutionalFailure> {
crates/amun-constitutional/src/replay_certificate.rs:88:    fn verify_semantics(&self) -> Result<(), ConstitutionalFailure> {
crates/amun-constitutional/src/replay_outcome.rs:10:/// The constitutional outcome of a replay.
crates/amun-constitutional/src/replay_outcome.rs:35:        h.finalize()
crates/amun-constitutional/src/replay_outcome.rs:38:    /// Returns true if this outcome represents a successful replay.
crates/amun-constitutional/src/restoration_point.rs:103:    fn verify_semantics(&self) -> Result<(), ConstitutionalFailure> {
crates/amun-constitutional/src/restoration_point.rs:116:    fn verify_provenance(&self) -> Result<(), ConstitutionalFailure> {
crates/amun-constitutional/src/restoration_point.rs:117:        if self.constitutional_revision == 0 || self.replay_revision == 0 {
crates/amun-constitutional/src/restoration_point.rs:134:        replay_revision: u32,
crates/amun-constitutional/src/restoration_point.rs:146:            replay_revision,
crates/amun-constitutional/src/restoration_point.rs:18:/// Where replay resumes after restoration.
crates/amun-constitutional/src/restoration_point.rs:194:        assert!(rp.verify().is_ok());
crates/amun-constitutional/src/restoration_point.rs:1://! RestorationPoint — the constitutional position where replay resumes.
crates/amun-constitutional/src/restoration_point.rs:29:    pub replay_revision: u32,
crates/amun-constitutional/src/restoration_point.rs:3://! A restoration point defines exactly where in the replay lineage
crates/amun-constitutional/src/restoration_point.rs:40:    /// The transcript position where replay resumes.
crates/amun-constitutional/src/restoration_point.rs:68:    fn replay_revision(&self) -> u32 {
crates/amun-constitutional/src/restoration_point.rs:69:        self.replay_revision
crates/amun-constitutional/src/restoration_point.rs:78:            .update_revision(self.constitutional_revision, self.replay_revision)
crates/amun-constitutional/src/restoration_point.rs:87:        h.finalize()
crates/amun-constitutional/src/restoration_point.rs:90:    fn verify_structure(&self) -> Result<(), ConstitutionalFailure> {
crates/amun-constitutional/src/schema_registry.rs:125:    pub const fn verify_range() -> bool {
crates/amun-constitutional/src/schema_registry.rs:163:        assert!(core_schemas::verify_uniqueness());
crates/amun-constitutional/src/schema_registry.rs:168:        assert!(core_schemas::verify_range());
crates/amun-constitutional/src/schema_registry.rs:89:    pub const fn verify_uniqueness() -> bool {
crates/amun-constitutional/src/snapshot.rs:101:        h.finalize()
crates/amun-constitutional/src/snapshot.rs:104:    fn verify_structure(&self) -> Result<(), ConstitutionalFailure> {
crates/amun-constitutional/src/snapshot.rs:126:    fn verify_semantics(&self) -> Result<(), ConstitutionalFailure> {
crates/amun-constitutional/src/snapshot.rs:139:    fn verify_provenance(&self) -> Result<(), ConstitutionalFailure> {
crates/amun-constitutional/src/snapshot.rs:140:        if self.constitutional_revision == 0 || self.replay_revision == 0 {
crates/amun-constitutional/src/snapshot.rs:152:    fn verify_constitutional(&self) -> Result<(), ConstitutionalFailure> {
crates/amun-constitutional/src/snapshot.rs:154:            || self.scope.replay_revision != self.replay_revision
crates/amun-constitutional/src/snapshot.rs:182:        replay_revision: u32,
crates/amun-constitutional/src/snapshot.rs:198:            replay_revision,
crates/amun-constitutional/src/snapshot.rs:1://! ConstitutionalSnapshot — constitutionally restorable replay surface.
crates/amun-constitutional/src/snapshot.rs:206:            replay_revision,
crates/amun-constitutional/src/snapshot.rs:225:    pub fn verify_against_parent(
crates/amun-constitutional/src/snapshot.rs:229:        match self.scope.verify_against_parent(&parent.scope) {
crates/amun-constitutional/src/snapshot.rs:24:/// A constitutionally restorable replay surface.
crates/amun-constitutional/src/snapshot.rs:263:                .verify()
crates/amun-constitutional/src/snapshot.rs:27:/// replay lineage, is admissible for restoration under specific constitutional
crates/amun-constitutional/src/snapshot.rs:320:        assert!(c.verify_against_parent(&p).is_ok());
crates/amun-constitutional/src/snapshot.rs:338:        assert!(c.verify_against_parent(&p).is_err());
crates/amun-constitutional/src/snapshot.rs:345:        assert!(s.verify_constitutional().is_err());
crates/amun-constitutional/src/snapshot.rs:36:/// It contains only the constitutional metadata required to verify
crates/amun-constitutional/src/snapshot.rs:43:    pub replay_revision: u32,
crates/amun-constitutional/src/snapshot.rs:4://!   "This replay lineage, within this scope, produced this state anchor,
crates/amun-constitutional/src/snapshot.rs:74:    fn replay_revision(&self) -> u32 {
crates/amun-constitutional/src/snapshot.rs:75:        self.replay_revision
crates/amun-constitutional/src/snapshot.rs:84:            .update_revision(self.constitutional_revision, self.replay_revision)
crates/amun-constitutional/src/snapshot.rs:92:            .update_u32(self.scope.replay_revision)
crates/amun-constitutional/src/snapshot_scope.rs:124:            || self.replay_revision != other.replay_revision
crates/amun-constitutional/src/snapshot_scope.rs:153:    pub fn verify_against_parent(
crates/amun-constitutional/src/snapshot_scope.rs:180:            replay_revision: 1,
crates/amun-constitutional/src/snapshot_scope.rs:214:    fn test_verify_against_parent_ok() {
crates/amun-constitutional/src/snapshot_scope.rs:217:        assert!(c.verify_against_parent(&p).is_ok());
crates/amun-constitutional/src/snapshot_scope.rs:220:    fn test_verify_against_parent_divergent_rejected() {
crates/amun-constitutional/src/snapshot_scope.rs:224:        assert!(c.verify_against_parent(&p).is_err());
crates/amun-constitutional/src/snapshot_scope.rs:42:    /// Snapshot is from a divergent replay lineage.
crates/amun-constitutional/src/snapshot_scope.rs:57:        h.finalize()
crates/amun-constitutional/src/snapshot_scope.rs:64:/// The scope defines the restoration surface — what replay window
crates/amun-constitutional/src/snapshot_scope.rs:80:    pub replay_revision: u32,
crates/amun-constitutional/src/snapshot_scope.rs:8://! replay surface, not a serialized storage image.
crates/amun-constitutional/src/snapshot_scope.rs:96:            .update_u32(self.replay_revision)
crates/amun-constitutional/src/snapshot_scope.rs:99:        h.finalize()
crates/amun-constitutional/src/state_anchor.rs:11://! It is REPLAY-DERIVED: the state root is an output of replay, not storage.
crates/amun-constitutional/src/state_anchor.rs:120:    fn verify_semantics(&self) -> Result<(), ConstitutionalFailure> {
crates/amun-constitutional/src/state_anchor.rs:133:    fn verify_provenance(&self) -> Result<(), ConstitutionalFailure> {
crates/amun-constitutional/src/state_anchor.rs:134:        if self.constitutional_revision == 0 || self.replay_revision == 0 {
crates/amun-constitutional/src/state_anchor.rs:146:    fn verify_constitutional(&self) -> Result<(), ConstitutionalFailure> {
crates/amun-constitutional/src/state_anchor.rs:148:            || self.scope.replay_revision != self.replay_revision
crates/amun-constitutional/src/state_anchor.rs:15://!   replay lineage and attested transcript scope, never from mutable storage
crates/amun-constitutional/src/state_anchor.rs:166:        replay_revision: u32,
crates/amun-constitutional/src/state_anchor.rs:182:            replay_revision,
crates/amun-constitutional/src/state_anchor.rs:189:            replay_revision,
crates/amun-constitutional/src/state_anchor.rs:1://! ConstitutionalStateAnchor — immutable, replay-derived state attestation.
crates/amun-constitutional/src/state_anchor.rs:208:    pub fn verify_against_parent(
crates/amun-constitutional/src/state_anchor.rs:212:        match self.scope.verify_against_parent(&parent.scope) {
crates/amun-constitutional/src/state_anchor.rs:243:        assert!(ma(1, 0, 99, [0x11; 32], None).verify().is_ok());
crates/amun-constitutional/src/state_anchor.rs:270:        assert!(c.verify_against_parent(&p).is_ok());
crates/amun-constitutional/src/state_anchor.rs:273:    fn test_state_transition_ok() {
crates/amun-constitutional/src/state_anchor.rs:276:        assert!(c.verify_against_parent(&p).is_ok());
crates/amun-constitutional/src/state_anchor.rs:28:/// An immutable constitutional attestation of replay-derived state.
crates/amun-constitutional/src/state_anchor.rs:294:        assert!(c.verify_against_parent(&p).is_err());
crates/amun-constitutional/src/state_anchor.rs:300:        assert!(a.verify_structure().is_err());
crates/amun-constitutional/src/state_anchor.rs:307:        assert!(a.verify_constitutional().is_err());
crates/amun-constitutional/src/state_anchor.rs:30:/// The anchor says: "Within this scope, replay produced this state root."
crates/amun-constitutional/src/state_anchor.rs:38:    pub replay_revision: u32,
crates/amun-constitutional/src/state_anchor.rs:69:    fn replay_revision(&self) -> u32 {
crates/amun-constitutional/src/state_anchor.rs:6://! A StateAnchor attests that a specific replay lineage, within a specific
crates/amun-constitutional/src/state_anchor.rs:70:        self.replay_revision
crates/amun-constitutional/src/state_anchor.rs:79:            .update_revision(self.constitutional_revision, self.replay_revision)
crates/amun-constitutional/src/state_anchor.rs:87:            .update_u32(self.scope.replay_revision)
crates/amun-constitutional/src/state_anchor.rs:95:        h.finalize()
crates/amun-constitutional/src/state_anchor.rs:98:    fn verify_structure(&self) -> Result<(), ConstitutionalFailure> {
crates/amun-constitutional/src/state_anchor_scope.rs:123:    pub fn verify_against_parent(
crates/amun-constitutional/src/state_anchor_scope.rs:148:            replay_revision: 1,
crates/amun-constitutional/src/state_anchor_scope.rs:165:    fn test_state_transition() {
crates/amun-constitutional/src/state_anchor_scope.rs:190:    fn test_verify_against_parent_ok() {
crates/amun-constitutional/src/state_anchor_scope.rs:193:        assert!(c.verify_against_parent(&p).is_ok());
crates/amun-constitutional/src/state_anchor_scope.rs:196:    fn test_verify_against_parent_state_transition_ok() {
crates/amun-constitutional/src/state_anchor_scope.rs:199:        assert!(c.verify_against_parent(&p).is_ok());
crates/amun-constitutional/src/state_anchor_scope.rs:202:    fn test_verify_against_parent_divergent_rejected() {
crates/amun-constitutional/src/state_anchor_scope.rs:206:        assert!(c.verify_against_parent(&p).is_err());
crates/amun-constitutional/src/state_anchor_scope.rs:51:    pub replay_revision: u32,
crates/amun-constitutional/src/state_anchor_scope.rs:65:            .update_u32(self.replay_revision)
crates/amun-constitutional/src/state_anchor_scope.rs:67:        h.finalize()
crates/amun-constitutional/src/state_anchor_scope.rs:89:            || self.replay_revision != other.replay_revision
crates/amun-constitutional/src/transition_commitment.rs:104:            replay_revision: 1,
crates/amun-constitutional/src/transition_commitment.rs:105:            commitment_id,
crates/amun-constitutional/src/transition_commitment.rs:106:            commitment_hash: [0; 32],
crates/amun-constitutional/src/transition_commitment.rs:110:            previous_commitment_hash,
crates/amun-constitutional/src/transition_commitment.rs:111:            commitment_sequence,
crates/amun-constitutional/src/transition_commitment.rs:114:        c.commitment_hash = c.constitutional_hash();
crates/amun-constitutional/src/transition_commitment.rs:123:    fn t_verify() {
crates/amun-constitutional/src/transition_commitment.rs:126:        assert!(c.verify().is_ok());
crates/amun-constitutional/src/transition_commitment.rs:12:    pub replay_revision: u32,
crates/amun-constitutional/src/transition_commitment.rs:13:    pub commitment_id: u64,
crates/amun-constitutional/src/transition_commitment.rs:14:    pub commitment_hash: [u8; 32],
crates/amun-constitutional/src/transition_commitment.rs:18:    pub previous_commitment_hash: Option<[u8; 32]>,
crates/amun-constitutional/src/transition_commitment.rs:19:    pub commitment_sequence: u64,
crates/amun-constitutional/src/transition_commitment.rs:33:    fn replay_revision(&self) -> u32 {
crates/amun-constitutional/src/transition_commitment.rs:34:        self.replay_revision
crates/amun-constitutional/src/transition_commitment.rs:42:            .update_revision(self.constitutional_revision, self.replay_revision)
crates/amun-constitutional/src/transition_commitment.rs:43:            .update_u64(self.commitment_id)
crates/amun-constitutional/src/transition_commitment.rs:47:            .update_optional_hash(self.previous_commitment_hash.as_ref())
crates/amun-constitutional/src/transition_commitment.rs:48:            .update_u64(self.commitment_sequence)
crates/amun-constitutional/src/transition_commitment.rs:50:        h.finalize()
crates/amun-constitutional/src/transition_commitment.rs:52:    fn verify_structure(&self) -> Result<(), ConstitutionalFailure> {
crates/amun-constitutional/src/transition_commitment.rs:55:                self.commitment_id,
crates/amun-constitutional/src/transition_commitment.rs:59:                "Invalid commitment",
crates/amun-constitutional/src/transition_commitment.rs:64:    fn verify_semantics(&self) -> Result<(), ConstitutionalFailure> {
crates/amun-constitutional/src/transition_commitment.rs:65:        if self.commitment_hash != self.constitutional_hash() {
crates/amun-constitutional/src/transition_commitment.rs:67:                self.commitment_id,
crates/amun-constitutional/src/transition_commitment.rs:76:    fn verify_provenance(&self) -> Result<(), ConstitutionalFailure> {
crates/amun-constitutional/src/transition_commitment.rs:77:        if self.constitutional_revision == 0 || self.replay_revision == 0 {
crates/amun-constitutional/src/transition_commitment.rs:79:                self.commitment_id,
crates/amun-constitutional/src/transition_commitment.rs:92:        commitment_id: u64,
crates/amun-constitutional/src/transition_commitment.rs:97:        commitment_sequence: u64,
crates/amun-constitutional/src/transition_commitment.rs:98:        previous_commitment_hash: Option<[u8; 32]>,
crates/amun-constitutional/src/transition_evidence.rs:100:        previous_transition_hash: Option<[u8; 32]>,
crates/amun-constitutional/src/transition_evidence.rs:107:            replay_revision: 1,
crates/amun-constitutional/src/transition_evidence.rs:113:            transition_sequence,
crates/amun-constitutional/src/transition_evidence.rs:114:            previous_transition_hash,
crates/amun-constitutional/src/transition_evidence.rs:128:    fn t_verify() {
crates/amun-constitutional/src/transition_evidence.rs:130:        assert!(e.verify().is_ok());
crates/amun-constitutional/src/transition_evidence.rs:13:    pub replay_revision: u32,
crates/amun-constitutional/src/transition_evidence.rs:19:    pub transition_sequence: u64,
crates/amun-constitutional/src/transition_evidence.rs:20:    pub previous_transition_hash: Option<[u8; 32]>,
crates/amun-constitutional/src/transition_evidence.rs:36:    fn replay_revision(&self) -> u32 {
crates/amun-constitutional/src/transition_evidence.rs:37:        self.replay_revision
crates/amun-constitutional/src/transition_evidence.rs:45:            .update_revision(self.constitutional_revision, self.replay_revision)
crates/amun-constitutional/src/transition_evidence.rs:50:            .update_u64(self.transition_sequence)
crates/amun-constitutional/src/transition_evidence.rs:51:            .update_optional_hash(self.previous_transition_hash.as_ref())
crates/amun-constitutional/src/transition_evidence.rs:53:        h.finalize()
crates/amun-constitutional/src/transition_evidence.rs:55:    fn verify_structure(&self) -> Result<(), ConstitutionalFailure> {
crates/amun-constitutional/src/transition_evidence.rs:67:    fn verify_semantics(&self) -> Result<(), ConstitutionalFailure> {
crates/amun-constitutional/src/transition_evidence.rs:79:    fn verify_provenance(&self) -> Result<(), ConstitutionalFailure> {
crates/amun-constitutional/src/transition_evidence.rs:80:        if self.constitutional_revision == 0 || self.replay_revision == 0 {
crates/amun-constitutional/src/transition_evidence.rs:99:        transition_sequence: u64,
crates/amun-constitutional/src/witness_type.rs:30:    /// Example: an intermediate commitment when the anchor covers the same span.
crates/amun-constitutional/src/witness_type.rs:38:        h.finalize()
crates/amun-contract-events/src/lib.rs:47:        let event_hash: [u8; 32] = hasher.finalize().into();
crates/amun-contract-events/src/lib.rs:67:    pub fn compute_events_root(&self) -> [u8; 32] {
crates/amun-contract-events/src/lib.rs:73:        hasher.finalize().into()
crates/amun-contract-events/tests/n173_events_storage_tests.rs:31:        storage1.compute_events_root(),
crates/amun-contract-events/tests/n173_events_storage_tests.rs:32:        storage2.compute_events_root()
crates/amun-contract-fuzzing/src/lib.rs:117:        let root1 = cr.compute_registry_root();
crates/amun-contract-fuzzing/src/lib.rs:118:        let root2 = cr.compute_registry_root();
crates/amun-contract-fuzzing/src/lib.rs:166:        let root1 = cr.compute_registry_root();
crates/amun-contract-fuzzing/src/lib.rs:167:        let root2 = cr.compute_registry_root();
crates/amun-contract-fuzzing/src/lib.rs:73:        let root1 = cr.compute_registry_root();
crates/amun-contract-fuzzing/src/lib.rs:74:        let root2 = cr.compute_registry_root();
crates/amun-contract-integration/src/lib.rs:20:        if !program.verify() {
crates/amun-contract-integration/src/lib.rs:61:        if !program.verify() {
crates/amun-contract-integration/src/lib.rs:66:        let (result, _evidence) = GasEngine::execute_with_gas(
crates/amun-contract-integration/src/lib.rs:78:                    pre_state_root: registry.compute_state_root(),
crates/amun-contract-integration/src/lib.rs:93:    pub fn compute_contract_evidence_root(registry: &ResourceRegistry) -> [u8; 32] {
crates/amun-contract-integration/src/lib.rs:97:        hasher.update(registry.compute_state_root());
crates/amun-contract-integration/src/lib.rs:98:        hasher.finalize().into()
crates/amun-contract-integration/tests/n167_contract_integration_tests.rs:20:    assert!(program.verify());
crates/amun-contract-integration/tests/n167_contract_integration_tests.rs:46:    let root1 = ContractExecutor::compute_contract_evidence_root(&reg1);
crates/amun-contract-integration/tests/n167_contract_integration_tests.rs:47:    let root2 = ContractExecutor::compute_contract_evidence_root(&reg2);
crates/amun-contract-integration/tests/n169_contract_nft_defi_tests.rs:91:    assert_eq!(cr1.compute_registry_root(), cr2.compute_registry_root());
crates/amun-contract-integration/tests/n172_cross_contract_tests.rs:44:    let root_before = cr.compute_registry_root();
crates/amun-contract-integration/tests/n172_cross_contract_tests.rs:46:    let root_after = cr.compute_registry_root();
crates/amun-contract-registry/src/lib.rs:65:        let code_hash: [u8; 32] = hasher.finalize().into();
crates/amun-contract-registry/src/lib.rs:84:    pub fn compute_registry_root(&self) -> [u8; 32] {
crates/amun-contract-registry/src/lib.rs:98:        hasher.finalize().into()
crates/amun-contract-sdk/src/lib.rs:59:    pub fn compute_root(&self) -> [u8; 32] {
crates/amun-contract-sdk/src/lib.rs:60:        self.contract_registry.compute_registry_root()
crates/amun-contract-security/src/lib.rs:113:    let root1 = cr1.compute_registry_root();
crates/amun-contract-security/src/lib.rs:114:    let root2 = cr2.compute_registry_root();
crates/amun-contract-security/src/lib.rs:141:    let root1 = contract_reg.compute_registry_root();
crates/amun-contract-security/src/lib.rs:142:    let root2 = contract_reg.compute_registry_root();
crates/amun-contract-upgrade/src/lib.rs:32:        if !new_program.verify() {
crates/amun-core-optimization/src/lib.rs:24:    pub fn compute_state_root(&mut self) -> [u8; 32] {
crates/amun-core-optimization/src/lib.rs:25:        let root = self.registry.compute_state_root();
crates/amun-core-optimization/src/lib.rs:38:        self.registry.compute_state_root()
crates/amun-core-optimization/tests/n161_optimization_tests.rs:48:    let _root1 = reg.compute_state_root();
crates/amun-core-optimization/tests/n161_optimization_tests.rs:52:    let _root2 = opt_reg.compute_state_root();
crates/amun-crash-recovery/src/checkpoint.rs:21:        hash.copy_from_slice(&h.finalize().as_bytes()[..32]);
crates/amun-crash-recovery/src/checkpoint.rs:25:    pub fn verify(&self) -> bool {
crates/amun-crash-recovery/src/checkpoint.rs:32:        let mut computed = [0u8; 32];
crates/amun-crash-recovery/src/checkpoint.rs:33:        computed.copy_from_slice(&h.finalize().as_bytes()[..32]);
crates/amun-crash-recovery/src/checkpoint.rs:34:        computed == self.checkpoint_hash
crates/amun-crash-recovery/src/recovery.rs:16:    pub fn verify_recovery(&self) -> Result<bool, String> {
crates/amun-crash-recovery/src/recovery.rs:21:        WriteAheadLog::verify_chain_continuity(&entries)?;
crates/amun-cross-contract/src/transfer_proof.rs:43:        let hash = hasher.finalize();
crates/amun-cross-contract/src/transfer_proof.rs:59:    pub fn verify(&self) -> bool {
crates/amun-cross-contract/src/transfer_proof.rs:67:        let hash = hasher.finalize();
crates/amun-cross-contract/src/transfer_proof.rs:70:        // Note: proof_id includes transaction_hash, so verify checks
crates/amun-cross-contract/src/transfer_proof.rs:72:        // For full verification, recompute with the original tx hash.
crates/amun-cross-contract/src/transfer_proof.rs:9:    /// Unique identifier for this proof — prevents replay.
crates/amun-crypto-hardening/src/anti_replay.rs:21:    /// If seen, return false (replay detected).
crates/amun-crypto-hardening/src/anti_replay.rs:24:            return false; // replay detected
crates/amun-crypto-hardening/src/anti_replay.rs:3:/// Anti-replay protection using a sliding window of seen message hashes.
crates/amun-crypto-hardening/src/anti_replay.rs:59:    fn n58_detect_replay() {
crates/amun-crypto-hardening/src/anti_replay.rs:63:        assert!(!guard.check_and_record(&hash)); // replay
crates/amun-crypto-hardening/src/key_rotation.rs:104:            if !cert.verify() {
crates/amun-crypto-hardening/src/key_rotation.rs:10:    pub issued_at: u64,
crates/amun-crypto-hardening/src/key_rotation.rs:130:        assert!(cert.verify());
crates/amun-crypto-hardening/src/key_rotation.rs:160:        assert!(chain.verify_chain());
crates/amun-crypto-hardening/src/key_rotation.rs:19:        issued_at: u64,
crates/amun-crypto-hardening/src/key_rotation.rs:26:            issued_at,
crates/amun-crypto-hardening/src/key_rotation.rs:30:    pub fn verify(&self) -> bool {
crates/amun-crypto-hardening/src/key_rotation.rs:38:        old_key.verify(&message, &self.rotation_signature)
crates/amun-crypto-hardening/src/key_rotation.rs:47:        let hash = hasher.finalize();
crates/amun-crypto-hardening/src/key_rotation.rs:69:        if !cert.verify() {
crates/amun-crypto-hardening/src/key_rotation.rs:98:    pub fn verify_chain(&self) -> bool {
crates/amun-crypto-hardening/src/lib.rs:32:pub mod anti_replay;
crates/amun-crypto-hardening/src/lib.rs:36:pub use anti_replay::*;
crates/amun-crypto-hardening/src/production_keys.rs:18:        let public_key = signing_key.verifying_key().to_bytes();
crates/amun-crypto-hardening/src/production_keys.rs:45:    pub fn verify(&self, message: &[u8], signature: &[u8; 64]) -> bool {
crates/amun-crypto-hardening/src/production_keys.rs:46:        let verifying_key = match VerifyingKey::from_bytes(&self.key_bytes) {
crates/amun-crypto-hardening/src/production_keys.rs:51:        verifying_key.verify(message, &sig).is_ok()
crates/amun-crypto-hardening/src/production_keys.rs:65:        assert!(pubkey.verify(msg, &sig));
crates/amun-crypto-hardening/src/production_keys.rs:75:        assert!(!pubkey.verify(msg, &sig));
crates/amun-crypto-hardening/src/production_keys.rs:83:        assert!(!pubkey.verify(b"message B", &sig));
crates/amun-crypto/src/audit.rs:19:    pub fn verify_entropy(&mut self, epoch: u64) -> bool {
crates/amun-crypto/src/ed25519.rs:22:        let pk = sk.verifying_key();
crates/amun-crypto/src/ed25519.rs:31:        let pk = sk.verifying_key();
crates/amun-crypto/src/ed25519.rs:50:        let digest = hasher.finalize();
crates/amun-crypto/src/ed25519.rs:54:    pub fn verify(
crates/amun-crypto/src/ed25519.rs:65:        let digest = hasher.finalize();
crates/amun-crypto/src/ed25519.rs:69:        vk.verify(digest.as_bytes(), &s)
crates/amun-defi-amm/src/lib.rs:32:        let pool_id_bytes = DefiPool::compute_pool_id(token_a, token_b);
crates/amun-defi-amm/src/lib.rs:71:    pub fn compute_evidence_root(&self) -> [u8; 32] {
crates/amun-defi-amm/src/lib.rs:81:        hasher.finalize().into()
crates/amun-defi-amm/tests/n153_amm_tests.rs:32:    assert_eq!(amm1.compute_evidence_root(), amm2.compute_evidence_root());
crates/amun-defi-amm/tests/n153_amm_tests.rs:43:    let root_before = amm.compute_evidence_root();
crates/amun-defi-amm/tests/n153_amm_tests.rs:45:    let root_after = amm.compute_evidence_root();
crates/amun-defi-core/src/lib.rs:77:    pub fn compute_pool_id(token_a: [u8; 32], token_b: [u8; 32]) -> [u8; 32] {
crates/amun-defi-core/src/lib.rs:82:        hasher.finalize().into()
crates/amun-defi-evidence/src/lib.rs:20:        hasher.finalize().into()
crates/amun-defi-evidence/src/lib.rs:39:        hasher.finalize().into()
crates/amun-defi-governance/src/lib.rs:115:    pub fn compute_governance_root(&self) -> [u8; 32] {
crates/amun-defi-governance/src/lib.rs:127:            hasher.update([proposal.executed as u8]);
crates/amun-defi-governance/src/lib.rs:129:        hasher.finalize().into()
crates/amun-defi-governance/src/lib.rs:31:    pub executed: bool,
crates/amun-defi-governance/src/lib.rs:61:        let proposal_id: [u8; 32] = hasher.finalize().into();
crates/amun-defi-governance/src/lib.rs:71:                executed: false,
crates/amun-defi-governance/src/lib.rs:95:    pub fn execute(&mut self, proposal_id: &[u8; 32]) -> bool {
crates/amun-defi-governance/src/lib.rs:97:            if p.executed || p.votes_for <= p.votes_against {
crates/amun-defi-governance/tests/n157_governance_tests.rs:10:    assert!(engine.execute(&prop_id));
crates/amun-defi-governance/tests/n157_governance_tests.rs:22:    engine1.execute(&id1);
crates/amun-defi-governance/tests/n157_governance_tests.rs:23:    engine2.execute(&id2);
crates/amun-defi-governance/tests/n157_governance_tests.rs:25:        engine1.compute_governance_root(),
crates/amun-defi-governance/tests/n157_governance_tests.rs:26:        engine2.compute_governance_root()
crates/amun-defi-governance/tests/n157_governance_tests.rs:33:    let root_before = engine.compute_governance_root();
crates/amun-defi-governance/tests/n157_governance_tests.rs:36:    engine.execute(&prop_id);
crates/amun-defi-governance/tests/n157_governance_tests.rs:37:    let root_after = engine.compute_governance_root();
crates/amun-defi-governance/tests/n157_governance_tests.rs:4:fn n157_propose_vote_and_execute() {
crates/amun-defi-lending-core/src/lib.rs:31:    pub fn compute_interest(principal: u64, rate_bps: u64, blocks_elapsed: u64) -> u64 {
crates/amun-defi-lending-core/src/lib.rs:39:    pub fn compute_health_factor(collateral: u64, debt: u64, liquidation_threshold: u64) -> u64 {
crates/amun-defi-lending-engine/src/lib.rs:142:            let pending_interest = InterestModel::compute_interest(
crates/amun-defi-lending-engine/src/lib.rs:148:            InterestModel::compute_health_factor(loan.collateral_locked, total_debt, 8000)
crates/amun-defi-lending-engine/src/lib.rs:154:    pub fn compute_lending_root(&self) -> [u8; 32] {
crates/amun-defi-lending-engine/src/lib.rs:164:        hasher.finalize().into()
crates/amun-defi-lending-engine/src/lib.rs:172:    hasher.finalize().into()
crates/amun-defi-lending-engine/src/lib.rs:32:        ResourceId(hasher.finalize().into())
crates/amun-defi-lending-engine/src/lib.rs:87:            let interest = InterestModel::compute_interest(
crates/amun-defi-lending-engine/tests/n154_lending_tests.rs:109:        engine1.compute_lending_root(),
crates/amun-defi-lending-engine/tests/n154_lending_tests.rs:110:        engine2.compute_lending_root()
crates/amun-defi-lending-evidence/src/lib.rs:20:        hasher.finalize().into()
crates/amun-defi-lending-evidence/src/lib.rs:37:        hasher.finalize().into()
crates/amun-defi-lending-evidence/src/lib.rs:54:        hasher.finalize().into()
crates/amun-defi-lending-evidence/src/lib.rs:67:        hasher.finalize().into()
crates/amun-defi-stablecoin/src/lib.rs:78:    pub fn compute_stablecoin_root(&self) -> [u8; 32] {
crates/amun-defi-stablecoin/src/lib.rs:88:        hasher.finalize().into()
crates/amun-defi-stablecoin/src/lib.rs:96:    hasher.finalize().into()
crates/amun-defi-stablecoin/tests/n155_stablecoin_tests.rs:32:        engine1.compute_stablecoin_root(),
crates/amun-defi-stablecoin/tests/n155_stablecoin_tests.rs:33:        engine2.compute_stablecoin_root()
crates/amun-defi-stress/src/lib.rs:112:            let root_before = engine.compute_stablecoin_root();
crates/amun-defi-stress/src/lib.rs:115:            let root_after = engine.compute_stablecoin_root();
crates/amun-defi-stress/src/lib.rs:52:            let root_before = amm.compute_evidence_root();
crates/amun-defi-stress/src/lib.rs:54:            let root_after = amm.compute_evidence_root();
crates/amun-deterministic-scheduler/src/queue.rs:41:        // Lower priority number = higher scheduling priority (executed first)
crates/amun-deterministic-scheduler/src/scheduler.rs:112:        while executed.len() < max_tasks && self.io_consumed_this_round < self.io_quota {
crates/amun-deterministic-scheduler/src/scheduler.rs:117:                    executed.push(ExecutedTask {
crates/amun-deterministic-scheduler/src/scheduler.rs:134:        executed
crates/amun-deterministic-scheduler/src/scheduler.rs:58:    /// I/O gets up to io_quota tasks per round, then regular tasks execute.
crates/amun-deterministic-scheduler/src/scheduler.rs:59:    pub fn execute_batch(&mut self, max_tasks: usize) -> Vec<ExecutedTask> {
crates/amun-deterministic-scheduler/src/scheduler.rs:60:        let mut executed = Vec::new();
crates/amun-deterministic-scheduler/src/scheduler.rs:65:        while executed.len() < max_tasks && self.io_consumed_this_round < self.io_quota {
crates/amun-deterministic-scheduler/src/scheduler.rs:70:                    executed.push(ExecutedTask {
crates/amun-deterministic-scheduler/src/scheduler.rs:89:        while executed.len() < max_tasks {
crates/amun-deterministic-scheduler/src/scheduler.rs:93:                    executed.push(ExecutedTask {
crates/amun-dual-verification/src/dual_verifier.rs:14:    pub fn execute_and_verify(
crates/amun-dual-verification/src/dual_verifier.rs:22:        let pre_root = registry.compute_state_root();
crates/amun-dual-verification/src/dual_verifier.rs:24:        let result = ConstitutionalRuntime::execute(
crates/amun-dual-verification/src/dual_verifier.rs:38:                transition_proof,
crates/amun-dual-verification/src/dual_verifier.rs:42:                let enhanced_proof = PCCVEngine::build_proof(
crates/amun-dual-verification/src/dual_verifier.rs:51:                    transition_proof.gas_used,
crates/amun-dual-verification/src/dual_verifier.rs:53:                let pccv_result = PCCVVerifier::verify(&enhanced_proof, registry);
crates/amun-dual-verification/src/dual_verifier.rs:5:use amun_pccv::transition_proof_engine::TransitionProofEngine as PCCVEngine;
crates/amun-economic-service/src/main.rs:27:                    ledger_clone.lock().unwrap().on_block_finalized(&economics);
crates/amun-economic-service/src/main.rs:42:                "total_issued_ntr": ledger.total_issued_ntr,
crates/amun-economic-service/src/main.rs:48:                "ledger_root": hex::encode(ledger.compute_ledger_root()),
crates/amun-entropy-transcript/src/source.rs:32:        role_seed.copy_from_slice(&hasher.finalize().as_bytes()[..32]);
crates/amun-entropy-transcript/src/source.rs:52:        let hash = hasher.finalize();
crates/amun-entropy-transcript/src/source.rs:81:        new_seed.copy_from_slice(&hasher.finalize().as_bytes()[..32]);
crates/amun-entropy-transcript/src/transcript.rs:33:    pub fn verify_replay(&self, other: &EntropyTranscript) -> bool {
crates/amun-epoch-transition/src/lib.rs:1:pub mod transition;
crates/amun-epoch-transition/src/lib.rs:4:pub use transition::EpochTransition;
crates/amun-epoch-transition/src/transition.rs:12:    pub transition_hash: [u8; 32],
crates/amun-epoch-transition/src/transition.rs:30:        let mut transition_hash = [0u8; 32];
crates/amun-epoch-transition/src/transition.rs:31:        transition_hash.copy_from_slice(&h.finalize().as_bytes()[..32]);
crates/amun-epoch-transition/src/transition.rs:39:            transition_hash,
crates/amun-epoch-transition/src/transition.rs:43:    pub fn verify(&self) -> bool {
crates/amun-epoch-transition/src/transition.rs:4:/// An epoch transition: seals the current epoch and begins the next.
crates/amun-epoch-transition/src/transition.rs:51:        let mut computed = [0u8; 32];
crates/amun-epoch-transition/src/transition.rs:52:        computed.copy_from_slice(&h.finalize().as_bytes()[..32]);
crates/amun-epoch-transition/src/transition.rs:53:        computed == self.transition_hash
crates/amun-epoch-transition/src/validator_rotation.rs:18:    /// Check if a validator set transition is legal.
crates/amun-epoch-transition/src/validator_rotation.rs:19:    pub fn is_legal_transition(
crates/amun-epoch-transition/src/validator_rotation.rs:3:/// Validator rotation law for epoch transitions.
crates/amun-evidence-engine/src/evidence_types.rs:23:    /// Contract invariant failure — evaluated post-commit.
crates/amun-evidence-engine/src/evidence_types.rs:67:        let hash = hasher.finalize();
crates/amun-evidence-finality/src/evidence_finality.rs:101:            replay_root: block.replay_root,
crates/amun-evidence-finality/src/evidence_finality.rs:106:        cert.certificate_hash = cert.compute_hash();
crates/amun-evidence-finality/src/evidence_finality.rs:110:    fn compute_hash(&self) -> [u8; 32] {
crates/amun-evidence-finality/src/evidence_finality.rs:117:        hasher.update(&self.replay_root);
crates/amun-evidence-finality/src/evidence_finality.rs:120:        let hash = hasher.finalize();
crates/amun-evidence-finality/src/evidence_finality.rs:126:    pub fn verify(&self) -> bool {
crates/amun-evidence-finality/src/evidence_finality.rs:127:        self.certificate_hash == self.compute_hash() && self.qc.is_valid()
crates/amun-evidence-finality/src/evidence_finality.rs:12:/// A fully verified block with execution, proof, replay, and evidence roots.
crates/amun-evidence-finality/src/evidence_finality.rs:130:    /// The certificate binds five independent roots into one cryptographic commitment.
crates/amun-evidence-finality/src/evidence_finality.rs:135:            &self.replay_root,
crates/amun-evidence-finality/src/evidence_finality.rs:146:    pub fn execute_and_verify(
crates/amun-evidence-finality/src/evidence_finality.rs:158:        let mut replay_hashes = Vec::new();
crates/amun-evidence-finality/src/evidence_finality.rs:161:            let result = ConstitutionalRuntime::execute(
crates/amun-evidence-finality/src/evidence_finality.rs:174:                    transition_proof, ..
crates/amun-evidence-finality/src/evidence_finality.rs:177:                    transition_proof, ..
crates/amun-evidence-finality/src/evidence_finality.rs:178:                } => transition_proof,
crates/amun-evidence-finality/src/evidence_finality.rs:184:            let replay = ReplayVerifier::replay(&proof, program, &mut fresh_reg, &[]);
crates/amun-evidence-finality/src/evidence_finality.rs:186:            let verified = matches!(replay, ReplayResult::Match { .. });
crates/amun-evidence-finality/src/evidence_finality.rs:187:            replay_hashes.push(if verified {
crates/amun-evidence-finality/src/evidence_finality.rs:19:    pub replay_root: [u8; 32],
crates/amun-evidence-finality/src/evidence_finality.rs:202:        let state_root = registry.compute_state_root();
crates/amun-evidence-finality/src/evidence_finality.rs:204:        let replay_root = Self::hash_list(b"AMUN_REPLAY_ROOT_V1", &replay_hashes);
crates/amun-evidence-finality/src/evidence_finality.rs:205:        let evidence_root = EvidenceVerifiedBlock::compute_evidence_root(&all_evidence);
crates/amun-evidence-finality/src/evidence_finality.rs:206:        let block_hash = EvidenceVerifiedBlock::compute_block_hash(
crates/amun-evidence-finality/src/evidence_finality.rs:211:            &replay_root,
crates/amun-evidence-finality/src/evidence_finality.rs:220:            replay_root,
crates/amun-evidence-finality/src/evidence_finality.rs:233:            return Err("Not all transitions passed replay verification".into());
crates/amun-evidence-finality/src/evidence_finality.rs:240:            replay_root: block.replay_root,
crates/amun-evidence-finality/src/evidence_finality.rs:256:        Ok(ConstitutionalFinalityCertificate::issue(block, qc))
crates/amun-evidence-finality/src/evidence_finality.rs:265:        let hash = hasher.finalize();
crates/amun-evidence-finality/src/evidence_finality.rs:26:    pub fn compute_evidence_root(evidence: &[ConstitutionalEvidence]) -> [u8; 32] {
crates/amun-evidence-finality/src/evidence_finality.rs:294:            pre_state_root: registry.compute_state_root(),
crates/amun-evidence-finality/src/evidence_finality.rs:297:        let block = EvidenceBackedConsensus::execute_and_verify(
crates/amun-evidence-finality/src/evidence_finality.rs:307:        assert!(cert.verify());
crates/amun-evidence-finality/src/evidence_finality.rs:321:            pre_state_root: registry.compute_state_root(),
crates/amun-evidence-finality/src/evidence_finality.rs:324:        let block = EvidenceBackedConsensus::execute_and_verify(
crates/amun-evidence-finality/src/evidence_finality.rs:32:        let hash = hasher.finalize();
crates/amun-evidence-finality/src/evidence_finality.rs:337:        assert_eq!(rr, &cert.replay_root);
crates/amun-evidence-finality/src/evidence_finality.rs:352:            pre_state_root: registry.compute_state_root(),
crates/amun-evidence-finality/src/evidence_finality.rs:355:        let block = EvidenceBackedConsensus::execute_and_verify(
crates/amun-evidence-finality/src/evidence_finality.rs:38:    pub fn compute_block_hash(
crates/amun-evidence-finality/src/evidence_finality.rs:43:        replay_root: &[u8; 32],
crates/amun-evidence-finality/src/evidence_finality.rs:52:        hasher.update(replay_root);
crates/amun-evidence-finality/src/evidence_finality.rs:54:        let hash = hasher.finalize();
crates/amun-evidence-finality/src/evidence_finality.rs:68:    pub replay_root: [u8; 32],
crates/amun-evidence-finality/src/evidence_finality.rs:7:use amun_replay_verifier::replay_verifier::{ReplayResult, ReplayVerifier};
crates/amun-evidence-finality/src/evidence_finality.rs:88:    pub replay_root: [u8; 32],
crates/amun-evidence-finality/src/evidence_finality.rs:95:    pub fn issue(block: &EvidenceVerifiedBlock, qc: EvidenceBackedQC) -> Self {
crates/amun-evidence-root/src/lib.rs:100:    pub fn verify(&self) -> bool {
crates/amun-evidence-root/src/lib.rs:105:            if !self.roots[i].verify() {
crates/amun-evidence-root/src/lib.rs:127:        assert!(genesis.verify());
crates/amun-evidence-root/src/lib.rs:133:        let r1 = EvidenceRoot::compute([1u8; 32], [2u8; 32], [3u8; 32], [4u8; 32], [0u8; 32], 1);
crates/amun-evidence-root/src/lib.rs:134:        let r2 = EvidenceRoot::compute([1u8; 32], [2u8; 32], [3u8; 32], [4u8; 32], [0u8; 32], 1);
crates/amun-evidence-root/src/lib.rs:140:        let r1 = EvidenceRoot::compute([1u8; 32], [2u8; 32], [3u8; 32], [4u8; 32], [0u8; 32], 1);
crates/amun-evidence-root/src/lib.rs:141:        let r2 = EvidenceRoot::compute([9u8; 32], [2u8; 32], [3u8; 32], [4u8; 32], [0u8; 32], 1);
crates/amun-evidence-root/src/lib.rs:151:        assert!(chain.verify());
crates/amun-evidence-root/src/lib.rs:15:    pub commit_hash: [u8; 32],
crates/amun-evidence-root/src/lib.rs:162:        assert!(!chain.verify());
crates/amun-evidence-root/src/lib.rs:16:    pub replay_certificate: [u8; 32],
crates/amun-evidence-root/src/lib.rs:23:    pub fn compute(
crates/amun-evidence-root/src/lib.rs:25:        commit_hash: [u8; 32],
crates/amun-evidence-root/src/lib.rs:26:        replay_certificate: [u8; 32],
crates/amun-evidence-root/src/lib.rs:34:        hasher.update(&commit_hash);
crates/amun-evidence-root/src/lib.rs:35:        hasher.update(&replay_certificate);
crates/amun-evidence-root/src/lib.rs:39:        let root = hasher.finalize().into();
crates/amun-evidence-root/src/lib.rs:43:            commit_hash,
crates/amun-evidence-root/src/lib.rs:44:            replay_certificate,
crates/amun-evidence-root/src/lib.rs:53:        Self::compute([0u8; 32], [0u8; 32], [0u8; 32], [0u8; 32], [0u8; 32], 0)
crates/amun-evidence-root/src/lib.rs:56:    pub fn verify(&self) -> bool {
crates/amun-evidence-root/src/lib.rs:57:        let recomputed = Self::compute(
crates/amun-evidence-root/src/lib.rs:59:            self.commit_hash,
crates/amun-evidence-root/src/lib.rs:60:            self.replay_certificate,
crates/amun-evidence-root/src/lib.rs:65:        self.root == recomputed.root
crates/amun-evidence-root/src/lib.rs:7:/// - Commit hash (state transition record)
crates/amun-evidence-root/src/lib.rs:83:        commit_hash: [u8; 32],
crates/amun-evidence-root/src/lib.rs:84:        replay_certificate: [u8; 32],
crates/amun-evidence-root/src/lib.rs:89:        self.roots.push(EvidenceRoot::compute(
crates/amun-evidence-root/src/lib.rs:8:/// - Replay certificate (replay verification proof)
crates/amun-evidence-root/src/lib.rs:91:            commit_hash,
crates/amun-evidence-root/src/lib.rs:92:            replay_certificate,
crates/amun-evidence-root/tests/n40_evidence_backed_block.rs:100:    let e1 = EvidenceRoot::compute(before, [0u8; 32], [0u8; 32], [0u8; 32], [0u8; 32], 1);
crates/amun-evidence-root/tests/n40_evidence_backed_block.rs:101:    let e2 = EvidenceRoot::compute(after, [0u8; 32], [0u8; 32], [0u8; 32], [0u8; 32], 1);
crates/amun-evidence-root/tests/n40_evidence_backed_block.rs:13:        sk.verifying_key().to_bytes()
crates/amun-evidence-root/tests/n40_evidence_backed_block.rs:15:    builder.engine.state.create_account(alice, 1000);
crates/amun-evidence-root/tests/n40_evidence_backed_block.rs:1:use amun_block_builder::BlockBuilder;
crates/amun-evidence-root/tests/n40_evidence_backed_block.rs:29:    let block = builder.build_block(1, [0u8; 32], &mut mempool, 100, [9u8; 32], 1000);
crates/amun-evidence-root/tests/n40_evidence_backed_block.rs:30:    let evidence = EvidenceRoot::compute(
crates/amun-evidence-root/tests/n40_evidence_backed_block.rs:38:    assert!(evidence.verify());
crates/amun-evidence-root/tests/n40_evidence_backed_block.rs:45:    let mut builder = BlockBuilder::new();
crates/amun-evidence-root/tests/n40_evidence_backed_block.rs:49:        sk.verifying_key().to_bytes()
crates/amun-evidence-root/tests/n40_evidence_backed_block.rs:51:    builder.engine.state.create_account(alice, 1000);
crates/amun-evidence-root/tests/n40_evidence_backed_block.rs:68:        let b = builder.build_block(i, parent, &mut mempool, 100, [9u8; 32], i * 1000);
crates/amun-evidence-root/tests/n40_evidence_backed_block.rs:71:    assert!(chain.verify());
crates/amun-evidence-root/tests/n40_evidence_backed_block.rs:77:    let mut builder = BlockBuilder::new();
crates/amun-evidence-root/tests/n40_evidence_backed_block.rs:81:        sk.verifying_key().to_bytes()
crates/amun-evidence-root/tests/n40_evidence_backed_block.rs:83:    builder.engine.state.create_account(alice, 1000);
crates/amun-evidence-root/tests/n40_evidence_backed_block.rs:84:    let before = builder.engine.state.state_root();
crates/amun-evidence-root/tests/n40_evidence_backed_block.rs:98:    builder.build_block(1, [0u8; 32], &mut mempool, 100, [9u8; 32], 1000);
crates/amun-evidence-root/tests/n40_evidence_backed_block.rs:99:    let after = builder.engine.state.state_root();
crates/amun-evidence-root/tests/n40_evidence_backed_block.rs:9:    let mut builder = BlockBuilder::new();
crates/amun-evidence/src/equivocation.rs:11:    pub fn verify(&self, chain_id: u64) -> bool {
crates/amun-evidence/src/equivocation.rs:13:            && amun_crypto::Ed25519Signer::verify(
crates/amun-evidence/src/equivocation.rs:21:            && amun_crypto::Ed25519Signer::verify(
crates/amun-evidence/src/equivocation.rs:31:    pub fn compute_id(&self) -> [u8; 32] {
crates/amun-evidence/src/equivocation.rs:36:        let h = hasher.finalize();
crates/amun-evidence/src/evidence.rs:61:    pub fn compute_hash(&self) -> BlockHash {
crates/amun-evidence/src/evidence.rs:67:        BlockHash::new(hasher.finalize().into())
crates/amun-evidence/src/evidence.rs:70:    pub fn verify(&self) -> Result<(), &'static str> {
crates/amun-evidence/src/slashing.rs:23:        if !proof.verify(chain_id) {
crates/amun-evidence/src/tests.rs:31:        let hash = evidence.compute_hash();
crates/amun-evidence/src/tests.rs:36:    fn test_evidence_verify_same_hash_rejected() {
crates/amun-evidence/src/tests.rs:61:        assert!(evidence.verify().is_err());
crates/amun-evolution/src/certificate.rs:111:            replay_guarantee: replay,
crates/amun-evolution/src/certificate.rs:119:        cert.certificate_hash = cert.compute_hash();
crates/amun-evolution/src/certificate.rs:123:    fn compute_hash(&self) -> [u8; 32] {
crates/amun-evolution/src/certificate.rs:137:        h.update(&[self.replay_guarantee.canonical_tag()]);
crates/amun-evolution/src/certificate.rs:13:    pub preserves_replay_determinism: bool,
crates/amun-evolution/src/certificate.rs:143:        h.finalize()
crates/amun-evolution/src/certificate.rs:146:    pub fn verify(&self) -> bool {
crates/amun-evolution/src/certificate.rs:147:        self.physics_proof.verify() && self.compute_hash() == self.certificate_hash
crates/amun-evolution/src/certificate.rs:23:        preserves_replay_determinism: bool,
crates/amun-evolution/src/certificate.rs:30:            preserves_replay_determinism,
crates/amun-evolution/src/certificate.rs:34:        proof.proof_hash = proof.compute_hash();
crates/amun-evolution/src/certificate.rs:38:    fn compute_hash(&self) -> [u8; 32] {
crates/amun-evolution/src/certificate.rs:43:        h.update(&[self.preserves_replay_determinism as u8]);
crates/amun-evolution/src/certificate.rs:45:        h.finalize()
crates/amun-evolution/src/certificate.rs:48:    pub fn verify(&self) -> bool {
crates/amun-evolution/src/certificate.rs:49:        self.compute_hash() == self.proof_hash
crates/amun-evolution/src/certificate.rs:67:    pub replay_guarantee: ReplayGuarantee,
crates/amun-evolution/src/certificate.rs:91:        replay: ReplayGuarantee,
crates/amun-evolution/src/executor.rs:10:    pub fn validate(
crates/amun-evolution/src/executor.rs:14:        if !certificate.verify() {
crates/amun-evolution/src/lib.rs:15:pub use transition::{ConstitutionalCheckpoint, TransitionResult};
crates/amun-evolution/src/lib.rs:6:pub mod transition;
crates/amun-evolution/src/signatures.rs:2:// Defines signing domains, aggregation rules, and anti-replay protection.
crates/amun-evolution/src/signatures.rs:34:        sig.signature_hash = sig.compute_hash();
crates/amun-evolution/src/signatures.rs:38:    fn compute_hash(&self) -> [u8; 32] {
crates/amun-evolution/src/signatures.rs:45:        h.finalize()
crates/amun-evolution/src/signatures.rs:48:    pub fn verify_structure(&self) -> bool {
crates/amun-evolution/src/signatures.rs:49:        self.compute_hash() == self.signature_hash
crates/amun-evolution/src/signatures.rs:74:        agg.aggregate_hash = agg.compute_hash();
crates/amun-evolution/src/signatures.rs:78:    fn compute_hash(&self) -> [u8; 32] {
crates/amun-evolution/src/signatures.rs:85:        h.finalize()
crates/amun-evolution/src/signatures.rs:88:    pub fn verify(&self) -> bool {
crates/amun-evolution/src/signatures.rs:89:        self.compute_hash() == self.aggregate_hash && self.quorum_reached
crates/amun-evolution/src/transition.rs:36:        cp.checkpoint_hash = cp.compute_hash();
crates/amun-evolution/src/transition.rs:40:    fn compute_hash(&self) -> [u8; 32] {
crates/amun-evolution/src/transition.rs:49:        h.finalize()
crates/amun-evolution/src/transition.rs:52:    pub fn verify(&self) -> bool {
crates/amun-evolution/src/transition.rs:53:        self.compute_hash() == self.checkpoint_hash
crates/amun-evolution/src/transition.rs:8:/// A constitutional checkpoint in the state transition pipeline.
crates/amun-evolution/src/validator.rs:13:        proof.replay_guarantee == certificate.replay_guarantee
crates/amun-evolution/src/validator.rs:17:            && proof.verify()
crates/amun-evolution/src/validator.rs:18:            && certificate.verify()
crates/amun-evolution/src/validator.rs:22:        proof.replay_guarantee.rank() >= ReplayGuarantee::Deterministic.rank()
crates/amun-evolution/src/validator.rs:9:    pub fn verify_consistency(
crates/amun-execution-receipt/src/lib.rs:11://! - Transcripts verify both individual receipts and chain continuity.
crates/amun-execution-receipt/src/lib.rs:143:    pub fn verify_against_initial_root(
crates/amun-execution-receipt/src/lib.rs:162:    pub fn verify_transcript(&self) -> Result<(), Vec<String>> {
crates/amun-execution-receipt/src/lib.rs:167:            if let Err(e) = receipt.verify_consistency() {
crates/amun-execution-receipt/src/lib.rs:38:/// An immutable receipt produced after a single state transition.
crates/amun-execution-receipt/src/lib.rs:4://! state transition. It is the bridge between execution and truth.
crates/amun-execution-receipt/src/lib.rs:93:    pub fn verify_consistency(&self) -> Result<(), &'static str> {
crates/amun-execution/src/executor.rs:18:    pub fn execute_wasm(&mut self, code: &[u8], input: &[u8]) -> AmunResult<Vec<u8>> {
crates/amun-execution/src/executor.rs:20:        let result = self.interpreter.execute_deterministic(code, input)?;
crates/amun-execution/src/lib.rs:108:    pub fn execute_block(&mut self, txs: &[Transaction]) -> Vec<TransactionReceipt> {
crates/amun-execution/src/lib.rs:109:        txs.iter().map(|tx| self.execute(tx)).collect()
crates/amun-execution/src/lib.rs:116:    pub fn finalize_block(&self) -> EconomicSnapshot {
crates/amun-execution/src/lib.rs:118:            .build_economic_snapshot_with_ledger(&self.economic)
crates/amun-execution/src/lib.rs:141:        let sender = signing_key.verifying_key().to_bytes();
crates/amun-execution/src/lib.rs:159:            sk.verifying_key().to_bytes()
crates/amun-execution/src/lib.rs:164:        let receipt = engine.execute(&tx);
crates/amun-execution/src/lib.rs:176:            sk.verifying_key().to_bytes()
crates/amun-execution/src/lib.rs:180:        let receipt = engine.execute(&tx);
crates/amun-execution/src/lib.rs:192:            sk.verifying_key().to_bytes()
crates/amun-execution/src/lib.rs:196:        let receipt = engine.execute(&tx);
crates/amun-execution/src/lib.rs:207:            sk.verifying_key().to_bytes()
crates/amun-execution/src/lib.rs:212:        let receipt = engine.execute(&tx);
crates/amun-execution/src/lib.rs:223:            sk.verifying_key().to_bytes()
crates/amun-execution/src/lib.rs:228:        engine.execute(&tx);
crates/amun-execution/src/lib.rs:234:    fn n26_execute_block() {
crates/amun-execution/src/lib.rs:23:    pub fn execute(&mut self, tx: &Transaction) -> TransactionReceipt {
crates/amun-execution/src/lib.rs:240:            sk.verifying_key().to_bytes()
crates/amun-execution/src/lib.rs:244:            sk.verifying_key().to_bytes()
crates/amun-execution/src/lib.rs:250:        let receipts = engine.execute_block(&[tx1, tx2]);
crates/amun-execution/src/lib.rs:25:        if !tx.verify() {
crates/amun-execution/src/lib.rs:2:use amun_constitutional_commitment::EconomicSnapshot;
crates/amun-execution/src/lib.rs:49:        // Step 3: Decode and execute payload
crates/amun-execution/src/lib.rs:65:                // Step 5: Apply state transition
crates/amun-execution/src/lib.rs:92:                self.economic.apply_block_economics(&delta);
crates/amun-execution/src/tests.rs:31:fn test_wasm_profile_verify_module_ok() {
crates/amun-execution/src/tests.rs:33:    assert!(profile.verify_module(b"").is_ok());
crates/amun-execution/src/tests.rs:50:fn test_verify_deterministic_wasm_ok() {
crates/amun-execution/src/tests.rs:52:    assert!(wasm_deterministic_subset::verify_deterministic_wasm(b"").is_ok());
crates/amun-execution/src/tests.rs:59:    assert!(interpreter.execute(b"", "", &[]).is_ok());
crates/amun-execution/src/verified_interpreter.rs:16:    pub const VALIDATOR_SOUNDNESS: &str = "validate(m) = Ok implies safe(m)";
crates/amun-execution/src/verified_interpreter.rs:17:    pub const RUNTIME_CORRECTNESS: &str = "execute matches WASM spec";
crates/amun-execution/src/verified_interpreter.rs:31:    pub fn execute(
crates/amun-execution/src/verified_interpreter.rs:38:            .verify_module(module)
crates/amun-execution/src/wasm_deterministic.rs:46:    pub fn verify_deterministic_wasm(_module: &[u8]) -> Result<(), &'static str> {
crates/amun-execution/src/wasm_profile.rs:78:    pub fn verify_module(&self, _module: &[u8]) -> Result<(), &'static str> {
crates/amun-experimental-framework/src/main.rs:120:/// Workload B: Push10 — compute overhead.
crates/amun-experimental-framework/src/main.rs:183:        let mut reg = build_registry(size);
crates/amun-experimental-framework/src/main.rs:190:            pre_state_root: reg.compute_state_root(),
crates/amun-experimental-framework/src/main.rs:195:        let result = ConstitutionalRuntime::execute(
crates/amun-experimental-framework/src/main.rs:207:                transition_proof, ..
crates/amun-experimental-framework/src/main.rs:208:            } => transition_proof,
crates/amun-experimental-framework/src/main.rs:212:        let stats = measure_us(&format!("replay_{}_active", size), 5, 30, || {
crates/amun-experimental-framework/src/main.rs:214:            ReplayVerifier::replay(&proof, &program, &mut fresh, &[]);
crates/amun-experimental-framework/src/main.rs:224:        &["active_resources", "replay_time_us", "ci95_us"],
crates/amun-experimental-framework/src/main.rs:230:fn exp2_replay_vs_execute() {
crates/amun-experimental-framework/src/main.rs:242:        let mut reg = build_registry(size);
crates/amun-experimental-framework/src/main.rs:249:            pre_state_root: reg.compute_state_root(),
crates/amun-experimental-framework/src/main.rs:256:        let exec_stats = measure_us(&format!("execute_{}", name), 5, 30, || {
crates/amun-experimental-framework/src/main.rs:260:            match ConstitutionalRuntime::execute(
crates/amun-experimental-framework/src/main.rs:26:fn compute_stats(times: &[f64]) -> Stats {
crates/amun-experimental-framework/src/main.rs:277:        let result = ConstitutionalRuntime::execute(
crates/amun-experimental-framework/src/main.rs:288:                transition_proof, ..
crates/amun-experimental-framework/src/main.rs:289:            }) => transition_proof,
crates/amun-experimental-framework/src/main.rs:291:                transition_proof, ..
crates/amun-experimental-framework/src/main.rs:294:                transition_proof
crates/amun-experimental-framework/src/main.rs:308:        // Measure replay
crates/amun-experimental-framework/src/main.rs:309:        let replay_stats = measure_us(&format!("replay_{}", name), 5, 30, || {
crates/amun-experimental-framework/src/main.rs:311:            ReplayVerifier::replay(&proof, program, &mut fresh, &[]);
crates/amun-experimental-framework/src/main.rs:314:        let speedup = exec_stats.mean / replay_stats.mean;
crates/amun-experimental-framework/src/main.rs:319:            format!("{:.4}", replay_stats.mean),
crates/amun-experimental-framework/src/main.rs:325:        &["workload", "execution_us", "replay_us", "speedup"],
crates/amun-experimental-framework/src/main.rs:353:                    pre_state_root: reg.compute_state_root(),
crates/amun-experimental-framework/src/main.rs:356:                let result = ConstitutionalRuntime::execute(
crates/amun-experimental-framework/src/main.rs:367:                    transition_proof, ..
crates/amun-experimental-framework/src/main.rs:371:                    ReplayVerifier::replay(&transition_proof, &program, &mut fresh, &[]);
crates/amun-experimental-framework/src/main.rs:396:            let (mut reg, tip) = build_deep_chain(depth);
crates/amun-experimental-framework/src/main.rs:438:            let mut reg = build_registry(size);
crates/amun-experimental-framework/src/main.rs:445:                pre_state_root: reg.compute_state_root(),
crates/amun-experimental-framework/src/main.rs:450:            let result = ConstitutionalRuntime::execute(
crates/amun-experimental-framework/src/main.rs:462:                    transition_proof, ..
crates/amun-experimental-framework/src/main.rs:463:                } => transition_proof,
crates/amun-experimental-framework/src/main.rs:46:    let s = compute_stats(&times);
crates/amun-experimental-framework/src/main.rs:489:        let stats = measure_us(&format!("verify_{}_resources", size), 5, 30, || {
crates/amun-experimental-framework/src/main.rs:490:            let reg = build_registry(size);
crates/amun-experimental-framework/src/main.rs:491:            let _root = reg.compute_state_root();
crates/amun-experimental-framework/src/main.rs:511:    exp2_replay_vs_execute();
crates/amun-experimental-framework/src/main.rs:65:fn build_registry(size: u64) -> ResourceRegistry {
crates/amun-experimental-framework/src/main.rs:6:use amun_replay_verifier::replay_verifier::ReplayVerifier;
crates/amun-experimental-framework/src/main.rs:81:fn build_deep_chain(depth: u64) -> (ResourceRegistry, ResourceId) {
crates/amun-explorer-api/src/server.rs:4:pub fn build_app() -> Router {
crates/amun-explorer-api/src/services/chain_service.rs:40:            has_replay_evidence: true,
crates/amun-explorer-api/src/services/chain_service.rs:56:            has_replay_evidence: true,
crates/amun-explorer-api/src/services/constitutional_service.rs:33:                issued_at: 1700000000,
crates/amun-explorer-api/src/services/constitutional_service.rs:41:                issued_at: 1700000001,
crates/amun-explorer-api/src/types.rs:12:    pub has_replay_evidence: bool,
crates/amun-explorer-api/src/types.rs:49:    pub issued_at: u64,
crates/amun-failure-memory/src/ontology.rs:28:        self.recompute_chain_hash();
crates/amun-failure-memory/src/ontology.rs:32:    fn recompute_chain_hash(&mut self) {
crates/amun-failure-memory/src/ontology.rs:42:        out.copy_from_slice(&hasher.finalize().as_bytes()[..32]);
crates/amun-failure/src/kernel_state.rs:42:                invalidate_snapshots: true,
crates/amun-failure/src/kernel_state.rs:54:    pub invalidate_snapshots: bool,
crates/amun-failure/src/kernel_state.rs:64:            invalidate_snapshots: false,
crates/amun-failure/src/tests.rs:96:    assert!(actions.invalidate_snapshots);
crates/amun-finality-certificate/src/lib.rs:111:    fn issue_cert(h: u64) -> ConstitutionalFinalityCertificate {
crates/amun-finality-certificate/src/lib.rs:112:        ConstitutionalFinalityCertificate::issue(
crates/amun-finality-certificate/src/lib.rs:126:        let cert = issue_cert(1);
crates/amun-finality-certificate/src/lib.rs:127:        assert!(cert.verify());
crates/amun-finality-certificate/src/lib.rs:133:        let c1 = issue_cert(1);
crates/amun-finality-certificate/src/lib.rs:134:        let c2 = issue_cert(1);
crates/amun-finality-certificate/src/lib.rs:140:        let mut cert = issue_cert(1);
crates/amun-finality-certificate/src/lib.rs:142:        assert!(!cert.verify());
crates/amun-finality-certificate/src/lib.rs:147:        let mut cert = issue_cert(1);
crates/amun-finality-certificate/src/lib.rs:149:        assert!(!cert.verify());
crates/amun-finality-certificate/src/lib.rs:155:        let c1 = ConstitutionalFinalityCertificate::issue(
crates/amun-finality-certificate/src/lib.rs:15:    pub replay_certificate_head: [u8; 32],
crates/amun-finality-certificate/src/lib.rs:160:        let c2 = ConstitutionalFinalityCertificate::issue(
crates/amun-finality-certificate/src/lib.rs:24:    pub fn issue(
crates/amun-finality-certificate/src/lib.rs:28:        replay_head: [u8; 32],
crates/amun-finality-certificate/src/lib.rs:39:            replay_certificate_head: replay_head,
crates/amun-finality-certificate/src/lib.rs:45:        cert.finality_id = cert.compute_id();
crates/amun-finality-certificate/src/lib.rs:49:    fn compute_id(&self) -> [u8; 32] {
crates/amun-finality-certificate/src/lib.rs:55:        hasher.update(&self.replay_certificate_head);
crates/amun-finality-certificate/src/lib.rs:60:        hasher.finalize().into()
crates/amun-finality-certificate/src/lib.rs:63:    pub fn verify(&self) -> bool {
crates/amun-finality-certificate/src/lib.rs:64:        self.finality_id == self.compute_id()
crates/amun-finality-certificate/src/lib.rs:83:        if !cert.verify() {
crates/amun-finality-certificate/src/lib.rs:8:/// with the complete evidence chain (replay, audit, evidence root).
crates/amun-finality-law/src/finality.rs:3:pub fn is_finalized_simple(block_qc: &QuorumCertificate, child_qc: &QuorumCertificate) -> bool {
crates/amun-finality-law/src/finality.rs:65:        assert!(is_finalized_simple(&qc_a, &qc_b));
crates/amun-finality-law/src/finality.rs:69:    fn test_not_finalized_wrong_parent() {
crates/amun-finality-law/src/finality.rs:94:        assert!(!is_finalized_simple(&qc_a, &qc_b));
crates/amun-finality-law/src/lib.rs:2:pub use finality::is_finalized_simple;
crates/amun-fork/src/rule.rs:16:    /// Tie-break uses a VRF-style commitment over (height, stake, block_hash)
crates/amun-fork/src/rule.rs:28:            if chain.finalized_checkpoint_height > current_best.finalized_checkpoint_height {
crates/amun-fork/src/rule.rs:32:            if chain.finalized_checkpoint_height < current_best.finalized_checkpoint_height {
crates/amun-fork/src/rule.rs:36:            if chain.finalized && !current_best.finalized {
crates/amun-fork/src/rule.rs:40:            if !chain.finalized && current_best.finalized {
crates/amun-fork/src/rule.rs:60:            // Tie-break: canonical ordering commitment
crates/amun-fork/src/rule.rs:61:            let chain_commitment = Self::tiebreak_commitment(chain);
crates/amun-fork/src/rule.rs:62:            let best_commitment = Self::tiebreak_commitment(current_best);
crates/amun-fork/src/rule.rs:63:            if chain_commitment > best_commitment {
crates/amun-fork/src/rule.rs:71:    fn tiebreak_commitment(chain: &ChainHead) -> [u8; 32] {
crates/amun-fork/src/rule.rs:78:        out.copy_from_slice(&hasher.finalize().as_bytes()[..32]);
crates/amun-fork/src/rule.rs:7:    pub finalized: bool,
crates/amun-fork/src/rule.rs:8:    pub finalized_checkpoint_height: u64,
crates/amun-gas-engine/src/gas_engine.rs:101:            GasEngine::execute_with_gas(100, make_id(2), 42, [0xbb; 32], |meter| {
crates/amun-gas-engine/src/gas_engine.rs:118:        assert!(GasEngine::can_execute(1000, 500));
crates/amun-gas-engine/src/gas_engine.rs:119:        assert!(!GasEngine::can_execute(100, 500));
crates/amun-gas-engine/src/gas_engine.rs:125:            GasEngine::execute_with_gas(500, make_id(3), 10, [0xcc; 32], |meter| {
crates/amun-gas-engine/src/gas_engine.rs:136:            GasEngine::execute_with_gas(200, make_id(4), 1, [0xdd; 32], |meter| {
crates/amun-gas-engine/src/gas_engine.rs:14:    pub fn execute_with_gas<F>(
crates/amun-gas-engine/src/gas_engine.rs:19:        execute_fn: F,
crates/amun-gas-engine/src/gas_engine.rs:25:        match execute_fn(&mut meter) {
crates/amun-gas-engine/src/gas_engine.rs:70:    pub fn can_execute(gas_limit: u64, estimated_cost: u64) -> bool {
crates/amun-gas-engine/src/gas_engine.rs:87:    fn w7_execute_within_gas() {
crates/amun-gas-engine/src/gas_engine.rs:89:            GasEngine::execute_with_gas(1000, make_id(1), 1, [0xaa; 32], |meter| {
crates/amun-gas-engine/src/gas_engine.rs:99:    fn w7_execute_out_of_gas_produces_evidence() {
crates/amun-genesis/src/block.rs:29:        genesis_hash.copy_from_slice(&hasher.finalize().as_bytes()[..32]);
crates/amun-genesis/src/block.rs:41:    pub fn verify_integrity(&self) -> bool {
crates/amun-genesis/src/block.rs:49:        let mut computed = [0u8; 32];
crates/amun-genesis/src/block.rs:50:        computed.copy_from_slice(&hasher.finalize().as_bytes()[..32]);
crates/amun-genesis/src/block.rs:51:        computed == self.genesis_hash
crates/amun-genesis/src/constitution.rs:19:        constitution_hash.copy_from_slice(&hasher.finalize().as_bytes()[..32]);
crates/amun-genesis/src/validator.rs:14:        let hash = hasher.finalize();
crates/amun-genesis/src/validator.rs:26:pub fn compute_validator_set_hash(validators: &[GenesisValidator]) -> [u8; 32] {
crates/amun-genesis/src/validator.rs:34:    hash.copy_from_slice(&hasher.finalize().as_bytes()[..32]);
crates/amun-gossip/src/broadcaster.rs:28:        let h = hasher.finalize();
crates/amun-gossip/src/receiver.rs:21:        let h = hasher.finalize();
crates/amun-handle-resolver/src/handle_resolver.rs:166:            HandleResolver::validate_handle_safety(&buffer, make_id(99), 1, [0xcc; 32]);
crates/amun-handle-resolver/src/handle_resolver.rs:179:            HandleResolver::validate_handle_safety(&buffer, make_id(99), 1, [0xdd; 32]);
crates/amun-handle-resolver/src/handle_resolver.rs:6:/// Resolves handles to ResourceIds and validates reachability.
crates/amun-handle-resolver/src/handle_resolver.rs:75:    pub fn validate_handle_safety(
crates/amun-header-gossip/src/relay.rs:4:/// It does not interpret or execute the messages — it only forwards
crates/amun-host/src/boundary.rs:21:        let h = hasher.finalize();
crates/amun-host/src/boundary.rs:7:    pub fn validate_ingress(payload: &[u8], max_size: usize) -> Result<&[u8], &'static str> {
crates/amun-host/src/lib.rs:4:pub mod replay;
crates/amun-host/src/lib.rs:9:pub use replay::ReplayGuard;
crates/amun-host/src/nonce_store.rs:123:        let h = hasher.finalize();
crates/amun-host/src/replay.rs:19:            return Err("chain ID mismatch - cross-chain replay rejected");
crates/amun-http/src/server.rs:20:    match Response::builder()
crates/amun-invariant-engine/src/invariant_engine.rs:6:/// Evaluates contract invariants after commit (Phase 5 in N48.5-D).
crates/amun-invariants/src/kernel.rs:16:    pub requires_replay_verification: bool,
crates/amun-invariants/src/kernel.rs:30:        requires_replay_verification: true,
crates/amun-invariants/src/kernel.rs:37:        specification: "forall h: |{finalized_blocks_at_height(h)}| <= 1 under f < n/3",
crates/amun-invariants/src/kernel.rs:41:        requires_replay_verification: false,
crates/amun-invariants/src/kernel.rs:48:        specification: "diamond(new_block_finalized) under eventual synchrony",
crates/amun-invariants/src/kernel.rs:52:        requires_replay_verification: false,
crates/amun-invariants/src/kernel.rs:63:        requires_replay_verification: false,
crates/amun-invariants/src/kernel.rs:84:        out.copy_from_slice(&hasher.finalize().as_bytes()[..32]);
crates/amun-kernel/src/canonical.rs:156:        hasher.finalize().into()
crates/amun-kernel/src/canonical.rs:177:        hasher.finalize().into()
crates/amun-kernel/src/governance.rs:122:/// A freeze boundary — an immutable protocol commitment.
crates/amun-kernel/src/governance.rs:246:    pub commit_hash: [u8; 32],
crates/amun-kernel/src/governance.rs:260:        commit_hash: [u8; 32],
crates/amun-kernel/src/governance.rs:271:            commit_hash,
crates/amun-kernel/src/governance.rs:290:        out.extend_from_slice(&self.commit_hash);
crates/amun-light-client/src/constitutional_client.rs:109:    use amun_transition_proof::transition_proof::TransitionProof;
crates/amun-light-client/src/constitutional_client.rs:125:            committed: 1,
crates/amun-light-client/src/constitutional_client.rs:132:        let transitions = vec![TransitionProof::new(
crates/amun-light-client/src/constitutional_client.rs:145:        let mut cert = ConstitutionalFinalityCertificate::issue(
crates/amun-light-client/src/constitutional_client.rs:147:            transitions,
crates/amun-light-client/src/constitutional_client.rs:153:        cert.certificate_hash = cert.compute_hash();
crates/amun-light-client/src/constitutional_client.rs:178:    fn n55_verify_valid_certificate() {
crates/amun-light-client/src/constitutional_client.rs:181:        assert!(client.verify_certificate(&cert));
crates/amun-light-client/src/constitutional_client.rs:189:        assert!(!client.verify_certificate(&cert));
crates/amun-light-client/src/constitutional_client.rs:193:    fn n55_verify_chain_extension() {
crates/amun-light-client/src/constitutional_client.rs:210:        assert!(client.verify_chain_extension(&chain));
crates/amun-light-client/src/constitutional_client.rs:37:    pub fn verify_certificate(&self, cert: &ConstitutionalFinalityCertificate) -> bool {
crates/amun-light-client/src/constitutional_client.rs:38:        cert.verify() && cert.is_constitutionally_valid()
crates/amun-light-client/src/constitutional_client.rs:41:    pub fn verify_chain_extension(&self, chain: &CertificateChain) -> bool {
crates/amun-light-client/src/constitutional_client.rs:46:            if !chain.verify_chain() {
crates/amun-light-client/src/constitutional_client.rs:51:            chain.verify_chain()
crates/amun-light-client/src/constitutional_client.rs:55:    pub fn verify_history_root(
crates/amun-light-client/src/constitutional_client.rs:60:        root.verify_chain(chain)
crates/amun-light-client/src/constitutional_client.rs:64:        if !self.verify_chain_extension(chain) {
crates/amun-light-client/src/constitutional_client.rs:87:    pub fn verify_checkpoint(checkpoint: &ConstitutionalCheckpoint) -> bool {
crates/amun-light-client/tests/light_client_tests.rs:107:    assert!(!client.verify_chain_extension(&chain));
crates/amun-light-client/tests/light_client_tests.rs:25:        committed: 1,
crates/amun-light-client/tests/light_client_tests.rs:32:    let transitions = vec![TransitionProof::new(
crates/amun-light-client/tests/light_client_tests.rs:45:    let mut cert = ConstitutionalFinalityCertificate::issue(
crates/amun-light-client/tests/light_client_tests.rs:47:        transitions,
crates/amun-light-client/tests/light_client_tests.rs:53:    cert.certificate_hash = cert.compute_hash();
crates/amun-light-client/tests/light_client_tests.rs:9:use amun_transition_proof::transition_proof::TransitionProof;
crates/amun-lineage-law/src/ancestry.rs:63:        chain.chain_hash = chain.compute_hash();
crates/amun-lineage-law/src/ancestry.rs:77:        self.chain_hash = self.compute_hash();
crates/amun-lineage-law/src/ancestry.rs:80:    fn compute_hash(&self) -> [u8; 32] {
crates/amun-lineage-law/src/ancestry.rs:88:        h.finalize().into()
crates/amun-lineage-law/src/ancestry.rs:91:    pub fn verify(&self) -> bool {
crates/amun-lineage-law/src/ancestry.rs:92:        self.compute_hash() == self.chain_hash
crates/amun-lineage-law/src/compatibility.rs:13:    pub is_replay_compatible: bool,
crates/amun-lineage-law/src/compatibility.rs:29:        let is_replay = migration_witness
crates/amun-lineage-law/src/compatibility.rs:31:            .map(|w| w.replay_preserved)
crates/amun-lineage-law/src/compatibility.rs:44:            is_replay_compatible: is_replay,
crates/amun-lineage-law/src/compatibility.rs:48:        theorem.theorem_hash = theorem.compute_hash();
crates/amun-lineage-law/src/compatibility.rs:52:    fn compute_hash(&self) -> [u8; 32] {
crates/amun-lineage-law/src/compatibility.rs:59:        h.update([self.is_replay_compatible as u8]);
crates/amun-lineage-law/src/compatibility.rs:61:        h.finalize().into()
crates/amun-lineage-law/src/compatibility.rs:64:    pub fn verify(&self) -> bool {
crates/amun-lineage-law/src/compatibility.rs:65:        self.compute_hash() == self.theorem_hash
crates/amun-lineage-law/src/compatibility.rs:78:    /// Compatible but replay not preserved
crates/amun-lineage-law/src/compatibility.rs:90:            && theorem.is_replay_compatible
crates/amun-lineage-law/src/lineage.rs:128:        Self::verify_chain(chain)
crates/amun-lineage-law/src/lineage.rs:37:        proof.proof_hash = proof.compute_hash();
crates/amun-lineage-law/src/lineage.rs:41:    fn compute_hash(&self) -> [u8; 32] {
crates/amun-lineage-law/src/lineage.rs:48:        h.finalize().into()
crates/amun-lineage-law/src/lineage.rs:53:    pub fn verify(&mut self, parent_golden_root: &[u8; 32], child_golden_root: &[u8; 32]) -> bool {
crates/amun-lineage-law/src/lineage.rs:54:        let computed = self.compute_hash();
crates/amun-lineage-law/src/lineage.rs:55:        self.is_verified = computed == self.proof_hash && parent_golden_root == child_golden_root;
crates/amun-lineage-law/src/lineage.rs:60:/// A LineageCertificate is issued when a lineage proof is verified.
crates/amun-lineage-law/src/lineage.rs:66:    pub issued_at: u64,
crates/amun-lineage-law/src/lineage.rs:74:            issued_at: epoch,
crates/amun-lineage-law/src/lineage.rs:77:        cert.certificate_hash = cert.compute_hash();
crates/amun-lineage-law/src/lineage.rs:81:    fn compute_hash(&self) -> [u8; 32] {
crates/amun-lineage-law/src/lineage.rs:85:        h.update(self.issued_at.to_be_bytes());
crates/amun-lineage-law/src/lineage.rs:86:        h.finalize().into()
crates/amun-lineage-law/src/lineage.rs:89:    pub fn verify(&self) -> bool {
crates/amun-lineage-law/src/lineage.rs:90:        self.compute_hash() == self.certificate_hash && self.proof.is_verified
crates/amun-lineage-law/src/lineage.rs:99:    pub fn verify_chain(chain: &[LineageProof]) -> bool {
crates/amun-lineage-law/src/migration.rs:107:        requires_replay: bool,
crates/amun-lineage-law/src/migration.rs:114:            requires_replay,
crates/amun-lineage-law/src/migration.rs:119:        rules.rules_hash = rules.compute_hash();
crates/amun-lineage-law/src/migration.rs:123:    fn compute_hash(&self) -> [u8; 32] {
crates/amun-lineage-law/src/migration.rs:128:        h.update([self.requires_replay as u8]);
crates/amun-lineage-law/src/migration.rs:12:    /// Whether replay determinism was preserved during migration
crates/amun-lineage-law/src/migration.rs:131:        h.finalize().into()
crates/amun-lineage-law/src/migration.rs:134:    pub fn verify(&self) -> bool {
crates/amun-lineage-law/src/migration.rs:135:        self.compute_hash() == self.rules_hash
crates/amun-lineage-law/src/migration.rs:13:    pub replay_preserved: bool,
crates/amun-lineage-law/src/migration.rs:26:        replay_preserved: bool,
crates/amun-lineage-law/src/migration.rs:33:            replay_preserved,
crates/amun-lineage-law/src/migration.rs:38:        witness.witness_hash = witness.compute_hash();
crates/amun-lineage-law/src/migration.rs:42:    fn compute_hash(&self) -> [u8; 32] {
crates/amun-lineage-law/src/migration.rs:47:        h.update([self.replay_preserved as u8]);
crates/amun-lineage-law/src/migration.rs:50:        h.finalize().into()
crates/amun-lineage-law/src/migration.rs:53:    pub fn verify(&self) -> bool {
crates/amun-lineage-law/src/migration.rs:54:        self.compute_hash() == self.witness_hash
crates/amun-lineage-law/src/migration.rs:58:/// A MigrationCertificate authorizes state transition from a parent
crates/amun-lineage-law/src/migration.rs:74:        cert.certificate_hash = cert.compute_hash();
crates/amun-lineage-law/src/migration.rs:78:    fn compute_hash(&self) -> [u8; 32] {
crates/amun-lineage-law/src/migration.rs:83:        h.finalize().into()
crates/amun-lineage-law/src/migration.rs:86:    pub fn verify(&self) -> bool {
crates/amun-lineage-law/src/migration.rs:87:        self.compute_hash() == self.certificate_hash && self.witness.verify()
crates/amun-lineage-law/src/migration.rs:97:    pub requires_replay: bool,
crates/amun-lineage/src/lineage.rs:18:        LineageId(h.finalize())
crates/amun-lineage/src/lineage.rs:32:        LineageId(h.finalize())
crates/amun-lineage/src/record.rs:145:        record.record_hash = record.compute_hash();
crates/amun-lineage/src/record.rs:149:    fn compute_hash(&self) -> [u8; 32] {
crates/amun-lineage/src/record.rs:157:        h.finalize()
crates/amun-lineage/src/record.rs:160:    pub fn verify(&self) -> bool {
crates/amun-lineage/src/record.rs:161:        self.compute_hash() == self.record_hash
crates/amun-lineage/src/record.rs:169:    pub replay_guarantee: ReplayGuarantee,
crates/amun-lineage/src/record.rs:181:        replay: ReplayGuarantee,
crates/amun-lineage/src/record.rs:190:            replay_guarantee: replay,
crates/amun-lineage/src/record.rs:197:        ep.proof_hash = ep.compute_hash();
crates/amun-lineage/src/record.rs:201:    fn compute_hash(&self) -> [u8; 32] {
crates/amun-lineage/src/record.rs:205:        h.update(&[self.replay_guarantee.canonical_tag()]);
crates/amun-lineage/src/record.rs:210:        h.finalize()
crates/amun-lineage/src/record.rs:213:    pub fn verify(&self) -> bool {
crates/amun-lineage/src/record.rs:214:        self.compute_hash() == self.proof_hash
crates/amun-live-cluster/src/bin/byzantine_test.rs:44:            commitment: None,
crates/amun-live-cluster/src/bin/e2e_test.rs:24:    let app = build_app(state);
crates/amun-live-cluster/src/bin/e2e_test.rs:4:use amun_rpc::{build_app, AppState};
crates/amun-live-cluster/src/bin/load_test.rs:62:                commitment: None,
crates/amun-live-cluster/src/bin/multi_validator_test.rs:55:    // Phase 2: kill validator 2, verify quorum continues (30s)
crates/amun-live-cluster/src/bin/multi_validator_test.rs:80:    // Phase 3: restart validator 2, verify catch-up (60s)
crates/amun-live-cluster/src/bin/rpc_server.rs:35:    let app = build_app(state);
crates/amun-live-cluster/src/bin/rpc_server.rs:3:use amun_rpc::{build_app, AppState};
crates/amun-live-cluster/src/validator.rs:1022:            gov.apply_transaction(&GovernanceTransaction::SubmitProposal(
crates/amun-live-cluster/src/validator.rs:1026:                gov.apply_transaction(&GovernanceTransaction::CastVote {
crates/amun-live-cluster/src/validator.rs:1033:            let executed = gov.finalize_block(4, &mut reg).unwrap();
crates/amun-live-cluster/src/validator.rs:1034:            assert_eq!(executed.len(), 1, "RetireAuthority should execute");
crates/amun-live-cluster/src/validator.rs:1061:        let _v1_pk = v1_kp.verifying_key.to_bytes();
crates/amun-live-cluster/src/validator.rs:1063:        let v2_pk = v2_kp.verifying_key.to_bytes();
crates/amun-live-cluster/src/validator.rs:1073:        let v1_cert = ValidatorCertificate::issue_v2(
crates/amun-live-cluster/src/validator.rs:1083:        // Phase 2: Add v2 and schedule transition via governance
crates/amun-live-cluster/src/validator.rs:108:        // Create self certificate and verify it
crates/amun-live-cluster/src/validator.rs:1094:            gov.apply_transaction(&GovernanceTransaction::SubmitProposal(add_proposal.clone()));
crates/amun-live-cluster/src/validator.rs:1096:                gov.apply_transaction(&GovernanceTransaction::CastVote {
crates/amun-live-cluster/src/validator.rs:1103:            gov.finalize_block(4, &mut reg).unwrap();
crates/amun-live-cluster/src/validator.rs:1118:            gov.apply_transaction(&GovernanceTransaction::SubmitProposal(
crates/amun-live-cluster/src/validator.rs:1122:                gov.apply_transaction(&GovernanceTransaction::CastVote {
crates/amun-live-cluster/src/validator.rs:1129:            gov.finalize_block(4, &mut reg).unwrap();
crates/amun-live-cluster/src/validator.rs:112:        let self_cert = amun_networking::validator_certificate::ValidatorCertificate::issue_v2(
crates/amun-live-cluster/src/validator.rs:1136:                reg.verify_certificate_at(&v1_cert, 400),
crates/amun-live-cluster/src/validator.rs:1145:                reg.verify_certificate_at(&v1_cert, 550),
crates/amun-live-cluster/src/validator.rs:1154:                !reg.verify_certificate_at(&v1_cert, 650),
crates/amun-live-cluster/src/validator.rs:1159:        // Phase 6: Retire v1, verify it's rejected even at low heights
crates/amun-live-cluster/src/validator.rs:1169:            gov.apply_transaction(&GovernanceTransaction::SubmitProposal(
crates/amun-live-cluster/src/validator.rs:1173:                gov.apply_transaction(&GovernanceTransaction::CastVote {
crates/amun-live-cluster/src/validator.rs:1180:            gov.finalize_block(4, &mut reg).unwrap();
crates/amun-live-cluster/src/validator.rs:1185:                !reg.verify_certificate_at(&v1_cert, 800),
crates/amun-live-cluster/src/validator.rs:1200:    fn n71_persist_finalized_blocks() {
crates/amun-live-cluster/src/validator.rs:121:        if !registry.verify_certificate_at(&self_cert, 0) {
crates/amun-live-cluster/src/validator.rs:1239:    fn n69_single_validator_self_finalizes() {
crates/amun-live-cluster/src/validator.rs:139:            if !registry.verify_certificate_at(&peer_cert, 0) {
crates/amun-live-cluster/src/validator.rs:155:            builder: Arc::new(Mutex::new(BlockBuilder::new())),
crates/amun-live-cluster/src/validator.rs:295:        let builder_consensus = self.builder.clone();
crates/amun-live-cluster/src/validator.rs:34:    commitment_root: [u8; 32],
crates/amun-live-cluster/src/validator.rs:383:                // Proposer builds a real block from mempool transactions
crates/amun-live-cluster/src/validator.rs:393:                    let mut bld = builder_consensus.lock().unwrap();
crates/amun-live-cluster/src/validator.rs:404:                    let mut block = bld.build_block_with_certificates(
crates/amun-live-cluster/src/validator.rs:418:                    // Recompute hash after setting slashing_root (N120.2 requires it in hash)
crates/amun-live-cluster/src/validator.rs:424:                                commitment_root: block.commitment_root,
crates/amun-live-cluster/src/validator.rs:500:                    commitment: None,
crates/amun-live-cluster/src/validator.rs:53:    pub builder: Arc<Mutex<BlockBuilder>>,
crates/amun-live-cluster/src/validator.rs:554:                // All validators form QC and persist the finalized block.
crates/amun-live-cluster/src/validator.rs:565:                    let _ = gov.finalize_block(4, &mut reg);
crates/amun-live-cluster/src/validator.rs:572:                        // Real data from the finalized certificate
crates/amun-live-cluster/src/validator.rs:575:                        let transition_valid = cert.state_root != [0u8; 32];
crates/amun-live-cluster/src/validator.rs:578:                        // (constitution consumes verified evidence, does not re-verify)
crates/amun-live-cluster/src/validator.rs:58:    /// N110.4c: Staking adapter for applying slashes after finality
crates/amun-live-cluster/src/validator.rs:596:                        let replay_deterministic = cert.state_root == history_root;
crates/amun-live-cluster/src/validator.rs:604:                        // Evidence validity: all certificates pass .verify()
crates/amun-live-cluster/src/validator.rs:607:                            gossip.get_pending().iter().all(|c| c.verify().is_ok())
crates/amun-live-cluster/src/validator.rs:618:                            replay_deterministic,
crates/amun-live-cluster/src/validator.rs:620:                            transition_valid,
crates/amun-live-cluster/src/validator.rs:646:                        verdict_hash.copy_from_slice(&hasher.finalize().as_bytes()[..32]);
crates/amun-live-cluster/src/validator.rs:675:                            transition_valid,
crates/amun-live-cluster/src/validator.rs:681:                        let evidence_root_obj = EvidenceRoot::compute(
crates/amun-live-cluster/src/validator.rs:684:                            [0u8; 32], // replay_certificate: placeholder until N126.4
crates/amun-live-cluster/src/validator.rs:6:use amun_block_builder::BlockBuilder;
crates/amun-live-cluster/src/validator.rs:703:                            commitment_root: roots_ctx
crates/amun-live-cluster/src/validator.rs:705:                                .map(|r| r.commitment_root)
crates/amun-live-cluster/src/validator.rs:857:            gov.apply_transaction(&GovernanceTransaction::SubmitProposal(proposal.clone()));
crates/amun-live-cluster/src/validator.rs:85:        // N105.4A: Deterministic key matching committed test certificates
crates/amun-live-cluster/src/validator.rs:863:            gov.apply_transaction(&GovernanceTransaction::CastVote {
crates/amun-live-cluster/src/validator.rs:874:            let executed = gov.finalize_block(4, &mut reg).unwrap();
crates/amun-live-cluster/src/validator.rs:875:            assert_eq!(executed.len(), 1, "Proposal should be executed");
crates/amun-live-cluster/src/validator.rs:889:                gov.journal.is_executed(&proposal.proposal_id),
crates/amun-live-cluster/src/validator.rs:894:        // Verify idempotency: second finalization should not re-execute
crates/amun-live-cluster/src/validator.rs:898:            let executed = gov.finalize_block(4, &mut reg).unwrap();
crates/amun-live-cluster/src/validator.rs:89:        let pk = signing_key.verifying_key().to_bytes();
crates/amun-live-cluster/src/validator.rs:900:                executed.is_empty(),
crates/amun-live-cluster/src/validator.rs:937:            gov.apply_transaction(&GovernanceTransaction::SubmitProposal(add_proposal.clone()));
crates/amun-live-cluster/src/validator.rs:939:                gov.apply_transaction(&GovernanceTransaction::CastVote {
crates/amun-live-cluster/src/validator.rs:946:            let executed = gov.finalize_block(4, &mut reg).unwrap();
crates/amun-live-cluster/src/validator.rs:947:            assert_eq!(executed.len(), 1, "AddAuthority should execute");
crates/amun-live-cluster/src/validator.rs:967:            gov.apply_transaction(&GovernanceTransaction::SubmitProposal(
crates/amun-live-cluster/src/validator.rs:971:                gov.apply_transaction(&GovernanceTransaction::CastVote {
crates/amun-live-cluster/src/validator.rs:978:            let executed = gov.finalize_block(4, &mut reg).unwrap();
crates/amun-live-cluster/src/validator.rs:979:            assert_eq!(executed.len(), 1, "ScheduleTransition should execute");
crates/amun-live-cluster/tests/n110_4c_state_transition.rs:122:fn n110_4c_applied_hashes_prevent_replay() {
crates/amun-live-cluster/tests/n110_4c_state_transition.rs:98:    // execute another slash. The idempotency protection is at the
crates/amun-live-cluster/tests/n118_finality_gated_slashing.rs:12:fn n118_slashing_executes_after_finality() {
crates/amun-live-cluster/tests/n118_finality_gated_slashing.rs:2:// Verifies that slashing executes in the finality path and reduces stake.
crates/amun-live-cluster/tests/n118_finality_gated_slashing.rs:34:        "N118: Slashing must execute in finality path"
crates/amun-live-cluster/tests/n118_finality_gated_slashing.rs:41:    eprintln!("N118 PASSED: Slashing executes in finality-gated path");
crates/amun-live-cluster/tests/n120_4_consensus_enforcement.rs:10:    let mut builder = BlockBuilder::new();
crates/amun-live-cluster/tests/n120_4_consensus_enforcement.rs:12:    let mut block = builder.build_block(1, [0u8; 32], &mut mempool, 10, [0u8; 32], 1000);
crates/amun-live-cluster/tests/n120_4_consensus_enforcement.rs:17:        block.verify_slashing_root(&root).is_ok(),
crates/amun-live-cluster/tests/n120_4_consensus_enforcement.rs:24:    let mut builder = BlockBuilder::new();
crates/amun-live-cluster/tests/n120_4_consensus_enforcement.rs:26:    let mut block = builder.build_block(1, [0u8; 32], &mut mempool, 10, [0u8; 32], 1000);
crates/amun-live-cluster/tests/n120_4_consensus_enforcement.rs:2:use amun_block_builder::BlockBuilder;
crates/amun-live-cluster/tests/n120_4_consensus_enforcement.rs:30:    let result = block.verify_slashing_root(&[0xFF; 32]);
crates/amun-live-cluster/tests/n120_4_consensus_enforcement.rs:39:    let mut builder = BlockBuilder::new();
crates/amun-live-cluster/tests/n120_4_consensus_enforcement.rs:41:    let mut block = builder.build_block(1, [0u8; 32], &mut mempool, 10, [0u8; 32], 1000);
crates/amun-live-cluster/tests/n120_4_consensus_enforcement.rs:50:    let result = block.verify_slashing_root(&[0x42; 32]);
crates/amun-live-cluster/tests/n120_4_consensus_enforcement.rs:59:    // Simulates: proposer builds block with root X, validator computes root Y
crates/amun-live-cluster/tests/n120_4_consensus_enforcement.rs:64:    let mut builder = BlockBuilder::new();
crates/amun-live-cluster/tests/n120_4_consensus_enforcement.rs:66:    let mut block = builder.build_block(1, [0u8; 32], &mut mempool, 10, [0u8; 32], 1000);
crates/amun-live-cluster/tests/n120_4_consensus_enforcement.rs:78:        block.verify_slashing_root(&validator_root).is_err(),
crates/amun-live-cluster/tests/n120_4_consensus_enforcement.rs:8:    // Setup: build a block with a known slashing_root
crates/amun-live-cluster/tests/n126_3_unconstitutional_block_rejected.rs:1:// N126.3 — Unconstitutional block must be rejected at commit time
crates/amun-live-cluster/tests/n129_evidence_continuity_audit.rs:103:        root.copy_from_slice(&hasher.finalize().as_bytes()[..32]);
crates/amun-live-cluster/tests/n129_evidence_continuity_audit.rs:124:        root.copy_from_slice(&hasher.finalize().as_bytes()[..32]);
crates/amun-load-generator/src/main.rs:118:    tx.tx_hash = tx.compute_hash();
crates/amun-lock-rule/src/lock.rs:48:    pub fn can_precommit_for(&self, round: u64, value: [u8; 32]) -> bool {
crates/amun-lock-rule/src/violation.rs:14:    PrecommitViolatesLock,
crates/amun-mempool-gossip/src/mempool.rs:215:        tx.tx_hash = tx.compute_hash();
crates/amun-mempool-gossip/src/mempool.rs:26:        if !tx.verify_hash() {
crates/amun-mempool-gossip/src/messages.rs:38:    pub fn compute_hash(&self) -> [u8; 32] {
crates/amun-mempool-gossip/src/messages.rs:45:        let hash = hasher.finalize();
crates/amun-mempool-gossip/src/messages.rs:51:    pub fn verify_hash(&self) -> bool {
crates/amun-mempool-gossip/src/messages.rs:52:        self.tx_hash == self.compute_hash()
crates/amun-mempool-gossip/src/messages.rs:70:        tx.tx_hash = tx.compute_hash();
crates/amun-mempool-gossip/src/messages.rs:91:        assert!(tx.verify_hash());
crates/amun-mempool-gossip/src/messages.rs:98:        assert!(!tx.verify_hash());
crates/amun-mempool/src/lib.rs:105:    fn n24_remove_committed() {
crates/amun-mempool/src/lib.rs:112:        mempool.remove_committed(&[h1]);
crates/amun-mempool/src/lib.rs:40:    /// Remove committed transactions from the mempool.
crates/amun-mempool/src/lib.rs:41:    pub fn remove_committed(&mut self, tx_hashes: &[[u8; 32]]) {
crates/amun-mempool/src/lib.rs:61:        let sender = signing_key.verifying_key().to_bytes();
crates/amun-merkle/src/proof.rs:153:    fn test_proof_verify() {
crates/amun-merkle/src/proof.rs:156:        let root = MerkleTree::compute_root(&[l1, l2]);
crates/amun-merkle/src/proof.rs:159:        assert!(proof.verify(&l1, &root));
crates/amun-merkle/src/proof.rs:171:        assert!(decoded.verify(&l1, &MerkleTree::compute_root(&[l1, l2])));
crates/amun-merkle/src/proof.rs:41:    pub fn verify(&self, leaf: &PublicHash32, root: &PublicHash32) -> bool {
crates/amun-merkle/src/tests.rs:100:    assert!(!proof.verify(&l3, &root));
crates/amun-merkle/src/tests.rs:33:    let root = MerkleTree::compute_root(&[leaf]);
crates/amun-merkle/src/tests.rs:42:        MerkleTree::compute_root(&[l1, l2]),
crates/amun-merkle/src/tests.rs:43:        MerkleTree::compute_root(&[l1, l2])
crates/amun-merkle/src/tests.rs:53:        MerkleTree::compute_root(&[l1, l2, l3]),
crates/amun-merkle/src/tests.rs:54:        MerkleTree::compute_root(&[l1, l2, l3])
crates/amun-merkle/src/tests.rs:63:    let root3 = MerkleTree::compute_root(&[l1, l2, l3]);
crates/amun-merkle/src/tests.rs:64:    let root4 = MerkleTree::compute_root(&[l1, l2, l3, l3]);
crates/amun-merkle/src/tests.rs:73:        MerkleTree::compute_root(&[l1, l2]),
crates/amun-merkle/src/tests.rs:74:        MerkleTree::compute_root(&[l2, l1])
crates/amun-merkle/src/tests.rs:79:fn test_proof_verify() {
crates/amun-merkle/src/tests.rs:82:    let root = MerkleTree::compute_root(&[l1, l2]);
crates/amun-merkle/src/tests.rs:87:    assert!(proof.verify(&l1, &root));
crates/amun-merkle/src/tests.rs:95:    let root = MerkleTree::compute_root(&[l1, l2]);
crates/amun-merkle/src/tree.rs:26:    pub fn compute_root(leaves: &[PublicHash32]) -> PublicHash32 {
crates/amun-network-constitution/src/anti_replay.rs:21:                return Err("replay detected: nonce too low");
crates/amun-network-constitution/src/lib.rs:1:pub mod anti_replay;
crates/amun-network-constitution/src/lib.rs:4:pub use anti_replay::AntiReplayGuard;
crates/amun-network-constitution/src/message.rs:104:        frame_hash.copy_from_slice(&h.finalize().as_bytes()[..32]);
crates/amun-network-fastpath/src/lib.rs:28:    pub fn finalize(&mut self) -> [u8; 32] {
crates/amun-network-fastpath/src/lib.rs:35:        self.batch_hash = hasher.finalize().into();
crates/amun-network-fastpath/src/lib.rs:79:            batch.finalize();
crates/amun-network-fastpath/src/lib.rs:86:        batch.finalize();
crates/amun-network-fastpath/tests/n164_fastpath_tests.rs:54:    let hash1 = batch1.finalize();
crates/amun-network-fastpath/tests/n164_fastpath_tests.rs:55:    let hash2 = batch2.finalize();
crates/amun-network-scheduler/src/message.rs:21:    Precommit {
crates/amun-network-scheduler/src/message.rs:41:            NetworkMessage::Precommit { from, .. } => *from,
crates/amun-network-scheduler/src/message.rs:50:            NetworkMessage::Precommit { to, .. } => *to,
crates/amun-network-scheduler/src/message.rs:59:            NetworkMessage::Precommit { round, .. } => *round,
crates/amun-network-scheduler/src/scheduler.rs:60:    pub fn compute_delay(&self, msg_hash: &[u8; 32]) -> u64 {
crates/amun-network/src/tests.rs:12:fn test_peer_state_transitions() {
crates/amun-networking/src/crypto_identity.rs:102:        assert_eq!(peer_id.0, keypair.verifying_key.to_bytes());
crates/amun-networking/src/crypto_identity.rs:106:    fn n20_5_sign_and_verify() {
crates/amun-networking/src/crypto_identity.rs:110:        assert!(PeerKeyPair::verify(
crates/amun-networking/src/crypto_identity.rs:111:            &keypair.verifying_key.to_bytes(),
crates/amun-networking/src/crypto_identity.rs:122:        assert!(!PeerKeyPair::verify(
crates/amun-networking/src/crypto_identity.rs:123:            &keypair.verifying_key.to_bytes(),
crates/amun-networking/src/crypto_identity.rs:135:        assert!(!PeerKeyPair::verify(
crates/amun-networking/src/crypto_identity.rs:136:            &bob.verifying_key.to_bytes(),
crates/amun-networking/src/crypto_identity.rs:147:        assert!(signed.verify());
crates/amun-networking/src/crypto_identity.rs:148:        assert_eq!(signed.sender_peer_id().0, keypair.verifying_key.to_bytes());
crates/amun-networking/src/crypto_identity.rs:157:        assert!(decoded.verify());
crates/amun-networking/src/crypto_identity.rs:16:        let verifying_key = signing_key.verifying_key();
crates/amun-networking/src/crypto_identity.rs:19:            verifying_key,
crates/amun-networking/src/crypto_identity.rs:26:        let verifying_key = signing_key.verifying_key();
crates/amun-networking/src/crypto_identity.rs:29:            verifying_key,
crates/amun-networking/src/crypto_identity.rs:38:    /// Derive the PeerId from the verifying key.
crates/amun-networking/src/crypto_identity.rs:40:        PeerId::from_bytes(self.verifying_key.to_bytes())
crates/amun-networking/src/crypto_identity.rs:48:    /// Verify a signature against a verifying key.
crates/amun-networking/src/crypto_identity.rs:49:    pub fn verify(key: &[u8; 32], message: &[u8], signature: &[u8]) -> bool {
crates/amun-networking/src/crypto_identity.rs:53:        if let Ok(verifying_key) = VerifyingKey::from_bytes(key) {
crates/amun-networking/src/crypto_identity.rs:57:            verifying_key.verify(message, &sig).is_ok()
crates/amun-networking/src/crypto_identity.rs:77:            sender_public_key: keypair.verifying_key.to_bytes(),
crates/amun-networking/src/crypto_identity.rs:84:    pub fn verify(&self) -> bool {
crates/amun-networking/src/crypto_identity.rs:85:        PeerKeyPair::verify(&self.sender_public_key, &self.payload, &self.signature)
crates/amun-networking/src/crypto_identity.rs:9:    pub verifying_key: VerifyingKey,
crates/amun-networking/src/node.rs:138:                ConsensusAction::BroadcastPrecommit(vote) => {
crates/amun-networking/src/node.rs:144:                    // finalize_commit() handles state transition
crates/amun-networking/src/node.rs:173:        if self.consensus.is_committed() {
crates/amun-networking/src/node.rs:174:            if let Ok(qc) = self.consensus.finalize_commit() {
crates/amun-networking/src/node.rs:175:                self.committed_blocks.push(qc.block_hash);
crates/amun-networking/src/node.rs:18:///   Votes collected → QC formed → emit BroadcastPrecommit
crates/amun-networking/src/node.rs:19:///   Precommits collected → QC formed → emit Commit → block finalized
crates/amun-networking/src/node.rs:33:    pub committed_blocks: Vec<[u8; 32]>,
crates/amun-networking/src/node.rs:46:            base_precommit_timeout_ms: 500,
crates/amun-networking/src/node.rs:57:            committed_blocks: Vec::new(),
crates/amun-networking/src/node.rs:97:        self.consensus.last_committed_height = height.saturating_sub(1);
crates/amun-networking/src/peer_discovery.rs:100:        assert!(PeerAnnouncement::verify(&announcement, &signed));
crates/amun-networking/src/peer_discovery.rs:110:        assert!(!PeerAnnouncement::verify(&announcement, &signed));
crates/amun-networking/src/peer_discovery.rs:119:            keypair.verifying_key.to_bytes(),
crates/amun-networking/src/peer_discovery.rs:134:            keypair.verifying_key.to_bytes(),
crates/amun-networking/src/peer_discovery.rs:153:            keypair.verifying_key.to_bytes(),
crates/amun-networking/src/peer_discovery.rs:175:            kp1.verifying_key.to_bytes(),
crates/amun-networking/src/peer_discovery.rs:180:            kp2.verifying_key.to_bytes(),
crates/amun-networking/src/peer_discovery.rs:20:            public_key: keypair.verifying_key.to_bytes(),
crates/amun-networking/src/peer_discovery.rs:30:    pub fn verify(announcement: &Self, signed: &SignedMessage) -> bool {
crates/amun-networking/src/peer_discovery.rs:31:        signed.verify() && signed.sender_peer_id() == announcement.peer_id
crates/amun-networking/src/peer_discovery.rs:96:    fn n20_7_peer_announcement_sign_and_verify() {
crates/amun-networking/src/risk.rs:10:    /// Peer's replay history is unstable
crates/amun-networking/src/signed_envelope.rs:104:        assert!(directed.signed_envelope.verify());
crates/amun-networking/src/signed_envelope.rs:28:    pub fn verify(&self) -> bool {
crates/amun-networking/src/signed_envelope.rs:29:        PeerKeyPair::verify(&self.sender_peer_id.0, &self.payload, &self.signature)
crates/amun-networking/src/signed_envelope.rs:67:        assert!(signed.verify());
crates/amun-networking/src/signed_envelope.rs:83:        assert!(!signed.verify());
crates/amun-networking/src/sovereignty.rs:24:    pub replay_compatible: bool,
crates/amun-networking/src/sovereignty.rs:51:            replay_compatible: false,
crates/amun-networking/src/sovereignty.rs:70:    pub fn verify_physics(&mut self) {
crates/amun-networking/src/sovereignty.rs:87:            && self.replay_compatible
crates/amun-networking/src/trust_anchor.rs:60:        registry.register(peer_id, authority.verifying_key.to_bytes());
crates/amun-networking/src/trust_anchor.rs:73:        registry.register(peer_id, authority.verifying_key.to_bytes());
crates/amun-networking/src/trust_anchor.rs:7:/// They issue ValidatorCertificates that bind peer identities to public keys.
crates/amun-networking/src/validator_certificate.rs:106:    fn n21_validator_certificate_issue_and_verify() {
crates/amun-networking/src/validator_certificate.rs:110:        let cert = ValidatorCertificate::issue(
crates/amun-networking/src/validator_certificate.rs:112:            validator.verifying_key.to_bytes(),
crates/amun-networking/src/validator_certificate.rs:118:        assert!(cert.verify(&authority.verifying_key.to_bytes()));
crates/amun-networking/src/validator_certificate.rs:120:        assert_eq!(cert.issuer, authority.peer_id());
crates/amun-networking/src/validator_certificate.rs:129:        let cert = ValidatorCertificate::issue(
crates/amun-networking/src/validator_certificate.rs:131:            validator.verifying_key.to_bytes(),
crates/amun-networking/src/validator_certificate.rs:137:        // Impostor tries to verify — must fail
crates/amun-networking/src/validator_certificate.rs:138:        assert!(!cert.verify(&impostor.verifying_key.to_bytes()));
crates/amun-networking/src/validator_certificate.rs:146:        let mut cert = ValidatorCertificate::issue(
crates/amun-networking/src/validator_certificate.rs:148:            validator.verifying_key.to_bytes(),
crates/amun-networking/src/validator_certificate.rs:14:    /// The authority that issued this certificate.
crates/amun-networking/src/validator_certificate.rs:156:        assert!(!cert.verify(&authority.verifying_key.to_bytes()));
crates/amun-networking/src/validator_certificate.rs:15:    pub issuer: PeerId,
crates/amun-networking/src/validator_certificate.rs:164:        let cert = ValidatorCertificate::issue(
crates/amun-networking/src/validator_certificate.rs:166:            validator.verifying_key.to_bytes(),
crates/amun-networking/src/validator_certificate.rs:184:        let cert = ValidatorCertificate::issue(
crates/amun-networking/src/validator_certificate.rs:186:            validator.verifying_key.to_bytes(),
crates/amun-networking/src/validator_certificate.rs:201:        assert!(decoded.verify(&authority.verifying_key.to_bytes()));
crates/amun-networking/src/validator_certificate.rs:28:    pub fn issue(
crates/amun-networking/src/validator_certificate.rs:31:        issuer_keypair: &PeerKeyPair,
crates/amun-networking/src/validator_certificate.rs:40:            issuer: issuer_keypair.peer_id(),
crates/amun-networking/src/validator_certificate.rs:47:        cert.authority_signature = issuer_keypair.sign(&payload);
crates/amun-networking/src/validator_certificate.rs:58:        data.extend_from_slice(&self.issuer.0);
crates/amun-networking/src/validator_certificate.rs:65:    pub fn verify(&self, authority_public_key: &[u8; 32]) -> bool {
crates/amun-networking/src/validator_certificate.rs:67:        PeerKeyPair::verify(authority_public_key, &payload, &self.authority_signature)
crates/amun-networking/src/validator_certificate.rs:76:    pub fn issue_v2(
crates/amun-networking/src/validator_certificate.rs:81:        issuer_keypair: &PeerKeyPair,
crates/amun-networking/src/validator_certificate.rs:90:            issuer: issuer_keypair.peer_id(),
crates/amun-networking/src/validator_certificate.rs:96:        cert.authority_signature = issuer_keypair.sign(&payload);
crates/amun-networking/src/validator_registry.rs:111:        trust_anchors.register(authority.peer_id(), authority.verifying_key.to_bytes());
crates/amun-networking/src/validator_registry.rs:113:        // Impostor tries to issue a certificate pretending to be the authority
crates/amun-networking/src/validator_registry.rs:114:        let forged_cert = ValidatorCertificate::issue(
crates/amun-networking/src/validator_registry.rs:116:            validator.verifying_key.to_bytes(),
crates/amun-networking/src/validator_registry.rs:17:    /// Register a validator after verifying their certificate against trust anchors.
crates/amun-networking/src/validator_registry.rs:23:        // Verify the certificate was issued by a trusted authority
crates/amun-networking/src/validator_registry.rs:25:            .get_key(&certificate.issuer)
crates/amun-networking/src/validator_registry.rs:28:        if !certificate.verify(authority_key) {
crates/amun-networking/src/validator_registry.rs:69:        trust_anchors.register(authority.peer_id(), authority.verifying_key.to_bytes());
crates/amun-networking/src/validator_registry.rs:71:        let cert = ValidatorCertificate::issue(
crates/amun-networking/src/validator_registry.rs:73:            validator.verifying_key.to_bytes(),
crates/amun-networking/src/validator_registry.rs:92:        let cert = ValidatorCertificate::issue(
crates/amun-networking/src/validator_registry.rs:94:            validator.verifying_key.to_bytes(),
crates/amun-networking/src/verification.rs:30:    pub fn verify_remote(
crates/amun-networking/src/verification.rs:34:        if !remote.verify() {
crates/amun-networking/tests/harness/handlers.rs:22:pub fn build_prevote_envelope(
crates/amun-networking/tests/harness/handlers.rs:45:pub fn build_precommit_envelope(
crates/amun-networking/tests/harness/handlers.rs:56:        vote_type: VoteType::Precommit,
crates/amun-networking/tests/harness/handlers.rs:5:pub fn build_proposal_envelope(node_id: &str, leader_id: [u8; 32], round: u64) -> Envelope {
crates/amun-networking/tests/harness/handlers.rs:64:        message_type: "precommit".into(),
crates/amun-networking/tests/harness/handlers.rs:94:        "precommit" => {
crates/amun-networking/tests/harness/scenario.rs:40:    pub commits: usize,
crates/amun-networking/tests/harness/scenario.rs:68:            commits: 0,
crates/amun-networking/tests/harness/scenario.rs:91:            ConsensusAction::BroadcastPrecommit(v) => {
crates/amun-networking/tests/harness/scenario.rs:98:                        message_type: "precommit".into(),
crates/amun-networking/tests/n17_multi_node_network.rs:101:fn n17_four_node_network_reaches_first_commit() {
crates/amun-networking/tests/n17_multi_node_network.rs:103:    assert!(net.run_until_commits(500, 1));
crates/amun-networking/tests/n17_multi_node_network.rs:107:fn n17_seven_node_network_reaches_first_commit() {
crates/amun-networking/tests/n17_multi_node_network.rs:109:    assert!(net.run_until_commits(800, 1));
crates/amun-networking/tests/n17_multi_node_network.rs:116:    net.run_until_commits(500, 1);
crates/amun-networking/tests/n17_multi_node_network.rs:121:    // Rebuild validator set from remaining live nodes
crates/amun-networking/tests/n17_multi_node_network.rs:134:    let _ = net.run_until_commits(2000, 2);
crates/amun-networking/tests/n17_multi_node_network.rs:135:    // If it doesn't reach 2 more commits, that's expected with tight quorum
crates/amun-networking/tests/n17_multi_node_network.rs:138:    // At minimum, we should have at least the original commit
crates/amun-networking/tests/n17_multi_node_network.rs:139:    let total_commits: usize = net.nodes.values().map(|n| n.committed_blocks.len()).sum();
crates/amun-networking/tests/n17_multi_node_network.rs:141:        total_commits >= 3,
crates/amun-networking/tests/n17_multi_node_network.rs:142:        "All nodes should have at least 1 commit each"
crates/amun-networking/tests/n17_multi_node_network.rs:154:fn n17_all_nodes_eventually_commit_multiple_blocks() {
crates/amun-networking/tests/n17_multi_node_network.rs:156:    assert!(net.run_until_commits(1000, 3));
crates/amun-networking/tests/n17_multi_node_network.rs:15:///   5. When a QC forms, consensus emits Commit → block finalized
crates/amun-networking/tests/n17_multi_node_network.rs:85:    fn run_until_commits(&mut self, max_ticks: usize, target_commits: usize) -> bool {
crates/amun-networking/tests/n17_multi_node_network.rs:91:                .all(|n| n.committed_blocks.len() >= target_commits);
crates/amun-networking/tests/n18_catchup_and_rejoin.rs:90:    // 4 nodes commit 10 blocks
crates/amun-networking/tests/n18_catchup_and_rejoin.rs:92:    // Network commits 20 more
crates/amun-networking/tests/n18_checkpoint_sync.rs:116:    let cp1 = build_checkpoint(0, 9);
crates/amun-networking/tests/n18_checkpoint_sync.rs:117:    let cp2 = build_checkpoint(10, 19);
crates/amun-networking/tests/n18_checkpoint_sync.rs:12:/// Helper: build a checkpoint covering blocks [start, end].
crates/amun-networking/tests/n18_checkpoint_sync.rs:13:fn build_checkpoint(start: u64, end: u64) -> CheckpointCertificate {
crates/amun-networking/tests/n18_checkpoint_sync.rs:19:        rt.apply_transition(&[height as u8; 32], &[0xAA; 32]);
crates/amun-networking/tests/n18_checkpoint_sync.rs:54:    let cp_a = build_checkpoint(0, 49);
crates/amun-networking/tests/n18_checkpoint_sync.rs:86:    // Node B transitions through lifecycle
crates/amun-networking/tests/n18_full_rejoin.rs:116:    let cp1 = build_checkpoint(0, 19);
crates/amun-networking/tests/n18_full_rejoin.rs:117:    let cp2 = build_checkpoint(20, 39);
crates/amun-networking/tests/n18_full_rejoin.rs:118:    let cp3 = build_checkpoint(40, 59);
crates/amun-networking/tests/n18_full_rejoin.rs:13:fn build_checkpoint(start: u64, end: u64) -> CheckpointCertificate {
crates/amun-networking/tests/n18_full_rejoin.rs:156:    // Only after proper lifecycle transition
crates/amun-networking/tests/n18_full_rejoin.rs:19:        rt.apply_transition(&[height as u8; 32], &[0xAA; 32]);
crates/amun-networking/tests/n18_full_rejoin.rs:57:    // Phase 1: Network commits 10 blocks, then node 3 is removed
crates/amun-networking/tests/n18_full_rejoin.rs:58:    let _cp_early = build_checkpoint(0, 9);
crates/amun-networking/tests/n18_full_rejoin.rs:61:    // Phase 2: Network commits 40 more blocks (50 total)
crates/amun-networking/tests/n18_full_rejoin.rs:62:    let cp_late = build_checkpoint(10, 49);
crates/amun-networking/tests/n18_node_rejoin.rs:30:fn n18_lifecycle_transitions() {
crates/amun-networking/tests/n18_node_rejoin.rs:61:    // 1. 4-node network commits block 1
crates/amun-networking/tests/n18_node_rejoin.rs:63:    // 3. Network commits 20 more blocks
crates/amun-networking/tests/n18_node_rejoin.rs:77:fn n18_rejoin001_bootstrapping_node_must_verify_before_active() {
crates/amun-networking/tests/n19_adversarial_rejoin.rs:101:    let cp1 = build_checkpoint(0, 19);
crates/amun-networking/tests/n19_adversarial_rejoin.rs:102:    let cp2 = build_checkpoint(40, 59);
crates/amun-networking/tests/n19_adversarial_rejoin.rs:11:fn build_checkpoint(start: u64, end: u64) -> CheckpointCertificate {
crates/amun-networking/tests/n19_adversarial_rejoin.rs:129:    let cp1 = build_checkpoint(0, 9);
crates/amun-networking/tests/n19_adversarial_rejoin.rs:130:    let cp2 = build_checkpoint(10, 19);
crates/amun-networking/tests/n19_adversarial_rejoin.rs:156:    let cp = build_checkpoint(0, 49);
crates/amun-networking/tests/n19_adversarial_rejoin.rs:17:        rt.apply_transition(&[height as u8; 32], &[0xAA; 32]);
crates/amun-networking/tests/n19_adversarial_rejoin.rs:55:    let cp = build_checkpoint(0, 9);
crates/amun-networking/tests/n19_adversarial_rejoin.rs:73:    let cp_high = build_checkpoint(50, 59);
crates/amun-networking/tests/n20_10_multi_machine_testnet.rs:126:    let cp = build_checkpoint(0, 49);
crates/amun-networking/tests/n20_10_multi_machine_testnet.rs:171:            keypair.verifying_key.to_bytes(),
crates/amun-networking/tests/n20_10_multi_machine_testnet.rs:198:    let cp = build_checkpoint(50, 99);
crates/amun-networking/tests/n20_10_multi_machine_testnet.rs:68:        alice_keypair.verifying_key.to_bytes(),
crates/amun-networking/tests/n20_10_multi_machine_testnet.rs:73:        bob_keypair.verifying_key.to_bytes(),
crates/amun-networking/tests/n20_10_multi_machine_testnet.rs:85:fn build_checkpoint(start: u64, end: u64) -> CheckpointCertificate {
crates/amun-networking/tests/n20_10_multi_machine_testnet.rs:91:        rt.apply_transition(&[height as u8; 32], &[0xAA; 32]);
crates/amun-networking/tests/n20_8_bootstrap_over_tcp.rs:111:    // Node B transitions to active
crates/amun-networking/tests/n20_8_bootstrap_over_tcp.rs:120:    let cp = build_checkpoint(0, 9);
crates/amun-networking/tests/n20_8_bootstrap_over_tcp.rs:13:fn build_checkpoint(start: u64, end: u64) -> CheckpointCertificate {
crates/amun-networking/tests/n20_8_bootstrap_over_tcp.rs:147:    let cp = build_checkpoint(0, 49);
crates/amun-networking/tests/n20_8_bootstrap_over_tcp.rs:19:        rt.apply_transition(&[height as u8; 32], &[0xAA; 32]);
crates/amun-networking/tests/n20_8_bootstrap_over_tcp.rs:65:    let cp = build_checkpoint(0, 9);
crates/amun-networking/tests/n20_8_bootstrap_over_tcp.rs:83:    let cp = build_checkpoint(0, 49);
crates/amun-networking/tests/n20_9_rejoin_over_tcp.rs:107:    let cp = build_checkpoint(100, 199);
crates/amun-networking/tests/n20_9_rejoin_over_tcp.rs:12:fn build_checkpoint(start: u64, end: u64) -> CheckpointCertificate {
crates/amun-networking/tests/n20_9_rejoin_over_tcp.rs:131:    let cp_old = build_checkpoint(0, 9);
crates/amun-networking/tests/n20_9_rejoin_over_tcp.rs:141:    let cp_new = build_checkpoint(50, 99);
crates/amun-networking/tests/n20_9_rejoin_over_tcp.rs:152:    // Trying to verify old checkpoint against new root must fail
crates/amun-networking/tests/n20_9_rejoin_over_tcp.rs:162:    let cp = build_checkpoint(0, 49);
crates/amun-networking/tests/n20_9_rejoin_over_tcp.rs:18:        rt.apply_transition(&[height as u8; 32], &[0xAA; 32]);
crates/amun-networking/tests/n20_9_rejoin_over_tcp.rs:57:    let cp_late = build_checkpoint(50, 99);
crates/amun-networking/tests/n20_9_rejoin_over_tcp.rs:84:    // Phase 6: Full lifecycle transition
crates/amun-networking/tests/v2_001_time_driven_consensus.rs:30:        "Happy path consensus failed: {} commits",
crates/amun-networking/tests/v2_001_time_driven_consensus.rs:31:        result.commits
crates/amun-networking/tests/v2_002_multi_round_consensus.rs:30:            // Protocol emits prevote/precommit via actions, just need inbox to process
crates/amun-networking/tests/v2_002_multi_round_consensus.rs:54:            "Multi-round failed at {} rounds: {} commits",
crates/amun-networking/tests/v2_002_multi_round_consensus.rs:55:            rounds, result.commits
crates/amun-networking/tests/v2_003_multi_height_consensus.rs:53:            "Multi-height failed at {} heights: {} commits",
crates/amun-networking/tests/v2_003_multi_height_consensus.rs:54:            heights, result.commits
crates/amun-networking/tests/v2_004_long_run_stability.rs:54:        "V2-004: {} heights -> {} commits (min={})",
crates/amun-networking/tests/v2_004_long_run_stability.rs:55:        heights, result.commits, min
crates/amun-networking/tests/v2_013_baseline_matrix.rs:48:        let mut committed_counts = Vec::new();
crates/amun-networking/tests/v2_013_baseline_matrix.rs:55:            committed_counts.push(result.commits);
crates/amun-networking/tests/v2_013_baseline_matrix.rs:58:        committed_counts.sort();
crates/amun-networking/tests/v2_013_baseline_matrix.rs:59:        let min = committed_counts.first().unwrap();
crates/amun-networking/tests/v2_013_baseline_matrix.rs:60:        let max = committed_counts.last().unwrap();
crates/amun-networking/tests/v2_013_baseline_matrix.rs:61:        let avg = committed_counts.iter().map(|x| *x as u64).sum::<u64>() as f64 / trials as f64;
crates/amun-networking/tests/v2_013_baseline_matrix.rs:63:            committed_counts.iter().filter(|&&c| c >= 27).count() as f64 / trials as f64 * 100.0;
crates/amun-networking/tests/v2_015a_real_timeout_injection.rs:114:    commits: u64,
crates/amun-networking/tests/v2_015a_real_timeout_injection.rs:143:            commits: 0,
crates/amun-networking/tests/v2_015a_real_timeout_injection.rs:162:                precommits_broadcast: false,
crates/amun-networking/tests/v2_015a_real_timeout_injection.rs:166:                commit_counted: false,
crates/amun-networking/tests/v2_015a_real_timeout_injection.rs:24:    PrecommitBroadcast,
crates/amun-networking/tests/v2_015a_real_timeout_injection.rs:282:            EventType::PrecommitBroadcast => {
crates/amun-networking/tests/v2_015a_real_timeout_injection.rs:284:                if !node.precommits_broadcast
crates/amun-networking/tests/v2_015a_real_timeout_injection.rs:285:                    && node.state_machine.state.step == ConsensusStep::Precommit
crates/amun-networking/tests/v2_015a_real_timeout_injection.rs:293:                            vote_type: VoteType::Precommit,
crates/amun-networking/tests/v2_015a_real_timeout_injection.rs:301:                            message_type: "precommit".into(),
crates/amun-networking/tests/v2_015a_real_timeout_injection.rs:307:                            n.precommits_broadcast = true;
crates/amun-networking/tests/v2_015a_real_timeout_injection.rs:339:                        "precommit" => {
crates/amun-networking/tests/v2_015a_real_timeout_injection.rs:349:                let _ = node.state_machine.finalize_commit();
crates/amun-networking/tests/v2_015a_real_timeout_injection.rs:350:                if node.state_machine.last_committed_height == 1 && !node.commit_counted {
crates/amun-networking/tests/v2_015a_real_timeout_injection.rs:351:                    self.commits += 1;
crates/amun-networking/tests/v2_015a_real_timeout_injection.rs:352:                    node.commit_counted = true;
crates/amun-networking/tests/v2_015a_real_timeout_injection.rs:357:                if node.state_machine.last_committed_height < 1 {
crates/amun-networking/tests/v2_015a_real_timeout_injection.rs:365:                            node.precommits_broadcast = false;
crates/amun-networking/tests/v2_015a_real_timeout_injection.rs:397:                .schedule(inject_time + 40, nid.clone(), EventType::PrecommitBroadcast);
crates/amun-networking/tests/v2_015a_real_timeout_injection.rs:3:// Root cause: Prevote/Precommit were not scheduled after timeout recovery.
crates/amun-networking/tests/v2_015a_real_timeout_injection.rs:422:        base_precommit_timeout_ms: timeout_ms / 2,
crates/amun-networking/tests/v2_015a_real_timeout_injection.rs:440:    let commits = sim.commits;
crates/amun-networking/tests/v2_015a_real_timeout_injection.rs:442:        "=== Timeout Injection Test: {} commits after injecting proposal at round {} ===",
crates/amun-networking/tests/v2_015a_real_timeout_injection.rs:443:        commits, inject_after_rounds
crates/amun-networking/tests/v2_015a_real_timeout_injection.rs:446:        commits >= 27,
crates/amun-networking/tests/v2_015a_real_timeout_injection.rs:95:    precommits_broadcast: bool,
crates/amun-networking/tests/v2_015a_real_timeout_injection.rs:99:    commit_counted: bool,
crates/amun-nft-adversarial/tests/n149_adversarial_tests.rs:118:    let result = NftEvidenceKernel::verify_ownership(&reg, &token_id, &thief);
crates/amun-nft-adversarial/tests/n149_adversarial_tests.rs:97:    let result = NftEvidenceKernel::verify_metadata_hash(&[1u8; 32], &[2u8; 32]);
crates/amun-nft-benchmark/tests/n152_benchmark_tests.rs:12:    hasher.finalize().into()
crates/amun-nft-benchmark/tests/n152_benchmark_tests.rs:159:    let root = reg.compute_state_root();
crates/amun-nft-bridge/src/lib.rs:105:    hasher.finalize().into()
crates/amun-nft-bridge/src/lib.rs:57:        let lock_id: [u8; 32] = hasher.finalize().into();
crates/amun-nft-bridge/src/lib.rs:71:            if record.unlock.is_none() && compute_lock_id(&record.lock) == unlock.lock_id {
crates/amun-nft-bridge/src/lib.rs:85:    pub fn compute_bridge_root(&self) -> [u8; 32] {
crates/amun-nft-bridge/src/lib.rs:92:        hasher.finalize().into()
crates/amun-nft-bridge/src/lib.rs:96:fn compute_lock_id(lock: &BridgeLock) -> [u8; 32] {
crates/amun-nft-bridge/tests/n139_bridge_tests.rs:105:    assert_ne!(l1.compute_bridge_root(), l2.compute_bridge_root());
crates/amun-nft-bridge/tests/n139_bridge_tests.rs:81:    assert_eq!(l1.compute_bridge_root(), l2.compute_bridge_root());
crates/amun-nft-bridge/tests/n139_bridge_tests.rs:98:    assert_eq!(l1.compute_bridge_root(), l2.compute_bridge_root());
crates/amun-nft-collateral/src/lib.rs:124:    pub fn compute_evidence_root(&self) -> [u8; 32] {
crates/amun-nft-collateral/src/lib.rs:132:        hasher.update(self.lending.compute_lending_root());
crates/amun-nft-collateral/src/lib.rs:133:        hasher.finalize().into()
crates/amun-nft-collateral/tests/n156_nft_collateral_tests.rs:144:        engine1.compute_evidence_root(),
crates/amun-nft-collateral/tests/n156_nft_collateral_tests.rs:145:        engine2.compute_evidence_root()
crates/amun-nft-constitutional-enforcement/src/lib.rs:108:    hasher.finalize().into()
crates/amun-nft-constitutional-enforcement/src/lib.rs:29:                let lock_id = compute_lock_id(lock);
crates/amun-nft-constitutional-enforcement/src/lib.rs:62:                return Some(amun_nft_royalty::RoyaltyEngine::compute_royalty(
crates/amun-nft-constitutional-enforcement/src/lib.rs:79:        let nft_root = registry.compute_constitutional_root();
crates/amun-nft-constitutional-enforcement/src/lib.rs:87:        let unified_root: [u8; 32] = hasher.finalize().into();
crates/amun-nft-constitutional-enforcement/src/lib.rs:99:fn compute_lock_id(lock: &amun_nft_bridge::BridgeLock) -> [u8; 32] {
crates/amun-nft-constitutional-registry/src/lib.rs:45:    pub fn compute_constitutional_root(&self) -> [u8; 32] {
crates/amun-nft-constitutional-registry/src/lib.rs:53:        hasher.finalize().into()
crates/amun-nft-constitutional-registry/tests/n140_constitutional_registry_tests.rs:124:        r1.compute_constitutional_root(),
crates/amun-nft-constitutional-registry/tests/n140_constitutional_registry_tests.rs:125:        r2.compute_constitutional_root()
crates/amun-nft-constitutional-registry/tests/n140_constitutional_registry_tests.rs:155:        r1.compute_constitutional_root(),
crates/amun-nft-constitutional-registry/tests/n140_constitutional_registry_tests.rs:156:        r2.compute_constitutional_root()
crates/amun-nft-constitutional-registry/tests/n140_constitutional_registry_tests.rs:91:        r1.compute_constitutional_root(),
crates/amun-nft-constitutional-registry/tests/n140_constitutional_registry_tests.rs:92:        r2.compute_constitutional_root()
crates/amun-nft-core/src/lib.rs:63:        evidence.evidence_hash = evidence.compute_hash();
crates/amun-nft-core/src/lib.rs:67:    pub fn compute_hash(&self) -> [u8; 32] {
crates/amun-nft-core/src/lib.rs:73:        hasher.finalize().into()
crates/amun-nft-evidence/src/lib.rs:104:        Self::verify_metadata_hash(ctx.metadata_hash, ctx.actual_metadata_hash)?;
crates/amun-nft-evidence/src/lib.rs:106:        // Law 4: replay protection
crates/amun-nft-evidence/src/lib.rs:107:        Self::verify_replay_protection(ctx.last_event_time, ctx.timestamp)?;
crates/amun-nft-evidence/src/lib.rs:113:    pub fn verify_transfer(
crates/amun-nft-evidence/src/lib.rs:121:        Self::verify_ownership(registry, token_id, from)?;
crates/amun-nft-evidence/src/lib.rs:123:        // Law 4: replay protection
crates/amun-nft-evidence/src/lib.rs:124:        Self::verify_replay_protection(last_event_time, timestamp)?;
crates/amun-nft-evidence/src/lib.rs:130:    pub fn verify_burn(
crates/amun-nft-evidence/src/lib.rs:138:        Self::verify_ownership(registry, token_id, owner)?;
crates/amun-nft-evidence/src/lib.rs:140:        // Law 4: replay protection
crates/amun-nft-evidence/src/lib.rs:141:        Self::verify_replay_protection(last_event_time, timestamp)?;
crates/amun-nft-evidence/src/lib.rs:160:    hasher.finalize().into()
crates/amun-nft-evidence/src/lib.rs:31:    pub fn verify_ownership(
crates/amun-nft-evidence/src/lib.rs:46:    pub fn verify_non_duplicate(
crates/amun-nft-evidence/src/lib.rs:57:    pub fn verify_metadata_hash(
crates/amun-nft-evidence/src/lib.rs:68:    pub fn verify_replay_protection(
crates/amun-nft-evidence/src/lib.rs:88:    pub fn verify_mint(ctx: MintVerificationContext) -> Result<(), CekError> {
crates/amun-nft-evidence/src/lib.rs:90:        Self::verify_non_duplicate(ctx.registry, ctx.token_id)?;
crates/amun-nft-evidence/tests/n131_evidence_tests.rs:102:fn n131_law4_replay_protection_rejects_old_timestamp() {
crates/amun-nft-evidence/tests/n131_evidence_tests.rs:103:    let result = NftEvidenceKernel::verify_replay_protection(1000, 500);
crates/amun-nft-evidence/tests/n131_evidence_tests.rs:159:    assert!(NftEvidenceKernel::verify_mint(ctx).is_ok());
crates/amun-nft-evidence/tests/n131_evidence_tests.rs:40:    assert!(NftEvidenceKernel::verify_mint(ctx).is_ok());
crates/amun-nft-evidence/tests/n131_evidence_tests.rs:72:    let result = NftEvidenceKernel::verify_transfer(&reg, &token_id, &thief, 2000, 1000);
crates/amun-nft-evidence/tests/n131_evidence_tests.rs:91:    let result = NftEvidenceKernel::verify_non_duplicate(&reg, &token_id);
crates/amun-nft-evidence/tests/n131_evidence_tests.rs:97:    let result = NftEvidenceKernel::verify_metadata_hash(&[1u8; 32], &[2u8; 32]);
crates/amun-nft-explorer/src/lib.rs:53:                total_supply: 0, // can be computed
crates/amun-nft-fuzz/src/lib.rs:176:        let amount = amun_nft_royalty::RoyaltyEngine::compute_royalty(sale_price, bps);
crates/amun-nft-fuzz/src/lib.rs:248:        let root1 = ledger.compute_bridge_root();
crates/amun-nft-fuzz/src/lib.rs:249:        let root2 = ledger.compute_bridge_root();
crates/amun-nft-governance-execution/src/lib.rs:115:    pub fn execute(&mut self, proposal_id: &[u8; 32], current_height: u64) -> bool {
crates/amun-nft-governance-execution/src/lib.rs:121:            if !p.executed && current_height <= p.expires_height {
crates/amun-nft-governance-execution/src/lib.rs:122:                p.executed = true;
crates/amun-nft-governance-execution/src/lib.rs:129:    pub fn compute_execution_root(&self) -> [u8; 32] {
crates/amun-nft-governance-execution/src/lib.rs:13:    pub executed: bool,
crates/amun-nft-governance-execution/src/lib.rs:141:        hasher.finalize().into()
crates/amun-nft-governance-execution/src/lib.rs:58:        let proposal_id: [u8; 32] = hasher.finalize().into();
crates/amun-nft-governance-execution/src/lib.rs:67:                executed: false,
crates/amun-nft-governance-execution/tests/n143_governance_execution_tests.rs:37:fn n143_execute_passing_proposal() {
crates/amun-nft-governance-execution/tests/n143_governance_execution_tests.rs:61:    assert!(exec.execute(&id, 50));
crates/amun-nft-governance-execution/tests/n143_governance_execution_tests.rs:98:    assert_eq!(e1.compute_execution_root(), e2.compute_execution_root());
crates/amun-nft-governance/src/lib.rs:64:    pub fn compute_governance_root(&self) -> [u8; 32] {
crates/amun-nft-governance/src/lib.rs:73:        hasher.finalize().into()
crates/amun-nft-governance/tests/n138_governance_tests.rs:79:    assert_eq!(l1.compute_governance_root(), l2.compute_governance_root());
crates/amun-nft-governance/tests/n138_governance_tests.rs:97:    assert_ne!(l1.compute_governance_root(), l2.compute_governance_root());
crates/amun-nft-indexer/src/lib.rs:148:    pub fn compute_index_root(&self) -> [u8; 32] {
crates/amun-nft-indexer/src/lib.rs:160:        hasher.finalize().into()
crates/amun-nft-indexer/tests/n144_indexer_tests.rs:112:    let old_root = indexer.compute_index_root();
crates/amun-nft-indexer/tests/n144_indexer_tests.rs:119:    let new_root = indexer.compute_index_root();
crates/amun-nft-indexer/tests/n144_indexer_tests.rs:92:    assert_eq!(i1.compute_index_root(), i2.compute_index_root());
crates/amun-nft-integration/src/lib.rs:15:    let combined_root = hasher.finalize().into();
crates/amun-nft-integration/src/lib.rs:20:        commit_hash: original.commit_hash,
crates/amun-nft-integration/src/lib.rs:21:        replay_certificate: original.replay_certificate,
crates/amun-nft-integration/tests/n132_integration_tests.rs:27:    let original = EvidenceRoot::compute(
crates/amun-nft-integration/tests/n132_integration_tests.rs:29:        [8u8; 32], // commit_hash
crates/amun-nft-integration/tests/n132_integration_tests.rs:30:        [7u8; 32], // replay_certificate
crates/amun-nft-integration/tests/n132_integration_tests.rs:40:    assert_eq!(extended.commit_hash, [8u8; 32]);
crates/amun-nft-integration/tests/n132_integration_tests.rs:41:    assert_eq!(extended.replay_certificate, [7u8; 32]);
crates/amun-nft-marketplace/src/lib.rs:333:    pub fn compute_evidence_root(&self) -> [u8; 32] {
crates/amun-nft-marketplace/src/lib.rs:341:        hasher.finalize().into()
crates/amun-nft-marketplace/src/lib.rs:350:    ResourceId(hasher.finalize().into())
crates/amun-nft-marketplace/tests/n134_marketplace_tests.rs:182:    let root = mp.compute_evidence_root();
crates/amun-nft-mining/src/lib.rs:106:    ResourceId(hasher.finalize().into())
crates/amun-nft-mining/src/lib.rs:62:pub fn issue_mining_reward(
crates/amun-nft-mining/tests/n133_mining_tests.rs:1:use amun_nft_mining::{evaluate_contribution, issue_mining_reward, ContributionType};
crates/amun-nft-mining/tests/n133_mining_tests.rs:35:    let nft_id = issue_mining_reward(
crates/amun-nft-mining/tests/n133_mining_tests.rs:71:    let id1 = issue_mining_reward(
crates/amun-nft-mining/tests/n133_mining_tests.rs:80:    let id2 = issue_mining_reward(
crates/amun-nft-persistence/tests/n150_persistence_tests.rs:100:    let (reg2, royalty2, gov2, bridge2) = build_full_state();
crates/amun-nft-persistence/tests/n150_persistence_tests.rs:102:    assert_eq!(state_root_before, reg2.compute_state_root());
crates/amun-nft-persistence/tests/n150_persistence_tests.rs:103:    assert_eq!(royalty_root_before, royalty2.compute_accounting_root());
crates/amun-nft-persistence/tests/n150_persistence_tests.rs:104:    assert_eq!(gov_root_before, gov2.compute_governance_root());
crates/amun-nft-persistence/tests/n150_persistence_tests.rs:105:    assert_eq!(bridge_root_before, bridge2.compute_bridge_root());
crates/amun-nft-persistence/tests/n150_persistence_tests.rs:13:    hasher.finalize().into()
crates/amun-nft-persistence/tests/n150_persistence_tests.rs:16:fn build_full_state() -> (
crates/amun-nft-persistence/tests/n150_persistence_tests.rs:92:fn n150_state_roots_survive_rebuild() {
crates/amun-nft-persistence/tests/n150_persistence_tests.rs:93:    let (reg1, royalty1, gov1, bridge1) = build_full_state();
crates/amun-nft-persistence/tests/n150_persistence_tests.rs:95:    let state_root_before = reg1.compute_state_root();
crates/amun-nft-persistence/tests/n150_persistence_tests.rs:96:    let royalty_root_before = royalty1.compute_accounting_root();
crates/amun-nft-persistence/tests/n150_persistence_tests.rs:97:    let gov_root_before = gov1.compute_governance_root();
crates/amun-nft-persistence/tests/n150_persistence_tests.rs:98:    let bridge_root_before = bridge1.compute_bridge_root();
crates/amun-nft-rights-enforcement/src/lib.rs:101:        hasher.finalize().into()
crates/amun-nft-rights-enforcement/src/lib.rs:105:fn compute_lock_id(lock: &amun_nft_bridge::BridgeLock) -> [u8; 32] {
crates/amun-nft-rights-enforcement/src/lib.rs:114:    hasher.finalize().into()
crates/amun-nft-rights-enforcement/src/lib.rs:19:    pub fn validate_transfer(
crates/amun-nft-rights-enforcement/src/lib.rs:50:            let lock_id = compute_lock_id(lock);
crates/amun-nft-rights-enforcement/src/lib.rs:75:            .map(|policy| RoyaltyEngine::compute_royalty(sale_price, policy.royalty_bps));
crates/amun-nft-rights-enforcement/src/lib.rs:95:        hasher.update(registry.compute_constitutional_root());
crates/amun-nft-rights-enforcement/tests/n141_rights_enforcement_tests.rs:12:    let result = RightsEnforcementEngine::validate_transfer(
crates/amun-nft-rights-enforcement/tests/n141_rights_enforcement_tests.rs:131:    let result = RightsEnforcementEngine::validate_transfer(
crates/amun-nft-rights-enforcement/tests/n141_rights_enforcement_tests.rs:41:    let result = RightsEnforcementEngine::validate_transfer(
crates/amun-nft-rights-enforcement/tests/n141_rights_enforcement_tests.rs:82:    let result = RightsEnforcementEngine::validate_transfer(
crates/amun-nft-royalty-accounting/src/lib.rs:38:    pub fn compute_accounting_root(&self) -> [u8; 32] {
crates/amun-nft-royalty-accounting/src/lib.rs:45:        hasher.finalize().into()
crates/amun-nft-royalty-accounting/tests/n137_accounting_tests.rs:74:        ledger1.compute_accounting_root(),
crates/amun-nft-royalty-accounting/tests/n137_accounting_tests.rs:75:        ledger2.compute_accounting_root()
crates/amun-nft-royalty-settlement/src/lib.rs:51:    pub fn compute_settlement_root(&self) -> [u8; 32] {
crates/amun-nft-royalty-settlement/src/lib.rs:58:        hasher.finalize().into()
crates/amun-nft-royalty-settlement/tests/n142_settlement_tests.rs:58:    assert_eq!(e1.compute_settlement_root(), e2.compute_settlement_root());
crates/amun-nft-royalty/src/lib.rs:28:    pub fn compute_royalty(sale_price: u64, royalty_bps: u16) -> u64 {
crates/amun-nft-royalty/src/lib.rs:45:        let royalty_amount = Self::compute_royalty(sale_price, policy.royalty_bps);
crates/amun-nft-royalty/src/lib.rs:65:    hasher.finalize().into()
crates/amun-nft-royalty/tests/n136_royalty_tests.rs:31:    let amount = RoyaltyEngine::compute_royalty(1000, policy.royalty_bps);
crates/amun-nft-royalty/tests/n136_royalty_tests.rs:41:    let amount = RoyaltyEngine::compute_royalty(u64::MAX, policy.royalty_bps);
crates/amun-nft-royalty/tests/n136_royalty_tests.rs:9:    let amount = RoyaltyEngine::compute_royalty(1000, policy.royalty_bps);
crates/amun-nft-sdk/src/lib.rs:205:    hasher.finalize().into()
crates/amun-nft-snapshot/tests/n151_snapshot_tests.rs:109:    let state_root = reg.compute_state_root();
crates/amun-nft-snapshot/tests/n151_snapshot_tests.rs:110:    let royalty_root = royalty.compute_accounting_root();
crates/amun-nft-snapshot/tests/n151_snapshot_tests.rs:111:    let gov_root = gov.compute_governance_root();
crates/amun-nft-snapshot/tests/n151_snapshot_tests.rs:112:    let bridge_root = bridge.compute_bridge_root();
crates/amun-nft-snapshot/tests/n151_snapshot_tests.rs:113:    let const_root = const_reg.compute_constitutional_root();
crates/amun-nft-snapshot/tests/n151_snapshot_tests.rs:130:fn n151_all_roots_deterministic_after_rebuild() {
crates/amun-nft-snapshot/tests/n151_snapshot_tests.rs:131:    let (_, _, _, _, _, sr1, rr1, gr1, br1, cr1) = build_state();
crates/amun-nft-snapshot/tests/n151_snapshot_tests.rs:132:    let (_, _, _, _, _, sr2, rr2, gr2, br2, cr2) = build_state();
crates/amun-nft-snapshot/tests/n151_snapshot_tests.rs:143:    let (_, _, _, _, _, sr, rr, gr, br, cr) = build_state();
crates/amun-nft-snapshot/tests/n151_snapshot_tests.rs:14:    hasher.finalize().into()
crates/amun-nft-snapshot/tests/n151_snapshot_tests.rs:165:    ) = build_state();
crates/amun-nft-snapshot/tests/n151_snapshot_tests.rs:218:    assert_ne!(sr_before, reg.compute_state_root());
crates/amun-nft-snapshot/tests/n151_snapshot_tests.rs:219:    assert_ne!(rr_before, royalty.compute_accounting_root());
crates/amun-nft-snapshot/tests/n151_snapshot_tests.rs:220:    assert_ne!(gr_before, gov.compute_governance_root());
crates/amun-nft-snapshot/tests/n151_snapshot_tests.rs:221:    assert_ne!(cr_before, const_reg.compute_constitutional_root());
crates/amun-nft-snapshot/tests/n151_snapshot_tests.rs:30:fn build_state() -> SnapshotTestState {
crates/amun-nft-stress/src/lib.rs:94:    hasher.finalize().into()
crates/amun-nft-stress/tests/n146_stress_tests.rs:13:    hasher.finalize().into()
crates/amun-nft-stress/tests/n146_stress_tests.rs:183:    let root_before_sale = constitutional.compute_constitutional_root();
crates/amun-nft-stress/tests/n146_stress_tests.rs:250:    let root_after_all = constitutional.compute_constitutional_root();
crates/amun-nft-stress/tests/n146_stress_tests.rs:254:    let state_root = reg.compute_state_root();
crates/amun-nft-stress/tests/n146_stress_tests.rs:94:    assert_eq!(reg1.compute_state_root(), reg2.compute_state_root());
crates/amun-node/src/bin/test_checkpoint_rejoin.rs:131:            last_commit_hash: hex::encode([0u8; 32]),
crates/amun-node/src/bin/test_checkpoint_rejoin.rs:40:                         target_commits: usize,
crates/amun-node/src/bin/test_checkpoint_rejoin.rs:47:            .map(|n| n.committed_blocks.len())
crates/amun-node/src/bin/test_checkpoint_rejoin.rs:50:            < target_commits
crates/amun-node/src/bin/test_checkpoint_rejoin.rs:83:                    let prev = node.committed_blocks.len();
crates/amun-node/src/bin/test_checkpoint_rejoin.rs:85:                    if node.committed_blocks.len() > prev {
crates/amun-node/src/bin/test_checkpoint_rejoin.rs:87:                            let h = node.committed_blocks.len() as u64;
crates/amun-node/src/bin/test_constitutional_determinism.rs:37:            let result = ConstitutionalRuntime::execute(
crates/amun-node/src/bin/test_constitutional_multi_block.rs:76:            let result = ConstitutionalRuntime::execute(
crates/amun-node/src/bin/test_constitutional_mutation.rs:52:            let result = ConstitutionalRuntime::execute(
crates/amun-node/src/bin/test_constitutional_stress.rs:75:            let result = ConstitutionalRuntime::execute(
crates/amun-node/src/bin/test_crash_recovery.rs:108:    // Phase 1: Run until 5 commits
crates/amun-node/src/bin/test_crash_recovery.rs:109:    println!("Phase 1: Running network to 5 commits...");
crates/amun-node/src/bin/test_crash_recovery.rs:131:    // Rebuild validator set with 3 nodes
crates/amun-node/src/bin/test_crash_recovery.rs:166:    new_node.consensus.last_committed_height = current_height.saturating_sub(1);
crates/amun-node/src/bin/test_crash_recovery.rs:171:    // Rebuild full validator set
crates/amun-node/src/bin/test_crash_recovery.rs:202:        println!("\nResult: Network did not reach target commits after rejoin.");
crates/amun-node/src/bin/test_crash_recovery.rs:36:                         target_commits: usize,
crates/amun-node/src/bin/test_crash_recovery.rs:43:            .map(|n| n.committed_blocks.len())
crates/amun-node/src/bin/test_crash_recovery.rs:46:            < target_commits
crates/amun-node/src/bin/test_crash_recovery.rs:79:                    let prev = node.committed_blocks.len();
crates/amun-node/src/bin/test_crash_recovery.rs:81:                    if node.committed_blocks.len() > prev {
crates/amun-node/src/bin/test_crash_recovery.rs:83:                            let h = node.committed_blocks.len() as u64;
crates/amun-node/src/bin/test_crash_recovery_7.rs:106:    // Phase 1: Run with 7 validators to 5 commits
crates/amun-node/src/bin/test_crash_recovery_7.rs:107:    println!("Phase 1: Running 7-validator network to 5 commits...");
crates/amun-node/src/bin/test_crash_recovery_7.rs:152:        println!("\nPASS: Network survived but did not reach target commits");
crates/amun-node/src/bin/test_crash_recovery_7.rs:34:                         target_commits: usize,
crates/amun-node/src/bin/test_crash_recovery_7.rs:41:            .map(|n| n.committed_blocks.len())
crates/amun-node/src/bin/test_crash_recovery_7.rs:44:            < target_commits
crates/amun-node/src/bin/test_crash_recovery_7.rs:77:                    let prev = node.committed_blocks.len();
crates/amun-node/src/bin/test_crash_recovery_7.rs:79:                    if node.committed_blocks.len() > prev {
crates/amun-node/src/bin/test_crash_recovery_7.rs:81:                            let h = node.committed_blocks.len() as u64;
crates/amun-node/src/bin/test_multi_byzantine.rs:102:                    let prev = node.committed_blocks.len();
crates/amun-node/src/bin/test_multi_byzantine.rs:104:                    if node.committed_blocks.len() > prev {
crates/amun-node/src/bin/test_multi_byzantine.rs:106:                            let h = node.committed_blocks.len() as u64;
crates/amun-node/src/bin/test_multi_byzantine.rs:171:        println!("\nPARTIAL: Honest validators converge but commit rate affected");
crates/amun-node/src/bin/test_multi_byzantine.rs:37:                         target_commits: usize,
crates/amun-node/src/bin/test_multi_byzantine.rs:46:            .map(|n| n.committed_blocks.len())
crates/amun-node/src/bin/test_multi_byzantine.rs:49:            < target_commits
crates/amun-node/src/bin/test_network_state_convergence.rs:35:    // Run until we have 3 commits
crates/amun-node/src/bin/test_network_state_convergence.rs:38:        .map(|n| n.committed_blocks.len())
crates/amun-node/src/bin/test_network_state_convergence.rs:76:        // Process incoming + update state store when commits happen
crates/amun-node/src/bin/test_network_state_convergence.rs:79:                let prev_commits = node.committed_blocks.len();
crates/amun-node/src/bin/test_network_state_convergence.rs:82:                // If a new block was committed, update the state store
crates/amun-node/src/bin/test_network_state_convergence.rs:83:                if node.committed_blocks.len() > prev_commits {
crates/amun-node/src/bin/test_network_state_convergence.rs:85:                        let height = node.committed_blocks.len() as u64;
crates/amun-node/src/bin/test_persistence_determinism.rs:22:        // Phase 1: build state
crates/amun-node/src/bin/test_persistence_determinism.rs:43:            // Advance height to simulate block commitment
crates/amun-node/src/bin/test_persistence_determinism.rs:57:        // Phase 2: restore and verify
crates/amun-node/src/bin/test_post_rejoin_convergence.rs:38:                         target_commits: usize,
crates/amun-node/src/bin/test_post_rejoin_convergence.rs:45:            .map(|n| n.committed_blocks.len())
crates/amun-node/src/bin/test_post_rejoin_convergence.rs:48:            < target_commits
crates/amun-node/src/bin/test_post_rejoin_convergence.rs:81:                    let prev = node.committed_blocks.len();
crates/amun-node/src/bin/test_post_rejoin_convergence.rs:83:                    if node.committed_blocks.len() > prev {
crates/amun-node/src/bin/test_post_rejoin_convergence.rs:85:                            let h = node.committed_blocks.len() as u64;
crates/amun-node/src/bin/test_replay_determinism.rs:10:        eprintln!("Usage: test_replay_determinism <temp_dir_prefix>");
crates/amun-node/src/bin/test_replay_determinism.rs:53:    let mut replay_roots = Vec::new();
crates/amun-node/src/bin/test_replay_determinism.rs:55:        let replay_dir = format!("{}/replay{}", prefix, v);
crates/amun-node/src/bin/test_replay_determinism.rs:56:        std::fs::create_dir_all(&replay_dir).expect("Failed to create dir");
crates/amun-node/src/bin/test_replay_determinism.rs:57:        let mut replay_store =
crates/amun-node/src/bin/test_replay_determinism.rs:58:            PersistentValidatorStore::open(&replay_dir).expect("Failed to open store");
crates/amun-node/src/bin/test_replay_determinism.rs:62:                replay_store
crates/amun-node/src/bin/test_replay_determinism.rs:67:            replay_store
crates/amun-node/src/bin/test_replay_determinism.rs:71:        let replay_root = replay_store.state_root();
crates/amun-node/src/bin/test_replay_determinism.rs:72:        println!("Replay {} root: {}", v, hex::encode(replay_root));
crates/amun-node/src/bin/test_replay_determinism.rs:73:        replay_roots.push(replay_root);
crates/amun-node/src/bin/test_replay_determinism.rs:76:    // Phase 3: Verify all replay roots match reference
crates/amun-node/src/bin/test_replay_determinism.rs:77:    let all_match = replay_roots.iter().all(|r| *r == ref_root);
crates/amun-node/src/bin/test_replay_determinism.rs:83:        for (i, r) in replay_roots.iter().enumerate() {
crates/amun-node/src/bin/test_replay_stress.rs:107:            replay_store
crates/amun-node/src/bin/test_replay_stress.rs:118:                pre_state_root: replay_store.state_root(),
crates/amun-node/src/bin/test_replay_stress.rs:123:            ConstitutionalRuntime::execute(
crates/amun-node/src/bin/test_replay_stress.rs:126:                replay_store.registry_mut(),
crates/amun-node/src/bin/test_replay_stress.rs:133:            replay_store
crates/amun-node/src/bin/test_replay_stress.rs:137:        let replay_root = replay_store.state_root();
crates/amun-node/src/bin/test_replay_stress.rs:138:        println!("Replay {} final root: {}", v, hex::encode(replay_root));
crates/amun-node/src/bin/test_replay_stress.rs:139:        replay_roots.push(replay_root);
crates/amun-node/src/bin/test_replay_stress.rs:143:    let all_match = replay_roots.iter().all(|r| *r == ref_root);
crates/amun-node/src/bin/test_replay_stress.rs:149:        for (i, r) in replay_roots.iter().enumerate() {
crates/amun-node/src/bin/test_replay_stress.rs:14:        eprintln!("Usage: test_replay_stress <temp_dir_prefix>");
crates/amun-node/src/bin/test_replay_stress.rs:65:        ConstitutionalRuntime::execute(
crates/amun-node/src/bin/test_replay_stress.rs:90:    let mut replay_roots = Vec::new();
crates/amun-node/src/bin/test_replay_stress.rs:92:        let replay_dir = format!("{}/replay{}", prefix, v);
crates/amun-node/src/bin/test_replay_stress.rs:93:        std::fs::create_dir_all(&replay_dir).expect("Failed to create dir");
crates/amun-node/src/bin/test_replay_stress.rs:94:        let mut replay_store =
crates/amun-node/src/bin/test_replay_stress.rs:95:            PersistentValidatorStore::open(&replay_dir).expect("Failed to open store");
crates/amun-node/src/bin/test_state_recovery_rejoin.rs:113:    // Phase 1: Run with 7 validators to 5 commits
crates/amun-node/src/bin/test_state_recovery_rejoin.rs:114:    println!("Phase 1: Running 7-validator network to 5 commits...");
crates/amun-node/src/bin/test_state_recovery_rejoin.rs:171:    new_node.consensus.last_committed_height = current_height.saturating_sub(1);
crates/amun-node/src/bin/test_state_recovery_rejoin.rs:189:    new_node_4.consensus.last_committed_height = current_height.saturating_sub(1);
crates/amun-node/src/bin/test_state_recovery_rejoin.rs:194:    // Rebuild full validator set
crates/amun-node/src/bin/test_state_recovery_rejoin.rs:229:        println!("\nResult: Network did not reach target commits after full rejoin.");
crates/amun-node/src/bin/test_state_recovery_rejoin.rs:41:                         target_commits: usize,
crates/amun-node/src/bin/test_state_recovery_rejoin.rs:48:            .map(|n| n.committed_blocks.len())
crates/amun-node/src/bin/test_state_recovery_rejoin.rs:51:            < target_commits
crates/amun-node/src/bin/test_state_recovery_rejoin.rs:84:                    let prev = node.committed_blocks.len();
crates/amun-node/src/bin/test_state_recovery_rejoin.rs:86:                    if node.committed_blocks.len() > prev {
crates/amun-node/src/bin/test_state_recovery_rejoin.rs:88:                            let h = node.committed_blocks.len() as u64;
crates/amun-node/src/bin/test_sync_rejoin.rs:109:    // Phase 1: Run with 7 validators to 5 commits
crates/amun-node/src/bin/test_sync_rejoin.rs:110:    println!("Phase 1: Running 7-validator network to 5 commits...");
crates/amun-node/src/bin/test_sync_rejoin.rs:37:                         target_commits: usize,
crates/amun-node/src/bin/test_sync_rejoin.rs:44:            .map(|n| n.committed_blocks.len())
crates/amun-node/src/bin/test_sync_rejoin.rs:47:            < target_commits
crates/amun-node/src/bin/test_sync_rejoin.rs:80:                    let prev = node.committed_blocks.len();
crates/amun-node/src/bin/test_sync_rejoin.rs:82:                    if node.committed_blocks.len() > prev {
crates/amun-node/src/bin/test_sync_rejoin.rs:84:                            let h = node.committed_blocks.len() as u64;
crates/amun-node/src/certificate_loader.rs:125:        let validator_pk = validator.verifying_key.to_bytes();
crates/amun-node/src/certificate_loader.rs:126:        let cert = ValidatorCertificate::issue(validator.peer_id(), validator_pk, &authority, 0, 0);
crates/amun-node/src/certificate_loader.rs:128:        let authority_pk_hex = hex::encode(authority.verifying_key.to_bytes());
crates/amun-node/src/certificate_loader.rs:143:        let cert = ValidatorCertificate::issue(
crates/amun-node/src/certificate_loader.rs:145:            validator.verifying_key.to_bytes(),
crates/amun-node/src/certificate_loader.rs:151:        let authority_pk_hex = hex::encode(authority.verifying_key.to_bytes());
crates/amun-node/src/certificate_loader.rs:165:        let mut cert = ValidatorCertificate::issue(
crates/amun-node/src/certificate_loader.rs:167:            validator.verifying_key.to_bytes(),
crates/amun-node/src/certificate_loader.rs:174:        let authority_pk_hex = hex::encode(authority.verifying_key.to_bytes());
crates/amun-node/src/certificate_loader.rs:177:        let correct_pk_hex = hex::encode(validator.verifying_key.to_bytes());
crates/amun-node/src/certificate_loader.rs:189:        let cert = ValidatorCertificate::issue(
crates/amun-node/src/certificate_loader.rs:191:            unknown_validator.verifying_key.to_bytes(),
crates/amun-node/src/certificate_loader.rs:197:        let authority_pk_hex = hex::encode(authority.verifying_key.to_bytes());
crates/amun-node/src/certificate_loader.rs:22:    verify_certificate_against_genesis(&cert, genesis)?;
crates/amun-node/src/certificate_loader.rs:23:    verify_validator_membership(&cert, genesis)?;
crates/amun-node/src/certificate_loader.rs:28:pub fn verify_certificate_against_genesis(
crates/amun-node/src/certificate_loader.rs:37:        if cert.verify(&anchor_pubkey) {
crates/amun-node/src/certificate_loader.rs:55:pub fn verify_validator_membership(
crates/amun-node/src/genesis.rs:137:        assert!(genesis.validate().is_ok());
crates/amun-node/src/genesis.rs:144:        assert!(genesis.validate().is_err());
crates/amun-node/src/genesis.rs:151:        assert!(genesis.validate().is_err());
crates/amun-node/src/genesis.rs:161:        assert!(genesis.validate().is_err());
crates/amun-node/src/genesis.rs:184:        assert!(genesis.validate().is_err());
crates/amun-node/src/genesis.rs:191:        assert!(genesis.validate().is_err());
crates/amun-node/src/genesis.rs:45:        hasher.finalize().into()
crates/amun-node/src/genesis.rs:49:    pub fn validate(&self) -> Result<(), String> {
crates/amun-node/src/main.rs:139:                    match handshake.verify(&genesis_hash) {
crates/amun-node/src/main.rs:88:    genesis.validate().expect("Genesis validation failed");
crates/amun-node/src/peer_handshake.rs:111:        assert!(handshake.verify(&genesis_hash).is_ok());
crates/amun-node/src/peer_handshake.rs:118:        assert!(handshake.verify(&wrong_genesis).is_err());
crates/amun-node/src/peer_handshake.rs:125:        assert!(handshake.verify(&genesis_hash).is_err());
crates/amun-node/src/peer_handshake.rs:131:        handshake.verify(&genesis_hash).unwrap();
crates/amun-node/src/peer_handshake.rs:29:            public_key: keypair.verifying_key.to_bytes(),
crates/amun-node/src/peer_handshake.rs:39:    pub fn verify(&self, our_genesis_hash: &[u8; 32]) -> Result<(), String> {
crates/amun-node/src/peer_handshake.rs:59:        if !self.certificate.verify(&self.public_key) {
crates/amun-node/src/peer_handshake.rs:97:        let cert = ValidatorCertificate::issue(
crates/amun-node/src/peer_handshake.rs:99:            keypair.verifying_key.to_bytes(),
crates/amun-node/src/peer_registry.rs:61:            public_key: keypair.verifying_key.to_bytes(),
crates/amun-operations/src/backup_recovery.rs:113:        assert!(backup.verify());
crates/amun-operations/src/backup_recovery.rs:130:        let state_root = reg.compute_state_root();
crates/amun-operations/src/backup_recovery.rs:141:        assert_eq!(restored.compute_state_root(), state_root);
crates/amun-operations/src/backup_recovery.rs:35:        backup.backup_hash = backup.compute_hash();
crates/amun-operations/src/backup_recovery.rs:39:    fn compute_hash(&self) -> [u8; 32] {
crates/amun-operations/src/backup_recovery.rs:47:        let hash = hasher.finalize();
crates/amun-operations/src/backup_recovery.rs:53:    pub fn verify(&self) -> bool {
crates/amun-operations/src/backup_recovery.rs:54:        self.backup_hash == self.compute_hash()
crates/amun-operations/src/backup_recovery.rs:58:        let result = StatelessVerifier::verify(&self.sync_package, self.history_root);
crates/amun-operations/src/backup_recovery.rs:91:    fn n62_backup_create_and_verify() {
crates/amun-operations/src/metrics.rs:11:    pub replays_performed: u64,
crates/amun-operations/src/metrics.rs:39:    pub fn record_replay(&mut self) {
crates/amun-operations/src/metrics.rs:40:        self.replays_performed += 1;
crates/amun-operations/src/metrics.rs:54:            ("replays_performed", self.replays_performed),
crates/amun-operations/src/metrics.rs:70:        metrics.record_replay();
crates/amun-pacemaker/src/round_state.rs:16:    pub precommit_quorum: bool,
crates/amun-pacemaker/src/round_state.rs:26:            precommit_quorum: false,
crates/amun-pacemaker/src/round_state.rs:35:        self.precommit_quorum = false;
crates/amun-pacemaker/src/round_state.rs:45:                self.phase = RoundPhase::Precommit;
crates/amun-pacemaker/src/round_state.rs:48:            RoundPhase::Precommit => {
crates/amun-pacemaker/src/round_state.rs:6:    Precommit,
crates/amun-pccv/src/enhanced_proof.rs:1:// Re-exported from amun-transition-proof for backward compatibility
crates/amun-pccv/src/enhanced_proof.rs:2:pub use amun_transition_proof::enhanced_proof::*;
crates/amun-pccv/src/lib.rs:104:        p.proof_hash = PCCVVerifier::compute_proof_hash(&p);
crates/amun-pccv/src/lib.rs:105:        let result = PCCVVerifier::verify(&p, &reg);
crates/amun-pccv/src/lib.rs:127:            pre_state_root: reg.compute_state_root(),
crates/amun-pccv/src/lib.rs:128:            post_state_root: reg.compute_state_root(),
crates/amun-pccv/src/lib.rs:156:        p.proof_hash = PCCVVerifier::compute_proof_hash(&p);
crates/amun-pccv/src/lib.rs:157:        let result = PCCVVerifier::verify(&p, &reg);
crates/amun-pccv/src/lib.rs:179:            pre_state_root: reg.compute_state_root(),
crates/amun-pccv/src/lib.rs:180:            post_state_root: reg.compute_state_root(),
crates/amun-pccv/src/lib.rs:208:        p.proof_hash = PCCVVerifier::compute_proof_hash(&p);
crates/amun-pccv/src/lib.rs:209:        let result = PCCVVerifier::verify(&p, &reg);
crates/amun-pccv/src/lib.rs:233:            pre_state_root: reg.compute_state_root(),
crates/amun-pccv/src/lib.rs:234:            post_state_root: reg.compute_state_root(),
crates/amun-pccv/src/lib.rs:266:        p.proof_hash = PCCVVerifier::compute_proof_hash(&p);
crates/amun-pccv/src/lib.rs:267:        let result = PCCVVerifier::verify(&p, &reg);
crates/amun-pccv/src/lib.rs:27:    fn n49_structural_verify_empty() {
crates/amun-pccv/src/lib.rs:3:pub mod transition_proof_engine;
crates/amun-pccv/src/lib.rs:48:        p.proof_hash = PCCVVerifier::compute_proof_hash(&p);
crates/amun-pccv/src/lib.rs:4:pub mod witness_builder;
crates/amun-pccv/src/lib.rs:50:        let result = PCCVVerifier::verify(&p, &reg);
crates/amun-pccv/src/lib.rs:72:            pre_state_root: reg.compute_state_root(),
crates/amun-pccv/src/lib.rs:73:            post_state_root: reg.compute_state_root(),
crates/amun-pccv/src/lib.rs:8:pub use transition_proof_engine::*;
crates/amun-pccv/src/lib.rs:9:pub use witness_builder::*;
crates/amun-pccv/src/pccv_verifier.rs:114:        if Self::compute_proof_hash(proof) != proof.proof_hash {
crates/amun-pccv/src/pccv_verifier.rs:148:    pub fn compute_proof_hash(proof: &EnhancedTransitionProof) -> [u8; 32] {
crates/amun-pccv/src/pccv_verifier.rs:170:        let hash = hasher.finalize();
crates/amun-pccv/src/pccv_verifier.rs:20:    pub fn verify(proof: &EnhancedTransitionProof, _registry: &ResourceRegistry) -> PCCVResult {
crates/amun-pccv/src/transition_proof_engine.rs:119:    fn n49b_build_and_verify_simple_transition() {
crates/amun-pccv/src/transition_proof_engine.rs:12:    pub fn build_proof(
crates/amun-pccv/src/transition_proof_engine.rs:132:        let pre_root = reg.compute_state_root();
crates/amun-pccv/src/transition_proof_engine.rs:154:        let proof = TransitionProofEngine::build_proof(
crates/amun-pccv/src/transition_proof_engine.rs:165:        let result = PCCVVerifier::verify(&proof, &reg);
crates/amun-pccv/src/transition_proof_engine.rs:170:    fn n49b_detect_illegal_transition_in_proof() {
crates/amun-pccv/src/transition_proof_engine.rs:183:        let pre_root = reg.compute_state_root();
crates/amun-pccv/src/transition_proof_engine.rs:233:        proof.proof_hash = PCCVVerifier::compute_proof_hash(&proof);
crates/amun-pccv/src/transition_proof_engine.rs:234:        let result = PCCVVerifier::verify(&proof, &reg);
crates/amun-pccv/src/transition_proof_engine.rs:251:        let pre_root = reg.compute_state_root();
crates/amun-pccv/src/transition_proof_engine.rs:253:        let proof1 = TransitionProofEngine::build_proof(
crates/amun-pccv/src/transition_proof_engine.rs:264:        let proof2 = TransitionProofEngine::build_proof(
crates/amun-pccv/src/transition_proof_engine.rs:50:        let witness = WitnessBuilder::build(registry, &consumed_resources, &produced_resources);
crates/amun-pccv/src/transition_proof_engine.rs:68:        proof.proof_hash = PCCVVerifier::compute_proof_hash(&proof);
crates/amun-pccv/src/transition_proof_engine.rs:72:    pub fn prove_and_verify(
crates/amun-pccv/src/transition_proof_engine.rs:7:use crate::witness_builder::WitnessBuilder;
crates/amun-pccv/src/transition_proof_engine.rs:83:        let proof = Self::build_proof(
crates/amun-pccv/src/transition_proof_engine.rs:94:        let result = PCCVVerifier::verify(&proof, registry);
crates/amun-pccv/src/witness_builder.rs:105:    fn build_lineage_proof(registry: &ResourceRegistry, resource_id: &ResourceId) -> LineageProof {
crates/amun-pccv/src/witness_builder.rs:145:    fn w21_build_witness_from_registry() {
crates/amun-pccv/src/witness_builder.rs:158:        let bundle = WitnessBuilder::build(&reg, &[id], &[]);
crates/amun-pccv/src/witness_builder.rs:17:                let state_root = registry.compute_state_root();
crates/amun-pccv/src/witness_builder.rs:18:                let merkle_proof = Self::build_merkle_proof(registry, resource_id, state_root);
crates/amun-pccv/src/witness_builder.rs:210:        let bundle = WitnessBuilder::build(&reg, &[grandchild], &[]);
crates/amun-pccv/src/witness_builder.rs:21:                let lineage_proof = Self::build_lineage_proof(registry, resource_id);
crates/amun-pccv/src/witness_builder.rs:232:        let bundle = WitnessBuilder::build(&reg, &[make_id(0)], &[]);
crates/amun-pccv/src/witness_builder.rs:33:    fn build_merkle_proof(
crates/amun-pccv/src/witness_builder.rs:38:        let siblings = Self::compute_siblings(registry, resource_id);
crates/amun-pccv/src/witness_builder.rs:46:    fn compute_siblings(
crates/amun-pccv/src/witness_builder.rs:7:    pub fn build(
crates/amun-pccv/src/witness_builder.rs:93:                let hash = hasher.finalize();
crates/amun-pccv/tests/replay_equivalence.rs:100:    let result1 = amun_pccv::pccv_verifier::PCCVVerifier::verify(&proof1, &reg1);
crates/amun-pccv/tests/replay_equivalence.rs:101:    let result2 = amun_pccv::pccv_verifier::PCCVVerifier::verify(&proof2, &reg2);
crates/amun-pccv/tests/replay_equivalence.rs:107:fn n49c_replay_consistent_across_iterations() {
crates/amun-pccv/tests/replay_equivalence.rs:118:    let pre_root = reg.compute_state_root();
crates/amun-pccv/tests/replay_equivalence.rs:144:            TransitionProofEngine::build_proof(
crates/amun-pccv/tests/replay_equivalence.rs:16:fn n49c_replay_produces_identical_proof() {
crates/amun-pccv/tests/replay_equivalence.rs:2:use amun_pccv::transition_proof_engine::TransitionProofEngine;
crates/amun-pccv/tests/replay_equivalence.rs:33:    let pre_root1 = reg1.compute_state_root();
crates/amun-pccv/tests/replay_equivalence.rs:34:    let pre_root2 = reg2.compute_state_root();
crates/amun-pccv/tests/replay_equivalence.rs:73:    let proof1 = TransitionProofEngine::build_proof(
crates/amun-pccv/tests/replay_equivalence.rs:84:    let proof2 = TransitionProofEngine::build_proof(
crates/amun-peer-identity/src/certificate.rs:19:        let digest = *h.finalize().as_bytes();
crates/amun-peer-identity/src/certificate.rs:21:        let vk_hex = keypair.verifying_key_hex();
crates/amun-peer-identity/src/peer_id.rs:14:    /// Create a new peer identity.  The `peer_id` is computed as
crates/amun-peer-identity/src/peer_id.rs:21:        let id = hex::encode(h.finalize().as_bytes());
crates/amun-peer-identity/src/verifier.rs:17:        let digest = *h.finalize().as_bytes();
crates/amun-peer-identity/src/verifier.rs:19:        let vk_bytes = hex::decode(&cert.signature.verifying_key_hex)
crates/amun-peer-identity/src/verifier.rs:25:            .map_err(|e| format!("Invalid verifying key: {}", e))?;
crates/amun-peer-identity/src/verifier.rs:27:        vk.verify(&digest, cert.signature.dalek_signature())
crates/amun-peer-identity/src/verifier.rs:7:    pub fn verify(cert: &PeerCertificate, trusted_genesis: &str) -> Result<(), String> {
crates/amun-peer-identity/tests/peer_identity_tests.rs:23:    let peer_id = ConstitutionalPeerId::new(keypair.verifying_key_hex(), GENESIS.into());
crates/amun-peer-identity/tests/peer_identity_tests.rs:25:    assert!(IdentityVerifier::verify(&cert, GENESIS).is_ok());
crates/amun-peer-identity/tests/peer_identity_tests.rs:31:    let peer_id = ConstitutionalPeerId::new(keypair.verifying_key_hex(), "other_genesis".into());
crates/amun-peer-identity/tests/peer_identity_tests.rs:33:    assert!(IdentityVerifier::verify(&cert, GENESIS).is_err());
crates/amun-peer-identity/tests/peer_identity_tests.rs:39:    let peer_id = ConstitutionalPeerId::new(keypair.verifying_key_hex(), GENESIS.into());
crates/amun-persistence/src/lib.rs:119:            last_commit_hash: "commit100".into(),
crates/amun-persistence/src/lib.rs:12:    pub last_commit_hash: String,
crates/amun-persistence/src/lib.rs:22:            last_commit_hash: String::new(),
crates/amun-persistence/src/lib.rs:81:            last_commit_hash: "jkl012".into(),
crates/amun-persistence/src/lib.rs:91:        assert_eq!(restored.last_commit_hash, "jkl012");
crates/amun-persistent-node/src/persistent_store.rs:122:        self.registry.compute_state_root()
crates/amun-persistent-node/src/persistent_store.rs:212:        assert!(backup.verify());
crates/amun-persistent-node/src/persistent_store.rs:214:        assert!(!backup.verify(), "Tampered backup should fail verification");
crates/amun-persistent-node/src/persistent_store.rs:38:        if !backup.verify() {
crates/amun-persistent-node/src/persistent_store.rs:83:        if !backup.verify() {
crates/amun-proof-archive/src/hot_store.rs:1:use amun_transition_proof::transition_proof::TransitionProof;
crates/amun-proof-archive/src/proof_archive.rs:3:use amun_transition_proof::transition_proof::TransitionProof;
crates/amun-proof-carrying/src/lib.rs:9://! without a trusted node or full chain replay.
crates/amun-proof-carrying/src/receipt.rs:12:/// can verify the receipt without trusting the block proposer.
crates/amun-proof-carrying/src/receipt.rs:5:use amun_constitutional_commitments::MerkleProof;
crates/amun-proof-carrying/src/verifier.rs:14:    pub fn verify_receipt(receipt: &ProofCarryingReceipt) -> Result<(), String> {
crates/amun-proof-carrying/src/verifier.rs:23:        if !state_tree.verify(&state_root, &receipt.state_proof) {
crates/amun-proof-carrying/src/verifier.rs:36:            if !gov_tree.verify(&gov_root, gov_proof) {
crates/amun-proof-carrying/src/verifier.rs:50:            if !exec_tree.verify(&exec_root, exec_proof) {
crates/amun-proof-carrying/src/verifier.rs:6:use amun_constitutional_commitments::SparseMerkleTree;
crates/amun-proof-carrying/tests/proof_tests.rs:19:    let block = BlockBuilder::build(
crates/amun-proof-carrying/tests/proof_tests.rs:2:use amun_constitutional_commitments::SparseMerkleTree;
crates/amun-protocol-event/src/event.rs:43:        out.copy_from_slice(&h.finalize().as_bytes()[..32]);
crates/amun-protocol-event/src/event.rs:96:        // Constitutional: verify schema version
crates/amun-protocol-event/src/transcript.rs:24:        ch.copy_from_slice(&h.finalize().as_bytes()[..32]);
crates/amun-protocol-event/src/transcript.rs:37:    /// Recomputes the full chain hash and verifies it matches.
crates/amun-protocol-event/src/transcript.rs:38:    pub fn verify_continuity(&self) -> bool {
crates/amun-protocol-event/src/transcript.rs:46:            next.copy_from_slice(&h.finalize().as_bytes()[..32]);
crates/amun-qc-canonical/src/validator.rs:5:pub fn validate_qc_validators(
crates/amun-quorum-certificate/src/certificate.rs:37:        certificate_hash.copy_from_slice(&h.finalize().as_bytes()[..32]);
crates/amun-quorum-certificate/src/certificate.rs:42:    pub fn verify(&self) -> bool {
crates/amun-quorum-certificate/src/certificate.rs:56:        let mut computed = [0u8; 32];
crates/amun-quorum-certificate/src/certificate.rs:57:        computed.copy_from_slice(&h.finalize().as_bytes()[..32]);
crates/amun-quorum-certificate/src/certificate.rs:58:        computed == self.certificate_hash
crates/amun-quorum-certificate/src/verifier.rs:19:        if !vote.verify() {
crates/amun-quorum-certificate/src/verifier.rs:5:pub fn verify_quorum(
crates/amun-quorum-certificate/src/verifier.rs:9:    if !qc.verify() {
crates/amun-recovery/src/lib.rs:105:            last_commit_hash: "commit42".into(),
crates/amun-recovery/src/lib.rs:121:            commit_hash: "commit42".into(),
crates/amun-recovery/src/lib.rs:131:        assert_eq!(recovered.replay_count, 1);
crates/amun-recovery/src/lib.rs:13:    pub last_commit_hash: String,
crates/amun-recovery/src/lib.rs:145:        assert_eq!(recovered.replay_count, 0);
crates/amun-recovery/src/lib.rs:15:    pub replay_count: usize,
crates/amun-recovery/src/lib.rs:164:                last_commit_hash: format!("commit{}", i),
crates/amun-recovery/src/lib.rs:178:                commit_hash: format!("commit{}", i),
crates/amun-recovery/src/lib.rs:186:        assert_eq!(recovered.replay_count, 3);
crates/amun-recovery/src/lib.rs:23:    replay: ReplayStore,
crates/amun-recovery/src/lib.rs:32:            replay: ReplayStore::new(&format!("{}/replay.json", data_dir)),
crates/amun-recovery/src/lib.rs:3:use amun_replay_store::{ReplayRecord, ReplayStore};
crates/amun-recovery/src/lib.rs:46:        self.replay.append(record)?;
crates/amun-recovery/src/lib.rs:55:        let replay_records = self.replay.load_all().unwrap_or_default();
crates/amun-recovery/src/lib.rs:67:        // Verify replay chain integrity
crates/amun-recovery/src/lib.rs:68:        if !self.replay.verify_chain().unwrap_or(false) {
crates/amun-recovery/src/lib.rs:77:            last_commit_hash: state.last_commit_hash.clone(),
crates/amun-recovery/src/lib.rs:79:            replay_count: replay_records.len(),
crates/amun-replay-cert/build.rs:18:    let commit_hash = rustc_verbose
crates/amun-replay-cert/build.rs:20:        .find(|l| l.starts_with("commit-hash:"))
crates/amun-replay-cert/build.rs:21:        .map(|l| l.replace("commit-hash: ", ""))
crates/amun-replay-cert/build.rs:31:    println!("cargo:rustc-env=RUSTC_COMMIT={}", commit_hash);
crates/amun-replay-cert/src/certificate.rs:43:        certificate_hash.copy_from_slice(&h.finalize().as_bytes()[..32]);
crates/amun-replay-cert/src/certificate.rs:59:    pub fn verify(&self) -> bool {
crates/amun-replay-cert/src/certificate.rs:71:        let mut computed = [0u8; 32];
crates/amun-replay-cert/src/certificate.rs:72:        computed.copy_from_slice(&h.finalize().as_bytes()[..32]);
crates/amun-replay-cert/src/certificate.rs:73:        computed == self.certificate_hash
crates/amun-replay-cert/src/certifier.rs:33:                .compute_chain_root(target_height)
crates/amun-replay-cert/src/certifier.rs:47:                    .compute_chain_root(target_height)
crates/amun-replay-cert/src/certifier.rs:82:            hash.copy_from_slice(&hasher.finalize().as_bytes()[..32]);
crates/amun-replay-cert/src/certifier.rs:87:        self.transcript.finalize(reference_root);
crates/amun-replay-cert/src/platform.rs:24:            rustc_commit: env!("RUSTC_COMMIT").to_string(),
crates/amun-replay-cert/src/platform.rs:41:            &self.rustc_commit[..8.min(self.rustc_commit.len())]
crates/amun-replay-cert/src/platform.rs:7:    pub rustc_commit: String,
crates/amun-replay-cert/src/transcript.rs:15:    pub transition_hash: [u8; 32],
crates/amun-replay-cert/src/transcript.rs:36:        payload_hash.copy_from_slice(&payload_hasher.finalize().as_bytes()[..32]);
crates/amun-replay-cert/src/transcript.rs:38:        let mut transition_hasher = Hasher::new();
crates/amun-replay-cert/src/transcript.rs:39:        transition_hasher.update(b"AMUN_TRANSITION_V1");
crates/amun-replay-cert/src/transcript.rs:40:        transition_hasher.update(&sequence.to_le_bytes());
crates/amun-replay-cert/src/transcript.rs:41:        transition_hasher.update(&from_root);
crates/amun-replay-cert/src/transcript.rs:42:        transition_hasher.update(&to_root);
crates/amun-replay-cert/src/transcript.rs:43:        let mut transition_hash = [0u8; 32];
crates/amun-replay-cert/src/transcript.rs:44:        transition_hash.copy_from_slice(&transition_hasher.finalize().as_bytes()[..32]);
crates/amun-replay-cert/src/transcript.rs:51:            transition_hash,
crates/amun-replay-cert/src/transcript.rs:55:    pub fn finalize(&mut self, root: [u8; 32]) {
crates/amun-replay-cert/src/transcript.rs:59:    pub fn verify_continuity(&self) -> bool {
crates/amun-replay-cert/src/verifier.rs:3:/// Verify a replay certificate. Returns Ok if the certificate
crates/amun-replay-cert/src/verifier.rs:5:pub fn verify_certificate(cert: &ReplayCertificate) -> Result<(), &'static str> {
crates/amun-replay-cert/src/verifier.rs:6:    if !cert.verify() {
crates/amun-replay-consensus/src/lib.rs:1:pub mod replay_backed_consensus;
crates/amun-replay-consensus/src/lib.rs:2:pub mod replay_backed_types;
crates/amun-replay-consensus/src/lib.rs:4:pub use replay_backed_consensus::*;
crates/amun-replay-consensus/src/lib.rs:5:pub use replay_backed_types::*;
crates/amun-replay-consensus/src/replay_backed_consensus.rs:105:        hasher.update(&block.replay_root);
crates/amun-replay-consensus/src/replay_backed_consensus.rs:106:        let hash = hasher.finalize();
crates/amun-replay-consensus/src/replay_backed_consensus.rs:10:use crate::replay_backed_types::{
crates/amun-replay-consensus/src/replay_backed_consensus.rs:114:    /// Form consensus on a replay-verified block.
crates/amun-replay-consensus/src/replay_backed_consensus.rs:121:            return Err("Not all transition proofs passed replay verification".into());
crates/amun-replay-consensus/src/replay_backed_consensus.rs:137:        Ok(ReplayBackedFinalityCertificate::issue(block, qc))
crates/amun-replay-consensus/src/replay_backed_consensus.rs:140:    fn compute_proof_root(transitions: &[TransitionProof]) -> [u8; 32] {
crates/amun-replay-consensus/src/replay_backed_consensus.rs:143:        for proof in transitions {
crates/amun-replay-consensus/src/replay_backed_consensus.rs:146:        let hash = hasher.finalize();
crates/amun-replay-consensus/src/replay_backed_consensus.rs:15:/// Requires every validator to replay and verify all transition proofs
crates/amun-replay-consensus/src/replay_backed_consensus.rs:166:    fn w18_execute_and_replay_block() {
crates/amun-replay-consensus/src/replay_backed_consensus.rs:175:            pre_state_root: registry.compute_state_root(),
crates/amun-replay-consensus/src/replay_backed_consensus.rs:178:        let block = ReplayBackedConsensus::execute_and_replay(
crates/amun-replay-consensus/src/replay_backed_consensus.rs:187:        assert_eq!(block.replay_verifications.len(), 1);
crates/amun-replay-consensus/src/replay_backed_consensus.rs:188:        assert!(block.replay_verifications[0].is_verified());
crates/amun-replay-consensus/src/replay_backed_consensus.rs:192:    fn w18_form_replay_backed_consensus() {
crates/amun-replay-consensus/src/replay_backed_consensus.rs:201:            pre_state_root: registry.compute_state_root(),
crates/amun-replay-consensus/src/replay_backed_consensus.rs:204:        let block = ReplayBackedConsensus::execute_and_replay(
crates/amun-replay-consensus/src/replay_backed_consensus.rs:20:    /// Execute a block and produce replay verifications for all transitions.
crates/amun-replay-consensus/src/replay_backed_consensus.rs:214:        assert!(cert.verify());
crates/amun-replay-consensus/src/replay_backed_consensus.rs:218:    fn w18_reject_if_replay_fails() {
crates/amun-replay-consensus/src/replay_backed_consensus.rs:21:    pub fn execute_and_replay(
crates/amun-replay-consensus/src/replay_backed_consensus.rs:227:            pre_state_root: registry.compute_state_root(),
crates/amun-replay-consensus/src/replay_backed_consensus.rs:230:        let mut block = ReplayBackedConsensus::execute_and_replay(
crates/amun-replay-consensus/src/replay_backed_consensus.rs:239:        block.replay_verifications[0].replay_success = false;
crates/amun-replay-consensus/src/replay_backed_consensus.rs:246:    fn w18_replay_finality_certificate_deterministic() {
crates/amun-replay-consensus/src/replay_backed_consensus.rs:255:            pre_state_root: registry.compute_state_root(),
crates/amun-replay-consensus/src/replay_backed_consensus.rs:258:        let block = ReplayBackedConsensus::execute_and_replay(
crates/amun-replay-consensus/src/replay_backed_consensus.rs:273:    fn w18_replay_root_included_in_block() {
crates/amun-replay-consensus/src/replay_backed_consensus.rs:282:            pre_state_root: registry.compute_state_root(),
crates/amun-replay-consensus/src/replay_backed_consensus.rs:285:        let block = ReplayBackedConsensus::execute_and_replay(
crates/amun-replay-consensus/src/replay_backed_consensus.rs:293:        assert_eq!(block.replay_root, block.compute_replay_root());
crates/amun-replay-consensus/src/replay_backed_consensus.rs:294:        assert_ne!(block.replay_root, [0u8; 32]);
crates/amun-replay-consensus/src/replay_backed_consensus.rs:30:        let mut transitions = Vec::new();
crates/amun-replay-consensus/src/replay_backed_consensus.rs:31:        let mut replay_records = Vec::new();
crates/amun-replay-consensus/src/replay_backed_consensus.rs:34:            let result = ConstitutionalRuntime::execute(
crates/amun-replay-consensus/src/replay_backed_consensus.rs:47:                    transition_proof, ..
crates/amun-replay-consensus/src/replay_backed_consensus.rs:50:                    transition_proof, ..
crates/amun-replay-consensus/src/replay_backed_consensus.rs:51:                } => transition_proof,
crates/amun-replay-consensus/src/replay_backed_consensus.rs:56:            let replay = ReplayVerifier::replay(&proof, program, &mut fresh_reg, &[]);
crates/amun-replay-consensus/src/replay_backed_consensus.rs:58:            let record = match replay {
crates/amun-replay-consensus/src/replay_backed_consensus.rs:5:use amun_replay_verifier::replay_verifier::{ReplayResult, ReplayVerifier};
crates/amun-replay-consensus/src/replay_backed_consensus.rs:67:                    replay_success: true,
crates/amun-replay-consensus/src/replay_backed_consensus.rs:74:                    replay_success: false,
crates/amun-replay-consensus/src/replay_backed_consensus.rs:78:            replay_records.push(record);
crates/amun-replay-consensus/src/replay_backed_consensus.rs:79:            transitions.push(proof);
crates/amun-replay-consensus/src/replay_backed_consensus.rs:7:use amun_transition_proof::transition_proof::TransitionProof;
crates/amun-replay-consensus/src/replay_backed_consensus.rs:82:        let state_root = registry.compute_state_root();
crates/amun-replay-consensus/src/replay_backed_consensus.rs:83:        let proof_root = Self::compute_proof_root(&transitions);
crates/amun-replay-consensus/src/replay_backed_consensus.rs:84:        let all_verified = replay_records.iter().all(|r| r.is_verified());
crates/amun-replay-consensus/src/replay_backed_consensus.rs:91:            replay_root: [0u8; 32],
crates/amun-replay-consensus/src/replay_backed_consensus.rs:92:            transitions,
crates/amun-replay-consensus/src/replay_backed_consensus.rs:93:            replay_verifications: replay_records,
crates/amun-replay-consensus/src/replay_backed_consensus.rs:96:        block.replay_root = block.compute_replay_root();
crates/amun-replay-consensus/src/replay_backed_types.rs:103:            replay_root: block.replay_root,
crates/amun-replay-consensus/src/replay_backed_types.rs:107:        cert.certificate_hash = cert.compute_hash();
crates/amun-replay-consensus/src/replay_backed_types.rs:111:    fn compute_hash(&self) -> [u8; 32] {
crates/amun-replay-consensus/src/replay_backed_types.rs:118:        hasher.update(&self.replay_root);
crates/amun-replay-consensus/src/replay_backed_types.rs:119:        let hash = hasher.finalize();
crates/amun-replay-consensus/src/replay_backed_types.rs:11:    pub replay_success: bool,
crates/amun-replay-consensus/src/replay_backed_types.rs:125:    pub fn verify(&self) -> bool {
crates/amun-replay-consensus/src/replay_backed_types.rs:126:        self.certificate_hash == self.compute_hash() && self.qc.is_valid()
crates/amun-replay-consensus/src/replay_backed_types.rs:17:        self.replay_success && self.state_root_match && self.proof_hash_match && self.gas_used_match
crates/amun-replay-consensus/src/replay_backed_types.rs:1:use amun_transition_proof::transition_proof::TransitionProof;
crates/amun-replay-consensus/src/replay_backed_types.rs:21:/// A block that has been verified through deterministic replay.
crates/amun-replay-consensus/src/replay_backed_types.rs:28:    pub replay_root: [u8; 32],
crates/amun-replay-consensus/src/replay_backed_types.rs:29:    pub transitions: Vec<TransitionProof>,
crates/amun-replay-consensus/src/replay_backed_types.rs:30:    pub replay_verifications: Vec<ReplayVerificationRecord>,
crates/amun-replay-consensus/src/replay_backed_types.rs:35:    /// Compute the replay root — Merkle root of all replay verification hashes.
crates/amun-replay-consensus/src/replay_backed_types.rs:36:    pub fn compute_replay_root(&self) -> [u8; 32] {
crates/amun-replay-consensus/src/replay_backed_types.rs:39:        for rv in &self.replay_verifications {
crates/amun-replay-consensus/src/replay_backed_types.rs:41:            hasher.update(&[rv.replay_success as u8]);
crates/amun-replay-consensus/src/replay_backed_types.rs:43:        let hash = hasher.finalize();
crates/amun-replay-consensus/src/replay_backed_types.rs:4:/// A replay verification result for a single transition proof.
crates/amun-replay-consensus/src/replay_backed_types.rs:50:/// A QC that includes replay verification.
crates/amun-replay-consensus/src/replay_backed_types.rs:57:    pub replay_root: [u8; 32],
crates/amun-replay-consensus/src/replay_backed_types.rs:61:    pub all_replays_verified: bool,
crates/amun-replay-consensus/src/replay_backed_types.rs:66:        self.signer_count >= self.quorum_threshold && self.all_replays_verified
crates/amun-replay-consensus/src/replay_backed_types.rs:75:            replay_root: block.replay_root,
crates/amun-replay-consensus/src/replay_backed_types.rs:79:            all_replays_verified: block.all_verified,
crates/amun-replay-consensus/src/replay_backed_types.rs:84:/// A constitutional finality certificate backed by replay verification.
crates/amun-replay-consensus/src/replay_backed_types.rs:91:    pub replay_root: [u8; 32],
crates/amun-replay-consensus/src/replay_backed_types.rs:97:    pub fn issue(block: &ReplayVerifiedBlock, qc: ReplayBackedQC) -> Self {
crates/amun-replay-engine/src/adaptive_relay.rs:220:        f.recompute_completeness();
crates/amun-replay-engine/src/adaptive_relay.rs:246:        let pressure = FrontierPressureMetrics::compute(&[(100, &f1), (200, &f2)]);
crates/amun-replay-engine/src/adaptive_relay.rs:63:    pub fn compute(frontiers: &[(u64, &DerivationalFrontier)]) -> Self {
crates/amun-replay-engine/src/byzantine_witness_filter.rs:9://! This filter validates structural properties of incoming witnesses
crates/amun-replay-engine/src/canonical.rs:178:    pub fn finalize(&self) -> ConstitutionalHash {
crates/amun-replay-engine/src/canonical.rs:182:        let result: [u8; 32] = hasher.finalize().into();
crates/amun-replay-engine/src/canonical.rs:269:        let r1 = h1.finalize();
crates/amun-replay-engine/src/canonical.rs:274:        let r2 = h2.finalize();
crates/amun-replay-engine/src/canonical.rs:5:// This file is the constitutional foundation of the entire replay system.
crates/amun-replay-engine/src/canonical.rs:6:// Without a stable, deterministic byte representation, replay equivalence
crates/amun-replay-engine/src/constitutional_economics.rs:121:    pub fn verify_no_semantic_reward(&self) -> bool {
crates/amun-replay-engine/src/constitutional_economics.rs:216:        assert!(lease.execute());
crates/amun-replay-engine/src/constitutional_economics.rs:217:        assert!(lease.execute());
crates/amun-replay-engine/src/constitutional_economics.rs:218:        assert!(!lease.execute()); // exhausted
crates/amun-replay-engine/src/constitutional_economics.rs:224:        assert!(incentives.verify_no_semantic_reward());
crates/amun-replay-engine/src/constitutional_economics.rs:43:/// An execution lease boundary — lease compute, NOT constitutional authority.
crates/amun-replay-engine/src/constitutional_economics.rs:74:    pub fn execute(&mut self) -> bool {
crates/amun-replay-engine/src/constitutional_governance.rs:47:        s.surface_hash = s.compute_hash();
crates/amun-replay-engine/src/constitutional_governance.rs:51:    fn compute_hash(&self) -> ConstitutionalHash {
crates/amun-replay-engine/src/constitutional_governance.rs:58:        h.finalize()
crates/amun-replay-engine/src/constitutional_identity.rs:57:        h.finalize()
crates/amun-replay-engine/src/containment_boundary.rs:130:        // But this does NOT invalidate its artifacts
crates/amun-replay-engine/src/containment_boundary.rs:63:    /// CRITICAL: This method does NOT invalidate artifacts.
crates/amun-replay-engine/src/cross_constitution_federation.rs:104:    pub fn verify_sovereignty(&self) -> bool {
crates/amun-replay-engine/src/cross_constitution_federation.rs:116:        h.finalize()
crates/amun-replay-engine/src/cross_constitution_federation.rs:186:        assert!(translation.verify_sovereignty());
crates/amun-replay-engine/src/derivational_equivalence.rs:103:        self.class_hash = self.compute_class_hash();
crates/amun-replay-engine/src/derivational_equivalence.rs:142:        let fp1 = CanonicalDerivationFingerprint::compute([0xAA; 32], true, [0xAB; 32]);
crates/amun-replay-engine/src/derivational_equivalence.rs:143:        let fp2 = CanonicalDerivationFingerprint::compute([0xAA; 32], true, [0xAB; 32]);
crates/amun-replay-engine/src/derivational_equivalence.rs:149:        let fp1 = CanonicalDerivationFingerprint::compute([0xAA; 32], true, [0xAB; 32]);
crates/amun-replay-engine/src/derivational_equivalence.rs:150:        let fp2 = CanonicalDerivationFingerprint::compute([0xAA; 32], false, [0xAB; 32]);
crates/amun-replay-engine/src/derivational_equivalence.rs:24:    pub fn compute(target_artifact: ConstitutionalHash, can_derive: bool, context_hash: ConstitutionalHash) -> Self {
crates/amun-replay-engine/src/derivational_equivalence.rs:29:        Self(h.finalize())
crates/amun-replay-engine/src/derivational_equivalence.rs:67:        let fingerprint = CanonicalDerivationFingerprint::compute(
crates/amun-replay-engine/src/derivational_equivalence.rs:79:        c.class_hash = c.compute_class_hash();
crates/amun-replay-engine/src/derivational_equivalence.rs:83:    fn compute_class_hash(&self) -> [u8; 32] {
crates/amun-replay-engine/src/derivational_equivalence.rs:93:        h.finalize()
crates/amun-replay-engine/src/derivational_frontier.rs:43:        self.recompute_completeness();
crates/amun-replay-engine/src/derivational_frontier.rs:45:    pub fn recompute_completeness(&mut self) {
crates/amun-replay-engine/src/deterministic.rs:113:    pub fn verify_integrity(&self) -> bool {
crates/amun-replay-engine/src/deterministic.rs:52:    pub fn execute_step(
crates/amun-replay-engine/src/deterministic.rs:68:        let state_hash: [u8; 32] = hasher.finalize().into();
crates/amun-replay-engine/src/deterministic.rs:77:    pub fn execute_with_trace(
crates/amun-replay-engine/src/deterministic.rs:86:            let step = Self::execute_step(entry, current_hash, expected)?;
crates/amun-replay-engine/src/deterministic.rs:94:    pub fn compute_transcript_hash(entries: &[TranscriptEntry]) -> ConstitutionalHash {
crates/amun-replay-engine/src/deterministic.rs:99:        hasher.finalize().into()
crates/amun-replay-engine/src/equivalence.rs:116:    fn execute_and_self_verify_produces_valid_proof() {
crates/amun-replay-engine/src/equivalence.rs:119:        let proof = EquivalenceProver::execute_and_self_verify(&state, &entries, 1).unwrap();
crates/amun-replay-engine/src/equivalence.rs:11:    pub computed_result_hash: ConstitutionalHash,
crates/amun-replay-engine/src/equivalence.rs:132:            expected_state = expected_state.apply_entry(entry).unwrap();
crates/amun-replay-engine/src/equivalence.rs:137:            DeterministicExecutor::execute_with_trace(&entries, state.state_root, 1).unwrap();
crates/amun-replay-engine/src/equivalence.rs:16:    pub replay_root: ConstitutionalHash,
crates/amun-replay-engine/src/equivalence.rs:43:    pub fn verify(&self) -> bool {
crates/amun-replay-engine/src/equivalence.rs:63:            computed_result_hash: result.final_state,
crates/amun-replay-engine/src/equivalence.rs:67:    pub fn execute_and_self_verify(
crates/amun-replay-engine/src/equivalence.rs:73:        let trace = DeterministicExecutor::execute_with_trace(
crates/amun-replay-engine/src/equivalence.rs:91:        // For self-verification: replay the entries through ReplayState
crates/amun-replay-engine/src/equivalence.rs:95:            state = state.apply_entry(entry)?;
crates/amun-replay-engine/src/execution_dag.rs:165:        // v1 and v2 have no dependencies on each other — they can execute in any order
crates/amun-replay-engine/src/execution_dag.rs:28:/// This DAG represents WHAT must execute before WHAT.
crates/amun-replay-engine/src/execution_dependency.rs:4://! They describe what a vertex needs before it can execute, not why
crates/amun-replay-engine/src/execution_dependency.rs:9://!   - ExecutionDependency: what must execute first (runtime layer)
crates/amun-replay-engine/src/execution_scheduler.rs:3://! The scheduler determines WHICH task executes NEXT.
crates/amun-replay-engine/src/execution_task.rs:13:    /// Execute a state transition within a boundary.
crates/amun-replay-engine/src/execution_task.rs:35:    /// The constitutional context this task executes within.
crates/amun-replay-engine/src/execution_task.rs:3://! A task describes WHAT to execute, not HOW to schedule it.
crates/amun-replay-engine/src/execution_task.rs:43:    /// For VerifyArtifact: the artifact to verify.
crates/amun-replay-engine/src/execution_vertex.rs:10://! The vertex records WHAT was executed, not WHETHER it was valid.
crates/amun-replay-engine/src/execution_vertex.rs:18:    /// A state transition was executed.
crates/amun-replay-engine/src/execution_vertex.rs:43:    /// The worker that executed this vertex (operational provenance).
crates/amun-replay-engine/src/frontier_reconciliation.rs:100:        f.recompute_completeness();
crates/amun-replay-engine/src/frontier_reconciliation.rs:118:        let d = compute_closure_delta(&source, &target);
crates/amun-replay-engine/src/frontier_reconciliation.rs:42:    merged.recompute_completeness();
crates/amun-replay-engine/src/frontier_reconciliation.rs:79:pub fn compute_closure_delta(source: &DerivationalFrontier, target: &DerivationalFrontier) -> Vec<ConstitutionalHash> {
crates/amun-replay-engine/src/lib.rs:131:        self.chain_hash = h.finalize().into();
crates/amun-replay-engine/src/lib.rs:154:    fn session_replay_produces_self_verified_certificate() {
crates/amun-replay-engine/src/lib.rs:157:        let cert = session.replay(&entries).unwrap();
crates/amun-replay-engine/src/lib.rs:158:        assert!(cert.verify());
crates/amun-replay-engine/src/lib.rs:166:        assert!(session.replay(&entries).is_err());
crates/amun-replay-engine/src/lib.rs:58:    pub fn replay(
crates/amun-replay-engine/src/lib.rs:62:        let transcript_hash = DeterministicExecutor::compute_transcript_hash(entries);
crates/amun-replay-engine/src/lib.rs:67:            EquivalenceProver::execute_and_self_verify(&saved_state, entries, start_sequence)?;
crates/amun-replay-engine/src/lib.rs:78:            replay_root: self.state.state_root,
crates/amun-replay-engine/src/operational_hasher.rs:37:    pub fn finalize(self) -> [u8; 32] { self.inner.finalize().into() }
crates/amun-replay-engine/src/operational_hasher.rs:50:        let h1 = OperationalHasher::new(b"TEST").update_u64(42).clone().finalize();
crates/amun-replay-engine/src/operational_hasher.rs:51:        let h2 = OperationalHasher::new(b"TEST").update_u64(42).clone().finalize();
crates/amun-replay-engine/src/operational_hasher.rs:58:        let op_hash = OperationalHasher::new(b"TEST").update_u64(42).clone().finalize();
crates/amun-replay-engine/src/operational_hasher.rs:61:        assert_ne!(op_hash, [0u8; 32]); // Just verify it's not empty
crates/amun-replay-engine/src/proof_routing.rs:210:        f.recompute_completeness();
crates/amun-replay-engine/src/replay_result.rs:1://! replay_result — stub (pending migration to constitutional kernel)
crates/amun-replay-engine/src/runtime_anomaly.rs:67:    /// Returns true if this anomaly type is potentially benign (network issue, etc.).
crates/amun-replay-engine/src/runtime_capability.rs:14:    /// Worker may execute state transitions within a boundary.
crates/amun-replay-engine/src/runtime_capability.rs:26:    /// Worker may verify existing artifacts against the constitutional kernel.
crates/amun-replay-engine/src/runtime_capability.rs:81:    fn test_producer_cannot_verify() {
crates/amun-replay-engine/src/runtime_capability.rs:88:    fn test_verifier_cannot_execute() {
crates/amun-replay-engine/src/runtime_receipt.rs:34:        r.receipt_hash = r.compute_hash();
crates/amun-replay-engine/src/runtime_receipt.rs:38:    fn compute_hash(&self) -> [u8; 32] {
crates/amun-replay-engine/src/runtime_receipt.rs:47:        h.finalize()
crates/amun-replay-engine/src/state.rs:111:        let r1 = state.apply_entry(&e1).unwrap();
crates/amun-replay-engine/src/state.rs:112:        let r2 = state.apply_entry(&e2).unwrap();
crates/amun-replay-engine/src/state.rs:44:    pub fn apply_entry(&self, entry: &TranscriptEntry) -> Result<Self, ReplayFailure> {
crates/amun-replay-engine/src/state.rs:50:        let new_root = hasher.finalize();
crates/amun-replay-engine/src/state.rs:76:        let new_state = state.apply_entry(&entry).unwrap();
crates/amun-replay-engine/src/state.rs:90:        let r1 = state.apply_entry(&entry).unwrap();
crates/amun-replay-engine/src/state.rs:91:        let r2 = state.apply_entry(&entry).unwrap();
crates/amun-replay-engine/src/transition.rs:1://! transition — stub (pending migration to constitutional kernel)
crates/amun-replay-engine/src/witness_envelope.rs:79:        e.envelope_hash = e.compute_hash();
crates/amun-replay-engine/src/witness_envelope.rs:83:    fn compute_hash(&self) -> [u8; 32] {
crates/amun-replay-engine/src/witness_envelope.rs:8://! The envelope answers: "Here is a proof surface for you to verify."
crates/amun-replay-engine/src/witness_envelope.rs:91:        h.finalize()
crates/amun-replay-engine/src/zk_adapters.rs:104:        h.finalize()
crates/amun-replay-engine/src/zk_adapters.rs:164:        s.surface_binding = s.compute_binding();
crates/amun-replay-engine/src/zk_adapters.rs:168:    fn compute_binding(&self) -> ConstitutionalHash {
crates/amun-replay-engine/src/zk_adapters.rs:175:        h.finalize()
crates/amun-replay-engine/src/zk_adapters.rs:187:    /// The derivability commitment being exported.
crates/amun-replay-engine/src/zk_adapters.rs:188:    pub commitment: DerivabilityCommitment,
crates/amun-replay-engine/src/zk_adapters.rs:189:    /// A cryptographic proof that the commitment is valid under the kernel.
crates/amun-replay-engine/src/zk_adapters.rs:196:        commitment: DerivabilityCommitment,
crates/amun-replay-engine/src/zk_adapters.rs:199:        Self { verifier_system_id, commitment, export_proof }
crates/amun-replay-engine/src/zk_adapters.rs:243:    fn test_derivability_commitment() {
crates/amun-replay-engine/src/zk_adapters.rs:245:        assert_ne!(c.commitment, [0; 32]);
crates/amun-replay-engine/src/zk_adapters.rs:270:        let commitment = DerivabilityCommitment::new([0xAA; 32], [0xBB; 32], [0xCC; 32]);
crates/amun-replay-engine/src/zk_adapters.rs:271:        let adapter = ExternalVerifierAdapter::new([0xEE; 32], commitment, b"proof".to_vec());
crates/amun-replay-engine/src/zk_adapters.rs:48:        e.envelope_hash = e.compute_hash();
crates/amun-replay-engine/src/zk_adapters.rs:52:    fn compute_hash(&self) -> ConstitutionalHash {
crates/amun-replay-engine/src/zk_adapters.rs:58:        h.finalize()
crates/amun-replay-engine/src/zk_adapters.rs:67:/// A commitment to a specific derivability outcome, suitable for ZK wrapping.
crates/amun-replay-engine/src/zk_adapters.rs:69:/// This commitment cryptographically binds the admissibility outcome
crates/amun-replay-engine/src/zk_adapters.rs:75:    /// The canonical derivation fingerprint being committed to.
crates/amun-replay-engine/src/zk_adapters.rs:79:    /// The actual commitment hash.
crates/amun-replay-engine/src/zk_adapters.rs:80:    pub commitment: ConstitutionalHash,
crates/amun-replay-engine/src/zk_adapters.rs:93:            commitment: [0; 32],
crates/amun-replay-engine/src/zk_adapters.rs:95:        c.commitment = c.compute_commitment();
crates/amun-replay-engine/src/zk_adapters.rs:99:    fn compute_commitment(&self) -> ConstitutionalHash {
crates/amun-replay-optimization/src/lib.rs:70:    pub fn compute_cache_root(&self) -> [u8; 32] {
crates/amun-replay-optimization/src/lib.rs:75:        hasher.finalize().into()
crates/amun-replay-optimization/src/lib.rs:78:    pub fn batch_verify_certificates(
crates/amun-replay-optimization/tests/n163_replay_tests.rs:1:use amun_replay_optimization::*;
crates/amun-replay-optimization/tests/n163_replay_tests.rs:40:    let valid = cache.batch_verify_certificates(&cert_hashes, true);
crates/amun-replay-optimization/tests/n163_replay_tests.rs:4:fn n163_cache_hit_improves_replay() {
crates/amun-replay-optimization/tests/n163_replay_tests.rs:81:    assert_eq!(cache1.compute_cache_root(), cache2.compute_cache_root());
crates/amun-replay-semantics/src/lib.rs:12:pub struct ReplayEpoch { pub epoch_id: [u8; 32], pub start_sequence: u64, pub end_sequence: Option<u64>, pub replay_version: u32 }
crates/amun-replay-semantics/src/lib.rs:14:    pub fn new(epoch_id: [u8; 32], start_sequence: u64, replay_version: u32) -> Self { Self { epoch_id, start_sequence, end_sequence: None, replay_version } }
crates/amun-replay-semantics/src/lib.rs:19:pub struct ReplayBoundary { pub finalized_sequence: u64, pub boundary_chain_hash: [u8; 32], pub boundary_state_root: [u8; 32], pub epoch: ReplayEpoch, pub replay_version: u32 }
crates/amun-replay-semantics/src/lib.rs:1://! Replay Semantics — formal constitutional model for replay.
crates/amun-replay-semantics/src/lib.rs:20:impl ReplayBoundary { pub fn genesis(genesis_hash: [u8; 32]) -> Self { Self { finalized_sequence: 0, boundary_chain_hash: genesis_hash, boundary_state_root: genesis_hash, epoch: ReplayEpoch::new(genesis_hash, 0, 1), replay_version: 1 } } }
crates/amun-replay-semantics/src/lib.rs:27:    pub boundary: ReplayBoundary, pub event_count: u64, pub replay_version: u32,
crates/amun-replay-semantics/src/lib.rs:32:    pub fn new(domain: ReplayDomain, epoch: ReplayEpoch, transcript_root: [u8; 32], state_root: [u8; 32], receipt_root: [u8; 32], ordering_root: [u8; 32], boundary: ReplayBoundary, event_count: u64, replay_version: u32) -> Self {
crates/amun-replay-semantics/src/lib.rs:33:        let mut cert = Self { domain, epoch, transcript_root, state_root, receipt_root, ordering_root, boundary, event_count, replay_version, certificate_hash: [0; 32] };
crates/amun-replay-semantics/src/lib.rs:34:        cert.certificate_hash = cert.compute_hash(); cert
crates/amun-replay-semantics/src/lib.rs:36:    fn compute_hash(&self) -> [u8; 32] {
crates/amun-replay-semantics/src/lib.rs:39:        h.update(self.boundary.boundary_chain_hash); h.update(self.event_count.to_le_bytes()); h.update(self.replay_version.to_le_bytes());
crates/amun-replay-semantics/src/lib.rs:3://! Defines WHAT replay IS, not HOW to implement it.
crates/amun-replay-semantics/src/lib.rs:40:        h.finalize().into()
crates/amun-replay-semantics/src/lib.rs:42:    pub fn verify(&self) -> bool { self.certificate_hash == self.compute_hash() }
crates/amun-replay-semantics/src/lib.rs:48:    pub fn verify(&self, a: &ReplayCertificate, b: &ReplayCertificate) -> bool {
crates/amun-replay-semantics/src/lib.rs:71:impl ReplayCheckpoint { pub fn verify(&self, boundary: &ReplayBoundary) -> bool { self.sequence >= boundary.finalized_sequence && self.certificate.verify() && self.certificate.boundary.boundary_chain_hash == boundary.boundary_chain_hash } }
crates/amun-replay-semantics/src/lib.rs:75:    pub fn replay_determinism(a: &ReplayCertificate, b: &ReplayCertificate) -> Result<(), ReplayFailure> {
crates/amun-replay-semantics/src/lib.rs:87:    #[test] fn test_cert_self_verifying() { assert!(ReplayCertificate::new(ReplayDomain::Consensus, te(), [0x01;32], [0x02;32], [0x03;32], [0x04;32], tb(), 100, 1).verify()); }
crates/amun-replay-semantics/src/lib.rs:88:    #[test] fn test_cert_tamper_detected() { let mut c = ReplayCertificate::new(ReplayDomain::Consensus, te(), [0x01;32], [0x02;32], [0x03;32], [0x04;32], tb(), 100, 1); c.state_root = [0xFF;32]; assert!(!c.verify()); }
crates/amun-replay-semantics/src/lib.rs:89:    #[test] fn test_equivalence_strict() { let c = ReplayCertificate::new(ReplayDomain::Consensus, te(), [0x01;32], [0x02;32], [0x03;32], [0x04;32], tb(), 100, 1); assert!(ReplayEquivalence::Strict.verify(&c, &c)); }
crates/amun-replay-semantics/src/lib.rs:90:    #[test] fn test_law_determinism_divergence() { let a = ReplayCertificate::new(ReplayDomain::Consensus, te(), [0x01;32], [0x02;32], [0x03;32], [0x04;32], tb(), 100, 1); let b = ReplayCertificate::new(ReplayDomain::Consensus, te(), [0x01;32], [0xFF;32], [0x03;32], [0x04;32], tb(), 100, 1); assert!(laws::replay_determinism(&a, &b).is_err()); }
crates/amun-replay-store/src/lib.rs:101:        let path = "/tmp/n45_replay_store.json";
crates/amun-replay-store/src/lib.rs:113:    fn n45_replay_sequence() {
crates/amun-replay-store/src/lib.rs:120:        assert!(store.verify_chain().unwrap());
crates/amun-replay-store/src/lib.rs:132:        assert!(!store.verify_chain().unwrap());
crates/amun-replay-store/src/lib.rs:13:    pub commit_hash: String,
crates/amun-replay-store/src/lib.rs:155:        assert!(store.verify_chain().unwrap());
crates/amun-replay-store/src/lib.rs:25:        hasher.update(self.commit_hash.as_bytes());
crates/amun-replay-store/src/lib.rs:26:        hex::encode(hasher.finalize().as_bytes())
crates/amun-replay-store/src/lib.rs:30:/// Persistent store for replay journal.
crates/amun-replay-store/src/lib.rs:42:    /// Append a replay record to the journal.
crates/amun-replay-store/src/lib.rs:53:    /// Load all replay records.
crates/amun-replay-store/src/lib.rs:62:    /// Load a specific replay record by height.
crates/amun-replay-store/src/lib.rs:6:/// A single replay record capturing a state transition.
crates/amun-replay-store/src/lib.rs:70:    pub fn verify_chain(&self) -> Result<bool, String> {
crates/amun-replay-store/src/lib.rs:95:            commit_hash: format!("commit{h}"),
crates/amun-replay-verifier/src/lib.rs:32:pub mod replay_verifier;
crates/amun-replay-verifier/src/lib.rs:33:pub use replay_verifier::*;
crates/amun-replay-verifier/src/replay_verifier.rs:103:                        replay: hex::encode(replay_proof.proof_hash),
crates/amun-replay-verifier/src/replay_verifier.rs:108:                    proof_hash: replay_proof.proof_hash,
crates/amun-replay-verifier/src/replay_verifier.rs:131:    fn w14_replay_equality() {
crates/amun-replay-verifier/src/replay_verifier.rs:141:            pre_state_root: r1.compute_state_root(),
crates/amun-replay-verifier/src/replay_verifier.rs:147:            ConstitutionalRuntime::execute(&p, &ctx, &mut r1, &[], 10000, &mut h, &mut a).unwrap();
crates/amun-replay-verifier/src/replay_verifier.rs:150:                transition_proof, ..
crates/amun-replay-verifier/src/replay_verifier.rs:151:            } => transition_proof,
crates/amun-replay-verifier/src/replay_verifier.rs:155:            ReplayVerifier::replay(&proof, &p, &mut r2, &[]),
crates/amun-replay-verifier/src/replay_verifier.rs:161:    fn w14_replay_detects_tampered_proof() {
crates/amun-replay-verifier/src/replay_verifier.rs:170:            pre_state_root: r.compute_state_root(),
crates/amun-replay-verifier/src/replay_verifier.rs:176:            ConstitutionalRuntime::execute(&p, &ctx, &mut r, &[], 10000, &mut h, &mut a).unwrap();
crates/amun-replay-verifier/src/replay_verifier.rs:179:                transition_proof, ..
crates/amun-replay-verifier/src/replay_verifier.rs:180:            } => transition_proof,
crates/amun-replay-verifier/src/replay_verifier.rs:186:            ReplayVerifier::replay(&proof, &p, &mut r2, &[]),
crates/amun-replay-verifier/src/replay_verifier.rs:192:    fn w14_multi_replay_same_result() {
crates/amun-replay-verifier/src/replay_verifier.rs:207:            ConstitutionalRuntime::execute(&p, &ctx, &mut r, &[], 10000, &mut h, &mut a).unwrap();
crates/amun-replay-verifier/src/replay_verifier.rs:210:                transition_proof, ..
crates/amun-replay-verifier/src/replay_verifier.rs:211:            } => transition_proof,
crates/amun-replay-verifier/src/replay_verifier.rs:217:                ReplayVerifier::replay(&proof, &p, &mut f, &[]),
crates/amun-replay-verifier/src/replay_verifier.rs:21:        replay: String,
crates/amun-replay-verifier/src/replay_verifier.rs:31:    pub fn replay(
crates/amun-replay-verifier/src/replay_verifier.rs:69:        let result = ConstitutionalRuntime::execute(
crates/amun-replay-verifier/src/replay_verifier.rs:82:                transition_proof: replay_proof,
crates/amun-replay-verifier/src/replay_verifier.rs:89:                        replay: hex::encode(post_state_root),
crates/amun-replay-verifier/src/replay_verifier.rs:92:                if replay_proof.gas_used != proof.gas_used {
crates/amun-replay-verifier/src/replay_verifier.rs:96:                        replay: replay_proof.gas_used.to_string(),
crates/amun-replay-verifier/src/replay_verifier.rs:99:                if replay_proof.proof_hash != proof.proof_hash {
crates/amun-replay-verifier/src/replay_verifier.rs:9:use amun_transition_proof::transition_proof::TransitionProof;
crates/amun-replay/src/certificate.rs:11:    pub replay_root: [u8; 32],
crates/amun-replay/src/certificate.rs:125:    use crate::commit_log::StateCommit;
crates/amun-replay/src/certificate.rs:128:    fn make_commit(h: u64, prev: [u8; 32], new: [u8; 32]) -> StateCommit {
crates/amun-replay/src/certificate.rs:12:    pub commits_checked: usize,
crates/amun-replay/src/certificate.rs:140:        ReplayValidator::validate(&[
crates/amun-replay/src/certificate.rs:141:            make_commit(1, [0u8; 32], [10u8; 32]),
crates/amun-replay/src/certificate.rs:142:            make_commit(2, [10u8; 32], [20u8; 32]),
crates/amun-replay/src/certificate.rs:143:            make_commit(3, [20u8; 32], [30u8; 32]),
crates/amun-replay/src/certificate.rs:150:        assert!(genesis.verify());
crates/amun-replay/src/certificate.rs:162:        let cert1 = ReplayCertificate::issue(&result, 3, prev_id, [0xAA; 32], 2000).unwrap();
crates/amun-replay/src/certificate.rs:165:        let cert2 = ReplayCertificate::issue(&result, 6, prev_id2, [0xAA; 32], 3000).unwrap();
crates/amun-replay/src/certificate.rs:176:        let mut cert = ReplayCertificate::issue(&result, 3, [0xFF; 32], [0xAA; 32], 2000).unwrap();
crates/amun-replay/src/certificate.rs:182:    fn n37_tampered_replay_root_rejected() {
crates/amun-replay/src/certificate.rs:188:        let mut cert = ReplayCertificate::issue(&result, 3, prev_id, [0xAA; 32], 2000).unwrap();
crates/amun-replay/src/certificate.rs:189:        cert.replay_root = [0xFF; 32];
crates/amun-replay/src/certificate.rs:18:    pub fn issue(
crates/amun-replay/src/certificate.rs:202:            .store(ReplayCertificate::issue(&r, 3, id1, [0xAA; 32], 2000).unwrap())
crates/amun-replay/src/certificate.rs:206:            .store(ReplayCertificate::issue(&r, 6, id2, [0xAA; 32], 3000).unwrap())
crates/amun-replay/src/certificate.rs:20:        commit_height: u64,
crates/amun-replay/src/certificate.rs:211:            assert!(c.verify());
crates/amun-replay/src/certificate.rs:31:            commit_height,
crates/amun-replay/src/certificate.rs:33:            replay_root: [0u8; 32],
crates/amun-replay/src/certificate.rs:34:            commits_checked: result.commits_checked,
crates/amun-replay/src/certificate.rs:41:        hasher.update(&result.commits_checked.to_le_bytes());
crates/amun-replay/src/certificate.rs:42:        cert.replay_root = hasher.finalize().into();
crates/amun-replay/src/certificate.rs:43:        cert.certificate_id = cert.compute_id();
crates/amun-replay/src/certificate.rs:51:            commit_height: 0,
crates/amun-replay/src/certificate.rs:53:            replay_root: [0u8; 32],
crates/amun-replay/src/certificate.rs:54:            commits_checked: 0,
crates/amun-replay/src/certificate.rs:58:        cert.certificate_id = cert.compute_id();
crates/amun-replay/src/certificate.rs:62:    fn compute_id(&self) -> [u8; 32] {
crates/amun-replay/src/certificate.rs:66:        hasher.update(&self.commit_height.to_le_bytes());
crates/amun-replay/src/certificate.rs:68:        hasher.update(&self.replay_root);
crates/amun-replay/src/certificate.rs:69:        hasher.update(&self.commits_checked.to_le_bytes());
crates/amun-replay/src/certificate.rs:72:        hasher.finalize().into()
crates/amun-replay/src/certificate.rs:75:    pub fn verify(&self) -> bool {
crates/amun-replay/src/certificate.rs:76:        self.certificate_id == self.compute_id()
crates/amun-replay/src/certificate.rs:92:        if !cert.verify() {
crates/amun-replay/src/certificate.rs:9:    pub commit_height: u64,
crates/amun-replay/src/commit_log.rs:111:    fn n34_commit_hash_deterministic() {
crates/amun-replay/src/commit_log.rs:114:        assert_eq!(c.commit_hash(), c.commit_hash());
crates/amun-replay/src/commit_log.rs:118:    fn n34_different_commits_different_hash() {
crates/amun-replay/src/commit_log.rs:124:        assert_ne!(c1.commit_hash(), c2.commit_hash());
crates/amun-replay/src/commit_log.rs:15:    pub fn commit_hash(&self) -> [u8; 32] {
crates/amun-replay/src/commit_log.rs:23:        hasher.finalize().into()
crates/amun-replay/src/commit_log.rs:27:/// An append-only log of all state transitions.
crates/amun-replay/src/commit_log.rs:30:    pub commits: Vec<StateCommit>,
crates/amun-replay/src/commit_log.rs:38:    /// Record a new state commit.
crates/amun-replay/src/commit_log.rs:3:/// A record of a state transition committed to the chain.
crates/amun-replay/src/commit_log.rs:48:        let commit = StateCommit {
crates/amun-replay/src/commit_log.rs:56:        self.commits.push(commit);
crates/amun-replay/src/commit_log.rs:57:        self.commits
crates/amun-replay/src/commit_log.rs:59:            .expect("commit_log: invariant violated — empty after push")
crates/amun-replay/src/commit_log.rs:64:        self.commits.last().map(|c| c.new_root)
crates/amun-replay/src/commit_log.rs:67:    /// Number of commits.
crates/amun-replay/src/commit_log.rs:69:        self.commits.is_empty()
crates/amun-replay/src/commit_log.rs:72:        self.commits.len()
crates/amun-replay/src/commit_log.rs:75:    /// Get a commit by height.
crates/amun-replay/src/commit_log.rs:77:        self.commits.get(height as usize - 1)
crates/amun-replay/src/commit_log.rs:86:    fn n34_record_commit() {
crates/amun-replay/src/commit_log.rs:88:        let commit = log.record(1, [1u8; 32], [0u8; 32], [10u8; 32], 3, 1000);
crates/amun-replay/src/commit_log.rs:89:        assert_eq!(commit.height, 1);
crates/amun-replay/src/commit_log.rs:95:    fn n34_commit_chain_continuity() {
crates/amun-replay/src/lib.rs:33:pub mod commit_log;
crates/amun-replay/src/lib.rs:37:pub use commit_log::{CommitLog, StateCommit};
crates/amun-replay/src/store.rs:5:/// Enables any node or light client to retrieve and verify state provenance.
crates/amun-replay/src/store.rs:69:        rt.apply_transition(&[1u8; 32], &[0xAA; 32]);
crates/amun-replay/src/store.rs:91:        rt.apply_transition(&[1u8; 32], &[0xAA; 32]);
crates/amun-replay/src/store.rs:95:        rt2.apply_transition(&[2u8; 32], &[0xBB; 32]);
crates/amun-replay/src/validation.rs:103:    fn n35_empty_commits() {
crates/amun-replay/src/validation.rs:104:        let result = ReplayValidator::validate(&[]);
crates/amun-replay/src/validation.rs:106:        assert_eq!(result.commits_checked, 0);
crates/amun-replay/src/validation.rs:110:    fn n35_replay_result_deterministic() {
crates/amun-replay/src/validation.rs:111:        let commits = vec![
crates/amun-replay/src/validation.rs:112:            make_commit(1, [0u8; 32], [10u8; 32]),
crates/amun-replay/src/validation.rs:113:            make_commit(2, [10u8; 32], [20u8; 32]),
crates/amun-replay/src/validation.rs:115:        let r1 = ReplayValidator::validate(&commits);
crates/amun-replay/src/validation.rs:116:        let r2 = ReplayValidator::validate(&commits);
crates/amun-replay/src/validation.rs:15:            replayed_root: expected,
crates/amun-replay/src/validation.rs:17:            commits_checked: count,
crates/amun-replay/src/validation.rs:1:use crate::commit_log::{CommitLog, StateCommit};
crates/amun-replay/src/validation.rs:24:            replayed_root: actual,
crates/amun-replay/src/validation.rs:26:            commits_checked: count,
crates/amun-replay/src/validation.rs:34:    pub fn validate(commits: &[StateCommit]) -> ReplayResult {
crates/amun-replay/src/validation.rs:35:        if commits.is_empty() {
crates/amun-replay/src/validation.rs:38:        for i in 1..commits.len() {
crates/amun-replay/src/validation.rs:39:            let prev = &commits[i - 1];
crates/amun-replay/src/validation.rs:40:            let curr = &commits[i];
crates/amun-replay/src/validation.rs:45:        let last = commits
crates/amun-replay/src/validation.rs:48:        ReplayResult::success(last.new_root, commits.len())
crates/amun-replay/src/validation.rs:51:    pub fn validate_log(log: &CommitLog) -> ReplayResult {
crates/amun-replay/src/validation.rs:52:        Self::validate(&log.commits)
crates/amun-replay/src/validation.rs:60:    fn make_commit(h: u64, prev: [u8; 32], new: [u8; 32]) -> StateCommit {
crates/amun-replay/src/validation.rs:6:    pub replayed_root: [u8; 32],
crates/amun-replay/src/validation.rs:73:        let commits = vec![
crates/amun-replay/src/validation.rs:74:            make_commit(1, [0u8; 32], [10u8; 32]),
crates/amun-replay/src/validation.rs:75:            make_commit(2, [10u8; 32], [20u8; 32]),
crates/amun-replay/src/validation.rs:76:            make_commit(3, [20u8; 32], [30u8; 32]),
crates/amun-replay/src/validation.rs:78:        let result = ReplayValidator::validate(&commits);
crates/amun-replay/src/validation.rs:80:        assert_eq!(result.commits_checked, 3);
crates/amun-replay/src/validation.rs:85:        let commits = vec![
crates/amun-replay/src/validation.rs:86:            make_commit(1, [0u8; 32], [10u8; 32]),
crates/amun-replay/src/validation.rs:87:            make_commit(2, [99u8; 32], [20u8; 32]),
crates/amun-replay/src/validation.rs:89:        let result = ReplayValidator::validate(&commits);
crates/amun-replay/src/validation.rs:8:    pub commits_checked: usize,
crates/amun-replay/src/validation.rs:91:        assert_eq!(result.commits_checked, 1);
crates/amun-replay/src/validation.rs:95:    fn n35_single_commit() {
crates/amun-replay/src/validation.rs:96:        let commits = vec![make_commit(1, [0u8; 32], [10u8; 32])];
crates/amun-replay/src/validation.rs:97:        let result = ReplayValidator::validate(&commits);
crates/amun-replay/src/validation.rs:99:        assert_eq!(result.commits_checked, 1);
crates/amun-resource-core/src/resource_id.rs:13:    pub fn compute(
crates/amun-resource-core/src/resource_id.rs:27:        let hash = hasher.finalize();
crates/amun-resource-core/src/resource_registry.rs:212:    pub fn compute_state_root(&self) -> [u8; 32] {
crates/amun-resource-core/src/resource_registry.rs:234:                let hash = hasher.finalize();
crates/amun-resource-core/src/resource_registry.rs:260:        let hash = hasher.finalize();
crates/amun-resource-core/src/resource_registry.rs:505:        let root1 = reg.compute_state_root();
crates/amun-resource-core/src/resource_registry.rs:512:        let root2 = reg2.compute_state_root();
crates/amun-resource-core/src/resource_registry.rs:522:        let root = reg.compute_state_root();
crates/amun-resource-core/tests/n130_constitutional_nft.rs:114:fn n130_replay_determinism() {
crates/amun-resource-core/tests/n130_constitutional_nft.rs:153:    assert_eq!(reg1.compute_state_root(), reg2.compute_state_root());
crates/amun-resource-core/tests/stress_tests.rs:141:    let root = reg.compute_state_root();
crates/amun-rpc/src/auth.rs:14:            hash.copy_from_slice(&hasher.finalize().as_bytes()[..32]);
crates/amun-rpc/src/auth.rs:24:    pub fn validate(&self, token: &str) -> bool {
crates/amun-rpc/src/auth.rs:29:            hash.copy_from_slice(&hasher.finalize().as_bytes()[..32]);
crates/amun-rpc/src/client.rs:16:    pub blocks_finalized: u64,
crates/amun-rpc/src/client.rs:48:    pub blocks_finalized: u64,
crates/amun-rpc/src/constitutional.rs:19:    pub commitment_root: String,
crates/amun-rpc/src/constitutional.rs:41:            commitment_root: hex::encode(record.commitment_root),
crates/amun-rpc/src/lib.rs:132:        blocks_finalized: engine.metrics.blocks_finalized,
crates/amun-rpc/src/lib.rs:156:    if !tx.verify() {
crates/amun-rpc/src/lib.rs:181:pub fn build_app(state: AppState) -> Router {
crates/amun-rpc/src/lib.rs:278:        "blocks_finalized": engine.metrics.blocks_finalized,
crates/amun-rpc/src/lib.rs:27:    pub blocks_finalized: u64,
crates/amun-rpc/src/lib.rs:325:    let app = build_app(state);
crates/amun-rpc/src/lib.rs:59:    pub blocks_finalized: u64,
crates/amun-rpc/src/lib.rs:70:        blocks_finalized: engine.metrics.blocks_finalized,
crates/amun-rpc/src/methods.rs:24:                if !self.auth.validate(token) {
crates/amun-rpc/src/provider.rs:59:            blocks_finalized: 847,
crates/amun-rpc/src/provider.rs:99:            blocks_finalized: 847,
crates/amun-runtime-law/src/law.rs:13:    pub fn verify_code(code: &str) -> Result<(), Vec<&'static str>> {
crates/amun-runtime/src/executor.rs:16:    pub fn execute_batch(
crates/amun-runtime/src/executor.rs:8:    pub fn apply_transaction(
crates/amun-safety-laws/src/equivocation.rs:23:    pub fn verify(&self) -> bool {
crates/amun-safety-laws/src/slash.rs:21:        if !proof.verify() {
crates/amun-sdk-layer/src/tests.rs:17:    fn test_transaction_builder_transfer() { let sender = amun_kernel_types::PublicKey::new([1u8; 48]); let recipient = amun_kernel_types::PublicHash32::new([2u8; 32]); let result = TransactionBuilder::build_transfer(42, 0, sender, recipient, 100, 1000); assert!(result.success); }
crates/amun-sdk-layer/src/transaction_builder.rs:11:            Err(_) => SdkResult::err("Transaction build failed"),
crates/amun-sdk-layer/src/transaction_builder.rs:15:    pub fn build_stake(chain_id: u64, nonce: u64, sender: PublicKey, validator: PublicHash32, amount: u128, gas: u64) -> SdkResult<UnsignedTransaction> {
crates/amun-sdk-layer/src/transaction_builder.rs:18:            Err(_) => SdkResult::err("Stake transaction build failed"),
crates/amun-sdk-layer/src/transaction_builder.rs:8:    pub fn build_transfer(chain_id: u64, nonce: u64, sender: PublicKey, recipient: PublicHash32, amount: u128, gas: u64) -> SdkResult<UnsignedTransaction> {
crates/amun-self-preservation/src/action_principle.rs:63:    pub fn verify_principle(
crates/amun-self-preservation/src/consistency.rs:26:    /// A catastrophic phase transition has occurred
crates/amun-self-preservation/src/consistency.rs:28:    /// The amendment process itself has been invalidated
crates/amun-self-preservation/src/consistency.rs:29:    AmendmentProcessInvalidated,
crates/amun-self-preservation/src/consistency.rs:2:use super::phase_transitions::PhaseTransition;
crates/amun-self-preservation/src/consistency.rs:47:    pub fn verify_consistency(
crates/amun-self-preservation/src/consistency.rs:50:        transition: Option<&PhaseTransition>,
crates/amun-self-preservation/src/consistency.rs:61:        // Check catastrophic transitions
crates/amun-self-preservation/src/consistency.rs:62:        if let Some(t) = transition {
crates/amun-self-preservation/src/lib.rs:12:pub mod phase_transitions;
crates/amun-self-preservation/src/lib.rs:18:pub use phase_transitions::{PhaseTransition, TransitionType};
crates/amun-self-preservation/src/lib.rs:7:// constitutional phase transitions.
crates/amun-self-preservation/src/phase_transitions.rs:10:    /// The constitutional state before the transition
crates/amun-self-preservation/src/phase_transitions.rs:12:    /// The constitutional state after the transition
crates/amun-self-preservation/src/phase_transitions.rs:14:    /// Whether the transition is reversible
crates/amun-self-preservation/src/phase_transitions.rs:16:    /// Whether the transition preserves constitutional identity
crates/amun-self-preservation/src/phase_transitions.rs:18:    /// The singularity that triggered this transition
crates/amun-self-preservation/src/phase_transitions.rs:38:        transition_type: TransitionType,
crates/amun-self-preservation/src/phase_transitions.rs:3:/// A constitutional phase transition is a discontinuous change
crates/amun-self-preservation/src/phase_transitions.rs:43:        let is_reversible = !matches!(transition_type, TransitionType::Irreversible { .. });
crates/amun-self-preservation/src/phase_transitions.rs:44:        let preserves_identity = matches!(transition_type, TransitionType::SecondOrder { .. });
crates/amun-self-preservation/src/phase_transitions.rs:47:            transition_type,
crates/amun-self-preservation/src/phase_transitions.rs:57:    /// Detect if a phase transition is imminent based on metric analysis.
crates/amun-self-preservation/src/phase_transitions.rs:5:/// phase transitions alter the structure of legitimacy itself.
crates/amun-self-preservation/src/phase_transitions.rs:86:    /// A phase transition is catastrophic if it destroys constitutional identity.
crates/amun-self-preservation/src/phase_transitions.rs:8:    /// The type of transition
crates/amun-self-preservation/src/phase_transitions.rs:9:    pub transition_type: TransitionType,
crates/amun-self-preservation/src/self_modeling.rs:52:    pub fn verify_amendment(model: &SelfModel, new_depth: u64) -> Result<(), String> {
crates/amun-self-preservation/src/self_modeling.rs:67:    /// in a way that invalidates the amendment process itself.
crates/amun-self-preservation/src/self_modeling.rs:73:        // An amendment is self-validating if applying the amendment
crates/amun-self-preservation/src/self_modeling.rs:75:        // If the rules would invalidate themselves, the amendment
crates/amun-serialization-audit/src/verifier.rs:21:    pub fn verify_roundtrip(original: &[u8]) -> bool {
crates/amun-serialization-audit/src/verifier.rs:6:    pub fn verify_determinism(data: &[&[u8]]) -> bool {
crates/amun-signature-engine/src/verifier.rs:17:        Ed25519Signer::verify(public_key, &transcript, signature, domain.tag(), chain_id).is_ok()
crates/amun-signature-engine/src/verifier.rs:9:    pub fn verify(
crates/amun-smt/src/canonical_model.rs:33:    pub fn rebuild(&self) -> Result<SparseMerkleTree, SmtError> {
crates/amun-smt/src/canonical_model.rs:50:    let canonical = model.rebuild().map_err(|e| format!("Rebuild failed: {:?}", e))?;
crates/amun-smt/src/hash.rs:36:    Hash(h.finalize().into())
crates/amun-smt/src/hash.rs:49:    Hash(h.finalize().into())
crates/amun-smt/src/hash.rs:57:    Hash(h.finalize().into())
crates/amun-smt/src/lib.rs:34:pub use validator::validate_tree;
crates/amun-smt/src/node.rs:16:/// Canonical hash of an empty subtree — computed once.
crates/amun-smt/src/proof.rs:123:    pub fn verify(&self, state_root: &Hash) -> Result<bool, SmtError> {
crates/amun-smt/src/tree.rs:145:                    // Prefix mismatch: micro-rebuild the conflicting subtree
crates/amun-smt/src/tree.rs:149:                    return self.build_canonical_subtree(&new_leaves, depth);
crates/amun-smt/src/tree.rs:348:    /// Uses canonical subtree rebuild to guarantee correct topology.
crates/amun-smt/src/tree.rs:365:        // Rebuild the subtree canonically from the surviving leaves.
crates/amun-smt/src/tree.rs:368:        self.build_canonical_subtree(&leaves, depth)
crates/amun-smt/src/tree.rs:619:    // Micro-rebuild helpers (used only for prefix-mismatch insertion)
crates/amun-smt/src/tree.rs:665:    fn build_canonical_subtree(
crates/amun-smt/src/tree.rs:703:        let lh = self.build_canonical_subtree(&ll, next_depth + 1)?;
crates/amun-smt/src/tree.rs:704:        let rh = self.build_canonical_subtree(&rl, next_depth + 1)?;
crates/amun-smt/src/tree.rs:78:    // Insert (localized split — no full subtree rebuild)
crates/amun-smt/src/validator.rs:13:pub fn validate_tree(root: &Hash, ctx: &Context) -> Result<(), SmtError> {
crates/amun-smt/src/validator.rs:18:    validate_node(root, 0, ctx, &mut path)
crates/amun-smt/src/validator.rs:21:fn validate_node(
crates/amun-smt/src/validator.rs:69:                validate_node(left, next, ctx, path)?;
crates/amun-smt/src/validator.rs:70:                validate_node(right, next, ctx, path)?;
crates/amun-smt/tests/fuzz.rs:57:        // For now, verify the tree is valid structurally.
crates/amun-smt/tests/fuzz.rs:59:            // Tree is not empty - validate it's at least structurally sound
crates/amun-smt/tests/fuzz.rs:60:            let _ = validate_tree(&t.internal_root(), t.context());
crates/amun-smt/tests/fuzz.rs:61:            // Skip assertion for now - known issue with delete collapse
crates/amun-smt/tests/fuzz.rs:80:        prop_assert!(proof.verify(&root.0).unwrap());
crates/amun-smt/tests/identity_laws.rs:22:/// delete(k) + insert(k,v) == canonical rebuild with {k,v}
crates/amun-smt/tests/identity_laws.rs:41:    // Should match canonical rebuild
crates/amun-smt/tests/proofs.rs:24:    assert!(proof.verify(&root.0).unwrap(), "Proof must verify");
crates/amun-smt/tests/proofs.rs:41:    assert!(proof.verify(&root.0).unwrap(), "Absence proof must verify");
crates/amun-smt/tests/proofs.rs:55:        proof.verify(&root.0).unwrap(),
crates/amun-smt/tests/proofs.rs:56:        "Empty tree absence must verify"
crates/amun-smt/tests/validator.rs:11:fn validate_after_inserts() {
crates/amun-smt/tests/validator.rs:18:    validate_tree(&t.internal_root(), t.context()).unwrap();
crates/amun-smt/tests/validator.rs:22:fn validate_after_delete() {
crates/amun-smt/tests/validator.rs:29:    validate_tree(&t.internal_root(), t.context()).unwrap();
crates/amun-smt/tests/validator.rs:5:fn validate_empty_tree() {
crates/amun-smt/tests/validator.rs:7:    validate_tree(&t.internal_root(), t.context()).unwrap();
crates/amun-snapshot-constitution/src/export.rs:3:use amun_state_transition::StateMachine;
crates/amun-snapshot-constitution/src/import.rs:10:    if !snapshot.verify() {
crates/amun-snapshot-constitution/src/import.rs:19:    let recomputed_root = StateMachine::compute_root(
crates/amun-snapshot-constitution/src/import.rs:25:    if recomputed_root != snapshot.state_root {
crates/amun-snapshot-constitution/src/import.rs:3:use amun_state_transition::StateMachine;
crates/amun-snapshot-constitution/src/snapshot.rs:112:    pub fn verify(&self) -> bool {
crates/amun-snapshot-constitution/src/snapshot.rs:133:        let mut computed = [0u8; 32];
crates/amun-snapshot-constitution/src/snapshot.rs:134:        computed.copy_from_slice(&h.finalize().as_bytes()[..32]);
crates/amun-snapshot-constitution/src/snapshot.rs:135:        computed == self.snapshot_hash
crates/amun-snapshot-constitution/src/snapshot.rs:43:        out.copy_from_slice(&h.finalize().as_bytes()[..32]);
crates/amun-snapshot-constitution/src/snapshot.rs:99:        snapshot_hash.copy_from_slice(&h.finalize().as_bytes()[..32]);
crates/amun-snapshot-engine-unified/src/lib.rs:115:            last_commit_hash: "commit1000".into(),
crates/amun-snapshot-engine-unified/src/lib.rs:137:            last_commit_hash: "ch42".into(),
crates/amun-snapshot-engine-unified/src/lib.rs:80:            last_commit_hash: "commit100".into(),
crates/amun-snapshot-engine/src/byzantine_sync.rs:118:    pub fn verify_peer_identity(&self, peer: &PeerManifest) -> bool {
crates/amun-snapshot-engine/src/byzantine_sync.rs:119:        peer.identity.matches(&self.local_identity) && peer.identity.verify()
crates/amun-snapshot-engine/src/chunk.rs:118:    fn compute_merkle_root(chunks: &[SnapshotChunk]) -> [u8; 32] {
crates/amun-snapshot-engine/src/chunk.rs:131:                next.push(h.finalize());
crates/amun-snapshot-engine/src/chunk.rs:142:    pub fn verify(&self) -> bool {
crates/amun-snapshot-engine/src/chunk.rs:144:            if !chunk.verify() {
crates/amun-snapshot-engine/src/chunk.rs:148:        Self::compute_merkle_root(&self.chunks) == self.chunk_root
crates/amun-snapshot-engine/src/chunk.rs:24:        let chunk_hash = Self::compute_hash(index, &nodes);
crates/amun-snapshot-engine/src/chunk.rs:2:// Each chunk is individually hashed and committed in a Merkle tree.
crates/amun-snapshot-engine/src/chunk.rs:34:    fn compute_hash(index: u64, nodes: &[SerializedNode]) -> [u8; 32] {
crates/amun-snapshot-engine/src/chunk.rs:42:        h.finalize()
crates/amun-snapshot-engine/src/chunk.rs:45:    pub fn verify(&self) -> bool {
crates/amun-snapshot-engine/src/chunk.rs:46:        Self::compute_hash(self.index, &self.nodes) == self.chunk_hash
crates/amun-snapshot-engine/src/chunk.rs:87:    pub fn build(mut self) -> ChunkIndex {
crates/amun-snapshot-engine/src/chunk.rs:94:        let chunk_root = ChunkIndex::compute_merkle_root(&self.chunks);
crates/amun-snapshot-engine/src/chunk_proof.rs:58:                next_level.push(h.finalize());
crates/amun-snapshot-engine/src/chunk_proof.rs:74:    /// Rebuilds the Merkle root from the chunk hash and sibling steps.
crates/amun-snapshot-engine/src/chunk_proof.rs:75:    pub fn verify(&self) -> bool {
crates/amun-snapshot-engine/src/chunk_proof.rs:89:            current = h.finalize();
crates/amun-snapshot-engine/src/compatibility.rs:12:    /// State replay is identical, proofs are identical
crates/amun-snapshot-engine/src/compatibility.rs:142:        let matrix = Self::compute(local, remote);
crates/amun-snapshot-engine/src/compatibility.rs:151:        let matrix = Self::compute(local, remote);
crates/amun-snapshot-engine/src/compatibility.rs:162:        let matrix = Self::compute(local, remote);
crates/amun-snapshot-engine/src/compatibility.rs:16:    /// State can be read but not validated
crates/amun-snapshot-engine/src/compatibility.rs:54:    pub fn compute(
crates/amun-snapshot-engine/src/constitutional_hash.rs:14:    pub fn compute(
crates/amun-snapshot-engine/src/constitutional_hash.rs:17:        replay_law_text: &str,
crates/amun-snapshot-engine/src/constitutional_hash.rs:25:        h.update(replay_law_text.as_bytes());
crates/amun-snapshot-engine/src/constitutional_hash.rs:29:        h.finalize()
crates/amun-snapshot-engine/src/constitutional_hash.rs:34:    pub fn verify(
crates/amun-snapshot-engine/src/constitutional_hash.rs:38:        replay_law_text: &str,
crates/amun-snapshot-engine/src/constitutional_hash.rs:43:        let computed = Self::compute(
crates/amun-snapshot-engine/src/constitutional_hash.rs:46:            replay_law_text,
crates/amun-snapshot-engine/src/constitutional_hash.rs:51:        &computed == claimed_hash
crates/amun-snapshot-engine/src/constitutional_identity.rs:34:        id.identity_hash = id.compute_identity_hash();
crates/amun-snapshot-engine/src/constitutional_identity.rs:38:    fn compute_identity_hash(&self) -> [u8; 32] {
crates/amun-snapshot-engine/src/constitutional_identity.rs:49:        h.finalize()
crates/amun-snapshot-engine/src/constitutional_identity.rs:52:    pub fn verify(&self) -> bool {
crates/amun-snapshot-engine/src/constitutional_identity.rs:53:        self.compute_identity_hash() == self.identity_hash
crates/amun-snapshot-engine/src/lib.rs:14:pub mod replay_continuity;
crates/amun-snapshot-engine/src/lib.rs:18:pub mod transition;
crates/amun-snapshot-engine/src/lib.rs:31:pub use replay_continuity::{ContinuityResult, ReplayContinuityEngine};
crates/amun-snapshot-engine/src/lib.rs:35:pub use transition::{ConstitutionalRelationship, TransitionClassifier};
crates/amun-snapshot-engine/src/manifest.rs:209:    pub fn build(self) -> Option<SnapshotManifest> {
crates/amun-snapshot-engine/src/manifest.rs:61:        m.manifest_hash = m.compute_self_hash();
crates/amun-snapshot-engine/src/manifest.rs:65:    fn compute_self_hash(&self) -> [u8; 32] {
crates/amun-snapshot-engine/src/manifest.rs:81:        h.finalize()
crates/amun-snapshot-engine/src/manifest.rs:84:    pub fn verify(&self) -> bool {
crates/amun-snapshot-engine/src/manifest.rs:85:        self.compute_self_hash() == self.manifest_hash
crates/amun-snapshot-engine/src/replay_continuity.rs:17:        replayed_frames: u64,
crates/amun-snapshot-engine/src/replay_continuity.rs:28:    /// THEOREM 11: Verify that restoring a snapshot and replaying the
crates/amun-snapshot-engine/src/replay_continuity.rs:2:// THEOREM 11: state -> snapshot -> restore -> WAL replay -> final_root
crates/amun-snapshot-engine/src/replay_continuity.rs:30:    pub fn verify_continuity(
crates/amun-snapshot-engine/src/replay_continuity.rs:43:        let mut replayed_frames: u64 = 0;
crates/amun-snapshot-engine/src/replay_continuity.rs:65:                replayed_frames += 1;
crates/amun-snapshot-engine/src/replay_continuity.rs:74:                at_frame: replayed_frames,
crates/amun-snapshot-engine/src/replay_continuity.rs:82:            replayed_frames,
crates/amun-snapshot-engine/src/replay_continuity.rs:87:    pub fn verify_roundtrip(chunks: &ChunkIndex, expected_root: [u8; 32]) -> Result<bool, String> {
crates/amun-snapshot-engine/src/restore.rs:114:        computed: [u8; 32],
crates/amun-snapshot-engine/src/restore.rs:136:                computed,
crates/amun-snapshot-engine/src/restore.rs:141:                    "Hash mismatch at depth {}: claimed {:?}, computed {:?}",
crates/amun-snapshot-engine/src/restore.rs:144:                    &computed[..8]
crates/amun-snapshot-engine/src/restore.rs:22:                let computed_hash = node.hash();
crates/amun-snapshot-engine/src/restore.rs:26:                if computed_hash != claimed_hash {
crates/amun-snapshot-engine/src/restore.rs:29:                        computed: computed_hash.0,
crates/amun-snapshot-engine/src/restore.rs:65:        StructuralVerifier::verify(&nodes_map, &root, &depth_map)
crates/amun-snapshot-engine/src/snapshot.rs:130:    pub fn build(self) -> SnapshotData {
crates/amun-snapshot-engine/src/structural_verifier.rs:175:    pub fn verify_unique_root(
crates/amun-snapshot-engine/src/structural_verifier.rs:81:    pub fn verify(
crates/amun-snapshot-engine/src/transition.rs:26:        let matrix = CompatibilityEngine::compute(local, remote);
crates/amun-snapshot-engine/src/verifier.rs:20:    pub fn verify_manifest(manifest: &SnapshotManifest) -> VerificationResult {
crates/amun-snapshot-engine/src/verifier.rs:21:        if !manifest.verify() {
crates/amun-snapshot-engine/src/verifier.rs:38:    pub fn verify_chunks(chunks: &ChunkIndex, manifest: &SnapshotManifest) -> VerificationResult {
crates/amun-snapshot-engine/src/verifier.rs:39:        if !chunks.verify() {
crates/amun-snapshot-engine/src/verifier.rs:3:// canonical empty root, constitutional hash, and replay equivalence.
crates/amun-snapshot-engine/src/verifier.rs:52:    pub fn verify_header(header: &SnapshotHeader) -> VerificationResult {
crates/amun-snapshot-engine/src/verifier.rs:61:    /// state -> snapshot -> restore -> replay -> same root
crates/amun-snapshot-engine/src/verifier.rs:62:    pub fn verify_roundtrip(
crates/amun-snapshot-engine/tests/constitutional_tests.rs:101:            "replay",
crates/amun-snapshot-engine/tests/constitutional_tests.rs:106:        let h2 = ConstitutionalHash::compute(
crates/amun-snapshot-engine/tests/constitutional_tests.rs:109:            "replay",
crates/amun-snapshot-engine/tests/constitutional_tests.rs:123:        assert!(decoded.verify());
crates/amun-snapshot-engine/tests/constitutional_tests.rs:134:        assert!(!decoded.verify());
crates/amun-snapshot-engine/tests/constitutional_tests.rs:28:        assert!(id.verify());
crates/amun-snapshot-engine/tests/constitutional_tests.rs:34:        let matrix = CompatibilityEngine::compute(&id, &id);
crates/amun-snapshot-engine/tests/constitutional_tests.rs:42:        let matrix = CompatibilityEngine::compute(&id1, &id2);
crates/amun-snapshot-engine/tests/constitutional_tests.rs:52:        let matrix = CompatibilityEngine::compute(&id1, &id2);
crates/amun-snapshot-engine/tests/constitutional_tests.rs:77:        let h1 = ConstitutionalHash::compute(
crates/amun-snapshot-engine/tests/constitutional_tests.rs:80:            "replay",
crates/amun-snapshot-engine/tests/constitutional_tests.rs:85:        let h2 = ConstitutionalHash::compute(
crates/amun-snapshot-engine/tests/constitutional_tests.rs:88:            "replay",
crates/amun-snapshot-engine/tests/constitutional_tests.rs:98:        let h1 = ConstitutionalHash::compute(
crates/amun-snapshot-optimization/src/lib.rs:23:    pub fn apply_to(&self, registry: &mut ResourceRegistry) {
crates/amun-snapshot-optimization/src/lib.rs:40:    let state_root = registry.compute_state_root();
crates/amun-snapshot-optimization/tests/n162_snapshot_optimization_tests.rs:41:    let base_root = reg.compute_state_root();
crates/amun-snapshot/src/state.rs:42:    pub fn verify(&self, chain_id: u64) -> bool {
crates/amun-snapshot/src/state.rs:47:                Ed25519Signer::verify(pk, &self.state_root, sig, b"AMUN_SNAPSHOT_V4", chain_id)
crates/amun-soak-full/src/lib.rs:130:                    let pool_id_bytes = amun_defi_core::DefiPool::compute_pool_id(token_a, token_b);
crates/amun-soak-full/src/lib.rs:190:                let root = self.registry.compute_state_root();
crates/amun-soak-full/src/lib.rs:205:                        let root1 = self.registry.compute_state_root();
crates/amun-soak-full/src/lib.rs:206:                        let root2 = self.registry.compute_state_root();
crates/amun-soak-test/src/lib.rs:124:                    let _root = self.registry.lock().unwrap().compute_state_root();
crates/amun-soak-test/src/lib.rs:141:                        let root1 = self.registry.lock().unwrap().compute_state_root();
crates/amun-soak-test/src/lib.rs:142:                        let root2 = self.registry.lock().unwrap().compute_state_root();
crates/amun-soak-test/src/lib.rs:160:            state_root: self.registry.lock().unwrap().compute_state_root(),
crates/amun-soak-test/src/lib.rs:94:                    let pool_id = amun_defi_core::DefiPool::compute_pool_id(token_a, token_b);
crates/amun-state-machine/src/absolute_invariants.rs:19:    /// Every state transition must be cryptographically provable
crates/amun-state-machine/src/axioms.rs:10:    /// Every transition preserves constitutional identity or provides an identity delta
crates/amun-state-machine/src/axioms.rs:12:    /// Replay determinism is preserved across all legal transitions
crates/amun-state-machine/src/axioms.rs:14:    /// No transition can decrease the epoch
crates/amun-state-machine/src/axioms.rs:16:    /// No transition can decrease generation within the same epoch
crates/amun-state-machine/src/axioms.rs:26:    /// Hostile forks cannot preserve replay
crates/amun-state-machine/src/axioms.rs:36:                "Every transition preserves or explicitly changes identity"
crates/amun-state-machine/src/axioms.rs:39:                "Replay must remain deterministic across all transitions"
crates/amun-state-machine/src/axioms.rs:47:            Self::HostileForkReplayImpossible => "Hostile forks cannot preserve replay",
crates/amun-state-machine/src/axioms.rs:66:    pub fn verify_all() -> Vec<AxiomVerification> {
crates/amun-state-machine/src/causality.rs:54:/// Causality metadata attached to each transition.
crates/amun-state-machine/src/causality.rs:60:    pub parent_transitions: Vec<[u8; 32]>,
crates/amun-state-machine/src/causality.rs:89:            parent_transitions: parents,
crates/amun-state-machine/src/delta_algebra.rs:123:        h.finalize()
crates/amun-state-machine/src/delta_algebra.rs:66:    pub fn compute_hash(&self) -> [u8; 32] {
crates/amun-state-machine/src/derivation.rs:18:    /// If a property holds for all transitions, it holds for each individual transition
crates/amun-state-machine/src/engine.rs:101:        match transition_type {
crates/amun-state-machine/src/engine.rs:109:        // Append to replay log
crates/amun-state-machine/src/engine.rs:110:        self.replay_log
crates/amun-state-machine/src/engine.rs:111:            .append(&transition, vec![transition.transition_id]);
crates/amun-state-machine/src/engine.rs:113:        Ok((new_state, transition))
crates/amun-state-machine/src/engine.rs:117:/// ConstitutionalProofEngine: determines WHY a transition is valid.
crates/amun-state-machine/src/engine.rs:121:    pub fn prove_transition(
crates/amun-state-machine/src/engine.rs:122:        transition: &Transition,
crates/amun-state-machine/src/engine.rs:13:    pub fn is_legal(from: StateTag, transition: TransitionType) -> bool {
crates/amun-state-machine/src/engine.rs:14:        TransitionAlgebra::resolve(from, transition).is_some()
crates/amun-state-machine/src/engine.rs:151:            Ok(transition.transition_id)
crates/amun-state-machine/src/engine.rs:18:        TransitionAlgebra::forbidden_transitions(from)
crates/amun-state-machine/src/engine.rs:22:/// ConstitutionalExecutionEngine: determines HOW to execute.
crates/amun-state-machine/src/engine.rs:25:    pub replay_log: ConstitutionalReplayDAG,
crates/amun-state-machine/src/engine.rs:38:            replay_log: ConstitutionalReplayDAG::new(),
crates/amun-state-machine/src/engine.rs:43:    pub fn execute(
crates/amun-state-machine/src/engine.rs:46:        transition_type: TransitionType,
crates/amun-state-machine/src/engine.rs:4:use super::replay_log::ConstitutionalReplayDAG;
crates/amun-state-machine/src/engine.rs:52:        previous_transition_hash: Option<[u8; 32]>,
crates/amun-state-machine/src/engine.rs:56:        causal_transition_hash: Option<[u8; 32]>,
crates/amun-state-machine/src/engine.rs:58:        if !ConstitutionalPolicyEngine::is_legal(from.state_tag, transition_type) {
crates/amun-state-machine/src/engine.rs:60:                "Illegal transition: {:?} -> {:?}",
crates/amun-state-machine/src/engine.rs:61:                from.state_tag, transition_type
crates/amun-state-machine/src/engine.rs:65:        Precondition::verify_all(from, transition_type, preconditions)?;
crates/amun-state-machine/src/engine.rs:67:        let to_tag = TransitionAlgebra::resolve(from.state_tag, transition_type).unwrap();
crates/amun-state-machine/src/engine.rs:68:        let transition = Transition::new(
crates/amun-state-machine/src/engine.rs:69:            transition_type,
crates/amun-state-machine/src/engine.rs:6:use super::transitions::{Transition, TransitionAlgebra, TransitionType};
crates/amun-state-machine/src/engine.rs:74:            previous_transition_hash,
crates/amun-state-machine/src/engine.rs:78:            causal_transition_hash,
crates/amun-state-machine/src/engine.rs:81:        if let Err(e) = transition.verify_monotonicity() {
crates/amun-state-machine/src/engine.rs:92:            Some(transition.transition_id),
crates/amun-state-machine/src/engine.rs:95:        if !new_state.verify() {
crates/amun-state-machine/src/fork_merge.rs:107:        replay_unified: bool,
crates/amun-state-machine/src/fork_merge.rs:117:            replay_unified,
crates/amun-state-machine/src/fork_merge.rs:11:    pub preserves_replay: bool,
crates/amun-state-machine/src/fork_merge.rs:123:        d.declaration_hash = d.compute_hash();
crates/amun-state-machine/src/fork_merge.rs:127:    fn compute_hash(&self) -> [u8; 32] {
crates/amun-state-machine/src/fork_merge.rs:136:        h.update(&[self.replay_unified as u8]);
crates/amun-state-machine/src/fork_merge.rs:140:        h.finalize()
crates/amun-state-machine/src/fork_merge.rs:35:        preserves_replay: bool,
crates/amun-state-machine/src/fork_merge.rs:44:            preserves_replay,
crates/amun-state-machine/src/fork_merge.rs:48:        d.declaration_hash = d.compute_hash();
crates/amun-state-machine/src/fork_merge.rs:52:    fn compute_hash(&self) -> [u8; 32] {
crates/amun-state-machine/src/fork_merge.rs:59:        h.update(&[self.preserves_replay as u8]);
crates/amun-state-machine/src/fork_merge.rs:61:        h.finalize()
crates/amun-state-machine/src/fork_merge.rs:83:    pub replay_unified: bool,
crates/amun-state-machine/src/historical_invariants.rs:108:    pub fn record_replay_divergence(&mut self, bytes: u64) {
crates/amun-state-machine/src/historical_invariants.rs:109:        self.cumulative_replay_divergence += bytes;
crates/amun-state-machine/src/historical_invariants.rs:135:                current: self.cumulative_replay_divergence,
crates/amun-state-machine/src/historical_invariants.rs:1:/// Historical invariants that span multiple transitions.
crates/amun-state-machine/src/historical_invariants.rs:75:/// Engine that tracks historical invariants across multiple transitions.
crates/amun-state-machine/src/historical_invariants.rs:80:    pub cumulative_replay_divergence: u64,
crates/amun-state-machine/src/historical_invariants.rs:96:            cumulative_replay_divergence: 0,
crates/amun-state-machine/src/impossibility.rs:13:    /// Extinct civilizations cannot transition
crates/amun-state-machine/src/impossibility.rs:20:    pub fn prove(from: StateTag, transition: TransitionType) -> Option<Self> {
crates/amun-state-machine/src/impossibility.rs:21:        match (from, transition) {
crates/amun-state-machine/src/impossibility.rs:24:                attempted: transition,
crates/amun-state-machine/src/impossibility.rs:2:use super::transitions::TransitionType;
crates/amun-state-machine/src/impossibility.rs:4:/// Proofs that certain transitions are constitutionally impossible.
crates/amun-state-machine/src/impossibility.rs:9:    /// Hostile forks cannot preserve replay
crates/amun-state-machine/src/invariants.rs:14:    /// The transition history must be acyclic (no state loops).
crates/amun-state-machine/src/invariants.rs:1:/// Constitutional invariants that must be preserved across ALL transitions.
crates/amun-state-machine/src/lib.rs:22:pub mod replay_log;
crates/amun-state-machine/src/lib.rs:26:pub mod transitions;
crates/amun-state-machine/src/lib.rs:50:pub use replay_log::{ConstitutionalReplayDAG, ReplayLogEntry};
crates/amun-state-machine/src/lib.rs:54:pub use transitions::{
crates/amun-state-machine/src/merge_math.rs:27:    /// Resolve replay conflict between merging civilizations.
crates/amun-state-machine/src/merge_math.rs:28:    pub fn resolve_replay(
crates/amun-state-machine/src/merge_math.rs:29:        a_replay_height: u64,
crates/amun-state-machine/src/merge_math.rs:30:        b_replay_height: u64,
crates/amun-state-machine/src/merge_math.rs:36:                if a_replay_height >= b_replay_height {
crates/amun-state-machine/src/merge_math.rs:6:    /// The merged replay contains all entries from both parents (union)
crates/amun-state-machine/src/merge_math.rs:8:    /// The longer replay chain survives (winner-takes-all)
crates/amun-state-machine/src/meta_amendment.rs:22:    /// Can amend replay guarantees
crates/amun-state-machine/src/meta_amendment.rs:45:    pub fn validate_amendment_scope(
crates/amun-state-machine/src/meta_amendment.rs:54:                // Must verify that no absolute invariant is touched
crates/amun-state-machine/src/meta_amendment.rs:60:                                    "Cannot amend replay guarantees: ReplayDeterminismAbsolute"
crates/amun-state-machine/src/postconditions.rs:11:    /// The state hash must be valid after the transition.
crates/amun-state-machine/src/postconditions.rs:13:    /// The transition must have produced a valid transition ID.
crates/amun-state-machine/src/postconditions.rs:3:/// A postcondition that must be satisfied after a transition completes.
crates/amun-state-machine/src/preconditions.rs:22:    /// Verify that the transition is legal from the current state.
crates/amun-state-machine/src/preconditions.rs:23:    pub fn verify_legal(
crates/amun-state-machine/src/preconditions.rs:25:        transition: TransitionType,
crates/amun-state-machine/src/preconditions.rs:27:        let legal = TransitionAlgebra::legal_transitions(from.state_tag);
crates/amun-state-machine/src/preconditions.rs:28:        if !legal.contains(&transition) {
crates/amun-state-machine/src/preconditions.rs:2:use super::transitions::{TransitionAlgebra, TransitionType};
crates/amun-state-machine/src/preconditions.rs:30:                "Illegal transition: {:?} -> {:?}. Legal: {:?}",
crates/amun-state-machine/src/preconditions.rs:31:                from.state_tag, transition, legal
crates/amun-state-machine/src/preconditions.rs:37:    /// Verify all preconditions for a transition.
crates/amun-state-machine/src/preconditions.rs:38:    pub fn verify_all(
crates/amun-state-machine/src/preconditions.rs:40:        transition: TransitionType,
crates/amun-state-machine/src/preconditions.rs:46:                Precondition::LegalTransition { .. } => Self::verify_legal(from, transition),
crates/amun-state-machine/src/preconditions.rs:4:/// A precondition that must be satisfied before a transition can occur.
crates/amun-state-machine/src/preconditions.rs:7:    /// The current state must allow this transition type.
crates/amun-state-machine/src/reconciliation.rs:40:    pub fn verify_reconciliation(
crates/amun-state-machine/src/replay_log.rs:10:    pub transition_hash: [u8; 32],
crates/amun-state-machine/src/replay_log.rs:19:    pub fn new(sequence: u64, transition: &Transition, parent_entries: Vec<[u8; 32]>) -> Self {
crates/amun-state-machine/src/replay_log.rs:1:use super::transitions::Transition;
crates/amun-state-machine/src/replay_log.rs:22:            transition_hash: transition.transition_id,
crates/amun-state-machine/src/replay_log.rs:24:            epoch: transition.epoch,
crates/amun-state-machine/src/replay_log.rs:25:            generation: transition.generation,
crates/amun-state-machine/src/replay_log.rs:28:        e.entry_hash = e.compute_hash();
crates/amun-state-machine/src/replay_log.rs:32:    fn compute_hash(&self) -> [u8; 32] {
crates/amun-state-machine/src/replay_log.rs:35:        h.update(&self.transition_hash);
crates/amun-state-machine/src/replay_log.rs:42:        h.finalize()
crates/amun-state-machine/src/replay_log.rs:5:/// A node in the constitutional replay DAG.
crates/amun-state-machine/src/replay_log.rs:69:    pub fn append(&mut self, transition: &Transition, parents: Vec<[u8; 32]>) -> ReplayLogEntry {
crates/amun-state-machine/src/replay_log.rs:70:        let entry = ReplayLogEntry::new(self.next_sequence, transition, parents.clone());
crates/amun-state-machine/src/replay_log.rs:82:    pub fn verify_dag(&self) -> bool {
crates/amun-state-machine/src/stability.rs:26:            replay_integrity_score: 1.0,
crates/amun-state-machine/src/stability.rs:29:            total_transitions: 0,
crates/amun-state-machine/src/stability.rs:6:    pub replay_integrity_score: f64,
crates/amun-state-machine/src/stability.rs:9:    pub total_transitions: u64,
crates/amun-state-machine/src/states.rs:42:    pub transition_id: Option<[u8; 32]>,
crates/amun-state-machine/src/states.rs:54:        transition_id: Option<[u8; 32]>,
crates/amun-state-machine/src/states.rs:63:            transition_id,
crates/amun-state-machine/src/states.rs:66:        s.state_hash = s.compute_hash();
crates/amun-state-machine/src/states.rs:70:    fn compute_hash(&self) -> [u8; 32] {
crates/amun-state-machine/src/states.rs:80:        if let Some(tid) = &self.transition_id {
crates/amun-state-machine/src/states.rs:83:        h.finalize()
crates/amun-state-machine/src/states.rs:86:    pub fn verify(&self) -> bool {
crates/amun-state-machine/src/states.rs:87:        self.compute_hash() == self.state_hash
crates/amun-state-machine/src/thermodynamics.rs:2:/// Every fork, amendment, and replay divergence increases entropy.
crates/amun-state-machine/src/thermodynamics.rs:37:    /// Each replay divergence increases entropy.
crates/amun-state-machine/src/thermodynamics.rs:38:    pub fn record_replay_divergence(&mut self, bytes: u64) {
crates/amun-state-machine/src/thermodynamics.rs:3:/// Every merge, freeze, and replay convergence decreases it.
crates/amun-state-machine/src/transitions.rs:113:/// A transition with full constitutional causality binding.
crates/amun-state-machine/src/transitions.rs:116:    pub transition_id: [u8; 32],
crates/amun-state-machine/src/transitions.rs:117:    pub transition_type: TransitionType,
crates/amun-state-machine/src/transitions.rs:122:    pub previous_transition_hash: Option<[u8; 32]>,
crates/amun-state-machine/src/transitions.rs:127:    /// Causal reference: what transition(s) this one depends on
crates/amun-state-machine/src/transitions.rs:128:    pub causal_transition_hash: Option<[u8; 32]>,
crates/amun-state-machine/src/transitions.rs:135:        transition_type: TransitionType,
crates/amun-state-machine/src/transitions.rs:140:        previous_transition_hash: Option<[u8; 32]>,
crates/amun-state-machine/src/transitions.rs:144:        causal_transition_hash: Option<[u8; 32]>,
crates/amun-state-machine/src/transitions.rs:147:            transition_id: [0u8; 32],
crates/amun-state-machine/src/transitions.rs:148:            transition_type,
crates/amun-state-machine/src/transitions.rs:153:            previous_transition_hash,
crates/amun-state-machine/src/transitions.rs:157:            causal_transition_hash,
crates/amun-state-machine/src/transitions.rs:160:        t.transition_id = t.compute_id();
crates/amun-state-machine/src/transitions.rs:164:    fn compute_id(&self) -> [u8; 32] {
crates/amun-state-machine/src/transitions.rs:166:        h.update(&[self.transition_type.canonical_tag()]);
crates/amun-state-machine/src/transitions.rs:171:        if let Some(prev) = &self.previous_transition_hash {
crates/amun-state-machine/src/transitions.rs:177:        if let Some(causal) = &self.causal_transition_hash {
crates/amun-state-machine/src/transitions.rs:180:        h.finalize()
crates/amun-state-machine/src/transitions.rs:183:    pub fn verify_monotonicity(&self) -> Result<(), String> {
crates/amun-state-machine/src/transitions.rs:203:    pub transition_id: [u8; 32],
crates/amun-state-machine/src/transitions.rs:41:    pub fn resolve(from: StateTag, transition: TransitionType) -> Option<StateTag> {
crates/amun-state-machine/src/transitions.rs:42:        match (from, transition) {
crates/amun-state-machine/src/transitions.rs:70:    pub fn legal_transitions(from: StateTag) -> Vec<TransitionType> {
crates/amun-state-machine/src/transitions.rs:91:    pub fn forbidden_transitions(from: StateTag) -> Vec<TransitionType> {
crates/amun-state-machine/src/verifier.rs:12:        transition_id: [u8; 32],
crates/amun-state-machine/src/verifier.rs:21:    pub fn verify_transition(
crates/amun-state-machine/src/verifier.rs:23:        transition_type: TransitionType,
crates/amun-state-machine/src/verifier.rs:29:        previous_transition_hash: Option<[u8; 32]>,
crates/amun-state-machine/src/verifier.rs:33:        let to_tag = match TransitionAlgebra::resolve(from.state_tag, transition_type) {
crates/amun-state-machine/src/verifier.rs:36:                let forbidden = TransitionAlgebra::forbidden_transitions(from.state_tag);
crates/amun-state-machine/src/verifier.rs:39:                        "Illegal transition: {:?} -> {:?}. Forbidden from {:?}: {:?}",
crates/amun-state-machine/src/verifier.rs:40:                        from.state_tag, transition_type, from.state_tag, forbidden
crates/amun-state-machine/src/verifier.rs:46:        if let Err(errors) = Precondition::verify_all(from, transition_type, preconditions) {
crates/amun-state-machine/src/verifier.rs:4:use super::transitions::{Transition, TransitionAlgebra, TransitionType};
crates/amun-state-machine/src/verifier.rs:50:        let transition = Transition::new(
crates/amun-state-machine/src/verifier.rs:51:            transition_type,
crates/amun-state-machine/src/verifier.rs:56:            previous_transition_hash,
crates/amun-state-machine/src/verifier.rs:63:        if let Err(e) = transition.verify_monotonicity() {
crates/amun-state-machine/src/verifier.rs:74:            Some(transition.transition_id),
crates/amun-state-machine/src/verifier.rs:77:        if !new_state.verify() {
crates/amun-state-machine/src/verifier.rs:85:            transition_id: transition.transition_id,
crates/amun-state-machine/src/verifier.rs:89:    pub fn verify_invariants(
crates/amun-state-pruning/src/lib.rs:56:    pub fn compute_pruned_root(&self) -> [u8; 32] {
crates/amun-state-pruning/src/lib.rs:62:        hasher.update(self.registry.compute_state_root());
crates/amun-state-pruning/src/lib.rs:65:        hasher.finalize().into()
crates/amun-state-pruning/tests/n166_pruning_tests.rs:152:    assert_eq!(pr1.compute_pruned_root(), pr2.compute_pruned_root());
crates/amun-state-root/src/continuity.rs:6:    pub fn verify_link(parent_hash: &[u8; 32], child: &ConstitutionalSnapshot) -> bool {
crates/amun-state-root/src/identity.rs:26:    pub fn compute(&self) -> [u8; 32] {
crates/amun-state-root/src/laws.rs:1:pub const STATE_ROOT_LAW: &str = "assert_eq!(recomputed_root, committed_root)";
crates/amun-state-root/src/laws.rs:2:pub const REPLAY_EQUIVALENCE_LAW: &str = "assert_eq!(live_execution_hash, replay_hash)";
crates/amun-state-root/src/lib.rs:13:pub use replay::{ReplayCertificate, ReplayEquivalenceProof, ReplayTranscript};
crates/amun-state-root/src/lib.rs:6:pub mod replay;
crates/amun-state-root/src/proofs.rs:10:    pub fn verify(&self, expected_root: &[u8; 32]) -> bool {
crates/amun-state-root/src/proofs.rs:14:        let mut hash = hasher.finalize();
crates/amun-state-root/src/proofs.rs:26:            hash = hasher.finalize();
crates/amun-state-root/src/replay.rs:13:        out.extend_from_slice(&self.replayed_root);
crates/amun-state-root/src/replay.rs:6:    pub replayed_root: [u8; 32],
crates/amun-state-root/src/snapshot.rs:18:    pub replay_equivalence_proof: ReplayEquivalenceProof,
crates/amun-state-root/src/snapshot.rs:22:/// Proof that live and replayed executions produced the same state root.
crates/amun-state-root/src/snapshot.rs:29:    pub replayed_root: [u8; 32],
crates/amun-state-root/src/snapshot.rs:35:    pub fn verify(&self) -> bool {
crates/amun-state-root/src/snapshot.rs:36:        self.live_root == self.replayed_root
crates/amun-state-root/src/snapshot.rs:43:        out.extend_from_slice(&self.replayed_root);
crates/amun-state-root/src/snapshot.rs:57:        self.replay_equivalence_proof.encode_canonical(out);
crates/amun-state-root/src/snapshot.rs:64:    /// Uses `debug_assert!` to verify integrity in debug/test builds
crates/amun-state-root/src/snapshot.rs:68:            self.verify_constitutional_integrity(),
crates/amun-state-root/src/snapshot.rs:6:/// A snapshot carrying replay-verifiable constitutional truth.
crates/amun-state-root/src/snapshot.rs:75:    pub fn verify_constitutional_integrity(&self) -> bool {
crates/amun-state-root/src/snapshot.rs:76:        self.execution_transcript.verify_transcript().is_ok()
crates/amun-state-root/src/snapshot.rs:77:            && self.replay_equivalence_proof.verify()
crates/amun-state-root/src/snapshot.rs:84:    pub quorum_commitment: super::verifier::SealCommitment,
crates/amun-state-root/src/verifier.rs:1:/// A concrete cryptographic commitment from a quorum.
crates/amun-state-root/src/verifier.rs:3:/// remains serializable and replayable without coupling.
crates/amun-state-root/src/verifier.rs:5:    pub commitment: [u8; 32],
crates/amun-state-sync/src/lib.rs:101:    fn n56_chunk_verify() {
crates/amun-state-sync/src/lib.rs:104:        assert!(chunk.verify());
crates/amun-state-sync/src/lib.rs:112:        assert!(!chunk.verify());
crates/amun-state-sync/src/lib.rs:120:        let (root, proofs) = build_chunk_merkle_tree(&chunks);
crates/amun-state-sync/src/lib.rs:124:            assert!(proof.verify());
crates/amun-state-sync/src/lib.rs:136:        let state_root = reg.compute_state_root();
crates/amun-state-sync/src/lib.rs:149:        let (chunk_root, chunk_proofs) = build_chunk_merkle_tree(&chunks);
crates/amun-state-sync/src/lib.rs:166:        assert!(pkg.verify());
crates/amun-state-sync/src/lib.rs:169:        let result = StatelessVerifier::verify(&pkg, history_root);
crates/amun-state-sync/src/lib.rs:198:        let result = StatelessVerifier::verify(&pkg, [0x99; 32]);
crates/amun-state-sync/src/lib.rs:206:        let state_root = reg.compute_state_root();
crates/amun-state-sync/src/lib.rs:213:        let (chunk_root, chunk_proofs) = build_chunk_merkle_tree(&chunks);
crates/amun-state-sync/src/lib.rs:232:        let result = StatelessVerifier::verify(&pkg, history_root);
crates/amun-state-sync/src/lib.rs:242:        let state_root = reg.compute_state_root();
crates/amun-state-sync/src/lib.rs:252:        let (chunk_root, chunk_proofs) = build_chunk_merkle_tree(&chunks);
crates/amun-state-sync/src/lib.rs:270:        let result = StatelessVerifier::verify(&pkg, history_root);
crates/amun-state-sync/src/lib.rs:68:    fn n56_snapshot_certificate_verify() {
crates/amun-state-sync/src/lib.rs:80:        assert!(cert.verify());
crates/amun-state-sync/src/lib.rs:97:        assert!(!cert.verify());
crates/amun-state-sync/src/snapshot_certificate.rs:17:    pub issued_at: u64,
crates/amun-state-sync/src/snapshot_certificate.rs:30:        issued_at: u64,
crates/amun-state-sync/src/snapshot_certificate.rs:42:            issued_at,
crates/amun-state-sync/src/snapshot_certificate.rs:45:        cert.certificate_hash = cert.compute_hash();
crates/amun-state-sync/src/snapshot_certificate.rs:49:    fn compute_hash(&self) -> [u8; 32] {
crates/amun-state-sync/src/snapshot_certificate.rs:59:        hasher.update(&self.issued_at.to_le_bytes());
crates/amun-state-sync/src/snapshot_certificate.rs:61:        let hash = hasher.finalize();
crates/amun-state-sync/src/snapshot_certificate.rs:67:    pub fn verify(&self) -> bool {
crates/amun-state-sync/src/snapshot_certificate.rs:68:        self.certificate_hash == self.compute_hash()
crates/amun-state-sync/src/state_chunk.rs:110:            let hash = hasher.finalize();
crates/amun-state-sync/src/state_chunk.rs:120:fn compute_merkle_siblings(leaves: &[[u8; 32]], target_idx: usize) -> Vec<([u8; 32], bool)> {
crates/amun-state-sync/src/state_chunk.rs:13:        let chunk_hash = Self::compute_chunk_hash(chunk_id, &resources);
crates/amun-state-sync/src/state_chunk.rs:145:            let hash = hasher.finalize();
crates/amun-state-sync/src/state_chunk.rs:21:    pub fn compute_chunk_hash(chunk_id: u32, resources: &[ResourceMetadata]) -> [u8; 32] {
crates/amun-state-sync/src/state_chunk.rs:32:        let hash = hasher.finalize();
crates/amun-state-sync/src/state_chunk.rs:38:    pub fn verify(&self) -> bool {
crates/amun-state-sync/src/state_chunk.rs:39:        self.chunk_hash == Self::compute_chunk_hash(self.chunk_id, &self.resources)
crates/amun-state-sync/src/state_chunk.rs:56:    pub fn verify(&self) -> bool {
crates/amun-state-sync/src/state_chunk.rs:68:            let hash = hasher.finalize();
crates/amun-state-sync/src/state_chunk.rs:75:pub fn build_chunk_merkle_tree(chunks: &[StateChunk]) -> ([u8; 32], Vec<ChunkMerkleProof>) {
crates/amun-state-sync/src/state_chunk.rs:80:    let chunk_root = compute_merkle_root(&leaf_hashes);
crates/amun-state-sync/src/state_chunk.rs:83:        let siblings = compute_merkle_siblings(&leaf_hashes, i);
crates/amun-state-sync/src/state_chunk.rs:94:fn compute_merkle_root(leaves: &[[u8; 32]]) -> [u8; 32] {
crates/amun-state-sync/src/stateless_verifier.rs:19:    pub fn verify(
crates/amun-state-sync/src/stateless_verifier.rs:23:        if !package.verify() {
crates/amun-state-sync/src/stateless_verifier.rs:30:        if !cert.verify() {
crates/amun-state-sync/src/stateless_verifier.rs:55:            if !chunk.verify() {
crates/amun-state-sync/src/stateless_verifier.rs:68:            if !proof.verify() {
crates/amun-state-sync/src/stateless_verifier.rs:91:        let reconstructed_root = temp_reg.compute_state_root();
crates/amun-state-sync/src/sync_package.rs:27:        pkg.package_hash = pkg.compute_hash();
crates/amun-state-sync/src/sync_package.rs:31:    fn compute_hash(&self) -> [u8; 32] {
crates/amun-state-sync/src/sync_package.rs:39:        let hash = hasher.finalize();
crates/amun-state-sync/src/sync_package.rs:45:    pub fn verify(&self) -> bool {
crates/amun-state-sync/src/sync_package.rs:46:        self.package_hash == self.compute_hash()
crates/amun-state-sync/src/sync_protocol.rs:101:        // Rebuild StateChunks using ::new() — hash is recomputed from resources
crates/amun-state-sync/src/sync_protocol.rs:120:        let (chunk_root, chunk_proofs) = crate::state_chunk::build_chunk_merkle_tree(&chunks);
crates/amun-state-sync/src/sync_protocol.rs:145:        match StatelessVerifier::verify(&package, trusted_history_root) {
crates/amun-state-sync/src/sync_protocol.rs:155:                if registry.compute_state_root() != state_root {
crates/amun-state-sync/src/sync_protocol.rs:174:                state_root: registry.compute_state_root(),
crates/amun-state-sync/src/sync_protocol.rs:186:    pub fn apply_delta(
crates/amun-state-sync/src/sync_protocol.rs:196:            if registry.compute_state_root() != block.state_root {
crates/amun-state-sync/src/sync_protocol.rs:268:        let root = reg.compute_state_root();
crates/amun-state-sync/src/sync_protocol.rs:273:        assert_eq!(imported.compute_state_root(), root);
crates/amun-state-sync/src/sync_protocol.rs:279:        let root = reg.compute_state_root();
crates/amun-state-sync/src/sync_protocol.rs:283:        assert_eq!(imported.compute_state_root(), root);
crates/amun-state-sync/src/sync_protocol.rs:351:    fn n65_delta_apply() {
crates/amun-state-sync/src/sync_protocol.rs:353:        let root = reg.compute_state_root();
crates/amun-state-sync/src/sync_protocol.rs:378:        SyncProtocol::apply_delta(&mut reg, &delta).unwrap();
crates/amun-state-sync/src/sync_protocol.rs:379:        assert_eq!(reg.compute_state_root(), root);
crates/amun-state-sync/src/sync_protocol.rs:384:// to avoid this. N65.1 will fix compute_merkle_siblings to handle odd leaves.
crates/amun-state-sync/src/sync_protocol.rs:67:        let state_root = registry.compute_state_root();
crates/amun-state-sync/src/sync_protocol.rs:74:        let (chunk_root, _proofs) = crate::state_chunk::build_chunk_merkle_tree(&chunks);
crates/amun-state-transition/src/journal.rs:73:        jh.copy_from_slice(&h.finalize().as_bytes()[..32]);
crates/amun-state-transition/src/journal.rs:84:    pub fn verify_continuity(&self) -> bool {
crates/amun-state-transition/src/receipt.rs:61:        out.copy_from_slice(&h.finalize().as_bytes()[..32]);
crates/amun-state-transition/src/state.rs:112:            key.copy_from_slice(&h.finalize().as_bytes()[..32]);
crates/amun-state-transition/src/state.rs:118:            Self::compute_root_with_overlay(state, execution_version, epoch_seal_hash, &overlay);
crates/amun-state-transition/src/state.rs:128:    pub fn execute(
crates/amun-state-transition/src/state.rs:134:        Self::execute_transition(
crates/amun-state-transition/src/state.rs:144:    pub fn compute_root(
crates/amun-state-transition/src/state.rs:161:    pub fn compute_root_with_overlay(
crates/amun-state-transition/src/state.rs:208:    pub fn apply_overlay(&mut self, overlay: StateOverlay, new_root: [u8; 32]) {
crates/amun-state-transition/src/state.rs:209:        overlay.commit_to(&mut self.state);
crates/amun-state-transition/src/state.rs:48:    pub fn commit_to(self, target: &mut DeterministicMap<[u8; 32], Vec<u8>>) {
crates/amun-state-transition/src/state.rs:62:/// Stateless transition output.
crates/amun-state-transition/src/state.rs:84:    /// STATELESS transition function. Takes an explicit state reference,
crates/amun-state-transition/src/state.rs:86:    pub fn execute_transition(
crates/amun-state-transition/src/state.rs:94:        let from_root = Self::compute_root(state, execution_version, epoch_seal_hash);
crates/amun-state-types/src/lib.rs:12:pub use transitions::State;
crates/amun-state-types/src/lib.rs:9:pub mod transitions;
crates/amun-state-types/src/tests.rs:11:fn test_state_verify_success() {
crates/amun-state-types/src/tests.rs:14:    let verified = match s.verify(|v| if *v > 0 { Ok(()) } else { Err("zero") }) {
crates/amun-state-types/src/tests.rs:23:fn test_state_verify_failure() {
crates/amun-state-types/src/tests.rs:26:    let result = s.verify(|v| {
crates/amun-state-types/src/tests.rs:2:use crate::transitions::State;
crates/amun-state-types/src/tests.rs:38:fn test_state_commit() {
crates/amun-state-types/src/tests.rs:41:    let verified = match s.verify(|_| Ok::<(), ()>(())) {
crates/amun-state-types/src/tests.rs:46:    let committed = verified.commit();
crates/amun-state-types/src/tests.rs:48:    assert_eq!(*committed.inner(), 42);
crates/amun-state-types/src/tests.rs:52:fn test_state_finalize() {
crates/amun-state-types/src/tests.rs:55:    let verified = match s.verify(|_| Ok::<(), ()>(())) {
crates/amun-state-types/src/tests.rs:60:    let finalized = verified.commit().finalize();
crates/amun-state-types/src/tests.rs:62:    assert_eq!(*finalized.inner(), 42);
crates/amun-state-types/src/tests.rs:69:    let verified = match s.verify(|_| Ok::<(), ()>(())) {
crates/amun-state-types/src/tests.rs:74:    let finalized = verified.commit().finalize();
crates/amun-state-types/src/tests.rs:76:    assert_eq!(finalized.into_inner(), 42);
crates/amun-state-types/src/tests.rs:90:    let verified = match s.verify(|_| Ok::<(), ()>(())) {
crates/amun-state-types/src/transitions.rs:120:    pub fn mark_executed(self) -> State<T, S, D, Executed> {
crates/amun-state-types/src/transitions.rs:2:// Each dimension transitions independently.
crates/amun-state-types/src/transitions.rs:33:// Structural transitions
crates/amun-state-types/src/transitions.rs:35:    pub fn verify<F, E>(self, f: F) -> Result<State<T, Verified, D, C>, (Self, E)>
crates/amun-state-types/src/transitions.rs:52:    pub fn commit(self) -> State<T, Committed, D, C> {
crates/amun-state-types/src/transitions.rs:63:    pub fn finalize(self) -> State<T, Finalized, D, C> {
crates/amun-state-types/src/transitions.rs:73:// Durability transitions
crates/amun-state-types/src/transitions.rs:96:// Consensus transitions
crates/amun-stateless-sync/src/lib.rs:118:    pub fn verify_height(&self, height: u64) -> Result<(), String> {
crates/amun-stateless-sync/src/lib.rs:132:        amun_constitutional_block::verify_light_client_proof(header, &bundle.certificate, proof)
crates/amun-stateless-sync/src/lib.rs:135:    pub fn verify_chain(&self) -> Result<(), String> {
crates/amun-stateless-sync/src/lib.rs:137:            self.verify_height(h)?;
crates/amun-stateless-sync/src/lib.rs:171:            bundle.verify()?;
crates/amun-stateless-sync/src/lib.rs:182:        node.verify_chain()?;
crates/amun-stateless-sync/src/lib.rs:198:        rt.apply_transition(&[height as u8; 32], &[0xAA; 32]);
crates/amun-stateless-sync/src/lib.rs:252:            ProofBundleSyncMessage::BundleResponse { bundle: b } => assert!(b.verify().is_ok()),
crates/amun-stateless-sync/src/lib.rs:268:        assert!(node.verify_height(0).is_ok());
crates/amun-stateless-sync/src/lib.rs:272:    fn n11d_stateless_node_verify_chain() {
crates/amun-stateless-sync/src/lib.rs:285:        assert!(node.verify_chain().is_ok());
crates/amun-stateless-sync/src/lib.rs:296:        assert!(node.verify_chain().is_ok());
crates/amun-stateless-sync/src/lib.rs:311:        assert!(node.verify_height(5).is_err());
crates/amun-stf/src/lib.rs:13:pub use transition::StateTransition;
crates/amun-stf/src/lib.rs:17:pub mod transition_result;
crates/amun-stf/src/lib.rs:8:pub mod transition;
crates/amun-stf/src/nonce.rs:27:    pub fn validate_nonce<S: StateStore>(
crates/amun-stf/src/state.rs:114:        Ok(amun_merkle::MerkleTree::compute_root(&leaves))
crates/amun-stf/src/state.rs:21:    PublicHash32::new(hasher.finalize().into())
crates/amun-stf/src/stf.rs:22:    pub fn apply_set(&mut self, key: Vec<u8, 32>, value: Vec<u8, 32>) -> AmunResult<()> {
crates/amun-stf/src/stf.rs:34:    pub fn apply_delete(&mut self, key: Vec<u8, 32>) -> AmunResult<()> {
crates/amun-stf/src/stf.rs:46:    pub fn commit(&mut self) -> AmunResult<PublicHash32> {
crates/amun-stf/src/stf.rs:50:        self.state_root = self.compute_root();
crates/amun-stf/src/stf.rs:62:    fn compute_root(&self) -> PublicHash32 {
crates/amun-stf/src/stf.rs:74:        let h = hasher.finalize();
crates/amun-stf/src/tests.rs:14:    stf.apply_set(key, val).expect("test invariant");
crates/amun-stf/src/tests.rs:15:    let new_root = stf.commit().expect("test invariant");
crates/amun-stf/src/tests.rs:27:    stf.apply_set(key, val).expect("test invariant");
crates/amun-stf/src/tests.rs:41:        stf1.apply_set(k.clone(), v.clone())
crates/amun-stf/src/tests.rs:43:        stf2.apply_set(k, v).expect("test invariant");
crates/amun-stf/src/tests.rs:45:    let r1 = stf1.commit().expect("test invariant");
crates/amun-stf/src/tests.rs:46:    let r2 = stf2.commit().expect("test invariant");
crates/amun-stf/src/tests.rs:53:fn test_apply_block_deterministic() {}
crates/amun-stf/src/tests.rs:55:fn test_nonce_rejects_replay() {}
crates/amun-stf/src/tests.rs:7:fn test_stf_commit_changes_root() {
crates/amun-stf/src/transition.rs:11:    pub fn apply_block<S: StateStore>(
crates/amun-stf/src/transition_result.rs:14:pub fn execute_transition_with_receipt(
crates/amun-stf/src/transition_result.rs:17:    execute_logic: impl FnOnce(&[u8]) -> TransitionExecutionResult,
crates/amun-stf/src/transition_result.rs:29:    let result = execute_logic(pre_state);
crates/amun-stf/src/transition_result.rs:52:    receipt.verify_consistency().map_err(alloc::string::String::from)?;
crates/amun-stf/tests/integration_test.rs:10:    let receipt = execute_transition_with_receipt(
crates/amun-stf/tests/integration_test.rs:27:    assert!(receipt.verify_consistency().is_ok());
crates/amun-stf/tests/integration_test.rs:2:use amun_stf::transition_result::{execute_transition_with_receipt, TransitionExecutionResult};
crates/amun-stf/tests/integration_test.rs:41:    let receipt = execute_transition_with_receipt(
crates/amun-stf/tests/integration_test.rs:68:        let receipt = execute_transition_with_receipt(
crates/amun-stf/tests/integration_test.rs:84:        // Advance state for next iteration — evolve actual state, not commitment.
crates/amun-stf/tests/integration_test.rs:94:    assert!(transcript.verify_transcript().is_ok());
crates/amun-stf/tests/replay_equivalence.rs:112:        .expect("corrupted replay must still execute");
crates/amun-stf/tests/replay_equivalence.rs:116:        replay_transcript.add_receipt(receipt);
crates/amun-stf/tests/replay_equivalence.rs:119:    let replay_root = replay_transcript
crates/amun-stf/tests/replay_equivalence.rs:11:fn execute_block(txs: &[[u8; 32]]) -> (ExecutionTranscript, Vec<u8>, [u8; 32]) {
crates/amun-stf/tests/replay_equivalence.rs:122:        .expect("replay transcript must not be empty")
crates/amun-stf/tests/replay_equivalence.rs:126:        live_root, replay_root,
crates/amun-stf/tests/replay_equivalence.rs:127:        "divergent replay unexpectedly matched"
crates/amun-stf/tests/replay_equivalence.rs:135:    let replay_hashes: Vec<[u8; 32]> = replay_transcript
crates/amun-stf/tests/replay_equivalence.rs:141:        live_hashes, replay_hashes,
crates/amun-stf/tests/replay_equivalence.rs:142:        "divergent replay produced identical receipts"
crates/amun-stf/tests/replay_equivalence.rs:17:        let receipt = execute_transition_with_receipt(
crates/amun-stf/tests/replay_equivalence.rs:48:fn test_single_block_replay_equivalence() {
crates/amun-stf/tests/replay_equivalence.rs:51:    let (live_transcript, live_state, live_root) = execute_block(&txs);
crates/amun-stf/tests/replay_equivalence.rs:52:    let (replay_transcript, replay_state, replay_root) = execute_block(&txs);
crates/amun-stf/tests/replay_equivalence.rs:54:    assert_eq!(live_root, replay_root, "live and replay roots diverged");
crates/amun-stf/tests/replay_equivalence.rs:55:    assert_eq!(live_state, replay_state, "live and replay state diverged");
crates/amun-stf/tests/replay_equivalence.rs:58:        replay_transcript.receipts.len(),
crates/amun-stf/tests/replay_equivalence.rs:5:use amun_stf::transition_result::{execute_transition_with_receipt, TransitionExecutionResult};
crates/amun-stf/tests/replay_equivalence.rs:62:    for (index, (live, replay)) in live_transcript
crates/amun-stf/tests/replay_equivalence.rs:65:        .zip(replay_transcript.receipts.iter())
crates/amun-stf/tests/replay_equivalence.rs:70:            replay.receipt_hash(),
crates/amun-stf/tests/replay_equivalence.rs:74:        assert_eq!(live.tx_hash, replay.tx_hash);
crates/amun-stf/tests/replay_equivalence.rs:75:        assert_eq!(live.pre_state_root, replay.pre_state_root);
crates/amun-stf/tests/replay_equivalence.rs:76:        assert_eq!(live.post_state_root, replay.post_state_root);
crates/amun-stf/tests/replay_equivalence.rs:77:        assert_eq!(live.execution_result_hash, replay.execution_result_hash);
crates/amun-stf/tests/replay_equivalence.rs:78:        assert_eq!(live.status, replay.status);
crates/amun-stf/tests/replay_equivalence.rs:79:        assert_eq!(live.state_changed, replay.state_changed);
crates/amun-stf/tests/replay_equivalence.rs:80:        assert_eq!(live.previous_receipt_hash, replay.previous_receipt_hash);
crates/amun-stf/tests/replay_equivalence.rs:83:    assert!(live_transcript.verify_transcript().is_ok());
crates/amun-stf/tests/replay_equivalence.rs:84:    assert!(replay_transcript.verify_transcript().is_ok());
crates/amun-stf/tests/replay_equivalence.rs:88:fn test_replay_detects_divergent_execution() {
crates/amun-stf/tests/replay_equivalence.rs:91:    let (live_transcript, _live_state, live_root) = execute_block(&txs);
crates/amun-stf/tests/replay_equivalence.rs:93:    let mut replay_transcript = ExecutionTranscript::new();
crates/amun-stf/tests/replay_equivalence.rs:98:        let receipt = execute_transition_with_receipt(
crates/amun-storage-engine/src/checkpoint.rs:12:            committed: false,
crates/amun-storage-engine/src/checkpoint.rs:16:    pub fn commit(&mut self) {
crates/amun-storage-engine/src/checkpoint.rs:17:        self.committed = true;
crates/amun-storage-engine/src/checkpoint.rs:20:    pub fn is_committed(&self) -> bool {
crates/amun-storage-engine/src/checkpoint.rs:21:        self.committed
crates/amun-storage-engine/src/checkpoint.rs:4:    pub committed: bool,
crates/amun-storage-kernel/src/lib.rs:123:    pub fn verify_epoch_transition(
crates/amun-storage-kernel/src/lib.rs:128:            // Epoch transition: generation resets to 0
crates/amun-storage-kernel/src/lib.rs:131:                    "epoch transition must reset generation to 0, got {}",
crates/amun-storage-kernel/src/lib.rs:136:        Self::verify_lineage_continuity(prev, next)
crates/amun-storage-kernel/src/lib.rs:76:        let lineage_hash = hasher.finalize().into();
crates/amun-storage-kernel/src/lib.rs:94:    pub fn verify_lineage_continuity(
crates/amun-storage-kernel/src/persistence/wal/entry.rs:107:        hasher.finalize().into()
crates/amun-storage-kernel/src/persistence/wal/entry.rs:34:        let entry_hash = Self::compute_hash(
crates/amun-storage-kernel/src/persistence/wal/entry.rs:61:    pub fn verify_chain(&self, expected_prev: &[u8; 32]) -> bool {
crates/amun-storage-kernel/src/persistence/wal/entry.rs:65:        let computed = Self::compute_hash(
crates/amun-storage-kernel/src/persistence/wal/entry.rs:77:        computed == self.entry_hash
crates/amun-storage-kernel/src/persistence/wal/entry.rs:80:    fn compute_hash(
crates/amun-storage-kernel/src/persistence/wal/iterator.rs:113:                            "epoch transition must reset gen at {}: epoch {} gen {}",
crates/amun-storage-kernel/src/persistence/wal/iterator.rs:134:                        "replay divergence at {}: {:?} != {:?}",
crates/amun-storage-kernel/src/persistence/wal/iterator.rs:71:        if !entry.verify_chain(&self.last_entry_hash) {
crates/amun-storage-kernel/src/persistence/wal/iterator.rs:85:    pub fn verify_full_replay(wal_path: &str) -> Result<([u8; 32], u64), String> {
crates/amun-storage-kernel/src/smt/proof.rs:312:    pub fn verify(proof: &MerkleProof, root: [u8; 32]) -> bool {
crates/amun-storage-kernel/src/smt/proof.rs:313:        proof.verify(root)
crates/amun-storage-kernel/src/smt/proof.rs:90:    pub fn verify(&self, root: [u8; 32]) -> bool {
crates/amun-storage-kernel/src/smt/tree.rs:128:                    return self.build_canonical_branch(
crates/amun-storage-kernel/src/smt/tree.rs:171:    fn build_canonical_branch(
crates/amun-storage-kernel/src/smt/tree.rs:198:        let child = self.build_canonical_branch(
crates/amun-storage-kernel/src/smt/tree.rs:23:    fn build_empty_ladder() -> Vec<NodeHash> {
crates/amun-storage-kernel/src/smt/tree.rs:36:        let empty_ladder = Arc::new(Self::build_empty_ladder());
crates/amun-storage-kernel/tests/canonical_constants.rs:10:            CANONICAL_EMPTY_ROOT_V1, computed,
crates/amun-storage-kernel/tests/canonical_constants.rs:8:        let computed = SparseMerkleTree::canonical_empty_root();
crates/amun-storage-kernel/tests/proptest_smt.rs:29:                    prop_assert!(proof.verify(root.0), "proof verification failed");
crates/amun-storage-kernel/tests/proptest_smt.rs:54:                    prop_assert!(proof.verify(root.0), "absence proof verification failed");
crates/amun-storage-kernel/tests/replay_equivalence.rs:100:    fn replay_detects_epoch_regression() {
crates/amun-storage-kernel/tests/replay_equivalence.rs:136:        let result = ReplayVerifier::verify_full_replay(wal_path.to_str().unwrap());
crates/amun-storage-kernel/tests/replay_equivalence.rs:28:    fn replay_equivalence_passes() {
crates/amun-storage-kernel/tests/replay_equivalence.rs:53:        let (replayed_root, count) =
crates/amun-storage-kernel/tests/replay_equivalence.rs:54:            ReplayVerifier::verify_full_replay(wal_path.to_str().unwrap()).unwrap();
crates/amun-storage-kernel/tests/replay_equivalence.rs:57:        assert_eq!(replayed_root, root.0);
crates/amun-storage-kernel/tests/replay_equivalence.rs:61:    fn replay_detects_divergence() {
crates/amun-storage-kernel/tests/replay_equivalence.rs:94:        let result = ReplayVerifier::verify_full_replay(wal_path.to_str().unwrap());
crates/amun-storage-kernel/tests/replay_equivalence.rs:96:        assert!(result.unwrap_err().contains("replay divergence"));
crates/amun-storage-kernel/tests/specification_compliance.rs:121:            proof.verify(root),
crates/amun-storage-kernel/tests/specification_compliance.rs:148:            proof.verify(root),
crates/amun-storage-kernel/tests/terminal_empty.rs:9:        // Verified by build_empty_ladder which sets ladder[256] = NodeHash::ZERO.
crates/amun-survival-console/src/dashboard.rs:45:        consensus_transitions: usize,
crates/amun-survival-console/src/dashboard.rs:49:        let truth_ok = self.truth_engine.compute_chain_root(0).is_ok();
crates/amun-survival-console/src/dashboard.rs:52:            consensus_transitions,
crates/amun-sync/src/bin/bootstrap.rs:1:use amun_chain_store::snapshot::{create_snapshot, restore_snapshot, verify_snapshot};
crates/amun-sync/src/bin/bootstrap.rs:38:    verify_snapshot(&snap_dir).expect("Snapshot verification failed");
crates/amun-testnet-sim/tests/adversarial_tests.rs:117:    let mut reg = build_registry(10);
crates/amun-testnet-sim/tests/adversarial_tests.rs:124:        pre_state_root: reg.compute_state_root(),
crates/amun-testnet-sim/tests/adversarial_tests.rs:127:    let mut block = ReplayBackedConsensus::execute_and_replay(
crates/amun-testnet-sim/tests/adversarial_tests.rs:136:    block.replay_verifications[0].replay_success = false;
crates/amun-testnet-sim/tests/adversarial_tests.rs:148:    let source_reg = build_registry(100);
crates/amun-testnet-sim/tests/adversarial_tests.rs:149:    let state_root_before = source_reg.compute_state_root();
crates/amun-testnet-sim/tests/adversarial_tests.rs:156:    assert_eq!(recovered_reg.compute_state_root(), state_root_before);
crates/amun-testnet-sim/tests/adversarial_tests.rs:162:fn n60_long_run_blocks_consistent_replay() {
crates/amun-testnet-sim/tests/adversarial_tests.rs:163:    // Use the same initial state for all replays.
crates/amun-testnet-sim/tests/adversarial_tests.rs:164:    // The key insight: replay verifies that the proof is consistent with
crates/amun-testnet-sim/tests/adversarial_tests.rs:167:    let initial_reg = build_registry(10);
crates/amun-testnet-sim/tests/adversarial_tests.rs:185:            pre_state_root: reg.compute_state_root(),
crates/amun-testnet-sim/tests/adversarial_tests.rs:190:        let result = ConstitutionalRuntime::execute(
crates/amun-testnet-sim/tests/adversarial_tests.rs:203:                transition_proof,
crates/amun-testnet-sim/tests/adversarial_tests.rs:207:                let mut fresh = build_registry(10); // Same genesis state
crates/amun-testnet-sim/tests/adversarial_tests.rs:209:                                                    // Actually, ReplayVerifier::replay calls execute() which starts
crates/amun-testnet-sim/tests/adversarial_tests.rs:212:                let replay = ReplayVerifier::replay(&transition_proof, &program, &mut fresh, &[]);
crates/amun-testnet-sim/tests/adversarial_tests.rs:213:                if !matches!(replay, ReplayResult::Match { .. }) {
crates/amun-testnet-sim/tests/adversarial_tests.rs:214:                    panic!("Block {} replay failed: {:?}", i + 1, replay);
crates/amun-testnet-sim/tests/adversarial_tests.rs:22:fn build_registry(count: u64) -> ResourceRegistry {
crates/amun-testnet-sim/tests/adversarial_tests.rs:232:    let mut reg = build_registry(10);
crates/amun-testnet-sim/tests/adversarial_tests.rs:239:        pre_state_root: reg.compute_state_root(),
crates/amun-testnet-sim/tests/adversarial_tests.rs:242:    let mut block = ReplayBackedConsensus::execute_and_replay(
crates/amun-testnet-sim/tests/adversarial_tests.rs:251:    block.replay_verifications[0].state_root_match = false;
crates/amun-testnet-sim/tests/adversarial_tests.rs:263:    let source_reg = build_registry(100);
crates/amun-testnet-sim/tests/adversarial_tests.rs:264:    let state_root = source_reg.compute_state_root();
crates/amun-testnet-sim/tests/adversarial_tests.rs:270:    assert_eq!(result.unwrap().compute_state_root(), state_root);
crates/amun-testnet-sim/tests/adversarial_tests.rs:45:    let mut reg = build_registry(10);
crates/amun-testnet-sim/tests/adversarial_tests.rs:52:        pre_state_root: reg.compute_state_root(),
crates/amun-testnet-sim/tests/adversarial_tests.rs:55:    let block = ReplayBackedConsensus::execute_and_replay(
crates/amun-testnet-sim/tests/adversarial_tests.rs:6:use amun_replay_consensus::replay_backed_consensus::ReplayBackedConsensus;
crates/amun-testnet-sim/tests/adversarial_tests.rs:7:use amun_replay_verifier::replay_verifier::{ReplayResult, ReplayVerifier};
crates/amun-testnet-sim/tests/adversarial_tests.rs:88:    let mut reg = build_registry(10);
crates/amun-testnet-sim/tests/adversarial_tests.rs:95:        pre_state_root: reg.compute_state_root(),
crates/amun-testnet-sim/tests/adversarial_tests.rs:98:    let block = ReplayBackedConsensus::execute_and_replay(
crates/amun-timeout-aggregator/src/timeout_cert.rs:28:        certificate_hash.copy_from_slice(&h.finalize().as_bytes()[..32]);
crates/amun-timeout-aggregator/src/timeout_cert.rs:38:    pub fn verify(&self) -> bool {
crates/amun-timeout-aggregator/src/timeout_cert.rs:47:        let mut computed = [0u8; 32];
crates/amun-timeout-aggregator/src/timeout_cert.rs:48:        computed.copy_from_slice(&h.finalize().as_bytes()[..32]);
crates/amun-timeout-aggregator/src/timeout_cert.rs:49:        computed == self.certificate_hash
crates/amun-timeout-law/src/timeout.rs:27:        certificate_hash.copy_from_slice(&h.finalize().as_bytes()[..32]);
crates/amun-timeout-law/src/timeout.rs:37:    pub fn verify(&self) -> bool {
crates/amun-timeout-law/src/timeout.rs:46:        let mut computed = [0u8; 32];
crates/amun-timeout-law/src/timeout.rs:47:        computed.copy_from_slice(&h.finalize().as_bytes()[..32]);
crates/amun-timeout-law/src/timeout.rs:48:        computed == self.certificate_hash
crates/amun-timeout-law/src/timeout.rs:60:        if !timeout_cert.verify() {
crates/amun-tls/src/config.rs:27:            let verifier = WebPkiClientVerifier::builder(Arc::new(root_store))
crates/amun-tls/src/config.rs:28:                .build()
crates/amun-tls/src/config.rs:31:            ServerConfig::builder()
crates/amun-tls/src/config.rs:36:            ServerConfig::builder()
crates/amun-tls/src/pinning.rs:19:    pub fn verify(&self, cert_der: &[u8]) -> bool {
crates/amun-tls/src/pinning.rs:23:        fp.copy_from_slice(&hasher.finalize());
crates/amun-tokenomics-ledger/src/lib.rs:119:    // Batch update — canonical way to apply block-level economics
crates/amun-tokenomics-ledger/src/lib.rs:121:    pub fn apply_block_economics(&mut self, delta: &EconomicDelta) {
crates/amun-tokenomics-ledger/src/lib.rs:136:    pub fn on_block_finalized(&mut self, epoch_economics: &EpochEconomics) {
crates/amun-tokenomics-ledger/src/lib.rs:151:            self.total_issued_ntr += epoch_economics.reward_pool;
crates/amun-tokenomics-ledger/src/lib.rs:155:    pub fn compute_economic_root(&self) -> [u8; 32] {
crates/amun-tokenomics-ledger/src/lib.rs:162:        hasher.update(self.total_issued_ntr.to_le_bytes());
crates/amun-tokenomics-ledger/src/lib.rs:167:        hasher.finalize().into()
crates/amun-tokenomics-ledger/src/lib.rs:170:    pub fn compute_ledger_root(&self) -> [u8; 32] {
crates/amun-tokenomics-ledger/src/lib.rs:171:        self.compute_economic_root()
crates/amun-tokenomics-ledger/src/lib.rs:185:        assert_eq!(ledger.issued_supply(), 0);
crates/amun-tokenomics-ledger/src/lib.rs:214:    fn apply_block_economics_batch() {
crates/amun-tokenomics-ledger/src/lib.rs:223:        ledger.apply_block_economics(&delta);
crates/amun-tokenomics-ledger/src/lib.rs:234:        let root1 = ledger.compute_economic_root();
crates/amun-tokenomics-ledger/src/lib.rs:236:        let root2 = ledger.compute_economic_root();
crates/amun-tokenomics-ledger/src/lib.rs:45:    pub total_issued_ntr: u64,
crates/amun-tokenomics-ledger/src/lib.rs:65:            total_issued_ntr: 0,
crates/amun-tokenomics-ledger/src/lib.rs:86:    pub fn issued_supply(&self) -> u64 {
crates/amun-tokenomics-ledger/src/lib.rs:87:        self.total_issued_ntr
crates/amun-tokenomics-ledger/tests/test_ledger.rs:16:        ledger.on_block_finalized(&economics);
crates/amun-tokenomics-ledger/tests/test_ledger.rs:53:        l1.on_block_finalized(&economics);
crates/amun-tokenomics-ledger/tests/test_ledger.rs:54:        l2.on_block_finalized(&economics);
crates/amun-tokenomics-ledger/tests/test_ledger.rs:57:    assert_eq!(l1.compute_ledger_root(), l2.compute_ledger_root());
crates/amun-tokenomics-ledger/tests/test_ledger.rs:66:        ledger.on_block_finalized(&economics);
crates/amun-tokenomics-ledger/tests/test_ledger.rs:71:    assert!(ledger.total_issued_ntr > 0, "Should have issued NTR");
crates/amun-tokenomics/src/lib.rs:36:    pub fn compute_epoch_rewards(total_supply: u64) -> u64 {
crates/amun-tokenomics/src/lib.rs:40:    pub fn compute_distribution(reward: u64) -> (u64, u64, u64) {
crates/amun-tokenomics/src/lib.rs:53:        let (treasury, validators, ecosystem) = Self::compute_distribution(total_new_ntr);
crates/amun-tokenomics/tests/test_tokenomics.rs:19:    let (treasury, validators, ecosystem) = EpochEconomics::compute_distribution(reward);
crates/amun-tokenomics/tests/test_tokenomics.rs:8:    let reward = EpochEconomics::compute_epoch_rewards(total_supply);
crates/amun-transaction/src/tests.rs:110:    assert!(r.expect("test invariant").validate_basic().is_err());
crates/amun-transaction/src/tests.rs:49:    assert!(tx.validate_basic().is_ok());
crates/amun-transaction/src/tests.rs:64:    assert!(r.expect("test invariant").validate_basic().is_ok());
crates/amun-transaction/src/tests.rs:79:    assert!(r.expect("test invariant").validate_basic().is_ok());
crates/amun-transaction/src/tests.rs:94:    assert!(r.expect("test invariant").validate_basic().is_ok());
crates/amun-transaction/src/tx.rs:103:        Self::build(
crates/amun-transaction/src/tx.rs:116:    fn build(
crates/amun-transaction/src/tx.rs:160:    pub fn validate_basic(&self) -> AmunResult<()> {
crates/amun-transaction/src/tx.rs:37:        Self::build(
crates/amun-transaction/src/tx.rs:59:        Self::build(
crates/amun-transaction/src/tx.rs:81:        Self::build(
crates/amun-transactions/src/lib.rs:113:        let s = sk.verifying_key().to_bytes();
crates/amun-transactions/src/lib.rs:139:    fn n23_sign_and_verify() {
crates/amun-transactions/src/lib.rs:141:        assert!(tx.verify());
crates/amun-transactions/src/lib.rs:148:        assert!(!tx.verify());
crates/amun-transactions/src/lib.rs:157:        fake.sender = impostor.verifying_key().to_bytes();
crates/amun-transactions/src/lib.rs:158:        assert!(!fake.verify());
crates/amun-transactions/src/lib.rs:35:        hasher.finalize().into()
crates/amun-transactions/src/lib.rs:54:    pub fn verify(&self) -> bool {
crates/amun-transactions/src/lib.rs:58:        let Ok(verifying_key) = VerifyingKey::from_bytes(&self.sender) else {
crates/amun-transactions/src/lib.rs:64:        verifying_key.verify(&self.signable_data(), &sig).is_ok()
crates/amun-transactions/src/lib.rs:88:        let sender = signing_key.verifying_key().to_bytes();
crates/amun-transcript-semantics/src/lib.rs:102:    #[test] fn test_causal_chain() { let p = EventIdentity::new([0x01;32],[0x00;32],[0xAA;32],1,ReplayDomain::Consensus,[0xBB;32]); let c = EventIdentity::new([0x02;32],[0x01;32],[0xAA;32],2,ReplayDomain::Consensus,[0xBB;32]); assert!(c.verify_causal_chain(&p)); }
crates/amun-transcript-semantics/src/lib.rs:103:    #[test] fn test_authority_replay_required() { assert!(EventAuthority::Authoritative.is_replay_required()); assert!(!EventAuthority::Derived.is_replay_required()); }
crates/amun-transcript-semantics/src/lib.rs:104:    #[test] fn test_immutable_cert() { let c = ImmutableReplayCertificate::new(ReplayDomain::Consensus,[0xBB;32],[0x01;32],[0x02;32],[0x03;32],[0x04;32],100,1); assert!(c.verify()); let h1 = c.certificate_hash(); let h2 = c.certificate_hash(); assert_eq!(h1, h2); }
crates/amun-transcript-semantics/src/lib.rs:14:    pub fn verify_causal_chain(&self, parent: &EventIdentity) -> bool { self.causal_parent == parent.event_hash && self.transcript_position == parent.transcript_position + 1 }
crates/amun-transcript-semantics/src/lib.rs:21:    pub fn is_replay_required(&self) -> bool { matches!(self, EventAuthority::Authoritative | EventAuthority::Certifying) }
crates/amun-transcript-semantics/src/lib.rs:35:#[derive(Debug, Clone, Copy, PartialEq, Eq)] pub enum ConsensusEventType { Proposal, Prevote, Precommit, QCFormed, RoundTimeout, ViewChange }
crates/amun-transcript-semantics/src/lib.rs:51:    pub fn is_replay_required(&self) -> bool { self.authority().is_replay_required() }
crates/amun-transcript-semantics/src/lib.rs:61:struct CertifiedEnvelope { domain: ReplayDomain, epoch_id: [u8; 32], transcript_root: [u8; 32], state_root: [u8; 32], receipt_root: [u8; 32], ordering_root: [u8; 32], event_count: u64, replay_version: u32, certificate_hash: [u8; 32] }
crates/amun-transcript-semantics/src/lib.rs:64:    pub fn new(domain: ReplayDomain, epoch_id: [u8; 32], transcript_root: [u8; 32], state_root: [u8; 32], receipt_root: [u8; 32], ordering_root: [u8; 32], event_count: u64, replay_version: u32) -> Self {
crates/amun-transcript-semantics/src/lib.rs:65:        let mut env = CertifiedEnvelope { domain, epoch_id, transcript_root, state_root, receipt_root, ordering_root, event_count, replay_version, certificate_hash: [0; 32] };
crates/amun-transcript-semantics/src/lib.rs:66:        env.certificate_hash = Self::compute(&env); Self { inner: env }
crates/amun-transcript-semantics/src/lib.rs:68:    fn compute(env: &CertifiedEnvelope) -> [u8; 32] { let mut h = Sha256::new(); h.update(b"AMUN|IMMUTABLE_CERT|V1"); h.update((env.domain as u8).to_le_bytes()); h.update(env.epoch_id); h.update(env.transcript_root); h.update(env.state_root); h.update(env.receipt_root); h.update(env.ordering_root); h.update(env.event_count.to_le_bytes()); h.update(env.replay_version.to_le_bytes()); h.finalize().into() }
crates/amun-transcript-semantics/src/lib.rs:6:use amun_replay_semantics::ReplayDomain;
crates/amun-transcript-semantics/src/lib.rs:72:    pub fn verify(&self) -> bool { self.inner.certificate_hash == Self::compute(&self.inner) }
crates/amun-transcript-semantics/src/lib.rs:89:        h.finalize().into()
crates/amun-transcript-semantics/src/lib.rs:96:    pub fn causal_integrity(parent: &EventIdentity, child: &EventIdentity) -> Result<(), TranscriptError> { if !child.verify_causal_chain(parent) { Err(TranscriptError::CausalChainBroken { parent_hash: parent.event_hash, child_parent_hash: child.causal_parent }) } else { Ok(()) } }
crates/amun-transition-proof/src/enhanced_proof.rs:14:    pub fn verify(&self, metadata: &ResourceMetadata) -> bool {
crates/amun-transition-proof/src/enhanced_proof.rs:27:            let hash = hasher.finalize();
crates/amun-transition-proof/src/enhanced_proof.rs:42:    pub fn verify(&self) -> bool {
crates/amun-transition-proof/src/lib.rs:2:pub mod proof_builder;
crates/amun-transition-proof/src/lib.rs:3:pub mod transition_proof;
crates/amun-transition-proof/src/lib.rs:6:pub use proof_builder::*;
crates/amun-transition-proof/src/lib.rs:7:pub use transition_proof::*;
crates/amun-transition-proof/src/proof_builder.rs:114:        proof.proof_hash = Self::compute_enhanced_hash(&proof);
crates/amun-transition-proof/src/proof_builder.rs:118:    fn build_merkle_proof(
crates/amun-transition-proof/src/proof_builder.rs:123:        let siblings = Self::compute_siblings(registry, rid);
crates/amun-transition-proof/src/proof_builder.rs:131:    fn compute_siblings(registry: &ResourceRegistry, rid: &ResourceId) -> Vec<([u8; 32], bool)> {
crates/amun-transition-proof/src/proof_builder.rs:13:    pub fn build(
crates/amun-transition-proof/src/proof_builder.rs:167:                let hash = h.finalize();
crates/amun-transition-proof/src/proof_builder.rs:178:    fn build_lineage_proof(registry: &ResourceRegistry, rid: &ResourceId) -> LineageProof {
crates/amun-transition-proof/src/proof_builder.rs:203:    fn compute_enhanced_hash(proof: &EnhancedTransitionProof) -> [u8; 32] {
crates/amun-transition-proof/src/proof_builder.rs:225:        let hash = h.finalize();
crates/amun-transition-proof/src/proof_builder.rs:54:    pub fn build_enhanced(
crates/amun-transition-proof/src/proof_builder.rs:86:                let mp = Self::build_merkle_proof(registry, rid, pre_state_root);
crates/amun-transition-proof/src/proof_builder.rs:88:                let lp = Self::build_lineage_proof(registry, rid);
crates/amun-transition-proof/src/proof_builder.rs:8:use crate::transition_proof::TransitionProof;
crates/amun-transition-proof/src/transition_proof.rs:100:    pub fn verify_state_transition(&self) -> bool {
crates/amun-transition-proof/src/transition_proof.rs:102:        // Full replay verification comes in W6.
crates/amun-transition-proof/src/transition_proof.rs:128:    /// Returns true if the transaction was committed successfully.
crates/amun-transition-proof/src/transition_proof.rs:129:    pub fn was_committed(&self) -> bool {
crates/amun-transition-proof/src/transition_proof.rs:29:    /// Construct a new proof and compute its cryptographic hash.
crates/amun-transition-proof/src/transition_proof.rs:57:        proof.proof_hash = proof.compute_hash();
crates/amun-transition-proof/src/transition_proof.rs:63:    pub fn compute_hash(&self) -> [u8; 32] {
crates/amun-transition-proof/src/transition_proof.rs:86:        let hash = hasher.finalize();
crates/amun-transition-proof/src/transition_proof.rs:93:    pub fn verify_integrity(&self) -> bool {
crates/amun-transition-proof/src/transition_proof.rs:94:        self.proof_hash == self.compute_hash()
crates/amun-transition-proof/src/transition_proof.rs:98:    /// by applying the consumed/produced resources to the pre-state root.
crates/amun-transition-proof/src/transition_proof.rs:99:    /// In a full implementation, this replays the operation log.
crates/amun-truth-engine/src/engine.rs:102:        let (receipt, overlay) = StateMachine::execute_transition(
crates/amun-truth-engine/src/engine.rs:116:        self.commit_transition(position, &payload, output)?;
crates/amun-truth-engine/src/engine.rs:132:            self.compute_chain_root_until(self.current_position)
crates/amun-truth-engine/src/engine.rs:133:                .map_err(|_| "replay failed")?,
crates/amun-truth-engine/src/engine.rs:150:    pub fn apply_event(&mut self, event: &ProtocolEvent) -> Result<[u8; 32], &'static str> {
crates/amun-truth-engine/src/engine.rs:165:                let (receipt, overlay) = StateMachine::execute_transition(
crates/amun-truth-engine/src/engine.rs:175:                    return Err("execute: root mismatch");
crates/amun-truth-engine/src/engine.rs:182:                self.commit_transition(position, &payload, output)?;
crates/amun-truth-engine/src/engine.rs:197:                    replay_root: self
crates/amun-truth-engine/src/engine.rs:198:                        .compute_chain_root_until(self.current_position)
crates/amun-truth-engine/src/engine.rs:199:                        .map_err(|_| "replay failed")?,
crates/amun-truth-engine/src/engine.rs:248:    pub fn compute_chain_root_until(&self, until: ChainPosition) -> Result<[u8; 32], ReplayError> {
crates/amun-truth-engine/src/engine.rs:268:                    let (r, o) = sm.execute(entry.position(), p, 1_000_000);
crates/amun-truth-engine/src/engine.rs:269:                    sm.apply_overlay(o, r.to_root);
crates/amun-truth-engine/src/engine.rs:276:    pub fn compute_chain_root(&self, target_tx_count: u64) -> Result<[u8; 32], ReplayError> {
crates/amun-truth-engine/src/engine.rs:294:                    let (r, o) = sm.execute(entry.position(), p, 1_000_000);
crates/amun-truth-engine/src/engine.rs:295:                    sm.apply_overlay(o, r.to_root);
crates/amun-truth-engine/src/engine.rs:6:use amun_state_transition::{StateMachine, StorageJournal, TransitionOutput};
crates/amun-truth-engine/src/engine.rs:73:    fn commit_transition(
crates/amun-truth-engine/src/engine.rs:92:            .apply_overlay(output.overlay, output.new_root);
crates/amun-truth-engine/src/engine.rs:96:    pub fn execute_live(
crates/amun-truth-engine/src/log.rs:129:        hash.copy_from_slice(&h.finalize().as_bytes()[..32]);
crates/amun-truth-engine/src/log.rs:139:        chain.copy_from_slice(&ch.finalize().as_bytes()[..32]);
crates/amun-truth-engine/src/log.rs:85:        hash.copy_from_slice(&h.finalize().as_bytes()[..32]);
crates/amun-truth-engine/src/log.rs:95:        chain.copy_from_slice(&ch.finalize().as_bytes()[..32]);
crates/amun-truth-engine/src/trace.rs:33:    pub fn find_transition(&self, from: [u8; 32], hash: [u8; 32]) -> Option<&TraceEntry> {
crates/amun-unlock-law/src/lib.rs:13:pub fn verify_unlock_condition(qc: &QuorumCertificate, validator_set: &ValidatorSet) -> bool {
crates/amun-unlock-law/src/lib.rs:81:        assert!(verify_unlock_condition(&qc, &set));
crates/amun-unlock-law/src/unlock.rs:28:        proof_hash.copy_from_slice(&h.finalize().as_bytes()[..32]);
crates/amun-unlock-law/src/unlock.rs:33:    pub fn verify(&self) -> bool {
crates/amun-unlock-law/src/unlock.rs:37:        if !self.higher_qc.verify() {
crates/amun-unlock-law/src/unlock.rs:45:        let mut computed = [0u8; 32];
crates/amun-unlock-law/src/unlock.rs:46:        computed.copy_from_slice(&h.finalize().as_bytes()[..32]);
crates/amun-unlock-law/src/unlock.rs:47:        computed == self.proof_hash
crates/amun-unlock-law/src/unlock.rs:59:        unlock_proof.verify()
crates/amun-unsigned-messages/src/proposal.rs:155:    pub fn verify_unsigned(&self) -> bool {
crates/amun-unsigned-messages/src/proposal.rs:156:        self.unsigned.verify_hash()
crates/amun-unsigned-messages/src/proposal.rs:40:        unsigned_hash.copy_from_slice(&h.finalize().as_bytes()[..32]);
crates/amun-unsigned-messages/src/proposal.rs:53:    pub fn verify_hash(&self) -> bool {
crates/amun-unsigned-messages/src/proposal.rs:65:        let mut computed = [0u8; 32];
crates/amun-unsigned-messages/src/proposal.rs:66:        computed.copy_from_slice(&h.finalize().as_bytes()[..32]);
crates/amun-unsigned-messages/src/proposal.rs:67:        computed == self.unsigned_hash
crates/amun-unsigned-messages/src/vote.rs:106:            2 => ConstitutionalPhase::Precommit,
crates/amun-unsigned-messages/src/vote.rs:149:    pub fn verify_unsigned(&self) -> bool {
crates/amun-unsigned-messages/src/vote.rs:150:        self.unsigned.verify_hash()
crates/amun-unsigned-messages/src/vote.rs:39:        unsigned_hash.copy_from_slice(&h.finalize().as_bytes()[..32]);
crates/amun-unsigned-messages/src/vote.rs:51:    pub fn verify_hash(&self) -> bool {
crates/amun-unsigned-messages/src/vote.rs:61:        let mut computed = [0u8; 32];
crates/amun-unsigned-messages/src/vote.rs:62:        computed.copy_from_slice(&h.finalize().as_bytes()[..32]);
crates/amun-unsigned-messages/src/vote.rs:63:        computed == self.unsigned_hash
crates/amun-validator-attestation/src/attestation.rs:30:        attestation_hash.copy_from_slice(&h.finalize().as_bytes()[..32]);
crates/amun-validator-attestation/src/attestation.rs:35:    pub fn verify(&self) -> bool {
crates/amun-validator-attestation/src/attestation.rs:43:        let mut computed = [0u8; 32];
crates/amun-validator-attestation/src/attestation.rs:44:        computed.copy_from_slice(&h.finalize().as_bytes()[..32]);
crates/amun-validator-attestation/src/attestation.rs:45:        computed == self.attestation_hash
crates/amun-validator-identity/src/lib.rs:6:pub use signature::{verify_ed25519, vote_signing_payload};
crates/amun-validator-identity/src/signature.rs:32:pub fn verify_ed25519(pk: &[u8; 32], payload: &[u8], signature: &[u8; 64]) -> bool {
crates/amun-validator-identity/src/signature.rs:39:    vk.verify(payload, &sig).is_ok()
crates/amun-validator-identity/src/signature.rs:50:        let pk = sk.verifying_key().to_bytes();
crates/amun-validator-identity/src/signature.rs:55:    fn n105_sign_and_verify_vote() {
crates/amun-validator-identity/src/signature.rs:68:        assert!(verify_ed25519(&pk, &payload, &signature));
crates/amun-validator-identity/src/signature.rs:97:        assert!(!verify_ed25519(&pk, &payload, &signature));
crates/amun-validator-identity/src/validator_id.rs:11:    out.copy_from_slice(h.finalize().as_bytes());
crates/amun-validator-identity/src/validator_id.rs:23:    out.copy_from_slice(h.finalize().as_bytes());
crates/amun-validator-networking/src/lib.rs:111:        assert_eq!(imported_reg.compute_state_root(), state_root);
crates/amun-validator-networking/src/lib.rs:117:        let source_reg = build_registry(10);
crates/amun-validator-networking/src/lib.rs:130:        let source_reg = build_registry(100);
crates/amun-validator-networking/src/lib.rs:131:        let _state_root = source_reg.compute_state_root();
crates/amun-validator-networking/src/lib.rs:135:        // Rejoining node trusts history_root and executes rejoin
crates/amun-validator-networking/src/lib.rs:155:        let source_reg = build_registry(10);
crates/amun-validator-networking/src/lib.rs:58:    fn build_registry(count: u8) -> ResourceRegistry {
crates/amun-validator-networking/src/lib.rs:96:        let source_reg = build_registry(50);
crates/amun-validator-networking/src/lib.rs:97:        let state_root = source_reg.compute_state_root();
crates/amun-validator-networking/src/sync_transport.rs:18:        let state_root = registry.compute_state_root();
crates/amun-validator-networking/src/sync_transport.rs:27:        let (chunk_root, chunk_proofs) = build_chunk_merkle_tree(&chunks);
crates/amun-validator-networking/src/sync_transport.rs:3:use amun_state_sync::state_chunk::{build_chunk_merkle_tree, StateChunk};
crates/amun-validator-networking/src/sync_transport.rs:46:        let result = StatelessVerifier::verify(package, trusted_history_root);
crates/amun-validator-networking/src/sync_transport.rs:60:                let imported_root = registry.compute_state_root();
crates/amun-validator-networking/src/validator_identity.rs:30:        let hash = hasher.finalize();
crates/amun-validator-runtime/src/validator_node.rs:52:        let result = ConstitutionalRuntime::execute(
crates/amun-validator-runtime/src/validator_node.rs:70:                self.metrics.record_replay();
crates/amun-verification-kernel/src/lib.rs:101:        hex::encode(hasher.finalize().as_bytes())
crates/amun-verification-kernel/src/lib.rs:104:    fn compute_hash(&self) -> String {
crates/amun-verification-kernel/src/lib.rs:115:        hex::encode(hasher.finalize().as_bytes())
crates/amun-verification-kernel/src/lib.rs:119:    pub fn verify(&self) -> bool {
crates/amun-verification-kernel/src/lib.rs:120:        self.certificate_id == self.compute_id() && self.certificate_hash == self.compute_hash()
crates/amun-verification-kernel/src/lib.rs:141:        if !cert.verify() {
crates/amun-verification-kernel/src/lib.rs:185:    fn n46_5_issue_certificate() {
crates/amun-verification-kernel/src/lib.rs:191:        let cert = VerificationCertificate::issue("N46", claims, evidence, "verifier-1", 1000);
crates/amun-verification-kernel/src/lib.rs:192:        assert!(cert.verify());
crates/amun-verification-kernel/src/lib.rs:199:        let mut cert = VerificationCertificate::issue(
crates/amun-verification-kernel/src/lib.rs:207:        assert!(!cert.verify());
crates/amun-verification-kernel/src/lib.rs:213:        let cert = VerificationCertificate::issue(
crates/amun-verification-kernel/src/lib.rs:227:        let mut cert = VerificationCertificate::issue(
crates/amun-verification-kernel/src/lib.rs:241:        let cert = VerificationCertificate::issue(
crates/amun-verification-kernel/src/lib.rs:65:    pub issued_at: u64,
crates/amun-verification-kernel/src/lib.rs:71:    pub fn issue(
crates/amun-verification-kernel/src/lib.rs:84:            issued_at: timestamp,
crates/amun-verification-kernel/src/lib.rs:87:        cert.certificate_id = cert.compute_id();
crates/amun-verification-kernel/src/lib.rs:88:        cert.certificate_hash = cert.compute_hash();
crates/amun-verification-kernel/src/lib.rs:92:    fn compute_id(&self) -> String {
crates/amun-verification-kernel/src/lib.rs:96:        hasher.update(&self.issued_at.to_le_bytes());
crates/amun-verified-pipeline/src/vote_pipeline.rs:40:    pub fn verify(&self, registry: &ValidatorRegistry, chain_id: u64) -> Option<VerifiedVote> {
crates/amun-verified-pipeline/src/vote_pipeline.rs:43:        if !SignatureVerifier::verify(
crates/amun-verified-pipeline/src/vote_pipeline.rs:61:        if !self.signed.verify_unsigned() {
crates/amun-verifier-node/src/report.rs:29:    pub fn finalize(&mut self) {
crates/amun-verifier-node/src/verifier.rs:15:        report.block_valid = block.compute_hash() == block.block_hash;
crates/amun-verifier-node/src/verifier.rs:51:            if ProofVerifier::verify_receipt(receipt).is_err() {
crates/amun-verifier-node/src/verifier.rs:56:        report.finalize();
crates/amun-verifier-node/src/verifier.rs:60:    pub fn verify_chain(
crates/amun-verifier-node/src/verifier.rs:71:            reports.push(Self::verify_block(block, receipts, prev));
crates/amun-verifier-node/src/verifier.rs:8:    pub fn verify_block(
crates/amun-view-change/src/new_view.rs:24:        new_view_hash.copy_from_slice(&h.finalize().as_bytes()[..32]);
crates/amun-view-change/src/new_view.rs:34:    pub fn verify(&self) -> bool {
crates/amun-view-change/src/new_view.rs:42:        let mut computed = [0u8; 32];
crates/amun-view-change/src/new_view.rs:43:        computed.copy_from_slice(&h.finalize().as_bytes()[..32]);
crates/amun-view-change/src/new_view.rs:44:        computed == self.new_view_hash
crates/amun-view-change/src/view_change.rs:36:        view_change_hash.copy_from_slice(&h.finalize().as_bytes()[..32]);
crates/amun-view-change/src/view_change.rs:49:    pub fn verify(&self) -> bool {
crates/amun-view-change/src/view_change.rs:60:        let mut computed = [0u8; 32];
crates/amun-view-change/src/view_change.rs:61:        computed.copy_from_slice(&h.finalize().as_bytes()[..32]);
crates/amun-view-change/src/view_change.rs:62:        computed == self.view_change_hash
crates/amun-vm-kernel/src/vm_kernel.rs:106:    pub fn commit(
crates/amun-vm-kernel/src/vm_kernel.rs:130:        let post_state_root = registry.compute_state_root();
crates/amun-vm-kernel/src/vm_kernel.rs:22:    pub fn execute(
crates/amun-vm-kernel/src/vm_kernel.rs:30:    pub fn verify(buffer: &mut PendingBuffer, registry: &ResourceRegistry) -> bool {
crates/amun-wal/src/authority_index.rs:22:    pub fn build_from_entries(entries: &[super::WALEntry]) -> Self {
crates/amun-wal/src/authority_index.rs:3:/// Authority index for O(1) replay lookup
crates/amun-wal/src/authority_index.rs:47:    pub fn verify_snapshot_anchor(
crates/amun-wal/src/frame.rs:30:        checksum.copy_from_slice(&h.finalize().as_bytes()[..32]);
crates/amun-wal/src/frame.rs:34:    pub fn verify(&self, prev_hash: [u8; 32]) -> bool {
crates/amun-wal/src/frame.rs:45:        let mut computed = [0u8; 32];
crates/amun-wal/src/frame.rs:46:        computed.copy_from_slice(&h.finalize().as_bytes()[..32]);
crates/amun-wal/src/frame.rs:47:        computed == self.checksum && self.previous_frame_hash == prev_hash
crates/amun-wal/src/lib.rs:109:    Rebuild,
crates/amun-wal/src/lib.rs:149:        let _auth = wal.validate_authority_chain()?;
crates/amun-wal/src/lib.rs:427:        let payload_hash = Self::encode_hash(hasher.finalize().into());
crates/amun-wal/src/lib.rs:433:        let new_chain: [u8; 32] = chain_hasher.finalize().into();
crates/amun-wal/src/lib.rs:604:    pub fn verify_chain_continuity(entries: &[WALEntry]) -> Result<(), String> {
crates/amun-wal/src/lib.rs:623:            let computed: [u8; 32] = hasher.finalize().into();
crates/amun-wal/src/lib.rs:624:            if Self::encode_hash(computed) != entry.chain_hash {
crates/amun-wal/src/lib.rs:630:            expected_chain = computed;
crates/amun-wal/src/lib.rs:679:                    let computed: [u8; 32] = hasher.finalize().into();
crates/amun-wal/src/lib.rs:680:                    if Self::encode_hash(computed) != entry.chain_hash {
crates/amun-wal/src/lib.rs:748:    pub fn validate_authority_chain(&self) -> Result<AuthorityValidation, String> {
crates/amun-wal/src/lib.rs:835:                CorruptionAction::Rebuild,
crates/amun-wal/src/lib.rs:836:                "Rebuild from sealed segments".to_string(),
crates/amun-wal/src/lib.rs:848:    pub fn build_manifest(&self) -> WALManifest {
crates/amun-wal/src/recovery.rs:15:    Ok(RecoveryPoint { last_sequence: last_seq, last_state_root: None, events_replayed: count, valid: count == wal.frame_count() })
crates/amun-wal/src/recovery.rs:7:    pub events_replayed: u64,
crates/amun-wal/src/wal.rs:132:            if !Self::validate_header(&header) { break; }
crates/amun-wal/src/wal.rs:149:            if !frame.verify(prev_hash) { break; }
crates/amun-wal/src/wal.rs:36:        wal.replay_frames()?;
crates/amun-wal/src/wal.rs:40:    fn validate_header(header: &[u8; FRAME_HEADER_SIZE]) -> bool {
crates/amun-wal/src/wal.rs:44:    fn replay_frames(&mut self) -> std::io::Result<()> {
crates/amun-wal/src/wal.rs:55:            if !Self::validate_header(&header) { break; }
crates/amun-wal/src/wal.rs:72:            if !frame.verify(prev_hash) { break; }
crates/amun-wallet-api/src/lib.rs:29:        let app = server::build_app();
crates/amun-wallet-api/src/lib.rs:32:                Request::builder()
crates/amun-wallet-api/src/lib.rs:44:        let app = server::build_app();
crates/amun-wallet-api/src/lib.rs:47:                Request::builder()
crates/amun-wallet-api/src/lib.rs:58:    async fn n48_3_build_transaction() {
crates/amun-wallet-api/src/lib.rs:59:        let app = server::build_app();
crates/amun-wallet-api/src/lib.rs:63:                Request::builder()
crates/amun-wallet-api/src/lib.rs:64:                    .uri("/transactions/build")
crates/amun-wallet-api/src/lib.rs:76:    async fn n48_3_build_transaction_invalid() {
crates/amun-wallet-api/src/lib.rs:77:        let app = server::build_app();
crates/amun-wallet-api/src/lib.rs:82:                Request::builder()
crates/amun-wallet-api/src/lib.rs:83:                    .uri("/transactions/build")
crates/amun-wallet-api/src/main.rs:10:    let app = server::build_app();
crates/amun-wallet-api/src/routes/transactions.rs:27:        .route("/build", post(build_transaction))
crates/amun-wallet-api/src/routes/transactions.rs:5:async fn build_transaction(
crates/amun-wallet-api/src/routes/transactions.rs:8:    TransactionService::build_transaction(req)
crates/amun-wallet-api/src/server.rs:4:pub fn build_app() -> Router {
crates/amun-wallet-api/src/services/transaction_service.rs:12:    pub fn build_transaction(req: BuildTransactionRequest) -> ApiResult<BuildTransactionResponse> {
crates/amun-wallet-api/src/services/transaction_service.rs:75:        if !tx.verify() {
crates/amun-wallet-management/src/keygen.rs:12:    let verifying_key = signing_key.verifying_key();
crates/amun-wallet-management/src/keygen.rs:14:        public_key: verifying_key.to_bytes(),
crates/amun-wallet-management/src/keygen.rs:22:    let verifying_key = signing_key.verifying_key();
crates/amun-wallet-management/src/keygen.rs:24:        public_key: verifying_key.to_bytes(),
crates/amun-wallet-management/src/lib.rs:57:    fn key07_sign_and_verify_message() {
crates/amun-wallet-management/src/lib.rs:61:        assert!(signer::verify_signature(&kp.public_key, message, &sig));
crates/amun-wallet-management/src/lib.rs:72:        assert!(!signer::verify_signature(&kp.public_key, message, &sig));
crates/amun-wallet-management/src/lib.rs:80:        assert!(signer::verify_signature(&kp.public_key, tx_bytes, &sig));
crates/amun-wallet-management/src/signer.rs:13:pub fn verify_signature(public_key: &[u8; 32], message: &[u8], signature: &[u8]) -> bool {
crates/amun-wallet-management/src/signer.rs:14:    let verifying_key = match VerifyingKey::from_bytes(public_key) {
crates/amun-wallet-management/src/signer.rs:22:    verifying_key.verify(message, &sig).is_ok()
crates/amun-wallet-management/src/types.rs:65:        let hash = hasher.finalize();
crates/amun-wallet-management/src/types.rs:76:        hex::encode(hasher.finalize().as_bytes())
crates/amun-wallet-management/src/types.rs:86:    /// A hash of (public_key || secret_key) used to verify that the
crates/amun_consensus_math/tests/replay_binary.rs:18:fn test_replay_binary_transcript() {
crates/amun_consensus_math/tests/replay_binary.rs:1://! Binary transcript replay test with tolerance for rounding differences
crates/amun_consensus_math/tests/replay_binary.rs:72:    let computed_hash = format!("{:x}", hasher.finalize());
crates/amun_consensus_math/tests/replay_binary.rs:77:            println!("Hash file not found. Computed hash: {}", computed_hash);
crates/amun_consensus_math/tests/replay_binary.rs:84:    println!("Tests executed: {}", test_count);
crates/amun_consensus_math/tests/replay_binary.rs:86:    println!("Rust hash: {}", computed_hash);
crates/amun_state_machine/src/certification/mod.rs:103:        hasher.finalize().into()
crates/amun_state_machine/src/certification/mod.rs:107:pub fn compute_execution_fingerprint() -> [u8; 32] {
crates/amun_state_machine/src/certification/mod.rs:115:    hasher.finalize().into()
crates/amun_state_machine/src/certification/mod.rs:48:        hasher.finalize().into()
crates/amun_state_machine/src/certification/mod.rs:55:    pub fn verify(&self) -> bool {
crates/amun_state_machine/src/event.rs:73:        hasher.finalize().into()
crates/amun_state_machine/src/lib.rs:19:pub use transition::{TransitionEngine, TransitionResult};
crates/amun_state_machine/src/lib.rs:24:pub use certification::{ExecutionCertificate, ReplayCertificate, compute_execution_fingerprint};
crates/amun_state_machine/src/lib.rs:5:pub mod transition;
crates/amun_state_machine/src/log.rs:36:        hasher.finalize().into()
crates/amun_state_machine/src/log.rs:40:/// Causal execution log (for replay)
crates/amun_state_machine/src/log.rs:57:        self.recompute_root();
crates/amun_state_machine/src/log.rs:60:    pub fn recompute_root(&mut self) {
crates/amun_state_machine/src/log.rs:65:        self.root_hash = hasher.finalize().into();
crates/amun_state_machine/src/receipt/mod.rs:106:        self.recompute_accumulator();
crates/amun_state_machine/src/receipt/mod.rs:109:    pub fn recompute_accumulator(&mut self) {
crates/amun_state_machine/src/receipt/mod.rs:114:        self.accumulator_hash = hasher.finalize().into();
crates/amun_state_machine/src/receipt/mod.rs:47:    pub transition_version: u32,
crates/amun_state_machine/src/receipt/mod.rs:58:        transition_version: u32,
crates/amun_state_machine/src/receipt/mod.rs:67:            transition_version,
crates/amun_state_machine/src/receipt/mod.rs:79:        bytes.extend_from_slice(&self.transition_version.to_be_bytes());
crates/amun_state_machine/src/receipt/mod.rs:86:        hasher.finalize().into()
crates/amun_state_machine/src/scheduler.rs:104:        scheduler1.execute_all(&mut state1);
crates/amun_state_machine/src/scheduler.rs:112:        scheduler2.execute_all(&mut state2);
crates/amun_state_machine/src/scheduler.rs:12:    executed_hashes: Vec<[u8; 32]>,
crates/amun_state_machine/src/scheduler.rs:19:            executed_hashes: Vec::new(),
crates/amun_state_machine/src/scheduler.rs:33:    pub fn execute_next(&mut self, state: &mut ConstitutionalState) -> Option<[u8; 32]> {
crates/amun_state_machine/src/scheduler.rs:36:        let result = TransitionEngine::apply(state, &event);
crates/amun_state_machine/src/scheduler.rs:40:            self.executed_hashes.push(post_hash);
crates/amun_state_machine/src/scheduler.rs:49:    pub fn execute_all(&mut self, state: &mut ConstitutionalState) -> usize {
crates/amun_state_machine/src/scheduler.rs:51:        while self.execute_next(state).is_some() {
crates/amun_state_machine/src/scheduler.rs:59:        for hash in &self.executed_hashes {
crates/amun_state_machine/src/scheduler.rs:62:        hasher.finalize().into()
crates/amun_state_machine/src/scheduler.rs:72:        self.executed_hashes.clear();
crates/amun_state_machine/src/scheduler.rs:79:    pub fn executed_count(&self) -> usize {
crates/amun_state_machine/src/scheduler.rs:7:use crate::transition::TransitionEngine;
crates/amun_state_machine/src/scheduler.rs:80:        self.executed_hashes.len()
crates/amun_state_machine/src/snapshot.rs:104:        assert!(snap2.verify_chain(&snap1));
crates/amun_state_machine/src/snapshot.rs:105:        assert!(manager.verify_all());
crates/amun_state_machine/src/snapshot.rs:31:        hasher.finalize().into()
crates/amun_state_machine/src/snapshot.rs:35:    pub fn verify_chain(&self, previous: &StateSnapshot) -> bool {
crates/amun_state_machine/src/snapshot.rs:67:    pub fn verify_all(&self) -> bool {
crates/amun_state_machine/src/snapshot.rs:69:            if !self.snapshots[i].verify_chain(&self.snapshots[i - 1]) {
crates/amun_state_machine/src/state.rs:56:        state.recompute_hash();
crates/amun_state_machine/src/state.rs:63:        self.recompute_hash();
crates/amun_state_machine/src/state.rs:75:    pub fn recompute_hash(&mut self) {
crates/amun_state_machine/src/state.rs:90:        self.state_hash = hasher.finalize().into();
crates/amun_state_machine/src/transition.rs:122:        let amount = match validate_amount(event.amount) {
crates/amun_state_machine/src/transition.rs:140:        let amount = match validate_amount(event.amount) {
crates/amun_state_machine/src/transition.rs:163:        let amount = match validate_amount(event.amount) {
crates/amun_state_machine/src/transition.rs:216:        let amount = match validate_amount(event.amount) {
crates/amun_state_machine/src/transition.rs:237:        let amount = match validate_amount(event.amount) {
crates/amun_state_machine/src/transition.rs:261:    fn test_failed_transition_state_unchanged() {
crates/amun_state_machine/src/transition.rs:267:        let result = TransitionEngine::apply(&mut state, &event);
crates/amun_state_machine/src/transition.rs:280:        let result = TransitionEngine::apply(&mut state, &event);
crates/amun_state_machine/src/transition.rs:42:fn validate_amount(amount_raw: i64) -> Result<Fixed, ErrorCode> {
crates/amun_state_machine/src/transition.rs:52:    pub fn apply(state: &mut ConstitutionalState, event: &Event) -> TransitionResult {
crates/amun_state_machine/src/transition.rs:70:            state.recompute_hash();
crates/amun_state_machine/src/transition.rs:93:        let amount = match validate_amount(event.amount) {
crates/constitutional-linter/src/edge_semantics.rs:13:    /// Build dependency (build.rs only)
crates/constitutional-linter/src/edge_semantics.rs:38:            EdgeType::BuildOnly => "build".to_string(),
crates/constitutional-linter/src/main.rs:191:    println!("   Non-constitutional (optional/dev/build): {}", optional_edges);
