crates/amun-accounts/src/lib.rs:127:    pub fn constitutional_roots(&self) -> ConstitutionalRoots {
crates/amun-accounts/src/lib.rs:133:    pub fn constitutional_roots_with_ledger(&self, ledger: &EconomicLedger) -> ConstitutionalRoots {
crates/amun-accounts/src/lib.rs:137:        let identity = ConstitutionalIdentity::new(raw_root);
crates/amun-accounts/src/lib.rs:145:            ConstitutionalRoots::from_commitment(
crates/amun-accounts/src/lib.rs:153:            ConstitutionalRoots {
crates/amun-accounts/src/lib.rs:2:    ConstitutionalRoots, EconomicSnapshot, EndBlockPipeline, Hash32,
crates/amun-accounts/src/lib.rs:4:use amun_snapshot_engine::ConstitutionalIdentity;
crates/amun-amendments/src/lib.rs:12:pub use ratification::{RatificationProof, RatificationQuorum};
crates/amun-amendments/src/lib.rs:3:// Constitutional Amendment System
crates/amun-amendments/src/proposal.rs:25:    ConstitutionalCourt,
crates/amun-amendments/src/proposal.rs:37:    Proof,
crates/amun-amendments/src/proposal.rs:59:    ProofEvolution,
crates/amun-amendments/src/proposal.rs:61:    ConstitutionalText,
crates/amun-amendments/src/proposal.rs:76:            AmendmentType::ProofEvolution => AmendmentClass::Proof,
crates/amun-amendments/src/proposal.rs:78:            AmendmentType::ConstitutionalText => AmendmentClass::Constitution,
crates/amun-amendments/src/proposal.rs:88:            AmendmentType::ProofEvolution => 2,
crates/amun-amendments/src/proposal.rs:89:            AmendmentType::ConstitutionalText => 3,
crates/amun-amendments/src/proposal.rs:98:                    AmendmentClass::Proof => 2,
crates/amun-amendments/src/ratification.rs:14:/// Proof that an amendment was properly ratified.
crates/amun-amendments/src/ratification.rs:16:pub struct RatificationProof {
crates/amun-audit/src/lib.rs:1:// Constitutional Audit Crate - Phase 84 Freeze Verification
crates/amun-audit/src/lib.rs:2:// Invariant ownership map:
crates/amun-audit/tests/audit_layer03_snapshot.rs:4:        CompatibilityEngine, CompatibilityLevel, ConstitutionalIdentity, SnapshotHeader,
crates/amun-audit/tests/audit_layer03_snapshot.rs:54:    // CONST-SNAP-003: Constitutional identity must be deterministic
crates/amun-audit/tests/audit_layer03_snapshot.rs:57:        let id1 = ConstitutionalIdentity::new([0x42u8; 32]);
crates/amun-audit/tests/audit_layer03_snapshot.rs:58:        let id2 = ConstitutionalIdentity::new([0x42u8; 32]);
crates/amun-audit/tests/audit_layer03_snapshot.rs:72:        let id = ConstitutionalIdentity::new([0xAAu8; 32]);
crates/amun-audit/tests/audit_layer04_byzantine.rs:10:        let identity = ConstitutionalIdentity::new([0x01u8; 32]);
crates/amun-audit/tests/audit_layer04_byzantine.rs:4:        ByzantineSyncEngine, ConstitutionalIdentity, PeerManifest, SnapshotManifest, SyncDecision,
crates/amun-audit/tests/audit_layer04_byzantine.rs:55:        let local = ConstitutionalIdentity::new([0xAAu8; 32]);
crates/amun-audit/tests/audit_layer04_byzantine.rs:56:        let foreign = ConstitutionalIdentity::new([0xBBu8; 32]);
crates/amun-audit/tests/audit_layer05_identity.rs:19:        let id = ConstitutionalIdentity::new([0xFFu8; 32]);
crates/amun-audit/tests/audit_layer05_identity.rs:29:        let id = ConstitutionalIdentity::new([0xFFu8; 32]);
crates/amun-audit/tests/audit_layer05_identity.rs:31:        let decoded = ConstitutionalIdentity::decode(&encoded)
crates/amun-audit/tests/audit_layer05_identity.rs:3:    use amun_snapshot_engine::ConstitutionalIdentity;
crates/amun-audit/tests/audit_layer05_identity.rs:46:        let id = ConstitutionalIdentity::new([0x13u8; 32]);
crates/amun-audit/tests/audit_layer05_identity.rs:51:        if let Some(decoded) = ConstitutionalIdentity::decode(&encoded) {
crates/amun-audit/tests/audit_layer05_identity.rs:8:        let id1 = ConstitutionalIdentity::new([0x01u8; 32]);
crates/amun-audit/tests/audit_layer05_identity.rs:9:        let id2 = ConstitutionalIdentity::new([0x02u8; 32]);
crates/amun-audit/tests/audit_layer06_replay.rs:135:        let result = ReplayVerifier::verify_full_replay(path.to_str().unwrap());
crates/amun-audit/tests/audit_layer06_replay.rs:25:    // CONST-REPLAY-001: Replay produces identical state
crates/amun-audit/tests/audit_layer06_replay.rs:3:    use amun_storage_kernel::persistence::wal::{ReplayVerifier, WalEntry};
crates/amun-audit/tests/audit_layer06_replay.rs:50:        let result = ReplayVerifier::verify_full_replay(path.to_str().unwrap());
crates/amun-audit/tests/audit_layer06_replay.rs:60:                    "CONST-REPLAY-001 VIOLATION: Replayed root diverges"
crates/amun-audit/tests/audit_layer06_replay.rs:63:            Err(e) => panic!("CONST-REPLAY-001: Replay failed: {}", e),
crates/amun-audit/tests/audit_layer06_replay.rs:67:    // CONST-REPLAY-002: Replay detects state root divergence
crates/amun-audit/tests/audit_layer06_replay.rs:91:        let result = ReplayVerifier::verify_full_replay(path.to_str().unwrap());
crates/amun-audit/tests/audit_layer06_replay.rs:98:    // CONST-REPLAY-003: Replay detects epoch regression
crates/amun-audit/tests/audit_layer09_freeze.rs:15:    // CONST-FREEZE-002: Proof version is frozen at 0x01
crates/amun-audit/tests/audit_layer09_freeze.rs:21:            "CONST-FREEZE-002 VIOLATION: Proof version must be 0x01"
crates/amun-audit/tests/audit_layer10_adversarial.rs:54:            "CONST-ADV-002 VIOLATION: Proof verified against wrong root"
crates/amun-audit/tests/audit_layer11_crash.rs:124:        let result = ReplayVerifier::verify_full_replay(path.to_str().unwrap());
crates/amun-audit/tests/audit_layer11_crash.rs:3:    use amun_storage_kernel::persistence::wal::{ReplayVerifier, WalEntry, WalIterator};
crates/amun-audit/tests/audit_layer12_fuzzing.rs:14:            let _ = MerkleProof::decode(&data);
crates/amun-audit/tests/audit_layer12_fuzzing.rs:3:    use amun_storage_kernel::smt::proof::MerkleProof;
crates/amun-audit/tests/audit_layer12_fuzzing.rs:7:    // CONST-FUZZ-001: Proof decoder never panics on random bytes
crates/amun-audit/tests/audit_layer14_byzantine_mesh.rs:10:        let identity = ConstitutionalIdentity::new([0x01u8; 32]);
crates/amun-audit/tests/audit_layer14_byzantine_mesh.rs:4:        ByzantineSyncEngine, ConstitutionalIdentity, PeerManifest, SnapshotManifest, SyncDecision,
crates/amun-audit/tests/audit_layer14_byzantine_mesh.rs:69:        let local = ConstitutionalIdentity::new([0xAAu8; 32]);
crates/amun-audit/tests/audit_layer14_byzantine_mesh.rs:70:        let foreign = ConstitutionalIdentity::new([0xBBu8; 32]);
crates/amun-audit/tests/audit_layer15_temporal.rs:25:    // CONST-TEMP-001: Replaying same WAL twice produces identical root
crates/amun-audit/tests/audit_layer15_temporal.rs:3:    use amun_storage_kernel::persistence::wal::{ReplayVerifier, WalEntry};
crates/amun-audit/tests/audit_layer15_temporal.rs:50:        let result1 = ReplayVerifier::verify_full_replay(path.to_str().unwrap());
crates/amun-audit/tests/audit_layer15_temporal.rs:51:        let result2 = ReplayVerifier::verify_full_replay(path.to_str().unwrap());
crates/amun-audit/tests/audit_layer15_temporal.rs:58:                    "CONST-TEMP-001 VIOLATION: Replay twice produces different roots"
crates/amun-audit/tests/audit_layer15_temporal.rs:62:            (Err(e), _) | (_, Err(e)) => panic!("CONST-TEMP-001: Replay failed: {}", e),
crates/amun-audit/tests/audit_layer16_mutation.rs:17:    // CONST-MUT-002: Proof version must remain 0x01
crates/amun-audit/tests/audit_layer16_mutation.rs:23:            "CONST-MUT-002: Proof version mutation detected - must be 0x01, got {}",
crates/amun-authority-registry/src/authority.rs:13:impl ConstitutionalAuthority {
crates/amun-authority-registry/src/authority.rs:37:        let a1 = ConstitutionalAuthority::new(pk, 1, 0);
crates/amun-authority-registry/src/authority.rs:38:        let a2 = ConstitutionalAuthority::new(pk, 1, 0);
crates/amun-authority-registry/src/authority.rs:44:        let a1 = ConstitutionalAuthority::new([1u8; 32], 1, 0);
crates/amun-authority-registry/src/authority.rs:45:        let a2 = ConstitutionalAuthority::new([2u8; 32], 1, 0);
crates/amun-authority-registry/src/authority.rs:4:pub struct ConstitutionalAuthority {
crates/amun-authority-registry/src/executor.rs:124:        reg.register(ConstitutionalAuthority::new([1u8; 32], 1, 0));
crates/amun-authority-registry/src/executor.rs:125:        reg.register(ConstitutionalAuthority::new([2u8; 32], 2, 0));
crates/amun-authority-registry/src/executor.rs:1:use crate::authority::ConstitutionalAuthority;
crates/amun-authority-registry/src/executor.rs:66:            let authority = ConstitutionalAuthority::new(
crates/amun-authority-registry/src/lib.rs:35:pub use authority::ConstitutionalAuthority;
crates/amun-authority-registry/src/recovery.rs:114:        registry.register(ConstitutionalAuthority::new([1u8; 32], 1, 0));
crates/amun-authority-registry/src/recovery.rs:156:        registry.register(ConstitutionalAuthority::new([1u8; 32], 1, 0));
crates/amun-authority-registry/src/recovery.rs:196:        registry.register(ConstitutionalAuthority::new([1u8; 32], 1, 0));
crates/amun-authority-registry/src/recovery.rs:22:        // 2. Replay only WAL entries after the snapshot height
crates/amun-authority-registry/src/recovery.rs:233:            registry.register(ConstitutionalAuthority::new([1u8; 32], 1, 0));
crates/amun-authority-registry/src/recovery.rs:38:    use crate::authority::ConstitutionalAuthority;
crates/amun-authority-registry/src/recovery.rs:76:        registry.register(ConstitutionalAuthority::new([1u8; 32], 1, 0));
crates/amun-authority-registry/src/registry.rs:175:        let a1 = ConstitutionalAuthority::new([1u8; 32], 1, 0);
crates/amun-authority-registry/src/registry.rs:183:        let a1 = ConstitutionalAuthority::new([1u8; 32], 1, 0);
crates/amun-authority-registry/src/registry.rs:192:        reg.register(ConstitutionalAuthority::new([1u8; 32], 1, 0));
crates/amun-authority-registry/src/registry.rs:193:        reg.register(ConstitutionalAuthority::new([2u8; 32], 2, 100));
crates/amun-authority-registry/src/registry.rs:199:        let authority = ConstitutionalAuthority::new([1u8; 32], 1, 0);
crates/amun-authority-registry/src/registry.rs:1:use crate::authority::ConstitutionalAuthority;
crates/amun-authority-registry/src/registry.rs:207:        let a1 = ConstitutionalAuthority::new([1u8; 32], 1, 0);
crates/amun-authority-registry/src/registry.rs:209:        let a2 = ConstitutionalAuthority::new([2u8; 32], 2, 100);
crates/amun-authority-registry/src/registry.rs:219:        let a1 = ConstitutionalAuthority::new([1u8; 32], 1, 0);
crates/amun-authority-registry/src/registry.rs:229:        reg.register(ConstitutionalAuthority::new([1u8; 32], 1, 0));
crates/amun-authority-registry/src/registry.rs:230:        reg.register(ConstitutionalAuthority::new([2u8; 32], 2, 100));
crates/amun-authority-registry/src/registry.rs:231:        reg.register(ConstitutionalAuthority::new([3u8; 32], 3, 200));
crates/amun-authority-registry/src/registry.rs:241:        let a1 = ConstitutionalAuthority::new([1u8; 32], 1, 0);
crates/amun-authority-registry/src/registry.rs:242:        let a2 = ConstitutionalAuthority::new([2u8; 32], 2, 100);
crates/amun-authority-registry/src/registry.rs:254:        let a1 = ConstitutionalAuthority::new([1u8; 32], 1, 0);
crates/amun-authority-registry/src/registry.rs:264:        let a1 = ConstitutionalAuthority::new([1u8; 32], 1, 0);
crates/amun-authority-registry/src/registry.rs:265:        let a2 = ConstitutionalAuthority::new([2u8; 32], 2, 0);
crates/amun-authority-registry/src/registry.rs:27:    pub fn active(&self) -> Option<&ConstitutionalAuthority> {
crates/amun-authority-registry/src/registry.rs:281:        let a1 = ConstitutionalAuthority::new([1u8; 32], 1, 0);
crates/amun-authority-registry/src/registry.rs:282:        let a2 = ConstitutionalAuthority::new([2u8; 32], 2, 0);
crates/amun-authority-registry/src/registry.rs:305:        let v1 = ConstitutionalAuthority::new(v1_pk, 1, 0);
crates/amun-authority-registry/src/registry.rs:311:        let v2 = ConstitutionalAuthority::new(v2_pk, 2, 100);
crates/amun-authority-registry/src/registry.rs:31:    pub fn by_version(&self, version: u64) -> Option<&ConstitutionalAuthority> {
crates/amun-authority-registry/src/registry.rs:346:        let v1 = ConstitutionalAuthority::new(v1_pk, 1, 0);
crates/amun-authority-registry/src/registry.rs:352:        let v2 = ConstitutionalAuthority::new(v2_pk, 2, 100);
crates/amun-authority-registry/src/registry.rs:35:    pub fn register(&mut self, authority: ConstitutionalAuthority) {
crates/amun-authority-registry/src/registry.rs:385:        let v1 = ConstitutionalAuthority::new(v1_kp.verifying_key.to_bytes(), 1, 0);
crates/amun-authority-registry/src/registry.rs:390:        let v2 = ConstitutionalAuthority::new(v2_pk, 2, 100);
crates/amun-authority-registry/src/registry.rs:425:        let v1 = ConstitutionalAuthority::new(v1_pk, 1, 0);
crates/amun-authority-registry/src/registry.rs:448:        let a1 = ConstitutionalAuthority::new([1u8; 32], 1, 0);
crates/amun-authority-registry/src/registry.rs:449:        let a2 = ConstitutionalAuthority::new([2u8; 32], 2, 0);
crates/amun-authority-registry/src/registry.rs:465:        let a1 = ConstitutionalAuthority::new([1u8; 32], 1, 0);
crates/amun-authority-registry/src/registry.rs:466:        let a2 = ConstitutionalAuthority::new([2u8; 32], 2, 0);
crates/amun-authority-registry/src/registry.rs:483:        let a1 = ConstitutionalAuthority::new([1u8; 32], 1, 0);
crates/amun-authority-registry/src/registry.rs:484:        let a2 = ConstitutionalAuthority::new([2u8; 32], 2, 0);
crates/amun-authority-registry/src/registry.rs:500:        let a1 = ConstitutionalAuthority::new([1u8; 32], 1, 0);
crates/amun-authority-registry/src/registry.rs:50:    pub fn from_genesis(authority: ConstitutionalAuthority) -> Self {
crates/amun-authority-registry/src/registry.rs:61:    pub fn activate(&mut self, authority: ConstitutionalAuthority) {
crates/amun-authority-registry/src/registry.rs:81:    pub fn valid_authorities_at(&self, height: u64) -> Vec<&ConstitutionalAuthority> {
crates/amun-authority-registry/src/registry.rs:8:    authorities: BTreeMap<u64, ConstitutionalAuthority>,
crates/amun-authority-registry/src/transaction.rs:141:        registry.register(ConstitutionalAuthority::new([1u8; 32], 1, 0));
crates/amun-authority-registry/src/transaction.rs:219:        registry.register(ConstitutionalAuthority::new([1u8; 32], 1, 0));
crates/amun-authority-registry/src/transaction.rs:95:    use crate::authority::ConstitutionalAuthority;
crates/amun-authority-registry/src/wal.rs:129:        registry.register(crate::authority::ConstitutionalAuthority::new(
crates/amun-authority-registry/src/wal.rs:31:    /// Replay all entries in order against a fresh GovernanceState.
crates/amun-authority-registry/src/wal.rs:40:    /// Replay and then finalize all approved proposals.
crates/amun-block-builder/tests/n110_4b_slashing_certificate_verification.rs:14:        vec![EvidenceCount {
crates/amun-block-builder/tests/n110_4b_slashing_certificate_verification.rs:15:            evidence_type: EvidenceType::DoubleVote,
crates/amun-block-builder/tests/n110_4b_slashing_certificate_verification.rs:5:use amun_consensus_network::{EvidenceCount, EvidenceType, SlashingCertificate, ValidatorStatus};
crates/amun-block-builder/tests/n110_4b_slashing_certificate_verification.rs:93:        vec![EvidenceCount {
crates/amun-block-builder/tests/n110_4b_slashing_certificate_verification.rs:94:            evidence_type: EvidenceType::DoubleVote,
crates/amun-block/src/block.rs:46:    /// Constitutional block hash — using the same hashing domain as the rest of AmunChain.
crates/amun-block/src/block.rs:47:    /// For now uses a deterministic multi-field hash; will integrate ConstitutionalHasher.
crates/amun-block/src/body.rs:3:use amun_failure::{AmunResult, ConstitutionalFault, FailureContext};
crates/amun-block/src/body.rs:47:            FailureContext::new(ConstitutionalFault::ArithmeticOverflow, 0x0007, 0x0110)
crates/amun-block/src/body.rs:50:            FailureContext::new(ConstitutionalFault::ArithmeticOverflow, 0x0007, 0x0111)
crates/amun-block/src/body.rs:72:                ConstitutionalFault::BufferTooSmall,
crates/amun-block/src/body.rs:81:                ConstitutionalFault::CapacityExceeded,
crates/amun-block/src/body.rs:91:                    ConstitutionalFault::BufferTooSmall,
crates/amun-block/src/body.rs:99:                FailureContext::new(ConstitutionalFault::CapacityExceeded, 0x0007, 0x0103)
crates/amun-block/src/header.rs:3:use amun_failure::{AmunResult, ConstitutionalFault, FailureContext};
crates/amun-block/src/header.rs:72:                ConstitutionalFault::BufferTooSmall,
crates/amun-block/src/limits.rs:1:// Constitutional block limits. SINGLE SOURCE OF TRUTH.
crates/amun-bls/src/aggregate.rs:23:        return Err(FailureContext::new(ConstitutionalFault::InvalidInput, 0x0011, 0x0002));
crates/amun-bls/src/aggregate.rs:2:use amun_failure::{AmunResult, ConstitutionalFault, FailureContext};
crates/amun-bls/src/aggregate.rs:8:        return Err(FailureContext::new(ConstitutionalFault::InvalidInput, 0x0011, 0x0001));
crates/amun-bytecode/src/interpreter.rs:218:                OpCode::CheckInvariant { .. } => {
crates/amun-bytecode/src/interpreter.rs:56:        program: &ConstitutionalProgram,
crates/amun-bytecode/src/interpreter.rs:8:use crate::program::ConstitutionalProgram;
crates/amun-bytecode/src/lib.rs:24:        let p1 = ConstitutionalProgram::new(1, 0, 0, code.clone());
crates/amun-bytecode/src/lib.rs:25:        let p2 = ConstitutionalProgram::new(1, 0, 0, code);
crates/amun-bytecode/src/lib.rs:33:        let program = ConstitutionalProgram::new(1, 0, 0, code);
crates/amun-bytecode/src/lib.rs:58:        let program = ConstitutionalProgram::new(1, 0, 0, code);
crates/amun-bytecode/src/opcodes.rs:13:    // Constitutional operations
crates/amun-bytecode/src/opcodes.rs:14:    CheckInvariant { invariant_idx: u32 },
crates/amun-bytecode/src/opcodes.rs:3:/// Constitutional bytecode opcodes as defined in N48.5-E Section 3.2.
crates/amun-bytecode/src/opcodes.rs:40:            OpCode::CheckInvariant { .. } => "OP_CHECK_INVARIANT",
crates/amun-bytecode/src/opcodes.rs:63:            OpCode::CheckInvariant { .. } => 50,
crates/amun-bytecode/src/opcodes.rs:94:            OpCode::CheckInvariant { .. } | OpCode::EmitClaim { .. }
crates/amun-bytecode/src/program.rs:20:impl ConstitutionalProgram {
crates/amun-bytecode/src/program.rs:7:pub struct ConstitutionalProgram {
crates/amun-byzantine-harness/src/harness.rs:15:    pub fn detect_equivocation(votes: &[ConsensusVote]) -> Vec<EquivocationEvidence> {
crates/amun-byzantine-harness/src/harness.rs:3:use amun_safety_laws::{check_vote_uniqueness, detect_equivocation, EquivocationEvidence};
crates/amun-byzantine-tests/tests/attack_suite.rs:14:use amun_transition_proof::transition_proof::TransitionProof;
crates/amun-byzantine-tests/tests/attack_suite.rs:186:        archetype: ResourceArchetype::Evidence,
crates/amun-byzantine-tests/tests/attack_suite.rs:25:    let program = ConstitutionalProgram::new(1, 0, 0, vec![OpCode::Halt]);
crates/amun-byzantine-tests/tests/attack_suite.rs:263:    let proof = TransitionProof::new(
crates/amun-byzantine-tests/tests/attack_suite.rs:284:    let mut registry = TransferProofRegistry::new();
crates/amun-byzantine-tests/tests/attack_suite.rs:285:    let proof = CrossContractTransferProof::new(
crates/amun-byzantine-tests/tests/attack_suite.rs:299:        ConstitutionalEvidence::ConstitutionalViolation { law, .. } => {
crates/amun-byzantine-tests/tests/attack_suite.rs:2:use amun_bytecode::program::ConstitutionalProgram;
crates/amun-byzantine-tests/tests/attack_suite.rs:35:    let mut hot = HotProofStore::new(100);
crates/amun-byzantine-tests/tests/attack_suite.rs:36:    let mut archive = ProofArchive::new();
crates/amun-byzantine-tests/tests/attack_suite.rs:38:    let result = ConstitutionalRuntime::execute(
crates/amun-byzantine-tests/tests/attack_suite.rs:3:use amun_constitutional_runtime::runtime_pipeline::{ConstitutionalRuntime, PipelineResult};
crates/amun-byzantine-tests/tests/attack_suite.rs:4:use amun_cross_contract::transfer_proof::CrossContractTransferProof;
crates/amun-byzantine-tests/tests/attack_suite.rs:56:    let replay = ReplayVerifier::replay(&proof, &program, &mut fresh_reg, &[]);
crates/amun-byzantine-tests/tests/attack_suite.rs:59:        amun_replay_verifier::replay_verifier::ReplayResult::Match { .. }
crates/amun-byzantine-tests/tests/attack_suite.rs:5:use amun_cross_contract::transfer_registry::TransferProofRegistry;
crates/amun-byzantine-tests/tests/attack_suite.rs:65:    let mut registry = TransferProofRegistry::new();
crates/amun-byzantine-tests/tests/attack_suite.rs:66:    let proof = CrossContractTransferProof::new(
crates/amun-byzantine-tests/tests/attack_suite.rs:6:use amun_evidence_engine::evidence_types::ConstitutionalEvidence;
crates/amun-byzantine-tests/tests/attack_suite.rs:7:use amun_proof_archive::hot_store::HotProofStore;
crates/amun-byzantine-tests/tests/attack_suite.rs:8:use amun_proof_archive::proof_archive::ProofArchive;
crates/amun-byzantine-tests/tests/attack_suite.rs:9:use amun_replay_verifier::replay_verifier::ReplayVerifier;
crates/amun-canonical-collections/src/lib.rs:120:impl<K: Ord + CanonicalEncode, V: CanonicalEncode> ReplaySafe for CanonicalMap<K, V> {
crates/amun-canonical-collections/src/lib.rs:160:impl<T: CanonicalEncode> ReplaySafe for CanonicalDeque<T> {
crates/amun-canonical-collections/src/lib.rs:16:// ─── Constitutional Traits ─────────────────────────────────
crates/amun-canonical-collections/src/lib.rs:18:pub trait ReplaySafe: DeterministicCollection + CanonicalEncode {
crates/amun-canonical-collections/src/lib.rs:4://! Constitutional guarantees:
crates/amun-canonical-collections/src/lib.rs:72:impl<T: Ord + CanonicalEncode> ReplaySafe for CanonicalSet<T> {
crates/amun-certificate-network/src/distribution.rs:103:        block: ConstitutionalBlock,
crates/amun-certificate-network/src/distribution.rs:104:        rt: &ConstitutionalStateRuntime,
crates/amun-certificate-network/src/distribution.rs:106:    ) -> Option<LightClientProofBundle> {
crates/amun-certificate-network/src/distribution.rs:111:            ConstitutionalStateRuntime::prove_certificate_inclusion(&certs, &hash)?;
crates/amun-certificate-network/src/distribution.rs:112:        Some(LightClientProofBundle {
crates/amun-certificate-network/src/distribution.rs:128:    fn create_test_bundle() -> LightClientProofBundle {
crates/amun-certificate-network/src/distribution.rs:129:        let mut rt = ConstitutionalStateRuntime::new();
crates/amun-certificate-network/src/distribution.rs:133:        let merkle_root = hex::encode(ConstitutionalStateRuntime::certificate_merkle_root(&certs));
crates/amun-certificate-network/src/distribution.rs:136:            ConstitutionalStateRuntime::prove_certificate_inclusion(&certs, &hash).unwrap();
crates/amun-certificate-network/src/distribution.rs:137:        let block = ConstitutionalBlock::new(
crates/amun-certificate-network/src/distribution.rs:149:        LightClientProofBundle::new(block, cert, inclusion_proof)
crates/amun-certificate-network/src/distribution.rs:170:        let response = InclusionProofMessage::InclusionProofResponse {
crates/amun-certificate-network/src/distribution.rs:174:            InclusionProofMessage::InclusionProofResponse { proof } => assert!(proof.verify()),
crates/amun-certificate-network/src/distribution.rs:18:    CertificateResponse { certificate: ReplayCertificate },
crates/amun-certificate-network/src/distribution.rs:206:        let response = ProofBundleMessage::BundleResponse {
crates/amun-certificate-network/src/distribution.rs:210:            ProofBundleMessage::BundleResponse { bundle: received } => {
crates/amun-certificate-network/src/distribution.rs:220:        let response = ProofBundleMessage::BundleNotFound {
crates/amun-certificate-network/src/distribution.rs:224:            ProofBundleMessage::BundleNotFound { reason } => assert!(!reason.is_empty()),
crates/amun-certificate-network/src/distribution.rs:231:        let mut rt = ConstitutionalStateRuntime::new();
crates/amun-certificate-network/src/distribution.rs:234:        let merkle_root = hex::encode(ConstitutionalStateRuntime::certificate_merkle_root(
crates/amun-certificate-network/src/distribution.rs:237:        let block = ConstitutionalBlock::new(
crates/amun-certificate-network/src/distribution.rs:280:        let deserialized: LightClientProofBundle = match serde_json::from_str(&json) {
crates/amun-certificate-network/src/distribution.rs:33:// N9B: Inclusion Proof Request/Response Protocol
crates/amun-certificate-network/src/distribution.rs:37:pub enum InclusionProofMessage {
crates/amun-certificate-network/src/distribution.rs:38:    RequestInclusionProof { certificate_hash: [u8; 32] },
crates/amun-certificate-network/src/distribution.rs:39:    InclusionProofResponse { proof: CertificateInclusionProof },
crates/amun-certificate-network/src/distribution.rs:43:// N9C: Light Client Proof Bundle
crates/amun-certificate-network/src/distribution.rs:47:pub struct LightClientProofBundle {
crates/amun-certificate-network/src/distribution.rs:48:    pub block_header: ConstitutionalBlock,
crates/amun-certificate-network/src/distribution.rs:49:    pub certificate: ReplayCertificate,
crates/amun-certificate-network/src/distribution.rs:50:    pub inclusion_proof: CertificateInclusionProof,
crates/amun-certificate-network/src/distribution.rs:53:impl LightClientProofBundle {
crates/amun-certificate-network/src/distribution.rs:55:        block_header: ConstitutionalBlock,
crates/amun-certificate-network/src/distribution.rs:56:        certificate: ReplayCertificate,
crates/amun-certificate-network/src/distribution.rs:57:        inclusion_proof: CertificateInclusionProof,
crates/amun-certificate-network/src/distribution.rs:5:use amun_constitutional_block::ConstitutionalBlock;
crates/amun-certificate-network/src/distribution.rs:7:    CertificateInclusionProof, ConstitutionalStateRuntime, ReplayCertificate,
crates/amun-certificate-network/src/distribution.rs:88:pub enum ProofBundleMessage {
crates/amun-certificate-network/src/distribution.rs:91:    BundleResponse { bundle: LightClientProofBundle },
crates/amun-certificate-network/src/gossip.rs:117:    pub fn get_certificate(&self, hash: &[u8; 32]) -> Option<&ReplayCertificate> {
crates/amun-certificate-network/src/gossip.rs:121:    pub fn get_proof(&self, hash: &[u8; 32]) -> Option<&CertificateInclusionProof> {
crates/amun-certificate-network/src/gossip.rs:125:    pub fn get_bundle(&self, height: u64) -> Option<&LightClientProofBundle> {
crates/amun-certificate-network/src/gossip.rs:159:    use amun_constitutional_block::ConstitutionalBlock;
crates/amun-certificate-network/src/gossip.rs:160:    use amun_constitutional_state::ConstitutionalStateRuntime;
crates/amun-certificate-network/src/gossip.rs:163:        ReplayCertificate,
crates/amun-certificate-network/src/gossip.rs:164:        CertificateInclusionProof,
crates/amun-certificate-network/src/gossip.rs:165:        LightClientProofBundle,
crates/amun-certificate-network/src/gossip.rs:167:        let mut rt = ConstitutionalStateRuntime::new();
crates/amun-certificate-network/src/gossip.rs:171:        let merkle_root = hex::encode(ConstitutionalStateRuntime::certificate_merkle_root(&certs));
crates/amun-certificate-network/src/gossip.rs:173:        let proof = ConstitutionalStateRuntime::prove_certificate_inclusion(&certs, &hash).unwrap();
crates/amun-certificate-network/src/gossip.rs:174:        let block = ConstitutionalBlock::new(
crates/amun-certificate-network/src/gossip.rs:186:        let bundle = LightClientProofBundle::new(block, cert.clone(), proof.clone());
crates/amun-certificate-network/src/gossip.rs:1:use crate::distribution::LightClientProofBundle;
crates/amun-certificate-network/src/gossip.rs:242:        let resp = ProofSync::ProofResponse {
crates/amun-certificate-network/src/gossip.rs:246:            ProofSync::ProofResponse { proof: p } => assert!(p.verify()),
crates/amun-certificate-network/src/gossip.rs:2:use amun_constitutional_state::{CertificateInclusionProof, ReplayCertificate};
crates/amun-certificate-network/src/gossip.rs:323:        let proof_resp = ProofSync::ProofResponse {
crates/amun-certificate-network/src/gossip.rs:342:            ProofSync::ProofResponse { proof: p } => cache.store_proof(hash, p.clone()),
crates/amun-certificate-network/src/gossip.rs:38:        certificates: Vec<ReplayCertificate>,
crates/amun-certificate-network/src/gossip.rs:43:// N10D: Inclusion Proof Distribution
crates/amun-certificate-network/src/gossip.rs:47:pub enum ProofSync {
crates/amun-certificate-network/src/gossip.rs:48:    RequestProof { certificate_hash: [u8; 32] },
crates/amun-certificate-network/src/gossip.rs:49:    ProofResponse { proof: CertificateInclusionProof },
crates/amun-certificate-network/src/gossip.rs:67:        bundle: LightClientProofBundle,
crates/amun-certificate-network/src/gossip.rs:77:    certificates: BTreeMap<[u8; 32], ReplayCertificate>,
crates/amun-certificate-network/src/gossip.rs:78:    proofs: BTreeMap<[u8; 32], CertificateInclusionProof>,
crates/amun-certificate-network/src/gossip.rs:79:    bundles: BTreeMap<u64, LightClientProofBundle>,
crates/amun-certificate-network/src/gossip.rs:88:    pub fn store_certificate(&mut self, cert: ReplayCertificate) {
crates/amun-certificate-network/src/gossip.rs:93:    pub fn store_proof(&mut self, cert_hash: [u8; 32], proof: CertificateInclusionProof) {
crates/amun-certificate-network/src/gossip.rs:97:    pub fn store_bundle(&mut self, height: u64, bundle: LightClientProofBundle) {
crates/amun-certificate-network/src/lib.rs:36:    BundleBuilder, CertificateMessage, InclusionProofMessage, LightClientProofBundle,
crates/amun-certificate-network/src/lib.rs:37:    ProofBundleMessage,
crates/amun-certificate-network/src/lib.rs:41:    PeerCertificateCache, ProofSync,
crates/amun-chain-checkpoint/src/bootstrap.rs:24:        let rt = ConstitutionalStateRuntime::new();
crates/amun-chain-checkpoint/src/bootstrap.rs:2:use amun_constitutional_state::ConstitutionalStateRuntime;
crates/amun-chain-checkpoint/src/bootstrap.rs:45:    use amun_certificate_network::distribution::LightClientProofBundle;
crates/amun-chain-checkpoint/src/bootstrap.rs:46:    use amun_constitutional_block::ConstitutionalBlock;
crates/amun-chain-checkpoint/src/bootstrap.rs:47:    use amun_constitutional_state::ConstitutionalStateRuntime;
crates/amun-chain-checkpoint/src/bootstrap.rs:49:    fn create_bundle(height: u64, parent_hash: &str) -> LightClientProofBundle {
crates/amun-chain-checkpoint/src/bootstrap.rs:50:        let mut rt = ConstitutionalStateRuntime::new();
crates/amun-chain-checkpoint/src/bootstrap.rs:54:        let merkle_root = hex::encode(ConstitutionalStateRuntime::certificate_merkle_root(&certs));
crates/amun-chain-checkpoint/src/bootstrap.rs:56:        let proof = ConstitutionalStateRuntime::prove_certificate_inclusion(&certs, &hash).unwrap();
crates/amun-chain-checkpoint/src/bootstrap.rs:57:        let block = ConstitutionalBlock::new(
crates/amun-chain-checkpoint/src/bootstrap.rs:69:        LightClientProofBundle::new(block, cert, proof)
crates/amun-chain-checkpoint/src/bootstrap.rs:73:        let mut bundles: Vec<LightClientProofBundle> = Vec::new();
crates/amun-chain-checkpoint/src/chain.rs:104:        assert!(RecursiveCheckpointProof::from_checkpoints(&[c1, c2])
crates/amun-chain-checkpoint/src/chain.rs:113:        assert!(RecursiveCheckpointProof::from_checkpoints(&[c1, c2])
crates/amun-chain-checkpoint/src/chain.rs:11:impl RecursiveCheckpointProof {
crates/amun-chain-checkpoint/src/chain.rs:121:            RecursiveCheckpointProof::from_checkpoints(&[create_checkpoint(0, 0)]).unwrap();
crates/amun-chain-checkpoint/src/chain.rs:50:    use amun_certificate_network::distribution::LightClientProofBundle;
crates/amun-chain-checkpoint/src/chain.rs:51:    use amun_constitutional_block::ConstitutionalBlock;
crates/amun-chain-checkpoint/src/chain.rs:52:    use amun_constitutional_state::ConstitutionalStateRuntime;
crates/amun-chain-checkpoint/src/chain.rs:54:    fn create_bundle(height: u64, parent_hash: &str) -> LightClientProofBundle {
crates/amun-chain-checkpoint/src/chain.rs:55:        let mut rt = ConstitutionalStateRuntime::new();
crates/amun-chain-checkpoint/src/chain.rs:59:        let merkle_root = hex::encode(ConstitutionalStateRuntime::certificate_merkle_root(&certs));
crates/amun-chain-checkpoint/src/chain.rs:61:        let proof = ConstitutionalStateRuntime::prove_certificate_inclusion(&certs, &hash).unwrap();
crates/amun-chain-checkpoint/src/chain.rs:62:        let block = ConstitutionalBlock::new(
crates/amun-chain-checkpoint/src/chain.rs:6:pub struct RecursiveCheckpointProof {
crates/amun-chain-checkpoint/src/chain.rs:74:        LightClientProofBundle::new(block, cert, proof)
crates/amun-chain-checkpoint/src/chain.rs:78:        let mut bundles: Vec<LightClientProofBundle> = Vec::new();
crates/amun-chain-checkpoint/src/chain.rs:94:            RecursiveCheckpointProof::from_checkpoints(&[create_checkpoint(0, 0)])
crates/amun-chain-checkpoint/src/inclusion.rs:104:    use amun_certificate_network::distribution::LightClientProofBundle;
crates/amun-chain-checkpoint/src/inclusion.rs:105:    use amun_constitutional_block::ConstitutionalBlock;
crates/amun-chain-checkpoint/src/inclusion.rs:106:    use amun_constitutional_state::ConstitutionalStateRuntime;
crates/amun-chain-checkpoint/src/inclusion.rs:108:    fn create_bundle(height: u64, parent_hash: &str) -> LightClientProofBundle {
crates/amun-chain-checkpoint/src/inclusion.rs:109:        let mut rt = ConstitutionalStateRuntime::new();
crates/amun-chain-checkpoint/src/inclusion.rs:113:        let merkle_root = hex::encode(ConstitutionalStateRuntime::certificate_merkle_root(&certs));
crates/amun-chain-checkpoint/src/inclusion.rs:115:        let proof = ConstitutionalStateRuntime::prove_certificate_inclusion(&certs, &hash).unwrap();
crates/amun-chain-checkpoint/src/inclusion.rs:116:        let block = ConstitutionalBlock::new(
crates/amun-chain-checkpoint/src/inclusion.rs:128:        LightClientProofBundle::new(block, cert, proof)
crates/amun-chain-checkpoint/src/inclusion.rs:132:        let mut bundles: Vec<LightClientProofBundle> = Vec::new();
crates/amun-chain-checkpoint/src/inclusion.rs:17:pub struct CheckpointInclusionProof {
crates/amun-chain-checkpoint/src/inclusion.rs:20:    pub proof: MerkleProof,
crates/amun-chain-checkpoint/src/inclusion.rs:27:) -> Option<CheckpointInclusionProof> {
crates/amun-chain-checkpoint/src/inclusion.rs:2:use amun_constitutional_commitments::smt::{MerkleProof, SparseMerkleTree};
crates/amun-chain-checkpoint/src/inclusion.rs:38:    Some(CheckpointInclusionProof {
crates/amun-chain-checkpoint/src/inclusion.rs:46:impl CheckpointInclusionProof {
crates/amun-chain-checkpoint/src/inclusion.rs:59:    pub inclusion_proof: CheckpointInclusionProof,
crates/amun-chain-checkpoint/src/inclusion.rs:65:        inclusion_proof: CheckpointInclusionProof,
crates/amun-chain-checkpoint/src/lib.rs:136:    /// AmunChain proof layers (ReplayCertificate uses `AMUN_REPLAY_CERTIFICATE_V1`,
crates/amun-chain-checkpoint/src/lib.rs:234:    use amun_constitutional_block::ConstitutionalBlock;
crates/amun-chain-checkpoint/src/lib.rs:235:    use amun_constitutional_state::ConstitutionalStateRuntime;
crates/amun-chain-checkpoint/src/lib.rs:237:    /// Helper: create a valid LightClientProofBundle at a given height.
crates/amun-chain-checkpoint/src/lib.rs:238:    fn create_bundle(height: u64, parent_hash: &str) -> LightClientProofBundle {
crates/amun-chain-checkpoint/src/lib.rs:239:        let mut rt = ConstitutionalStateRuntime::new();
crates/amun-chain-checkpoint/src/lib.rs:243:        let merkle_root = hex::encode(ConstitutionalStateRuntime::certificate_merkle_root(&certs));
crates/amun-chain-checkpoint/src/lib.rs:245:        let proof = ConstitutionalStateRuntime::prove_certificate_inclusion(&certs, &hash).unwrap();
crates/amun-chain-checkpoint/src/lib.rs:246:        let block = ConstitutionalBlock::new(
crates/amun-chain-checkpoint/src/lib.rs:258:        LightClientProofBundle::new(block, cert, proof)
crates/amun-chain-checkpoint/src/lib.rs:290:        let bundles: Vec<LightClientProofBundle> = vec![];
crates/amun-chain-checkpoint/src/lib.rs:32:use amun_certificate_network::distribution::LightClientProofBundle;
crates/amun-chain-checkpoint/src/lib.rs:47:/// of the AmunChain proof layers (ReplayCertificate, CertificateMerkleRoot, etc.).
crates/amun-chain-checkpoint/src/lib.rs:58:    /// Evidence root at end_height.
crates/amun-chain-checkpoint/src/lib.rs:60:    /// Replay certificate merkle root at end_height.
crates/amun-chain-checkpoint/src/lib.rs:79:        bundles: &[LightClientProofBundle],
crates/amun-chain-checkpoint/tests/n15_constitutional_join.rs:100:        let proof = ConstitutionalStateRuntime::prove_certificate_inclusion(&certs, &hash).unwrap();
crates/amun-chain-checkpoint/tests/n15_constitutional_join.rs:108:        let block = ConstitutionalBlock::new(
crates/amun-chain-checkpoint/tests/n15_constitutional_join.rs:121:        bundles.push(LightClientProofBundle::new(block, cert, proof));
crates/amun-chain-checkpoint/tests/n15_constitutional_join.rs:133:    let mut rt_check = ConstitutionalStateRuntime::new();
crates/amun-chain-checkpoint/tests/n15_constitutional_join.rs:138:    let mut rt_verify = ConstitutionalStateRuntime::new();
crates/amun-chain-checkpoint/tests/n15_constitutional_join.rs:13:    let mut rt_a = ConstitutionalStateRuntime::new();
crates/amun-chain-checkpoint/tests/n15_constitutional_join.rs:14:    let mut bundles_a: Vec<LightClientProofBundle> = Vec::new();
crates/amun-chain-checkpoint/tests/n15_constitutional_join.rs:1:use amun_certificate_network::distribution::LightClientProofBundle;
crates/amun-chain-checkpoint/tests/n15_constitutional_join.rs:21:        let merkle_root = hex::encode(ConstitutionalStateRuntime::certificate_merkle_root(&certs));
crates/amun-chain-checkpoint/tests/n15_constitutional_join.rs:23:        let proof = ConstitutionalStateRuntime::prove_certificate_inclusion(&certs, &hash).unwrap();
crates/amun-chain-checkpoint/tests/n15_constitutional_join.rs:31:        let block = ConstitutionalBlock::new(
crates/amun-chain-checkpoint/tests/n15_constitutional_join.rs:44:        bundles_a.push(LightClientProofBundle::new(block, cert, proof));
crates/amun-chain-checkpoint/tests/n15_constitutional_join.rs:4:    chain::RecursiveCheckpointProof,
crates/amun-chain-checkpoint/tests/n15_constitutional_join.rs:69:    let mut rt_b = ConstitutionalStateRuntime::new();
crates/amun-chain-checkpoint/tests/n15_constitutional_join.rs:76:    let recursive = RecursiveCheckpointProof::from_checkpoints(&checkpoints).unwrap();
crates/amun-chain-checkpoint/tests/n15_constitutional_join.rs:8:use amun_constitutional_block::ConstitutionalBlock;
crates/amun-chain-checkpoint/tests/n15_constitutional_join.rs:90:    let mut rt = ConstitutionalStateRuntime::new();
crates/amun-chain-checkpoint/tests/n15_constitutional_join.rs:91:    let mut bundles: Vec<LightClientProofBundle> = Vec::new();
crates/amun-chain-checkpoint/tests/n15_constitutional_join.rs:98:        let merkle_root = hex::encode(ConstitutionalStateRuntime::certificate_merkle_root(&certs));
crates/amun-chain-checkpoint/tests/n15_constitutional_join.rs:9:use amun_constitutional_state::ConstitutionalStateRuntime;
crates/amun-chain-checkpoint/tests/n16_adversarial_bootstrap.rs:14:    let mut rt = ConstitutionalStateRuntime::new();
crates/amun-chain-checkpoint/tests/n16_adversarial_bootstrap.rs:15:    let mut bundles: Vec<LightClientProofBundle> = Vec::new();
crates/amun-chain-checkpoint/tests/n16_adversarial_bootstrap.rs:1:use amun_certificate_network::distribution::LightClientProofBundle;
crates/amun-chain-checkpoint/tests/n16_adversarial_bootstrap.rs:22:        let merkle_root = hex::encode(ConstitutionalStateRuntime::certificate_merkle_root(&certs));
crates/amun-chain-checkpoint/tests/n16_adversarial_bootstrap.rs:24:        let proof = ConstitutionalStateRuntime::prove_certificate_inclusion(&certs, &hash).unwrap();
crates/amun-chain-checkpoint/tests/n16_adversarial_bootstrap.rs:32:        let block = ConstitutionalBlock::new(
crates/amun-chain-checkpoint/tests/n16_adversarial_bootstrap.rs:45:        bundles.push(LightClientProofBundle::new(block, cert, proof));
crates/amun-chain-checkpoint/tests/n16_adversarial_bootstrap.rs:7:use amun_constitutional_block::ConstitutionalBlock;
crates/amun-chain-checkpoint/tests/n16_adversarial_bootstrap.rs:8:use amun_constitutional_state::ConstitutionalStateRuntime;
crates/amun-chain-store/src/record.rs:15:    /// N129.3: Evidence root chaining all constitutional proofs
crates/amun-chain-store/src/record.rs:18:    /// CCA v1.0: Constitutional commitment root (hash of serialized commitment)
crates/amun-chain-store/src/record.rs:20:    /// CCA v1.0: Constitutional root (hash of identity, evidence, governance, economic)
crates/amun-civilizational-relations/src/relation.rs:1:use amun_snapshot_engine::ConstitutionalIdentity;
crates/amun-civilizational-relations/src/relation.rs:38:    pub fn classify(local: &ConstitutionalIdentity, remote: &ConstitutionalIdentity) -> Self {
crates/amun-codec/src/budget.rs:24:                ConstitutionalFault::DecodeBudgetExceeded,
crates/amun-codec/src/budget.rs:35:                ConstitutionalFault::DecodeBudgetExceeded,
crates/amun-codec/src/budget.rs:3:use amun_failure::{module_ids, operation_ids, AmunResult, ConstitutionalFault, FailureContext};
crates/amun-codec/src/budget.rs:46:                ConstitutionalFault::DecodeBudgetExceeded,
crates/amun-codec/src/containers.rs:103:                ConstitutionalFault::CapacityExceeded,
crates/amun-codec/src/containers.rs:114:            ConstitutionalFault::CapacityExceeded,
crates/amun-codec/src/containers.rs:52:            ConstitutionalFault::CapacityExceeded,
crates/amun-codec/src/containers.rs:5:use amun_failure::{module_ids, operation_ids, ConstitutionalFault, FailureContext};
crates/amun-codec/src/containers.rs:72:                ConstitutionalFault::CapacityExceeded,
crates/amun-codec/src/containers.rs:83:            ConstitutionalFault::CapacityExceeded,
crates/amun-codec/src/decode.rs:112:                ConstitutionalFault::BufferTooSmall,
crates/amun-codec/src/decode.rs:127:                ConstitutionalFault::BufferTooSmall,
crates/amun-codec/src/decode.rs:13:                ConstitutionalFault::TrailingBytesDetected,
crates/amun-codec/src/decode.rs:165:                ConstitutionalFault::BufferTooSmall,
crates/amun-codec/src/decode.rs:180:                ConstitutionalFault::BufferTooSmall,
crates/amun-codec/src/decode.rs:195:                ConstitutionalFault::BufferTooSmall,
crates/amun-codec/src/decode.rs:1:use amun_failure::{module_ids, operation_ids, AmunResult, ConstitutionalFault, FailureContext};
crates/amun-codec/src/decode.rs:26:                ConstitutionalFault::BufferTooSmall,
crates/amun-codec/src/decode.rs:39:                ConstitutionalFault::BufferTooSmall,
crates/amun-codec/src/decode.rs:52:                ConstitutionalFault::BufferTooSmall,
crates/amun-codec/src/decode.rs:67:                ConstitutionalFault::BufferTooSmall,
crates/amun-codec/src/decode.rs:82:                ConstitutionalFault::BufferTooSmall,
crates/amun-codec/src/decode.rs:97:                ConstitutionalFault::BufferTooSmall,
crates/amun-codec/src/versioned.rs:3:use amun_failure::{module_ids, operation_ids, AmunResult, ConstitutionalFault, FailureContext};
crates/amun-codec/src/versioned.rs:51:                ConstitutionalFault::MalformedEncoding,
crates/amun-codec/src/versioned.rs:60:                ConstitutionalFault::EncodingVersionMismatch,
crates/amun-codec/src/versioned.rs:68:                ConstitutionalFault::MalformedEncoding,
crates/amun-codec/src/versioned.rs:79:                ConstitutionalFault::ReplayViolation,
crates/amun-codec/src/writer.rs:115:                ConstitutionalFault::InvalidStateTransition,
crates/amun-codec/src/writer.rs:128:                ConstitutionalFault::InvalidStateTransition,
crates/amun-codec/src/writer.rs:136:                ConstitutionalFault::BufferTooSmall,
crates/amun-codec/src/writer.rs:166:                    ConstitutionalFault::BufferTooSmall,
crates/amun-codec/src/writer.rs:177:                    ConstitutionalFault::BufferTooSmall,
crates/amun-codec/src/writer.rs:44:                ConstitutionalFault::ArithmeticOverflow,
crates/amun-codec/src/writer.rs:4:use amun_failure::{module_ids, operation_ids, AmunResult, ConstitutionalFault, FailureContext};
crates/amun-codec/src/writer.rs:51:                ConstitutionalFault::BufferTooSmall,
crates/amun-codec/src/writer.rs:81:                ConstitutionalFault::ArithmeticOverflow,
crates/amun-compatibility/src/lib.rs:1:// Constitutional Compatibility Engine
crates/amun-compatibility/src/lib.rs:8:pub use migration::{MigrationProof, MigrationRules};
crates/amun-compatibility/src/matrix.rs:23:            CompatibilityClass::ReplayCompatible
crates/amun-compatibility/src/matrix.rs:2:use amun_snapshot_engine::ConstitutionalIdentity;
crates/amun-compatibility/src/matrix.rs:34:    pub source_identity: ConstitutionalIdentity,
crates/amun-compatibility/src/matrix.rs:35:    pub target_identity: ConstitutionalIdentity,
crates/amun-compatibility/src/matrix.rs:44:    pub fn compute(source: &ConstitutionalIdentity, target: &ConstitutionalIdentity) -> Self {
crates/amun-compatibility/src/migration.rs:26:/// Proof that a migration was performed correctly.
crates/amun-compatibility/src/migration.rs:28:pub struct MigrationProof {
crates/amun-consensus-execution/src/block_dag.rs:215:        // Invariant assertions
crates/amun-consensus-execution/src/voter.rs:160:    pub fn get_evidence(&self) -> &[EquivocationProof] {
crates/amun-consensus-execution/src/voter.rs:22:    evidence: Vec<EquivocationProof>,
crates/amun-consensus-execution/src/voter.rs:53:                let proof = EquivocationProof {
crates/amun-consensus-execution/src/voter.rs:8:pub struct EquivocationProof {
crates/amun-consensus-integration/src/consensus_integrator.rs:115:        let program = ConstitutionalProgram::new(1, 0, 0, vec![OpCode::Halt]);
crates/amun-consensus-integration/src/consensus_integrator.rs:141:        let program = ConstitutionalProgram::new(1, 0, 0, vec![OpCode::Halt]);
crates/amun-consensus-integration/src/consensus_integrator.rs:168:        let program = ConstitutionalProgram::new(1, 0, 0, vec![OpCode::Halt]);
crates/amun-consensus-integration/src/consensus_integrator.rs:16:        programs: &[(ConstitutionalProgram, ExecutionContext)],
crates/amun-consensus-integration/src/consensus_integrator.rs:193:        let program = ConstitutionalProgram::new(1, 0, 0, vec![OpCode::Halt]);
crates/amun-consensus-integration/src/consensus_integrator.rs:1:use amun_bytecode::program::ConstitutionalProgram;
crates/amun-consensus-integration/src/consensus_integrator.rs:21:    ) -> Result<ConstitutionalBlock, String> {
crates/amun-consensus-integration/src/consensus_integrator.rs:220:        let program = ConstitutionalProgram::new(1, 0, 0, vec![OpCode::Halt]);
crates/amun-consensus-integration/src/consensus_integrator.rs:22:        let mut hot = HotProofStore::new(10000);
crates/amun-consensus-integration/src/consensus_integrator.rs:23:        let mut archive = ProofArchive::new();
crates/amun-consensus-integration/src/consensus_integrator.rs:27:            let result = ConstitutionalRuntime::execute(
crates/amun-consensus-integration/src/consensus_integrator.rs:2:use amun_constitutional_runtime::runtime_pipeline::{ConstitutionalRuntime, PipelineResult};
crates/amun-consensus-integration/src/consensus_integrator.rs:3:use amun_proof_archive::hot_store::HotProofStore;
crates/amun-consensus-integration/src/consensus_integrator.rs:4:use amun_proof_archive::proof_archive::ProofArchive;
crates/amun-consensus-integration/src/consensus_integrator.rs:51:        let mut block = ConstitutionalBlock {
crates/amun-consensus-integration/src/consensus_integrator.rs:79:        block: &ConstitutionalBlock,
crates/amun-consensus-integration/src/consensus_integrator.rs:82:    ) -> Result<ConstitutionalFinalityCertificate, String> {
crates/amun-consensus-integration/src/consensus_integrator.rs:86:        let mut qc = ConstitutionalQC::for_block(block, quorum_size);
crates/amun-consensus-integration/src/consensus_integrator.rs:96:        Ok(ConstitutionalFinalityCertificate::issue(block, qc))
crates/amun-consensus-integration/src/consensus_integrator.rs:9:    ConstitutionalBlock, ConstitutionalFinalityCertificate, ConstitutionalQC,
crates/amun-consensus-integration/src/consensus_types.rs:12:    pub transitions: Vec<TransitionProof>,
crates/amun-consensus-integration/src/consensus_types.rs:17:impl ConstitutionalBlock {
crates/amun-consensus-integration/src/consensus_types.rs:2:use amun_transition_proof::transition_proof::TransitionProof;
crates/amun-consensus-integration/src/consensus_types.rs:44:pub struct ConstitutionalQC {
crates/amun-consensus-integration/src/consensus_types.rs:54:impl ConstitutionalQC {
crates/amun-consensus-integration/src/consensus_types.rs:59:    pub fn for_block(block: &ConstitutionalBlock, threshold: usize) -> Self {
crates/amun-consensus-integration/src/consensus_types.rs:6:pub struct ConstitutionalBlock {
crates/amun-consensus-integration/src/consensus_types.rs:78:pub struct ConstitutionalFinalityCertificate {
crates/amun-consensus-integration/src/consensus_types.rs:83:    pub qc: ConstitutionalQC,
crates/amun-consensus-integration/src/consensus_types.rs:87:impl ConstitutionalFinalityCertificate {
crates/amun-consensus-integration/src/consensus_types.rs:88:    pub fn issue(block: &ConstitutionalBlock, qc: ConstitutionalQC) -> Self {
crates/amun-consensus-law/src/invariants.rs:1:use amun_invariants::kernel::IrreducibleInvariants;
crates/amun-consensus-law/src/invariants.rs:35:        IrreducibleInvariants::kernel_hash()
crates/amun-consensus-law/src/invariants.rs:3:pub struct ConsensusInvariants;
crates/amun-consensus-law/src/invariants.rs:5:impl ConsensusInvariants {
crates/amun-consensus-law/src/lib.rs:8:pub use invariants::ConsensusInvariants;
crates/amun-consensus-network/src/certificate_evidence_validation.rs:110:        let store = EvidenceStore::new();
crates/amun-consensus-network/src/certificate_evidence_validation.rs:115:            EvidenceValidationResult::MissingEvidence { missing_ids } => {
crates/amun-consensus-network/src/certificate_evidence_validation.rs:120:            _ => panic!("Expected MissingEvidence, got {:?}", result),
crates/amun-consensus-network/src/certificate_evidence_validation.rs:127:        let mut store = EvidenceStore::new();
crates/amun-consensus-network/src/certificate_evidence_validation.rs:12://   - Missing evidence → MissingEvidenceRequest sent to peers
crates/amun-consensus-network/src/certificate_evidence_validation.rs:130:        let e1 = EvidenceRecord::new([0x42; 32], 1, EvidenceType::DoubleVote, 1000, vec![1]);
crates/amun-consensus-network/src/certificate_evidence_validation.rs:131:        let e2 = EvidenceRecord::new([0x42; 32], 2, EvidenceType::DoubleVote, 2000, vec![2]);
crates/amun-consensus-network/src/certificate_evidence_validation.rs:13://   - Evidence received → certificate retried → accepted
crates/amun-consensus-network/src/certificate_evidence_validation.rs:140:        assert_eq!(result, EvidenceValidationResult::AllPresent);
crates/amun-consensus-network/src/certificate_evidence_validation.rs:146:        let mut store = EvidenceStore::new();
crates/amun-consensus-network/src/certificate_evidence_validation.rs:147:        let e1 = EvidenceRecord::new([0x42; 32], 1, EvidenceType::DoubleVote, 1000, vec![1]);
crates/amun-consensus-network/src/certificate_evidence_validation.rs:155:            EvidenceValidationResult::MissingEvidence { missing_ids } => {
crates/amun-consensus-network/src/certificate_evidence_validation.rs:159:            _ => panic!("Expected MissingEvidence"),
crates/amun-consensus-network/src/certificate_evidence_validation.rs:16:use crate::evidence_store::EvidenceStore;
crates/amun-consensus-network/src/certificate_evidence_validation.rs:174:        let mut store = EvidenceStore::new();
crates/amun-consensus-network/src/certificate_evidence_validation.rs:175:        let evidence = EvidenceRecord::new(
crates/amun-consensus-network/src/certificate_evidence_validation.rs:178:            EvidenceType::StateRootMismatch,
crates/amun-consensus-network/src/certificate_evidence_validation.rs:17:use crate::messages::{MissingEvidenceRequest, MissingEvidenceResponse};
crates/amun-consensus-network/src/certificate_evidence_validation.rs:184:        let response = MissingEvidenceResponse {
crates/amun-consensus-network/src/certificate_evidence_validation.rs:22:pub enum EvidenceValidationResult {
crates/amun-consensus-network/src/certificate_evidence_validation.rs:26:    MissingEvidence { missing_ids: Vec<[u8; 32]> },
crates/amun-consensus-network/src/certificate_evidence_validation.rs:2:// N111.6 — Certificate Evidence Validation
crates/amun-consensus-network/src/certificate_evidence_validation.rs:30:/// exists in the local EvidenceStore.
crates/amun-consensus-network/src/certificate_evidence_validation.rs:33:    evidence_store: &EvidenceStore,
crates/amun-consensus-network/src/certificate_evidence_validation.rs:34:) -> EvidenceValidationResult {
crates/amun-consensus-network/src/certificate_evidence_validation.rs:44:        EvidenceValidationResult::AllPresent
crates/amun-consensus-network/src/certificate_evidence_validation.rs:46:        EvidenceValidationResult::MissingEvidence {
crates/amun-consensus-network/src/certificate_evidence_validation.rs:52:/// N111.6: Build a MissingEvidenceRequest for the given evidence IDs.
crates/amun-consensus-network/src/certificate_evidence_validation.rs:56:) -> MissingEvidenceRequest {
crates/amun-consensus-network/src/certificate_evidence_validation.rs:57:    MissingEvidenceRequest {
crates/amun-consensus-network/src/certificate_evidence_validation.rs:5:// IDs it references are present in the local EvidenceStore.
crates/amun-consensus-network/src/certificate_evidence_validation.rs:63:/// N111.6: Process a MissingEvidenceResponse by extracting the evidence
crates/amun-consensus-network/src/certificate_evidence_validation.rs:67:    response: &MissingEvidenceResponse,
crates/amun-consensus-network/src/certificate_evidence_validation.rs:68:    evidence_store: &mut EvidenceStore,
crates/amun-consensus-network/src/certificate_evidence_validation.rs:72:        let record: crate::evidence_store::EvidenceRecord = postcard::from_bytes(data)
crates/amun-consensus-network/src/certificate_evidence_validation.rs:84:    use crate::evidence_store::{EvidenceRecord, EvidenceStore, EvidenceType};
crates/amun-consensus-network/src/certificate_evidence_validation.rs:86:    use crate::slashing_certificate::{EvidenceCount, SlashingCertificate};
crates/amun-consensus-network/src/certificate_evidence_validation.rs:8:// "Evidence propagation is not yet network-wide."
crates/amun-consensus-network/src/certificate_evidence_validation.rs:93:            vec![EvidenceCount {
crates/amun-consensus-network/src/certificate_evidence_validation.rs:94:                evidence_type: EvidenceType::DoubleVote,
crates/amun-consensus-network/src/certificate_gossip.rs:72:    use crate::evidence_store::EvidenceType;
crates/amun-consensus-network/src/certificate_gossip.rs:74:    use crate::slashing_certificate::{EvidenceCount, SlashingCertificate};
crates/amun-consensus-network/src/certificate_gossip.rs:81:            vec![EvidenceCount {
crates/amun-consensus-network/src/certificate_gossip.rs:82:                evidence_type: EvidenceType::DoubleVote,
crates/amun-consensus-network/src/engine.rs:21:    pub double_vote_evidence: Vec<DoubleVoteEvidence>,
crates/amun-consensus-network/src/engine.rs:228:/// Evidence of equivocation — same validator voted for two different blocks at the same height.
crates/amun-consensus-network/src/engine.rs:230:pub struct DoubleVoteEvidence {
crates/amun-consensus-network/src/engine.rs:2:    ConsensusVote, EquivocationProof, FinalityCertificate, QuorumCertificate, SignedVote,
crates/amun-consensus-network/src/engine.rs:416:                let proof = EquivocationProof {
crates/amun-consensus-network/src/engine.rs:425:                let evidence_id = crate::evidence_store::EvidenceRecord::compute_evidence_id(
crates/amun-consensus-network/src/engine.rs:428:                    &crate::evidence_store::EvidenceType::DoubleVote,
crates/amun-consensus-network/src/engine.rs:434:                    &crate::evidence_store::EvidenceType::DoubleVote,
crates/amun-consensus-network/src/evidence_gossip.rs:106:impl Default for EvidenceGossip {
crates/amun-consensus-network/src/evidence_gossip.rs:118:        let mut gossip = EvidenceGossip::new();
crates/amun-consensus-network/src/evidence_gossip.rs:119:        let ann = EvidenceAnnouncement {
crates/amun-consensus-network/src/evidence_gossip.rs:122:            evidence_type: EvidenceType::DoubleVote,
crates/amun-consensus-network/src/evidence_gossip.rs:12://   1. Receives an EvidenceAnnouncement from the network
crates/amun-consensus-network/src/evidence_gossip.rs:132:        let mut gossip = EvidenceGossip::new();
crates/amun-consensus-network/src/evidence_gossip.rs:133:        let ann = EvidenceAnnouncement {
crates/amun-consensus-network/src/evidence_gossip.rs:136:            evidence_type: EvidenceType::DoubleVote,
crates/amun-consensus-network/src/evidence_gossip.rs:147:        let mut gossip = EvidenceGossip::new();
crates/amun-consensus-network/src/evidence_gossip.rs:156:        let mut gossip = EvidenceGossip::new();
crates/amun-consensus-network/src/evidence_gossip.rs:159:        gossip.receive_announcement(EvidenceAnnouncement {
crates/amun-consensus-network/src/evidence_gossip.rs:162:            evidence_type: EvidenceType::StateRootMismatch,
crates/amun-consensus-network/src/evidence_gossip.rs:171:        let ann = EvidenceAnnouncement {
crates/amun-consensus-network/src/evidence_gossip.rs:174:            evidence_type: EvidenceType::DoubleVote,
crates/amun-consensus-network/src/evidence_gossip.rs:178:        assert!(EvidenceGossip::verify_announcement(&ann, 50).is_ok());
crates/amun-consensus-network/src/evidence_gossip.rs:17:use crate::evidence_store::EvidenceType;
crates/amun-consensus-network/src/evidence_gossip.rs:183:        let ann = EvidenceAnnouncement {
crates/amun-consensus-network/src/evidence_gossip.rs:186:            evidence_type: EvidenceType::DoubleVote,
crates/amun-consensus-network/src/evidence_gossip.rs:190:        let err = EvidenceGossip::verify_announcement(&ann, 50).unwrap_err();
crates/amun-consensus-network/src/evidence_gossip.rs:196:        let ann = EvidenceAnnouncement {
crates/amun-consensus-network/src/evidence_gossip.rs:199:            evidence_type: EvidenceType::DoubleVote,
crates/amun-consensus-network/src/evidence_gossip.rs:203:        assert!(EvidenceGossip::verify_announcement(&ann, 50).is_err());
crates/amun-consensus-network/src/evidence_gossip.rs:208:        let ann = EvidenceAnnouncement {
crates/amun-consensus-network/src/evidence_gossip.rs:211:            evidence_type: EvidenceType::DoubleVote,
crates/amun-consensus-network/src/evidence_gossip.rs:215:        assert!(EvidenceGossip::verify_announcement(&ann, 50).is_err());
crates/amun-consensus-network/src/evidence_gossip.rs:22:/// the full EvidenceRecord if they need it.
crates/amun-consensus-network/src/evidence_gossip.rs:24:pub struct EvidenceAnnouncement {
crates/amun-consensus-network/src/evidence_gossip.rs:27:    pub evidence_type: EvidenceType,
crates/amun-consensus-network/src/evidence_gossip.rs:2:// N111.2 — Evidence Gossip
crates/amun-consensus-network/src/evidence_gossip.rs:33:pub struct EvidenceGossip {
crates/amun-consensus-network/src/evidence_gossip.rs:35:    pub announcements: HashMap<[u8; 32], EvidenceAnnouncement>,
crates/amun-consensus-network/src/evidence_gossip.rs:40:impl EvidenceGossip {
crates/amun-consensus-network/src/evidence_gossip.rs:50:    pub fn receive_announcement(&mut self, announcement: EvidenceAnnouncement) -> bool {
crates/amun-consensus-network/src/evidence_gossip.rs:80:        announcement: &EvidenceAnnouncement,
crates/amun-consensus-network/src/evidence_push.rs:102:impl Default for EvidencePush {
crates/amun-consensus-network/src/evidence_push.rs:104:        Self::new(EvidencePushConfig::default())
crates/amun-consensus-network/src/evidence_push.rs:111:    use crate::evidence_store::EvidenceType;
crates/amun-consensus-network/src/evidence_push.rs:113:    fn make_store_with_evidence(count: u8) -> (EvidenceStore, Vec<[u8; 32]>) {
crates/amun-consensus-network/src/evidence_push.rs:114:        let mut store = EvidenceStore::new();
crates/amun-consensus-network/src/evidence_push.rs:117:            let record = EvidenceRecord::new(
crates/amun-consensus-network/src/evidence_push.rs:120:                EvidenceType::DoubleVote,
crates/amun-consensus-network/src/evidence_push.rs:134:        let gossip = EvidenceGossip::new();
crates/amun-consensus-network/src/evidence_push.rs:135:        let mut push = EvidencePush::default();
crates/amun-consensus-network/src/evidence_push.rs:13:pub struct EvidencePushConfig {
crates/amun-consensus-network/src/evidence_push.rs:148:        let gossip = EvidenceGossip::new();
crates/amun-consensus-network/src/evidence_push.rs:149:        let mut push = EvidencePush::default();
crates/amun-consensus-network/src/evidence_push.rs:161:        let gossip = EvidenceGossip::new();
crates/amun-consensus-network/src/evidence_push.rs:162:        let config = EvidencePushConfig {
crates/amun-consensus-network/src/evidence_push.rs:166:        let mut push = EvidencePush::new(config);
crates/amun-consensus-network/src/evidence_push.rs:175:        let gossip = EvidenceGossip::new();
crates/amun-consensus-network/src/evidence_push.rs:176:        let mut push = EvidencePush::default();
crates/amun-consensus-network/src/evidence_push.rs:18:    /// Whether to push full EvidenceRecords or just announcements.
crates/amun-consensus-network/src/evidence_push.rs:194:        let gossip = EvidenceGossip::new();
crates/amun-consensus-network/src/evidence_push.rs:195:        let mut push = EvidencePush::default();
crates/amun-consensus-network/src/evidence_push.rs:1:// N112.1 — Push-Based Evidence Propagation
crates/amun-consensus-network/src/evidence_push.rs:22:impl Default for EvidencePushConfig {
crates/amun-consensus-network/src/evidence_push.rs:32:/// N112.1: Push engine that works alongside EvidenceGossip.
crates/amun-consensus-network/src/evidence_push.rs:33:pub struct EvidencePush {
crates/amun-consensus-network/src/evidence_push.rs:34:    config: EvidencePushConfig,
crates/amun-consensus-network/src/evidence_push.rs:35:    /// Evidence IDs that have already been pushed.
crates/amun-consensus-network/src/evidence_push.rs:39:impl EvidencePush {
crates/amun-consensus-network/src/evidence_push.rs:3:// Extends EvidenceGossip with proactive push of evidence announcements
crates/amun-consensus-network/src/evidence_push.rs:40:    pub fn new(config: EvidencePushConfig) -> Self {
crates/amun-consensus-network/src/evidence_push.rs:48:    /// Returns a list of (EvidenceRecord, EvidenceAnnouncement) pairs
crates/amun-consensus-network/src/evidence_push.rs:4:// and full EvidenceRecords to known peers.  This reduces latency in
crates/amun-consensus-network/src/evidence_push.rs:52:        store: &EvidenceStore,
crates/amun-consensus-network/src/evidence_push.rs:53:        _gossip: &EvidenceGossip,
crates/amun-consensus-network/src/evidence_push.rs:54:    ) -> Vec<(EvidenceRecord, EvidenceAnnouncement)> {
crates/amun-consensus-network/src/evidence_push.rs:66:            let announcement = EvidenceAnnouncement {
crates/amun-consensus-network/src/evidence_push.rs:8:use crate::evidence_gossip::{EvidenceAnnouncement, EvidenceGossip};
crates/amun-consensus-network/src/evidence_push.rs:9:use crate::evidence_store::{EvidenceRecord, EvidenceStore};
crates/amun-consensus-network/src/evidence_push_processor.rs:104:        let mut store = EvidenceStore::new();
crates/amun-consensus-network/src/evidence_push_processor.rs:105:        let mut gossip = EvidenceGossip::new();
crates/amun-consensus-network/src/evidence_push_processor.rs:106:        let mut push = EvidencePush::default();
crates/amun-consensus-network/src/evidence_push_processor.rs:10:use crate::evidence_store::{EvidenceRecord, EvidenceStore};
crates/amun-consensus-network/src/evidence_push_processor.rs:133:        let mut store = EvidenceStore::new();
crates/amun-consensus-network/src/evidence_push_processor.rs:134:        let mut gossip = EvidenceGossip::new();
crates/amun-consensus-network/src/evidence_push_processor.rs:135:        let mut push = EvidencePush::default();
crates/amun-consensus-network/src/evidence_push_processor.rs:1:// N112.3 — Automatic Peer Evidence Propagation
crates/amun-consensus-network/src/evidence_push_processor.rs:20:/// N112.3: Process an incoming EvidencePushMessage.
crates/amun-consensus-network/src/evidence_push_processor.rs:21:/// Decodes each serialized EvidenceRecord and stores it locally.
crates/amun-consensus-network/src/evidence_push_processor.rs:26:    evidence_store: &mut EvidenceStore,
crates/amun-consensus-network/src/evidence_push_processor.rs:27:    gossip: &mut EvidenceGossip,
crates/amun-consensus-network/src/evidence_push_processor.rs:28:    push: &mut EvidencePush,
crates/amun-consensus-network/src/evidence_push_processor.rs:37:        let record: EvidenceRecord = postcard::from_bytes(data)
crates/amun-consensus-network/src/evidence_push_processor.rs:3:// When a node receives an EvidencePushMessage, it automatically
crates/amun-consensus-network/src/evidence_push_processor.rs:40:        // Store in EvidenceStore
crates/amun-consensus-network/src/evidence_push_processor.rs:45:            gossip.receive_announcement(crate::evidence_gossip::EvidenceAnnouncement {
crates/amun-consensus-network/src/evidence_push_processor.rs:4:// imports the evidence records into its EvidenceStore without
crates/amun-consensus-network/src/evidence_push_processor.rs:5:// requiring a MissingEvidenceRequest.  This eliminates the pull
crates/amun-consensus-network/src/evidence_push_processor.rs:66:    use crate::evidence_gossip::EvidenceGossip;
crates/amun-consensus-network/src/evidence_push_processor.rs:67:    use crate::evidence_push::EvidencePush;
crates/amun-consensus-network/src/evidence_push_processor.rs:68:    use crate::evidence_store::{EvidenceRecord, EvidenceStore, EvidenceType};
crates/amun-consensus-network/src/evidence_push_processor.rs:70:    fn make_evidence_record(id: u8) -> EvidenceRecord {
crates/amun-consensus-network/src/evidence_push_processor.rs:71:        EvidenceRecord::new(
crates/amun-consensus-network/src/evidence_push_processor.rs:74:            EvidenceType::DoubleVote,
crates/amun-consensus-network/src/evidence_push_processor.rs:82:        let mut store = EvidenceStore::new();
crates/amun-consensus-network/src/evidence_push_processor.rs:83:        let mut gossip = EvidenceGossip::new();
crates/amun-consensus-network/src/evidence_push_processor.rs:84:        let mut push = EvidencePush::default();
crates/amun-consensus-network/src/evidence_push_processor.rs:8:use crate::evidence_gossip::EvidenceGossip;
crates/amun-consensus-network/src/evidence_push_processor.rs:9:use crate::evidence_push::EvidencePush;
crates/amun-consensus-network/src/evidence_store.rs:103:        Self::new(v, h, EvidenceType::StateRootMismatch, t, payload)
crates/amun-consensus-network/src/evidence_store.rs:110:            EvidenceType::InvalidExecutionCommitment,
crates/amun-consensus-network/src/evidence_store.rs:117:        Self::new(v, h, EvidenceType::InvalidSignature, t, key.to_vec())
crates/amun-consensus-network/src/evidence_store.rs:124:            EvidenceType::VoteBindingViolation,
crates/amun-consensus-network/src/evidence_store.rs:133:pub struct EvidenceStore {
crates/amun-consensus-network/src/evidence_store.rs:134:    pub records: HashMap<[u8; 32], EvidenceRecord>,
crates/amun-consensus-network/src/evidence_store.rs:138:impl EvidenceStore {
crates/amun-consensus-network/src/evidence_store.rs:14:pub enum EvidenceType {
crates/amun-consensus-network/src/evidence_store.rs:154:    pub fn store_evidence(&mut self, record: EvidenceRecord) -> bool {
crates/amun-consensus-network/src/evidence_store.rs:163:    pub fn get_by_id(&self, evidence_id: &[u8; 32]) -> Option<&EvidenceRecord> {
crates/amun-consensus-network/src/evidence_store.rs:168:    pub fn get_evidence_for(&self, validator_id: &[u8; 32], height: u64) -> Vec<&EvidenceRecord> {
crates/amun-consensus-network/src/evidence_store.rs:176:    pub fn get_all_for_validator(&self, validator_id: &[u8; 32]) -> Vec<&EvidenceRecord> {
crates/amun-consensus-network/src/evidence_store.rs:183:    pub fn update_status(&mut self, evidence_id: &[u8; 32], status: EvidenceStatus) -> bool {
crates/amun-consensus-network/src/evidence_store.rs:192:    pub fn get_pending(&self) -> Vec<&EvidenceRecord> {
crates/amun-consensus-network/src/evidence_store.rs:195:            .filter(|r| r.status == EvidenceStatus::Pending)
crates/amun-consensus-network/src/evidence_store.rs:236:            let record: EvidenceRecord =
crates/amun-consensus-network/src/evidence_store.rs:247:impl Default for EvidenceStore {
crates/amun-consensus-network/src/evidence_store.rs:260:        let mut store = EvidenceStore::new();
crates/amun-consensus-network/src/evidence_store.rs:261:        let e = EvidenceRecord::new(
crates/amun-consensus-network/src/evidence_store.rs:264:            EvidenceType::StateRootMismatch,
crates/amun-consensus-network/src/evidence_store.rs:26:pub enum EvidenceStatus {
crates/amun-consensus-network/src/evidence_store.rs:274:        let mut store = EvidenceStore::new();
crates/amun-consensus-network/src/evidence_store.rs:275:        let e = EvidenceRecord::new(
crates/amun-consensus-network/src/evidence_store.rs:278:            EvidenceType::InvalidSignature,
crates/amun-consensus-network/src/evidence_store.rs:292:            let mut s = EvidenceStore::with_persistence(path.clone());
crates/amun-consensus-network/src/evidence_store.rs:293:            let e = EvidenceRecord::new(
crates/amun-consensus-network/src/evidence_store.rs:296:                EvidenceType::VoteBindingViolation,
crates/amun-consensus-network/src/evidence_store.rs:2:// N109.10/N109.11 — Evidence Store (HashMap-based)
crates/amun-consensus-network/src/evidence_store.rs:305:        let s = EvidenceStore::load(path).unwrap();
crates/amun-consensus-network/src/evidence_store.rs:312:        let mut s = EvidenceStore::new();
crates/amun-consensus-network/src/evidence_store.rs:313:        let e = EvidenceRecord::new([0xAA; 32], 10, EvidenceType::DoubleVote, 5000, vec![5, 6]);
crates/amun-consensus-network/src/evidence_store.rs:316:        assert_eq!(s.get_by_id(&id).unwrap().status, EvidenceStatus::Pending);
crates/amun-consensus-network/src/evidence_store.rs:317:        s.update_status(&id, EvidenceStatus::Confirmed);
crates/amun-consensus-network/src/evidence_store.rs:318:        assert_eq!(s.get_by_id(&id).unwrap().status, EvidenceStatus::Confirmed);
crates/amun-consensus-network/src/evidence_store.rs:319:        s.update_status(&id, EvidenceStatus::Slashed);
crates/amun-consensus-network/src/evidence_store.rs:320:        assert_eq!(s.get_by_id(&id).unwrap().status, EvidenceStatus::Slashed);
crates/amun-consensus-network/src/evidence_store.rs:325:        let mut s = EvidenceStore::new();
crates/amun-consensus-network/src/evidence_store.rs:326:        s.store_evidence(EvidenceRecord::new(
crates/amun-consensus-network/src/evidence_store.rs:329:            EvidenceType::InvalidSignature,
crates/amun-consensus-network/src/evidence_store.rs:333:        s.store_evidence(EvidenceRecord::new(
crates/amun-consensus-network/src/evidence_store.rs:336:            EvidenceType::StateRootMismatch,
crates/amun-consensus-network/src/evidence_store.rs:340:        s.store_evidence(EvidenceRecord::new(
crates/amun-consensus-network/src/evidence_store.rs:343:            EvidenceType::DoubleVote,
crates/amun-consensus-network/src/evidence_store.rs:35:pub struct EvidenceRecord {
crates/amun-consensus-network/src/evidence_store.rs:41:    pub evidence_type: EvidenceType,
crates/amun-consensus-network/src/evidence_store.rs:45:    pub status: EvidenceStatus,
crates/amun-consensus-network/src/evidence_store.rs:48:impl EvidenceRecord {
crates/amun-consensus-network/src/evidence_store.rs:4:// N109.11: Upgraded from Vec to HashMap<evidence_id, EvidenceRecord> for O(1) lookup.
crates/amun-consensus-network/src/evidence_store.rs:52:        evidence_type: &EvidenceType,
crates/amun-consensus-network/src/evidence_store.rs:60:            EvidenceType::StateRootMismatch => 0x01u8,
crates/amun-consensus-network/src/evidence_store.rs:61:            EvidenceType::InvalidExecutionCommitment => 0x02,
crates/amun-consensus-network/src/evidence_store.rs:62:            EvidenceType::InvalidSignature => 0x03,
crates/amun-consensus-network/src/evidence_store.rs:63:            EvidenceType::VoteBindingViolation => 0x04,
crates/amun-consensus-network/src/evidence_store.rs:64:            EvidenceType::DoubleVote => 0x05,
crates/amun-consensus-network/src/evidence_store.rs:65:            EvidenceType::FutureVote => 0x06,
crates/amun-consensus-network/src/evidence_store.rs:66:            EvidenceType::ExecutionFailure => 0x07,
crates/amun-consensus-network/src/evidence_store.rs:76:        evidence_type: EvidenceType,
crates/amun-consensus-network/src/evidence_store.rs:89:            status: EvidenceStatus::Pending,
crates/amun-consensus-network/src/execution_commitment.rs:13://   - Replay of commitments across heights
crates/amun-consensus-network/src/execution_commitment.rs:18:// This is the foundation for N110 Slashing and N111 Evidence.
crates/amun-consensus-network/src/finality_gate.rs:39:    use crate::evidence_store::EvidenceType;
crates/amun-consensus-network/src/finality_gate.rs:40:    use crate::slashing_certificate::{EvidenceCount, SlashingCertificate};
crates/amun-consensus-network/src/finality_gate.rs:48:            vec![EvidenceCount {
crates/amun-consensus-network/src/finality_gate.rs:49:                evidence_type: EvidenceType::DoubleVote,
crates/amun-consensus-network/src/integrated_slashing.rs:12://   EvidenceStore::store_evidence()
crates/amun-consensus-network/src/integrated_slashing.rs:152:            .update_status(evidence_id, EvidenceStatus::Slashed)
crates/amun-consensus-network/src/integrated_slashing.rs:165:    use crate::evidence_store::EvidenceType;
crates/amun-consensus-network/src/integrated_slashing.rs:168:    /// N109.12 GATEKEEPER: Evidence triggers the full slashing pipeline
crates/amun-consensus-network/src/integrated_slashing.rs:180:                EvidenceType::StateRootMismatch,
crates/amun-consensus-network/src/integrated_slashing.rs:216:            EvidenceType::DoubleVote,
crates/amun-consensus-network/src/integrated_slashing.rs:230:            EvidenceType::DoubleVote,
crates/amun-consensus-network/src/integrated_slashing.rs:23:use crate::evidence_store::{EvidenceRecord, EvidenceStatus, EvidenceStore, EvidenceType};
crates/amun-consensus-network/src/integrated_slashing.rs:262:            EvidenceType::InvalidSignature,
crates/amun-consensus-network/src/integrated_slashing.rs:271:            EvidenceType::InvalidSignature,
crates/amun-consensus-network/src/integrated_slashing.rs:280:    /// N109.12: EvidenceStore records are accessible after pipeline processing
crates/amun-consensus-network/src/integrated_slashing.rs:288:            EvidenceType::VoteBindingViolation,
crates/amun-consensus-network/src/integrated_slashing.rs:296:            EvidenceType::VoteBindingViolation
crates/amun-consensus-network/src/integrated_slashing.rs:29:    /// Evidence was new and stored
crates/amun-consensus-network/src/integrated_slashing.rs:306:        pipeline.process_violation(&[1u8; 32], 1, EvidenceType::DoubleVote, "dv"); // +10
crates/amun-consensus-network/src/integrated_slashing.rs:30:    EvidenceStored,
crates/amun-consensus-network/src/integrated_slashing.rs:31:    /// Evidence was a duplicate, not counted
crates/amun-consensus-network/src/integrated_slashing.rs:334:        let r1 = pipeline.process_violation(&[1u8; 32], 1, EvidenceType::DoubleVote, "dv");
crates/amun-consensus-network/src/integrated_slashing.rs:338:        let r2 = pipeline.process_violation(&[1u8; 32], 2, EvidenceType::DoubleVote, "dv2");
crates/amun-consensus-network/src/integrated_slashing.rs:347:        pipeline.process_violation(&[0x42; 32], 1, EvidenceType::DoubleVote, "dv");
crates/amun-consensus-network/src/integrated_slashing.rs:355:        assert_eq!(updated.status, EvidenceStatus::Slashed);
crates/amun-consensus-network/src/integrated_slashing.rs:45:    pub evidence_store: EvidenceStore,
crates/amun-consensus-network/src/integrated_slashing.rs:4:// Connects EvidenceStore → MisbehaviorRegistry(N109.11) → SlashingEngine → Stake Penalty
crates/amun-consensus-network/src/integrated_slashing.rs:56:            evidence_store: EvidenceStore::new(),
crates/amun-consensus-network/src/integrated_slashing.rs:6:// This is the bridge between N109 (Evidence + Misbehavior) and
crates/amun-consensus-network/src/integrated_slashing.rs:73:        evidence_type: EvidenceType,
crates/amun-consensus-network/src/integrated_slashing.rs:82:        let evidence = EvidenceRecord::new(
crates/amun-consensus-network/src/integrated_slashing.rs:90:        // Step 2: Store in EvidenceStore (dedup)
crates/amun-consensus-network/src/lib.rs:16:pub use evidence_push::{EvidencePush, EvidencePushConfig};
crates/amun-consensus-network/src/lib.rs:42:    EvidenceValidationResult,
crates/amun-consensus-network/src/lib.rs:45:pub use evidence_gossip::{EvidenceAnnouncement, EvidenceGossip};
crates/amun-consensus-network/src/lib.rs:46:pub use evidence_store::{EvidenceRecord, EvidenceStatus, EvidenceStore, EvidenceType};
crates/amun-consensus-network/src/lib.rs:54:pub use messages::{MissingEvidenceRequest, MissingEvidenceResponse};
crates/amun-consensus-network/src/lib.rs:62:pub use slashing_certificate::{CertificateResultingStatus, EvidenceCount, SlashingCertificate};
crates/amun-consensus-network/src/lib.rs:64:pub use slashing_fraud_proof::SlashingFraudProof;
crates/amun-consensus-network/src/lib.rs:65:pub use slashing_inclusion_proof::{build_inclusion_proof, SlashingInclusionProof};
crates/amun-consensus-network/src/messages.rs:202:        let proof = EquivocationProof {
crates/amun-consensus-network/src/messages.rs:262:        let proof = EquivocationProof {
crates/amun-consensus-network/src/messages.rs:275:        let proof = EquivocationProof {
crates/amun-consensus-network/src/messages.rs:288:        let proof = EquivocationProof {
crates/amun-consensus-network/src/messages.rs:303:        let proof = EquivocationProof {
crates/amun-consensus-network/src/messages.rs:316:        let proof = EquivocationProof {
crates/amun-consensus-network/src/messages.rs:34:pub struct EquivocationProof {
crates/amun-consensus-network/src/messages.rs:43:impl EquivocationProof {
crates/amun-consensus-network/src/messages.rs:477:pub struct MissingEvidenceRequest {
crates/amun-consensus-network/src/messages.rs:484:pub struct MissingEvidenceResponse {
crates/amun-consensus-network/src/messages.rs:486:    /// Serialized EvidenceRecords (postcard-encoded)
crates/amun-consensus-network/src/messages.rs:490:// N109 — Constitutional Block Propagation Types
crates/amun-consensus-network/src/messages.rs:524:// New code should use N109ConsensusVote which binds the vote to an
crates/amun-consensus-network/src/misbehavior.rs:151:        let mut proof = EquivocationProof {
crates/amun-consensus-network/src/misbehavior.rs:170:        let proof = EquivocationProof {
crates/amun-consensus-network/src/misbehavior.rs:185:        let mut proof1 = EquivocationProof {
crates/amun-consensus-network/src/misbehavior.rs:197:        let mut proof2 = EquivocationProof {
crates/amun-consensus-network/src/misbehavior.rs:1:use crate::messages::EquivocationProof;
crates/amun-consensus-network/src/misbehavior.rs:20:    pub proof: EquivocationProof,
crates/amun-consensus-network/src/misbehavior.rs:218:        let mut proof = EquivocationProof {
crates/amun-consensus-network/src/misbehavior.rs:236:        let mut proof = EquivocationProof {
crates/amun-consensus-network/src/misbehavior.rs:248:        let mut proof2 = EquivocationProof {
crates/amun-consensus-network/src/misbehavior.rs:271:        let mut proof = EquivocationProof {
crates/amun-consensus-network/src/misbehavior.rs:64:    pub fn hash_proof(proof: &EquivocationProof) -> [u8; 32] {
crates/amun-consensus-network/src/misbehavior.rs:69:    pub fn add_proof(&mut self, proof: EquivocationProof) -> Result<[u8; 32], String> {
crates/amun-consensus-network/src/misbehavior_registry.rs:120:        evidence_type: &EvidenceType,
crates/amun-consensus-network/src/misbehavior_registry.rs:14://   - Registry survives reload by rebuilding from EvidenceStore
crates/amun-consensus-network/src/misbehavior_registry.rs:162:    fn get_weight(&self, evidence_type: &EvidenceType) -> u64 {
crates/amun-consensus-network/src/misbehavior_registry.rs:164:            EvidenceType::StateRootMismatch => self.thresholds.state_root_mismatch_weight,
crates/amun-consensus-network/src/misbehavior_registry.rs:165:            EvidenceType::InvalidExecutionCommitment => self.thresholds.execution_failure_weight,
crates/amun-consensus-network/src/misbehavior_registry.rs:166:            EvidenceType::InvalidSignature => self.thresholds.invalid_signature_weight,
crates/amun-consensus-network/src/misbehavior_registry.rs:167:            EvidenceType::VoteBindingViolation => self.thresholds.vote_binding_weight,
crates/amun-consensus-network/src/misbehavior_registry.rs:168:            EvidenceType::DoubleVote => self.thresholds.double_vote_weight,
crates/amun-consensus-network/src/misbehavior_registry.rs:169:            EvidenceType::FutureVote => self.thresholds.future_vote_weight,
crates/amun-consensus-network/src/misbehavior_registry.rs:170:            EvidenceType::ExecutionFailure => self.thresholds.execution_failure_weight,
crates/amun-consensus-network/src/misbehavior_registry.rs:17:use crate::evidence_store::{EvidenceStatus, EvidenceStore, EvidenceType};
crates/amun-consensus-network/src/misbehavior_registry.rs:221:    /// N109.11: Rebuild registry from EvidenceStore (e.g., after restart)
crates/amun-consensus-network/src/misbehavior_registry.rs:224:        evidence_store: &EvidenceStore,
crates/amun-consensus-network/src/misbehavior_registry.rs:228:            if record.status == EvidenceStatus::Rejected {
crates/amun-consensus-network/src/misbehavior_registry.rs:258:    use crate::evidence_store::{EvidenceRecord, EvidenceStore, EvidenceType};
crates/amun-consensus-network/src/misbehavior_registry.rs:265:            reg.record_misbehavior(&[1u8; 32], &[0xAA; 32], &EvidenceType::InvalidSignature, 5);
crates/amun-consensus-network/src/misbehavior_registry.rs:273:        reg.record_misbehavior(&[1u8; 32], &[0xA1; 32], &EvidenceType::InvalidSignature, 1); // +2
crates/amun-consensus-network/src/misbehavior_registry.rs:274:        reg.record_misbehavior(&[1u8; 32], &[0xA2; 32], &EvidenceType::StateRootMismatch, 2); // +3
crates/amun-consensus-network/src/misbehavior_registry.rs:281:        reg.record_misbehavior(&[1u8; 32], &[0xB1; 32], &EvidenceType::FutureVote, 1); // +1
crates/amun-consensus-network/src/misbehavior_registry.rs:282:        reg.record_misbehavior(&[1u8; 32], &[0xB2; 32], &EvidenceType::DoubleVote, 2); // +10
crates/amun-consensus-network/src/misbehavior_registry.rs:286:            &EvidenceType::VoteBindingViolation,
crates/amun-consensus-network/src/misbehavior_registry.rs:296:        reg.record_misbehavior(&[1u8; 32], &[0xC1; 32], &EvidenceType::DoubleVote, 1); // +10
crates/amun-consensus-network/src/misbehavior_registry.rs:308:        reg.record_misbehavior(&[1u8; 32], &[0xD1; 32], &EvidenceType::DoubleVote, 1); // +10
crates/amun-consensus-network/src/misbehavior_registry.rs:309:        reg.record_misbehavior(&[1u8; 32], &[0xD2; 32], &EvidenceType::StateRootMismatch, 2); // +3
crates/amun-consensus-network/src/misbehavior_registry.rs:310:        reg.record_misbehavior(&[1u8; 32], &[0xD3; 32], &EvidenceType::StateRootMismatch, 3); // +3
crates/amun-consensus-network/src/misbehavior_registry.rs:323:        reg.record_misbehavior(&[1u8; 32], &[0xE1; 32], &EvidenceType::DoubleVote, 1); // +10
crates/amun-consensus-network/src/misbehavior_registry.rs:324:        reg.record_misbehavior(&[1u8; 32], &[0xE2; 32], &EvidenceType::DoubleVote, 2); // +10
crates/amun-consensus-network/src/misbehavior_registry.rs:325:        reg.record_misbehavior(&[1u8; 32], &[0xE3; 32], &EvidenceType::DoubleVote, 3); // +10
crates/amun-consensus-network/src/misbehavior_registry.rs:326:        reg.record_misbehavior(&[1u8; 32], &[0xE4; 32], &EvidenceType::FutureVote, 4); // +1
crates/amun-consensus-network/src/misbehavior_registry.rs:340:        assert!(reg.record_misbehavior(&[1u8; 32], &ev_id, &EvidenceType::DoubleVote, 1));
crates/amun-consensus-network/src/misbehavior_registry.rs:343:        assert!(!reg.record_misbehavior(&[1u8; 32], &ev_id, &EvidenceType::DoubleVote, 2));
crates/amun-consensus-network/src/misbehavior_registry.rs:354:        reg.record_misbehavior(&[1u8; 32], &[0xA1; 32], &EvidenceType::DoubleVote, 1); // +10
crates/amun-consensus-network/src/misbehavior_registry.rs:355:        reg.record_misbehavior(&[2u8; 32], &[0xA2; 32], &EvidenceType::InvalidSignature, 2); // +2
crates/amun-consensus-network/src/misbehavior_registry.rs:363:        let mut store = EvidenceStore::new();
crates/amun-consensus-network/src/misbehavior_registry.rs:364:        store.store_evidence(EvidenceRecord::new(
crates/amun-consensus-network/src/misbehavior_registry.rs:367:            EvidenceType::DoubleVote,
crates/amun-consensus-network/src/misbehavior_registry.rs:371:        store.store_evidence(EvidenceRecord::new(
crates/amun-consensus-network/src/misbehavior_registry.rs:374:            EvidenceType::StateRootMismatch,
crates/amun-consensus-network/src/misbehavior_registry.rs:394:        reg.record_misbehavior(&[1u8; 32], &[0x01; 32], &EvidenceType::InvalidSignature, 1); // +2 → warning
crates/amun-consensus-network/src/misbehavior_registry.rs:396:        reg.record_misbehavior(&[1u8; 32], &[0x02; 32], &EvidenceType::StateRootMismatch, 2); // +3 → 5 → suspension
crates/amun-consensus-network/src/misbehavior_registry.rs:398:        reg.record_misbehavior(&[1u8; 32], &[0x03; 32], &EvidenceType::StateRootMismatch, 3); // +3 → 8 → slashing
crates/amun-consensus-network/src/misbehavior_registry.rs:4:// Aggregates evidence from EvidenceStore into a per-validator "crime record".
crates/amun-consensus-network/src/misbehavior_registry.rs:74:    pub counts: HashMap<EvidenceType, u64>,
crates/amun-consensus-network/src/multi_signer_certificate.rs:100:            vec![EvidenceCount {
crates/amun-consensus-network/src/multi_signer_certificate.rs:101:                evidence_type: EvidenceType::DoubleVote,
crates/amun-consensus-network/src/multi_signer_certificate.rs:90:    use crate::evidence_store::EvidenceType;
crates/amun-consensus-network/src/multi_signer_certificate.rs:91:    use crate::slashing_certificate::{EvidenceCount, SlashingCertificate};
crates/amun-consensus-network/src/real_staking_adapter.rs:121:            &EvidenceType::DoubleVote,
crates/amun-consensus-network/src/real_staking_adapter.rs:127:            &EvidenceType::DoubleVote,
crates/amun-consensus-network/src/real_staking_adapter.rs:133:            &EvidenceType::DoubleVote,
crates/amun-consensus-network/src/real_staking_adapter.rs:78:    use crate::evidence_store::EvidenceType;
crates/amun-consensus-network/src/slashing.rs:111:        registry.record_misbehavior(&[1u8; 32], &[0xD1; 32], &EvidenceType::InvalidSignature, 1); // +2
crates/amun-consensus-network/src/slashing.rs:112:        registry.record_misbehavior(&[1u8; 32], &[0xD2; 32], &EvidenceType::StateRootMismatch, 2); // +3
crates/amun-consensus-network/src/slashing.rs:116:            &EvidenceType::VoteBindingViolation,
crates/amun-consensus-network/src/slashing.rs:119:        registry.record_misbehavior(&[1u8; 32], &[0xD4; 32], &EvidenceType::FutureVote, 4); // +1
crates/amun-consensus-network/src/slashing.rs:131:            (EvidenceType::DoubleVote, 10),
crates/amun-consensus-network/src/slashing.rs:132:            (EvidenceType::StateRootMismatch, 13),
crates/amun-consensus-network/src/slashing.rs:133:            (EvidenceType::InvalidSignature, 2),
crates/amun-consensus-network/src/slashing.rs:134:            (EvidenceType::VoteBindingViolation, 2),
crates/amun-consensus-network/src/slashing.rs:135:            (EvidenceType::ExecutionFailure, 3),
crates/amun-consensus-network/src/slashing.rs:136:            (EvidenceType::FutureVote, 1),
crates/amun-consensus-network/src/slashing.rs:157:        registry.record_misbehavior(&[0x42; 32], &[0xFF; 32], &EvidenceType::DoubleVote, 200);
crates/amun-consensus-network/src/slashing.rs:48:    use crate::evidence_store::EvidenceType;
crates/amun-consensus-network/src/slashing.rs:70:            &EvidenceType::StateRootMismatch,
crates/amun-consensus-network/src/slashing.rs:85:        registry.record_misbehavior(&[1u8; 32], &[0xB1; 32], &EvidenceType::DoubleVote, 10);
crates/amun-consensus-network/src/slashing.rs:86:        registry.record_misbehavior(&[1u8; 32], &[0xB2; 32], &EvidenceType::DoubleVote, 20);
crates/amun-consensus-network/src/slashing.rs:96:        registry.record_misbehavior(&[1u8; 32], &[0xC1; 32], &EvidenceType::DoubleVote, 10);
crates/amun-consensus-network/src/slashing.rs:97:        registry.record_misbehavior(&[1u8; 32], &[0xC2; 32], &EvidenceType::DoubleVote, 20);
crates/amun-consensus-network/src/slashing.rs:98:        registry.record_misbehavior(&[1u8; 32], &[0xC3; 32], &EvidenceType::DoubleVote, 30);
crates/amun-consensus-network/src/slashing_certificate.rs:158:        evidence_summary: Vec<EvidenceCount>,
crates/amun-consensus-network/src/slashing_certificate.rs:16:use crate::evidence_store::EvidenceType;
crates/amun-consensus-network/src/slashing_certificate.rs:233:            vec![EvidenceCount {
crates/amun-consensus-network/src/slashing_certificate.rs:234:                evidence_type: EvidenceType::DoubleVote,
crates/amun-consensus-network/src/slashing_certificate.rs:26:///   - PROOF: evidence_ids that can be looked up in EvidenceStore
crates/amun-consensus-network/src/slashing_certificate.rs:38:    pub evidence_summary: Vec<EvidenceCount>,
crates/amun-consensus-network/src/slashing_certificate.rs:40:    /// Evidence IDs that can be independently verified
crates/amun-consensus-network/src/slashing_certificate.rs:79:pub struct EvidenceCount {
crates/amun-consensus-network/src/slashing_certificate.rs:80:    pub evidence_type: EvidenceType,
crates/amun-consensus-network/src/slashing_certificate_builder.rs:2:use crate::slashing_certificate::{EvidenceCount, SlashingCertificate};
crates/amun-consensus-network/src/slashing_certificate_builder.rs:45:    pub fn evidence_summary(mut self, v: Vec<EvidenceCount>) -> Self {
crates/amun-consensus-network/src/slashing_certificate_builder.rs:8:    evidence_summary: Option<Vec<EvidenceCount>>,
crates/amun-consensus-network/src/slashing_fraud_proof.rs:118:        let proof = SlashingFraudProof::new([0xAA; 32], 42, claimed, history);
crates/amun-consensus-network/src/slashing_fraud_proof.rs:12:pub struct SlashingFraudProof {
crates/amun-consensus-network/src/slashing_fraud_proof.rs:133:        let proof = SlashingFraudProof::new([0xAA; 32], 42, root, history);
crates/amun-consensus-network/src/slashing_fraud_proof.rs:148:        let mut proof = SlashingFraudProof::new([0xAA; 32], 42, claimed, history);
crates/amun-consensus-network/src/slashing_fraud_proof.rs:165:        let mut proof = SlashingFraudProof::new([0xAA; 32], 42, claimed, history);
crates/amun-consensus-network/src/slashing_fraud_proof.rs:179:        let proof = SlashingFraudProof::new([0xAA; 32], 42, [0xBA; 32], history);
crates/amun-consensus-network/src/slashing_fraud_proof.rs:182:        let decoded: SlashingFraudProof = postcard::from_bytes(&encoded).unwrap();
crates/amun-consensus-network/src/slashing_fraud_proof.rs:1:// N121.3 — Slashing Fraud Proof Engine
crates/amun-consensus-network/src/slashing_fraud_proof.rs:36:impl SlashingFraudProof {
crates/amun-consensus-network/src/slashing_inclusion_proof.rs:111:        .map(SlashingInclusionProof::leaf_hash)
crates/amun-consensus-network/src/slashing_inclusion_proof.rs:12:pub struct SlashingInclusionProof {
crates/amun-consensus-network/src/slashing_inclusion_proof.rs:151:    Ok(SlashingInclusionProof {
crates/amun-consensus-network/src/slashing_inclusion_proof.rs:1:// N121.4 — Merkle Inclusion Proofs for Slashing Ledger
crates/amun-consensus-network/src/slashing_inclusion_proof.rs:30:impl SlashingInclusionProof {
crates/amun-consensus-network/src/slashing_inclusion_proof.rs:97:) -> Result<SlashingInclusionProof, String> {
crates/amun-consensus-network/src/slashing_ledger.rs:118:    use crate::evidence_store::EvidenceType;
crates/amun-consensus-network/src/slashing_ledger.rs:119:    use crate::slashing_certificate::{EvidenceCount, SlashingCertificate};
crates/amun-consensus-network/src/slashing_ledger.rs:127:            vec![EvidenceCount {
crates/amun-consensus-network/src/slashing_ledger.rs:128:                evidence_type: EvidenceType::DoubleVote,
crates/amun-consensus-network/src/slashing_ledger.rs:1:// N119 — Deterministic Slashing Ledger & Replay Protection
crates/amun-consensus-network/src/slashing_ledger.rs:224:            vec![EvidenceCount {
crates/amun-consensus-network/src/slashing_ledger.rs:225:                evidence_type: EvidenceType::InvalidSignature,
crates/amun-consensus-network/src/slashing_ledger.rs:69:        // N119.2: Replay protection
crates/amun-consensus-network/src/slashing_state.rs:70:    use crate::evidence_store::EvidenceType;
crates/amun-consensus-network/src/slashing_state.rs:71:    use crate::slashing_certificate::{EvidenceCount, SlashingCertificate};
crates/amun-consensus-network/src/slashing_state.rs:79:            vec![EvidenceCount {
crates/amun-consensus-network/src/slashing_state.rs:80:                evidence_type: EvidenceType::DoubleVote,
crates/amun-consensus-network/src/staking_adapter.rs:154:    use crate::evidence_store::EvidenceType;
crates/amun-consensus-network/src/staking_adapter.rs:212:            &EvidenceType::DoubleVote,
crates/amun-consensus-network/src/staking_adapter.rs:218:            &EvidenceType::DoubleVote,
crates/amun-consensus-network/src/staking_adapter.rs:224:            &EvidenceType::DoubleVote,
crates/amun-consensus-network/src/staking_adapter.rs:281:            &EvidenceType::DoubleVote,
crates/amun-consensus-network/src/staking_adapter.rs:312:            &EvidenceType::DoubleVote,
crates/amun-consensus-network/src/staking_adapter.rs:318:            &EvidenceType::DoubleVote,
crates/amun-consensus-network/src/staking_adapter.rs:324:            &EvidenceType::DoubleVote,
crates/amun-consensus-network/src/staking_adapter.rs:335:            &EvidenceType::DoubleVote,
crates/amun-consensus-network/src/staking_adapter.rs:341:            &EvidenceType::DoubleVote,
crates/amun-consensus-network/src/staking_adapter.rs:347:            &EvidenceType::DoubleVote,
crates/amun-consensus-network/src/staking_adapter.rs:377:            .record_misbehavior(&[1u8; 32], &[0xE1; 32], &EvidenceType::DoubleVote, 1);
crates/amun-consensus-network/src/staking_adapter.rs:380:            .record_misbehavior(&[1u8; 32], &[0xE2; 32], &EvidenceType::DoubleVote, 2);
crates/amun-consensus-network/src/staking_adapter.rs:383:            .record_misbehavior(&[1u8; 32], &[0xE3; 32], &EvidenceType::DoubleVote, 3);
crates/amun-consensus-network/src/staking_adapter.rs:405:        registry.record_misbehavior(&validator_id, &[0xA1; 32], &EvidenceType::DoubleVote, 1);
crates/amun-consensus-network/src/staking_adapter.rs:406:        registry.record_misbehavior(&validator_id, &[0xA2; 32], &EvidenceType::DoubleVote, 2);
crates/amun-consensus-network/src/staking_adapter.rs:407:        registry.record_misbehavior(&validator_id, &[0xA3; 32], &EvidenceType::DoubleVote, 3);
crates/amun-consensus-network/src/staking_adapter.rs:441:        registry.record_misbehavior(&validator_id, &[0xA1; 32], &EvidenceType::DoubleVote, 1);
crates/amun-consensus-network/src/staking_adapter.rs:442:        registry.record_misbehavior(&validator_id, &[0xA2; 32], &EvidenceType::DoubleVote, 2);
crates/amun-consensus-network/src/staking_adapter.rs:443:        registry.record_misbehavior(&validator_id, &[0xA3; 32], &EvidenceType::DoubleVote, 3);
crates/amun-consensus-network/src/staking_adapter.rs:484:        registry.record_misbehavior(&validator_id, &[0xA1; 32], &EvidenceType::DoubleVote, 1);
crates/amun-consensus-network/src/staking_adapter.rs:485:        registry.record_misbehavior(&validator_id, &[0xA2; 32], &EvidenceType::DoubleVote, 2);
crates/amun-consensus-network/src/staking_adapter.rs:486:        registry.record_misbehavior(&validator_id, &[0xA3; 32], &EvidenceType::DoubleVote, 3);
crates/amun-consensus-network/src/staking_adapter.rs:522:        reg.record_misbehavior(&vid, &[0xA1; 32], &EvidenceType::DoubleVote, 1);
crates/amun-consensus-network/src/staking_adapter.rs:523:        reg.record_misbehavior(&vid, &[0xA2; 32], &EvidenceType::DoubleVote, 2);
crates/amun-consensus-network/src/staking_adapter.rs:524:        reg.record_misbehavior(&vid, &[0xA3; 32], &EvidenceType::DoubleVote, 3);
crates/amun-consensus-network/src/staking_adapter.rs:558:        reg.record_misbehavior(&vid, &[0xA1; 32], &EvidenceType::DoubleVote, 1);
crates/amun-consensus-network/src/staking_adapter.rs:559:        reg.record_misbehavior(&vid, &[0xA2; 32], &EvidenceType::DoubleVote, 2);
crates/amun-consensus-network/src/staking_adapter.rs:560:        reg.record_misbehavior(&vid, &[0xA3; 32], &EvidenceType::DoubleVote, 3);
crates/amun-consensus-network/tests/n109_block_propagation.rs:4:// N109 — Constitutional Block Propagation — Test Suite
crates/amun-consensus-network/tests/n109_deterministic_execution.rs:198:    // Constitutional check: 2 approvals out of 4 total validators (not > 2/3 of 4=3)
crates/amun-consensus-network/tests/n109_deterministic_execution.rs:8:// Constitutional requirement: state_root mismatch → no vote → no QC formed.
crates/amun-consensus-network/tests/n111_7_end_to_end_evidence_sync.rs:103:    let mut store_b = EvidenceStore::new();
crates/amun-consensus-network/tests/n111_7_end_to_end_evidence_sync.rs:104:    let _gossip_b = EvidenceGossip::new();
crates/amun-consensus-network/tests/n111_7_end_to_end_evidence_sync.rs:109:        EvidenceValidationResult::MissingEvidence { missing_ids } => missing_ids,
crates/amun-consensus-network/tests/n111_7_end_to_end_evidence_sync.rs:131:    let response = amun_consensus_network::MissingEvidenceResponse {
crates/amun-consensus-network/tests/n111_7_end_to_end_evidence_sync.rs:13:    CertificateGossip, EvidenceAnnouncement, EvidenceCount, EvidenceGossip, EvidenceRecord,
crates/amun-consensus-network/tests/n111_7_end_to_end_evidence_sync.rs:14:    EvidenceStore, EvidenceType, EvidenceValidationResult, SlashingCertificate, ValidatorStatus,
crates/amun-consensus-network/tests/n111_7_end_to_end_evidence_sync.rs:156:        EvidenceValidationResult::AllPresent,
crates/amun-consensus-network/tests/n111_7_end_to_end_evidence_sync.rs:171:    let mut store_a = EvidenceStore::new();
crates/amun-consensus-network/tests/n111_7_end_to_end_evidence_sync.rs:172:    let ev = make_evidence_record(validator_id, 1, EvidenceType::DoubleVote, 1);
crates/amun-consensus-network/tests/n111_7_end_to_end_evidence_sync.rs:184:    let mut store_b = EvidenceStore::new();
crates/amun-consensus-network/tests/n111_7_end_to_end_evidence_sync.rs:193:    assert_ne!(result, EvidenceValidationResult::AllPresent);
crates/amun-consensus-network/tests/n111_7_end_to_end_evidence_sync.rs:197:    let response = amun_consensus_network::MissingEvidenceResponse {
crates/amun-consensus-network/tests/n111_7_end_to_end_evidence_sync.rs:204:    assert_eq!(result_after, EvidenceValidationResult::AllPresent);
crates/amun-consensus-network/tests/n111_7_end_to_end_evidence_sync.rs:23:        vec![EvidenceCount {
crates/amun-consensus-network/tests/n111_7_end_to_end_evidence_sync.rs:24:            evidence_type: EvidenceType::DoubleVote,
crates/amun-consensus-network/tests/n111_7_end_to_end_evidence_sync.rs:2:// N111.7 — End-to-End Evidence Sync Across Two Simulated Nodes
crates/amun-consensus-network/tests/n111_7_end_to_end_evidence_sync.rs:37:/// Helper: create a realistic EvidenceRecord.
crates/amun-consensus-network/tests/n111_7_end_to_end_evidence_sync.rs:41:    evidence_type: EvidenceType,
crates/amun-consensus-network/tests/n111_7_end_to_end_evidence_sync.rs:43:) -> EvidenceRecord {
crates/amun-consensus-network/tests/n111_7_end_to_end_evidence_sync.rs:44:    EvidenceRecord::new(
crates/amun-consensus-network/tests/n111_7_end_to_end_evidence_sync.rs:63:    let mut store_a = EvidenceStore::new();
crates/amun-consensus-network/tests/n111_7_end_to_end_evidence_sync.rs:64:    let mut gossip_a = EvidenceGossip::new();
crates/amun-consensus-network/tests/n111_7_end_to_end_evidence_sync.rs:67:    let ev1 = make_evidence_record(validator_id, 1, EvidenceType::DoubleVote, 1);
crates/amun-consensus-network/tests/n111_7_end_to_end_evidence_sync.rs:68:    let ev2 = make_evidence_record(validator_id, 2, EvidenceType::DoubleVote, 2);
crates/amun-consensus-network/tests/n111_7_end_to_end_evidence_sync.rs:69:    let ev3 = make_evidence_record(validator_id, 3, EvidenceType::DoubleVote, 3);
crates/amun-consensus-network/tests/n111_7_end_to_end_evidence_sync.rs:80:        gossip_a.receive_announcement(EvidenceAnnouncement {
crates/amun-consensus-network/tests/n111_7_end_to_end_evidence_sync.rs:96:        EvidenceValidationResult::AllPresent,
crates/amun-consensus-network/tests/n112_4_push_sync_end_to_end.rs:100:    let mut push_b = EvidencePush::default();
crates/amun-consensus-network/tests/n112_4_push_sync_end_to_end.rs:105:        EvidenceValidationResult::MissingEvidence { missing_ids } => {
crates/amun-consensus-network/tests/n112_4_push_sync_end_to_end.rs:112:        _ => panic!("Expected MissingEvidence before push"),
crates/amun-consensus-network/tests/n112_4_push_sync_end_to_end.rs:11:    process_incoming_evidence_push, validate_certificate_evidence, EvidenceCount, EvidenceGossip,
crates/amun-consensus-network/tests/n112_4_push_sync_end_to_end.rs:12:    EvidencePush, EvidenceRecord, EvidenceStore, EvidenceType, EvidenceValidationResult,
crates/amun-consensus-network/tests/n112_4_push_sync_end_to_end.rs:133:        EvidenceValidationResult::AllPresent,
crates/amun-consensus-network/tests/n112_4_push_sync_end_to_end.rs:134:        "N112.4 FAIL: After push, certificate must be accepted without MissingEvidenceRequest"
crates/amun-consensus-network/tests/n112_4_push_sync_end_to_end.rs:147:    eprintln!("N112.4 GATEKEEPER PASSED: push sync eliminated MissingEvidenceRequest cycle");
crates/amun-consensus-network/tests/n112_4_push_sync_end_to_end.rs:155:    let mut store = EvidenceStore::new();
crates/amun-consensus-network/tests/n112_4_push_sync_end_to_end.rs:156:    let mut gossip = EvidenceGossip::new();
crates/amun-consensus-network/tests/n112_4_push_sync_end_to_end.rs:157:    let mut push = EvidencePush::default();
crates/amun-consensus-network/tests/n112_4_push_sync_end_to_end.rs:16:fn make_evidence(validator_id: [u8; 32], height: u64, seed: u8) -> EvidenceRecord {
crates/amun-consensus-network/tests/n112_4_push_sync_end_to_end.rs:17:    EvidenceRecord::new(
crates/amun-consensus-network/tests/n112_4_push_sync_end_to_end.rs:184:    let mut store_a = EvidenceStore::new();
crates/amun-consensus-network/tests/n112_4_push_sync_end_to_end.rs:185:    let gossip_a = EvidenceGossip::new();
crates/amun-consensus-network/tests/n112_4_push_sync_end_to_end.rs:186:    let mut push_a = EvidencePush::default();
crates/amun-consensus-network/tests/n112_4_push_sync_end_to_end.rs:197:    let mut store_b = EvidenceStore::new();
crates/amun-consensus-network/tests/n112_4_push_sync_end_to_end.rs:198:    let mut gossip_b = EvidenceGossip::new();
crates/amun-consensus-network/tests/n112_4_push_sync_end_to_end.rs:199:    let mut push_b = EvidencePush::default();
crates/amun-consensus-network/tests/n112_4_push_sync_end_to_end.rs:204:    // Certificate accepted — NO MissingEvidenceRequest needed
crates/amun-consensus-network/tests/n112_4_push_sync_end_to_end.rs:206:    assert_eq!(result, EvidenceValidationResult::AllPresent);
crates/amun-consensus-network/tests/n112_4_push_sync_end_to_end.rs:20:        EvidenceType::DoubleVote,
crates/amun-consensus-network/tests/n112_4_push_sync_end_to_end.rs:2:// N112.4 — End-to-End Push Evidence Sync
crates/amun-consensus-network/tests/n112_4_push_sync_end_to_end.rs:31:        vec![EvidenceCount {
crates/amun-consensus-network/tests/n112_4_push_sync_end_to_end.rs:32:            evidence_type: EvidenceType::DoubleVote,
crates/amun-consensus-network/tests/n112_4_push_sync_end_to_end.rs:46:// N112.4 GATEKEEPER — Push sync eliminates the need for MissingEvidenceRequest
crates/amun-consensus-network/tests/n112_4_push_sync_end_to_end.rs:55:    let mut store_a = EvidenceStore::new();
crates/amun-consensus-network/tests/n112_4_push_sync_end_to_end.rs:56:    let gossip_a = EvidenceGossip::new();
crates/amun-consensus-network/tests/n112_4_push_sync_end_to_end.rs:57:    let mut push_a = EvidencePush::default();
crates/amun-consensus-network/tests/n112_4_push_sync_end_to_end.rs:6:// MissingEvidenceRequest/Response cycle.  The certificate is accepted
crates/amun-consensus-network/tests/n112_4_push_sync_end_to_end.rs:98:    let mut store_b = EvidenceStore::new();
crates/amun-consensus-network/tests/n112_4_push_sync_end_to_end.rs:99:    let mut gossip_b = EvidenceGossip::new();
crates/amun-consensus-network/tests/n114_3_certificate_signatures.rs:12:        vec![EvidenceCount {
crates/amun-consensus-network/tests/n114_3_certificate_signatures.rs:13:            evidence_type: EvidenceType::DoubleVote,
crates/amun-consensus-network/tests/n114_3_certificate_signatures.rs:4:use amun_consensus_network::{EvidenceCount, EvidenceType, SlashingCertificate, ValidatorStatus};
crates/amun-consensus-network/tests/n121_2_deterministic_replay.rs:15:        vec![EvidenceCount {
crates/amun-consensus-network/tests/n121_2_deterministic_replay.rs:16:            evidence_type: EvidenceType::DoubleVote,
crates/amun-consensus-network/tests/n121_2_deterministic_replay.rs:1:// N121.2 — Deterministic Replay of Slashing State
crates/amun-consensus-network/tests/n121_2_deterministic_replay.rs:7:    EvidenceCount, EvidenceType, SlashingCertificate, SlashingState, ValidatorStatus,
crates/amun-consensus-network/tests/n121_2_deterministic_replay.rs:92:/// N121.2: Replay from empty always produces zero root
crates/amun-consensus-network/tests/n121_5_snapshot_and_audit.rs:16:        vec![EvidenceCount {
crates/amun-consensus-network/tests/n121_5_snapshot_and_audit.rs:17:            evidence_type: EvidenceType::DoubleVote,
crates/amun-consensus-network/tests/n121_5_snapshot_and_audit.rs:8:    EvidenceCount, EvidenceType, SlashingCertificate, SlashingState, ValidatorStatus,
crates/amun-consensus-proof/src/lib.rs:4:pub use liveness::LivenessProof;
crates/amun-consensus-proof/src/lib.rs:5:pub use safety::SafetyProof;
crates/amun-consensus-proof/src/liveness.rs:1:pub struct LivenessProof;
crates/amun-consensus-proof/src/liveness.rs:3:impl LivenessProof {
crates/amun-consensus-proof/src/safety.rs:1:pub struct SafetyProof;
crates/amun-consensus-proof/src/safety.rs:3:impl SafetyProof {
crates/amun-consensus-signatures/src/domain.rs:10:    UnlockProof,
crates/amun-consensus-signatures/src/domain.rs:20:            SignatureDomain::UnlockProof => b"AMUN_SIGN_UNLOCK_V1",
crates/amun-consensus-types/src/bitmap.rs:47:                amun_failure::ConstitutionalFault::BufferTooSmall,
crates/amun-consensus-types/src/errors.rs:19:            ConstitutionalFault::InvalidStateTransition,
crates/amun-consensus-types/src/errors.rs:1:use amun_failure::{ConstitutionalFault, FailureContext};
crates/amun-consensus-types/src/message.rs:81:                amun_failure::ConstitutionalFault::CapacityExceeded,
crates/amun-consensus-types/src/message.rs:88:                amun_failure::ConstitutionalFault::BufferTooSmall,
crates/amun-consensus-types/src/message.rs:98:                    amun_failure::ConstitutionalFault::CapacityExceeded,
crates/amun-consensus-types/src/phase.rs:66:                amun_failure::ConstitutionalFault::BufferTooSmall,
crates/amun-consensus-types/src/phase.rs:73:                amun_failure::ConstitutionalFault::MalformedEncoding,
crates/amun-consensus-types/src/qc.rs:42:                amun_failure::ConstitutionalFault::BufferTooSmall,
crates/amun-consensus-types/src/qc.rs:50:                amun_failure::ConstitutionalFault::MalformedEncoding,
crates/amun-consensus-types/src/qc.rs:64:                amun_failure::ConstitutionalFault::BufferTooSmall,
crates/amun-consensus-types/src/vote.rs:60:                amun_failure::ConstitutionalFault::BufferTooSmall,
crates/amun-consensus-types/src/vote.rs:68:                amun_failure::ConstitutionalFault::MalformedEncoding,
crates/amun-consensus/src/action.rs:108:    pub fn prove(&self, index: usize) -> Option<EvidenceProof> {
crates/amun-consensus/src/action.rs:121:        Some(EvidenceProof {
crates/amun-consensus/src/action.rs:130:pub struct EvidenceProof {
crates/amun-consensus/src/action.rs:132:    pub proof: MerkleProof,
crates/amun-consensus/src/action.rs:136:impl EvidenceProof {
crates/amun-consensus/src/action.rs:2:use amun_constitutional_commitments::smt::MerkleProof;
crates/amun-consensus/src/round_state_machine.rs:10:        Option<amun_constitutional_enforcement::ConstitutionalEnforcementKernel>,
crates/amun-consensus/src/round_state_machine.rs:129:        // N126.1: Constitutional state transition verification
crates/amun-consensus/src/round_state_machine.rs:132:        //   - ReplayDeterminism (replay root == original root)
crates/amun-consensus/src/round_state_machine.rs:149:                amun_constitutional_enforcement::ConstitutionalVerdict::Constitutional => {}
crates/amun-consensus/src/round_state_machine.rs:150:                amun_constitutional_enforcement::ConstitutionalVerdict::Unconstitutional {
crates/amun-consensus/src/round_state_machine.rs:32:                amun_constitutional_enforcement::ConstitutionalEnforcementKernel::new(),
crates/amun-constitution-builder/src/canonical_bytes.rs:3:// Licensed under the GNU AGPLv3 with Constitutional Sovereignty Addendum.
crates/amun-constitution-builder/src/certificate.rs:3:// Licensed under the GNU AGPLv3 with Constitutional Sovereignty Addendum.
crates/amun-constitution-builder/src/certificate.rs:71:        lines.push("Frozen Constitutional Properties:".to_string());
crates/amun-constitution-builder/src/digest.rs:3:// Licensed under the GNU AGPLv3 with Constitutional Sovereignty Addendum.
crates/amun-constitution-builder/src/emitter.rs:3:// Licensed under the GNU AGPLv3 with Constitutional Sovereignty Addendum.
crates/amun-constitution-builder/src/federation.rs:3:// Licensed under the GNU AGPLv3 with Constitutional Sovereignty Addendum.
crates/amun-constitution-builder/src/federation.rs:51:            "Replay isolation preserved".into(),
crates/amun-constitution-builder/src/federation.rs:89:        lines.push(format!("Replay Boundary: {}", self.replay_boundary));
crates/amun-constitution-builder/src/hashing.rs:3:// Licensed under the GNU AGPLv3 with Constitutional Sovereignty Addendum.
crates/amun-constitution-builder/src/lib.rs:23:pub use manifest::ConstitutionalManifest;
crates/amun-constitution-builder/src/lib.rs:3:// Licensed under the GNU AGPLv3 with Constitutional Sovereignty Addendum.
crates/amun-constitution-builder/src/manifest.rs:13:pub struct ConstitutionalManifest {
crates/amun-constitution-builder/src/manifest.rs:27:impl ArtifactDigest for ConstitutionalManifest {
crates/amun-constitution-builder/src/manifest.rs:33:impl ConstitutionalManifest {
crates/amun-constitution-builder/src/manifest.rs:3:// Licensed under the GNU AGPLv3 with Constitutional Sovereignty Addendum.
crates/amun-constitution-builder/src/manifest.rs:51:impl CanonicalEmit for ConstitutionalManifest {
crates/amun-constitution-builder/src/manifest.rs:54:        lines.push("# Genesis Constitutional Manifest".to_string());
crates/amun-constitution-builder/src/manifest.rs:72:        lines.push(format!("| Proof Version | {} |", self.proof_version));
crates/amun-constitution-builder/src/manifest.rs:73:        lines.push(format!("| Hash Algorithm | {} |", self.hash_algorithm));
crates/amun-constitution-builder/src/manifest.rs:82:impl CanonicalSerialize for ConstitutionalManifest {
crates/amun-constitution-builder/src/normalize.rs:3:// Licensed under the GNU AGPLv3 with Constitutional Sovereignty Addendum.
crates/amun-constitution-builder/src/treaty.rs:3:// Licensed under the GNU AGPLv3 with Constitutional Sovereignty Addendum.
crates/amun-constitution-builder/src/treaty.rs:64:        lines.push("Replay Boundaries:".to_string());
crates/amun-constitution-builder/src/types.rs:3:// Licensed under the GNU AGPLv3 with Constitutional Sovereignty Addendum.
crates/amun-constitution-builder/src/verify.rs:3:// Licensed under the GNU AGPLv3 with Constitutional Sovereignty Addendum.
crates/amun-constitution-builder/tests/determinism_tests.rs:10:    let m2 = ConstitutionalManifest::new(gen, spec, ts);
crates/amun-constitution-builder/tests/determinism_tests.rs:9:    let m1 = ConstitutionalManifest::new(gen.clone(), spec.clone(), ts.clone());
crates/amun-constitution-core/src/ancestry.rs:11:    // New epoch: sequence resets to 0, so child must be epoch+1, seq=0
crates/amun-constitution-core/src/phase.rs:12:            ConstitutionalPhase::Propose => 0,
crates/amun-constitution-core/src/phase.rs:13:            ConstitutionalPhase::Prevote => 1,
crates/amun-constitution-core/src/phase.rs:14:            ConstitutionalPhase::Precommit => 2,
crates/amun-constitution-core/src/phase.rs:20:pub fn is_legal_phase_transition(from: ConstitutionalPhase, to: ConstitutionalPhase) -> bool {
crates/amun-constitution-core/src/phase.rs:23:        (ConstitutionalPhase::Propose, ConstitutionalPhase::Prevote)
crates/amun-constitution-core/src/phase.rs:24:            | (ConstitutionalPhase::Prevote, ConstitutionalPhase::Precommit)
crates/amun-constitution-core/src/phase.rs:25:            | (ConstitutionalPhase::Precommit, ConstitutionalPhase::Propose)
crates/amun-constitution-core/src/phase.rs:26:            | (ConstitutionalPhase::Prevote, ConstitutionalPhase::Propose)
crates/amun-constitution-core/src/phase.rs:3:pub enum ConstitutionalPhase {
crates/amun-constitution-core/src/phase.rs:9:impl ConstitutionalPhase {
crates/amun-constitution/src/canonical_form.rs:10:pub struct ConstitutionalCanonicalForm {
crates/amun-constitution/src/canonical_form.rs:1:// Constitutional Canonical Form (CCF) — the protocol specification.
crates/amun-constitution/src/canonical_form.rs:23:impl ConstitutionalCanonicalForm {
crates/amun-constitution/src/canonical_form.rs:41:pub const CURRENT_CCF: ConstitutionalCanonicalForm = ConstitutionalCanonicalForm {
crates/amun-constitution/src/economics.rs:28:                ConstitutionalFault::CryptoBudgetExceeded,
crates/amun-constitution/src/economics.rs:3:use amun_failure::{module_ids, operation_ids, AmunResult, ConstitutionalFault, FailureContext};
crates/amun-constitution/src/economics.rs:40:                    ConstitutionalFault::CryptoBudgetExceeded,
crates/amun-constitution/src/fork_choice.rs:1:// Formal fork-choice function.
crates/amun-constitution/src/freeze_map.rs:100:                description: "Constitutional documents - governance amendment",
crates/amun-constitution/src/freeze_map.rs:1:/// Constitutional Freeze Map
crates/amun-constitution/src/freeze_map.rs:43:pub struct ConstitutionalFreezeMap;
crates/amun-constitution/src/freeze_map.rs:45:impl ConstitutionalFreezeMap {
crates/amun-constitution/src/freeze_map.rs:60:                mutability: MutabilityClass::ConstitutionalAmendment,
crates/amun-constitution/src/freeze_map.rs:64:                description: "Proof version - requires new proof system and migration",
crates/amun-constitution/src/freeze_map.rs:96:                mutability: MutabilityClass::ConstitutionalAmendment,
crates/amun-constitution/src/freeze_map.rs:9:    ConstitutionalAmendment,
crates/amun-constitution/src/freeze_validator.rs:10:    PhysicsProofRequired { field: String },
crates/amun-constitution/src/freeze_validator.rs:11:    PhysicsProofFailed { field: String, reason: String },
crates/amun-constitution/src/freeze_validator.rs:16:    pub evolution_proof: Option<EvolutionProof>,
crates/amun-constitution/src/freeze_validator.rs:1:use super::freeze_map::{ConstitutionalFreezeMap, FreezeBoundary, MutabilityClass};
crates/amun-constitution/src/freeze_validator.rs:2:use amun_lineage::record::EvolutionProof;
crates/amun-constitution/src/freeze_validator.rs:32:        let boundaries = ConstitutionalFreezeMap::frozen_boundaries();
crates/amun-constitution/src/freeze_validator.rs:49:            return Err(FreezeViolation::ReplayPreservationViolation {
crates/amun-constitution/src/freeze_validator.rs:62:                return Err(FreezeViolation::PhysicsProofFailed {
crates/amun-constitution/src/freeze_validator.rs:69:            return Err(FreezeViolation::PhysicsProofRequired {
crates/amun-constitution/src/freeze_validator.rs:78:        ConstitutionalFreezeMap::frozen_boundaries()
crates/amun-constitution/src/freeze_validator.rs:84:        ConstitutionalFreezeMap::frozen_boundaries()
crates/amun-constitution/src/freeze_validator.rs:8:    ReplayPreservationViolation { field: String },
crates/amun-constitution/src/lib.rs:3:pub use freeze_map::{ConstitutionalFreezeMap, FreezeBoundary, MutabilityClass, QuorumClass};
crates/amun-constitution/src/replay.rs:16:impl ReplayContext {
crates/amun-constitution/src/replay.rs:2:use amun_failure::{AmunResult, ConstitutionalFault, FailureContext};
crates/amun-constitution/src/replay.rs:53:impl CanonicalEncode for ReplayContext {
crates/amun-constitution/src/replay.rs:61:impl CanonicalDecode for ReplayContext {
crates/amun-constitution/src/replay.rs:65:                ConstitutionalFault::BufferTooSmall,
crates/amun-constitution/src/replay.rs:6:pub struct ReplayContext {
crates/amun-constitution/src/replay.rs:71:            FailureContext::new(ConstitutionalFault::MalformedEncoding, 0x0006, 0x0B01)
crates/amun-constitution/src/replay.rs:74:            FailureContext::new(ConstitutionalFault::MalformedEncoding, 0x0006, 0x0B02)
crates/amun-constitution/src/replay.rs:79:            FailureContext::new(ConstitutionalFault::MalformedEncoding, 0x0006, 0x0B03)
crates/amun-constitution/src/replay.rs:82:            FailureContext::new(ConstitutionalFault::MalformedEncoding, 0x0006, 0x0B04)
crates/amun-constitution/src/replay.rs:85:            FailureContext::new(ConstitutionalFault::MalformedEncoding, 0x0006, 0x0B05)
crates/amun-constitution/src/replay.rs:88:            FailureContext::new(ConstitutionalFault::MalformedEncoding, 0x0006, 0x0B06)
crates/amun-constitution/src/synchrony.rs:16:pub struct SynchronyProof {
crates/amun-constitution/src/synchrony.rs:22:impl SynchronyProof {
crates/amun-constitutional-authority-semantics/src/capability.rs:66:pub type CapabilityWitness = amun_constitutional_signing::SignedArtifact<AuthorityCapability>;
crates/amun-constitutional-authority-semantics/src/delegation.rs:10:    pub fn new(root: CapabilityWitness) -> Self {
crates/amun-constitutional-authority-semantics/src/delegation.rs:16:    pub fn append(&mut self, witness: CapabilityWitness) -> Result<(), String> {
crates/amun-constitutional-authority-semantics/src/delegation.rs:1:use crate::capability::CapabilityWitness;
crates/amun-constitutional-authority-semantics/src/delegation.rs:50:pub type DelegationProof = DelegationChain;
crates/amun-constitutional-authority-semantics/src/delegation.rs:6:    pub witnesses: Vec<CapabilityWitness>,
crates/amun-constitutional-authority-semantics/src/institution.rs:10:    pub peer_id: ConstitutionalPeerId,
crates/amun-constitutional-authority-semantics/src/institution.rs:17:pub struct InstitutionalWitness {
crates/amun-constitutional-authority-semantics/src/institution.rs:19:    pub signature: amun_constitutional_signing::ConstitutionalSignature,
crates/amun-constitutional-authority-semantics/src/institution.rs:2:use amun_peer_identity::ConstitutionalPeerId;
crates/amun-constitutional-authority-semantics/src/lib.rs:13:pub use capability::{AuthorityCapability, CapabilityWitness};
crates/amun-constitutional-authority-semantics/src/lib.rs:14:pub use delegation::{DelegationChain, DelegationProof};
crates/amun-constitutional-authority-semantics/src/lib.rs:15:pub use institution::{InstitutionalActor, InstitutionalWitness};
crates/amun-constitutional-authority-semantics/src/lib.rs:16:pub use revocation::{RevocationRegistry, RevocationWitness};
crates/amun-constitutional-authority-semantics/src/lib.rs:1://! Constitutional Authority Semantics
crates/amun-constitutional-authority-semantics/src/revocation.rs:24:    pub fn revoke(&mut self, witness: &RevocationWitness) {
crates/amun-constitutional-authority-semantics/src/revocation.rs:6:pub struct RevocationWitness {
crates/amun-constitutional-authority-semantics/tests/authority_tests.rs:1:use amun_constitutional_authority_semantics::capability::{AuthorityCapability, CapabilityWitness};
crates/amun-constitutional-authority-semantics/tests/authority_tests.rs:29:    let root_key = ConstitutionalKeyPair::generate();
crates/amun-constitutional-authority-semantics/tests/authority_tests.rs:30:    let delegate1 = ConstitutionalKeyPair::generate();
crates/amun-constitutional-authority-semantics/tests/authority_tests.rs:31:    let delegate2 = ConstitutionalKeyPair::generate();
crates/amun-constitutional-authority-semantics/tests/authority_tests.rs:3:use amun_constitutional_authority_semantics::revocation::{RevocationRegistry, RevocationWitness};
crates/amun-constitutional-authority-semantics/tests/authority_tests.rs:41:    let w1 = CapabilityWitness::sign(cap1, &root_key);
crates/amun-constitutional-authority-semantics/tests/authority_tests.rs:4:use amun_constitutional_signing::ConstitutionalKeyPair;
crates/amun-constitutional-authority-semantics/tests/authority_tests.rs:51:    let w2 = CapabilityWitness::sign(cap2, &delegate1);
crates/amun-constitutional-authority-semantics/tests/authority_tests.rs:60:    let root_key = ConstitutionalKeyPair::generate();
crates/amun-constitutional-authority-semantics/tests/authority_tests.rs:61:    let delegate1 = ConstitutionalKeyPair::generate();
crates/amun-constitutional-authority-semantics/tests/authority_tests.rs:62:    let wrong_key = ConstitutionalKeyPair::generate();
crates/amun-constitutional-authority-semantics/tests/authority_tests.rs:72:    let w1 = CapabilityWitness::sign(cap1, &root_key);
crates/amun-constitutional-authority-semantics/tests/authority_tests.rs:82:    let w2 = CapabilityWitness::sign(cap2, &wrong_key);
crates/amun-constitutional-authority-semantics/tests/authority_tests.rs:91:    let w = RevocationWitness {
crates/amun-constitutional-authority/src/certificate.rs:141:impl CanonicalSerialize for ConstitutionalCertificate {
crates/amun-constitutional-authority/src/certificate.rs:15:pub struct ConstitutionalCertificate {
crates/amun-constitutional-authority/src/certificate.rs:28:impl ArtifactDigest for ConstitutionalCertificate {
crates/amun-constitutional-authority/src/certificate.rs:3:// Licensed under the GNU AGPLv3 with Constitutional Sovereignty Addendum.
crates/amun-constitutional-authority/src/certificate.rs:41:impl ConstitutionalCertificate {
crates/amun-constitutional-authority/src/chain.rs:11:    pub certificates: Vec<SignedArtifact<ConstitutionalCertificate>>,
crates/amun-constitutional-authority/src/chain.rs:15:    pub fn new(root: SignedArtifact<ConstitutionalCertificate>) -> Self {
crates/amun-constitutional-authority/src/chain.rs:24:        cert: SignedArtifact<ConstitutionalCertificate>,
crates/amun-constitutional-authority/src/chain.rs:3:// Licensed under the GNU AGPLv3 with Constitutional Sovereignty Addendum.
crates/amun-constitutional-authority/src/chain.rs:5:use crate::certificate::ConstitutionalCertificate;
crates/amun-constitutional-authority/src/lib.rs:14://! - `certificate`  – the core `ConstitutionalCertificate` type
crates/amun-constitutional-authority/src/lib.rs:26:pub use certificate::ConstitutionalCertificate;
crates/amun-constitutional-authority/src/lib.rs:3:// Licensed under the GNU AGPLv3 with Constitutional Sovereignty Addendum.
crates/amun-constitutional-authority/src/lib.rs:5://! Constitutional authority layer.
crates/amun-constitutional-authority/src/revocation.rs:3:// Licensed under the GNU AGPLv3 with Constitutional Sovereignty Addendum.
crates/amun-constitutional-authority/src/rotation.rs:19:        new_signed_cert: &SignedArtifact<ConstitutionalCertificate>,
crates/amun-constitutional-authority/src/rotation.rs:20:        old_keypair: &ConstitutionalKeyPair,
crates/amun-constitutional-authority/src/rotation.rs:3:// Licensed under the GNU AGPLv3 with Constitutional Sovereignty Addendum.
crates/amun-constitutional-authority/src/rotation.rs:5:use crate::certificate::ConstitutionalCertificate;
crates/amun-constitutional-authority/src/rotation.rs:6:use amun_constitutional_signing::{ConstitutionalKeyPair, SignedArtifact};
crates/amun-constitutional-authority/src/trust.rs:11:    pub signed_cert: SignedArtifact<ConstitutionalCertificate>,
crates/amun-constitutional-authority/src/trust.rs:18:        signed_cert: SignedArtifact<ConstitutionalCertificate>,
crates/amun-constitutional-authority/src/trust.rs:3:// Licensed under the GNU AGPLv3 with Constitutional Sovereignty Addendum.
crates/amun-constitutional-authority/src/trust.rs:5:use crate::certificate::ConstitutionalCertificate;
crates/amun-constitutional-authority/tests/authority_tests.rs:100:    let old = ConstitutionalKeyPair::generate();
crates/amun-constitutional-authority/tests/authority_tests.rs:101:    let new = ConstitutionalKeyPair::generate();
crates/amun-constitutional-authority/tests/authority_tests.rs:102:    let cert = ConstitutionalCertificate::new_child(
crates/amun-constitutional-authority/tests/authority_tests.rs:117:    let key = ConstitutionalKeyPair::generate();
crates/amun-constitutional-authority/tests/authority_tests.rs:12:        "ConstitutionalRoot".into(),
crates/amun-constitutional-authority/tests/authority_tests.rs:18:    parent: &ConstitutionalCertificate,
crates/amun-constitutional-authority/tests/authority_tests.rs:19:    key: &ConstitutionalKeyPair,
crates/amun-constitutional-authority/tests/authority_tests.rs:20:) -> ConstitutionalCertificate {
crates/amun-constitutional-authority/tests/authority_tests.rs:21:    ConstitutionalCertificate::new_child(
crates/amun-constitutional-authority/tests/authority_tests.rs:34:    let key = ConstitutionalKeyPair::generate();
crates/amun-constitutional-authority/tests/authority_tests.rs:3:    CertificateChain, ConstitutionalCertificate, KeyRotationLaw, RevocationRegistry, TrustAnchor,
crates/amun-constitutional-authority/tests/authority_tests.rs:43:    let root_key = ConstitutionalKeyPair::generate();
crates/amun-constitutional-authority/tests/authority_tests.rs:44:    let child_key = ConstitutionalKeyPair::generate();
crates/amun-constitutional-authority/tests/authority_tests.rs:57:    let root_key = ConstitutionalKeyPair::generate();
crates/amun-constitutional-authority/tests/authority_tests.rs:58:    let child_key = ConstitutionalKeyPair::generate();
crates/amun-constitutional-authority/tests/authority_tests.rs:59:    let fake = ConstitutionalKeyPair::generate();
crates/amun-constitutional-authority/tests/authority_tests.rs:5:use amun_constitutional_signing::{ConstitutionalKeyPair, SignedArtifact};
crates/amun-constitutional-authority/tests/authority_tests.rs:70:    let root_key = ConstitutionalKeyPair::generate();
crates/amun-constitutional-authority/tests/authority_tests.rs:71:    let child_key = ConstitutionalKeyPair::generate();
crates/amun-constitutional-authority/tests/authority_tests.rs:7:fn build_root(key: &ConstitutionalKeyPair) -> ConstitutionalCertificate {
crates/amun-constitutional-authority/tests/authority_tests.rs:84:    let root_key = ConstitutionalKeyPair::generate();
crates/amun-constitutional-authority/tests/authority_tests.rs:85:    let child_key = ConstitutionalKeyPair::generate();
crates/amun-constitutional-authority/tests/authority_tests.rs:8:    ConstitutionalCertificate::new_root(
crates/amun-constitutional-block/src/block.rs:21:impl ConstitutionalBlock {
crates/amun-constitutional-block/src/block.rs:6:pub struct ConstitutionalBlock {
crates/amun-constitutional-block/src/block.rs:84:    ) -> ConstitutionalBlock {
crates/amun-constitutional-block/src/block.rs:90:        ConstitutionalBlock::new(
crates/amun-constitutional-block/src/chain.rs:17:    pub fn append(&mut self, block: ConstitutionalBlock) -> Result<(), String> {
crates/amun-constitutional-block/src/chain.rs:3:// Licensed under the GNU AGPLv3 with Constitutional Sovereignty Addendum.
crates/amun-constitutional-block/src/chain.rs:5:use crate::block::ConstitutionalBlock;
crates/amun-constitutional-block/src/chain.rs:73:                "Evidence root mismatch at height {}: block has {} but log produces {}",
crates/amun-constitutional-block/src/chain.rs:9:    pub blocks: Vec<ConstitutionalBlock>,
crates/amun-constitutional-block/src/finalizer.rs:1:use crate::block::ConstitutionalBlock;
crates/amun-constitutional-block/src/finalizer.rs:23:    ) -> Result<ConstitutionalBlock, String> {
crates/amun-constitutional-block/src/finalizer.rs:37:                let merkle_root = ConstitutionalStateRuntime::certificate_merkle_root(&[cert]);
crates/amun-constitutional-block/src/finalizer.rs:43:        let block = ConstitutionalBlock::new(
crates/amun-constitutional-block/src/finalizer.rs:4:use amun_constitutional_state::ConstitutionalStateRuntime;
crates/amun-constitutional-block/src/finalizer.rs:8:    pub state_runtime: Option<ConstitutionalStateRuntime>,
crates/amun-constitutional-block/src/lib.rs:104:use amun_constitutional_state::CertificateInclusionProof;
crates/amun-constitutional-block/src/lib.rs:107:/// the block header, a ReplayCertificate, and an inclusion proof.
crates/amun-constitutional-block/src/lib.rs:117:    block: &block::ConstitutionalBlock,
crates/amun-constitutional-block/src/lib.rs:118:    cert: &ReplayCertificate,
crates/amun-constitutional-block/src/lib.rs:119:    inclusion_proof: &CertificateInclusionProof,
crates/amun-constitutional-block/src/lib.rs:36:pub use block::{BlockBuilder, ConstitutionalBlock};
crates/amun-constitutional-block/src/lib.rs:39:use amun_constitutional_state::{ConstitutionalStateRuntime, ReplayCertificate};
crates/amun-constitutional-block/src/lib.rs:49:    block: &block::ConstitutionalBlock,
crates/amun-constitutional-block/src/lib.rs:50:    cert: &ReplayCertificate,
crates/amun-constitutional-block/src/lib.rs:53:    let computed_root = hex::encode(ConstitutionalStateRuntime::certificate_merkle_root(
crates/amun-constitutional-block/src/lib.rs:81:///   Block → Certificate → Journal → Replay → StateRoot → Accept/Reject
crates/amun-constitutional-block/src/lib.rs:85:///   - ReplayCertificate::verify() for journal↔state proof
crates/amun-constitutional-block/src/lib.rs:87:    block: &block::ConstitutionalBlock,
crates/amun-constitutional-block/src/lib.rs:88:    cert: &ReplayCertificate,
crates/amun-constitutional-block/tests/block_tests.rs:104:    let b1 = ConstitutionalBlock::new(
crates/amun-constitutional-block/tests/block_tests.rs:116:    let b2 = ConstitutionalBlock::new(
crates/amun-constitutional-block/tests/block_tests.rs:11:    ConstitutionalBlock::new(
crates/amun-constitutional-block/tests/block_tests.rs:139:    let b1 = ConstitutionalBlock::new(
crates/amun-constitutional-block/tests/block_tests.rs:151:    let b2 = ConstitutionalBlock::new(
crates/amun-constitutional-block/tests/block_tests.rs:170:    use amun_constitutional_state::ConstitutionalStateRuntime;
crates/amun-constitutional-block/tests/block_tests.rs:172:    let mut rt = ConstitutionalStateRuntime::new();
crates/amun-constitutional-block/tests/block_tests.rs:175:    let merkle_root = hex::encode(ConstitutionalStateRuntime::certificate_merkle_root(
crates/amun-constitutional-block/tests/block_tests.rs:179:    let block = ConstitutionalBlock::new(
crates/amun-constitutional-block/tests/block_tests.rs:198:    use amun_constitutional_state::ConstitutionalStateRuntime;
crates/amun-constitutional-block/tests/block_tests.rs:1:use amun_constitutional_block::{Blockchain, ConstitutionalBlock};
crates/amun-constitutional-block/tests/block_tests.rs:200:    let mut rt = ConstitutionalStateRuntime::new();
crates/amun-constitutional-block/tests/block_tests.rs:203:    let merkle_root = hex::encode(ConstitutionalStateRuntime::certificate_merkle_root(
crates/amun-constitutional-block/tests/block_tests.rs:207:    let block = ConstitutionalBlock::new(
crates/amun-constitutional-block/tests/block_tests.rs:226:    use amun_constitutional_state::ConstitutionalStateRuntime;
crates/amun-constitutional-block/tests/block_tests.rs:228:    let mut rt = ConstitutionalStateRuntime::new();
crates/amun-constitutional-block/tests/block_tests.rs:233:    let wrong_root = hex::encode(ConstitutionalStateRuntime::certificate_merkle_root(&[]));
crates/amun-constitutional-block/tests/block_tests.rs:235:    let block = ConstitutionalBlock::new(
crates/amun-constitutional-block/tests/block_tests.rs:254:    use amun_constitutional_state::ConstitutionalStateRuntime;
crates/amun-constitutional-block/tests/block_tests.rs:256:    let mut rt = ConstitutionalStateRuntime::new();
crates/amun-constitutional-block/tests/block_tests.rs:260:    let merkle_root = hex::encode(ConstitutionalStateRuntime::certificate_merkle_root(
crates/amun-constitutional-block/tests/block_tests.rs:264:    let block = ConstitutionalBlock::new(
crates/amun-constitutional-block/tests/block_tests.rs:283:    use amun_constitutional_state::ConstitutionalStateRuntime;
crates/amun-constitutional-block/tests/block_tests.rs:285:    let mut rt = ConstitutionalStateRuntime::new();
crates/amun-constitutional-block/tests/block_tests.rs:289:    let merkle_root = hex::encode(ConstitutionalStateRuntime::certificate_merkle_root(
crates/amun-constitutional-block/tests/block_tests.rs:293:    let block = ConstitutionalBlock::new(
crates/amun-constitutional-block/tests/block_tests.rs:315:    use amun_constitutional_state::ConstitutionalStateRuntime;
crates/amun-constitutional-block/tests/block_tests.rs:317:    let mut rt = ConstitutionalStateRuntime::new();
crates/amun-constitutional-block/tests/block_tests.rs:321:    let merkle_root = hex::encode(ConstitutionalStateRuntime::certificate_merkle_root(
crates/amun-constitutional-block/tests/block_tests.rs:325:    let block = ConstitutionalBlock::new(
crates/amun-constitutional-block/tests/block_tests.rs:345:    use amun_constitutional_state::ConstitutionalStateRuntime;
crates/amun-constitutional-block/tests/block_tests.rs:347:    let mut rt = ConstitutionalStateRuntime::new();
crates/amun-constitutional-block/tests/block_tests.rs:34:    let b1 = ConstitutionalBlock::new(
crates/amun-constitutional-block/tests/block_tests.rs:351:    let merkle_root = hex::encode(ConstitutionalStateRuntime::certificate_merkle_root(&certs));
crates/amun-constitutional-block/tests/block_tests.rs:354:        ConstitutionalStateRuntime::prove_certificate_inclusion(&certs, &hash).unwrap();
crates/amun-constitutional-block/tests/block_tests.rs:356:    let block = ConstitutionalBlock::new(
crates/amun-constitutional-block/tests/block_tests.rs:375:    use amun_constitutional_state::ConstitutionalStateRuntime;
crates/amun-constitutional-block/tests/block_tests.rs:377:    let mut rt = ConstitutionalStateRuntime::new();
crates/amun-constitutional-block/tests/block_tests.rs:381:    let merkle_root = hex::encode(ConstitutionalStateRuntime::certificate_merkle_root(&certs));
crates/amun-constitutional-block/tests/block_tests.rs:384:        ConstitutionalStateRuntime::prove_certificate_inclusion(&certs, &hash).unwrap();
crates/amun-constitutional-block/tests/block_tests.rs:389:    let block = ConstitutionalBlock::new(
crates/amun-constitutional-block/tests/block_tests.rs:408:    use amun_constitutional_state::ConstitutionalStateRuntime;
crates/amun-constitutional-block/tests/block_tests.rs:410:    let mut rt1 = ConstitutionalStateRuntime::new();
crates/amun-constitutional-block/tests/block_tests.rs:414:    let mut rt2 = ConstitutionalStateRuntime::new();
crates/amun-constitutional-block/tests/block_tests.rs:419:    let merkle_root = hex::encode(ConstitutionalStateRuntime::certificate_merkle_root(&certs));
crates/amun-constitutional-block/tests/block_tests.rs:422:        ConstitutionalStateRuntime::prove_certificate_inclusion(&certs, &hash1).unwrap();
crates/amun-constitutional-block/tests/block_tests.rs:424:    let block = ConstitutionalBlock::new(
crates/amun-constitutional-block/tests/block_tests.rs:444:    use amun_constitutional_state::ConstitutionalStateRuntime;
crates/amun-constitutional-block/tests/block_tests.rs:446:    let mut rt = ConstitutionalStateRuntime::new();
crates/amun-constitutional-block/tests/block_tests.rs:452:        ConstitutionalStateRuntime::prove_certificate_inclusion(&certs, &hash).unwrap();
crates/amun-constitutional-block/tests/block_tests.rs:455:    let block = ConstitutionalBlock::new(
crates/amun-constitutional-block/tests/block_tests.rs:46:    let b2 = ConstitutionalBlock::new(
crates/amun-constitutional-block/tests/block_tests.rs:63:    let b1 = ConstitutionalBlock::new(
crates/amun-constitutional-block/tests/block_tests.rs:75:    let b2 = ConstitutionalBlock::new(
crates/amun-constitutional-block/tests/block_tests.rs:9:fn make_genesis() -> ConstitutionalBlock {
crates/amun-constitutional-block/tests/finalizer_tests.rs:12:    let mut state = ConstitutionalStateRuntime::new();
crates/amun-constitutional-block/tests/finalizer_tests.rs:38:    let mut state1 = ConstitutionalStateRuntime::new();
crates/amun-constitutional-block/tests/finalizer_tests.rs:39:    let mut state2 = ConstitutionalStateRuntime::new();
crates/amun-constitutional-block/tests/finalizer_tests.rs:6:use amun_constitutional_state::ConstitutionalStateRuntime;
crates/amun-constitutional-commitment/src/apphash.rs:12:        commitment: &ConstitutionalCommitment,
crates/amun-constitutional-commitment/src/apphash.rs:1:use crate::commitment::ConstitutionalCommitment;
crates/amun-constitutional-commitment/src/commitment.rs:5:pub struct ConstitutionalCommitment {
crates/amun-constitutional-commitment/src/endblock.rs:15:    ) -> Option<ConstitutionalCommitment> {
crates/amun-constitutional-commitment/src/endblock.rs:1:use crate::commitment::ConstitutionalCommitment;
crates/amun-constitutional-commitment/src/endblock.rs:24:        Some(ConstitutionalCommitment {
crates/amun-constitutional-commitment/src/lib.rs:15:pub use commitment::ConstitutionalCommitment;
crates/amun-constitutional-commitment/src/lib.rs:21:pub use roots_bundle::ConstitutionalRoots;
crates/amun-constitutional-commitment/src/lib.rs:22:pub use rpc::ConstitutionalStatus;
crates/amun-constitutional-commitment/src/lib.rs:24:pub use state::ConstitutionalState;
crates/amun-constitutional-commitment/src/roots.rs:1:use crate::commitment::ConstitutionalCommitment;
crates/amun-constitutional-commitment/src/roots.rs:23:pub fn commitment_root(commitment: &ConstitutionalCommitment) -> Hash32 {
crates/amun-constitutional-commitment/src/roots_bundle.rs:16:impl ConstitutionalRoots {
crates/amun-constitutional-commitment/src/roots_bundle.rs:1:use crate::commitment::ConstitutionalCommitment;
crates/amun-constitutional-commitment/src/roots_bundle.rs:22:        commitment: &ConstitutionalCommitment,
crates/amun-constitutional-commitment/src/roots_bundle.rs:7:pub struct ConstitutionalRoots {
crates/amun-constitutional-commitment/src/rpc.rs:1:use crate::commitment::ConstitutionalCommitment;
crates/amun-constitutional-commitment/src/rpc.rs:21:impl ConstitutionalStatus {
crates/amun-constitutional-commitment/src/rpc.rs:22:    pub fn new(height: u64, commitment: &ConstitutionalCommitment, app_hash: Hash32) -> Self {
crates/amun-constitutional-commitment/src/rpc.rs:6:pub struct ConstitutionalStatus {
crates/amun-constitutional-commitment/src/serializer.rs:1:use crate::commitment::ConstitutionalCommitment;
crates/amun-constitutional-commitment/src/serializer.rs:5:pub fn serialize_v1(commitment: &ConstitutionalCommitment) -> [u8; SERIALIZED_LENGTH] {
crates/amun-constitutional-commitment/src/state.rs:13:    pub fn load(data: &[u8]) -> Option<ConstitutionalCommitment> {
crates/amun-constitutional-commitment/src/state.rs:1:use crate::commitment::ConstitutionalCommitment;
crates/amun-constitutional-commitment/src/state.rs:33:        Some(ConstitutionalCommitment {
crates/amun-constitutional-commitment/src/state.rs:6:pub struct ConstitutionalState;
crates/amun-constitutional-commitment/src/state.rs:8:impl ConstitutionalState {
crates/amun-constitutional-commitment/src/state.rs:9:    pub fn save(commitment: &ConstitutionalCommitment) -> Vec<u8> {
crates/amun-constitutional-commitment/src/verify.rs:1:use crate::commitment::ConstitutionalCommitment;
crates/amun-constitutional-commitment/src/verify.rs:33:        let commitment = ConstitutionalCommitment {
crates/amun-constitutional-commitment/tests/determinism.rs:2:    commitment_root, compute_constitutional_root, ConstitutionalCommitment, Hash32,
crates/amun-constitutional-commitment/tests/determinism.rs:44:    let c1 = ConstitutionalCommitment {
crates/amun-constitutional-commitment/tests/determinism.rs:53:    let c2 = ConstitutionalCommitment {
crates/amun-constitutional-commitment/tests/determinism.rs:73:    let mut c = ConstitutionalCommitment {
crates/amun-constitutional-commitment/tests/rpc.rs:2:    AppHashPipeline, ConstitutionalStatus, EconomicSnapshot, EndBlockPipeline, Hash32,
crates/amun-constitutional-commitment/tests/rpc.rs:37:    let status = ConstitutionalStatus::new(7990, &commitment, app_hash);
crates/amun-constitutional-commitment/tests/rpc.rs:75:    let status_a = ConstitutionalStatus::new(7990, &com_a, ah_a);
crates/amun-constitutional-commitment/tests/rpc.rs:76:    let status_b = ConstitutionalStatus::new(7990, &com_b, ah_b);
crates/amun-constitutional-commitment/tests/rpc.rs:98:    let status = ConstitutionalStatus::new(7990, &commitment, app_hash);
crates/amun-constitutional-commitment/tests/state.rs:133:    assert!(ConstitutionalState::load(&[0u8; 10]).is_none());
crates/amun-constitutional-commitment/tests/state.rs:134:    assert!(ConstitutionalState::load(&[0u8; 200]).is_none());
crates/amun-constitutional-commitment/tests/state.rs:135:    assert!(ConstitutionalState::load(&[]).is_none());
crates/amun-constitutional-commitment/tests/state.rs:23:fn make_commitment(id: Hash32, ev: Hash32, gv: Hash32, ec: Hash32) -> ConstitutionalCommitment {
crates/amun-constitutional-commitment/tests/state.rs:25:    ConstitutionalCommitment {
crates/amun-constitutional-commitment/tests/state.rs:2:    commitment_root, compute_constitutional_root, ConstitutionalCommitment, ConstitutionalState,
crates/amun-constitutional-commitment/tests/state.rs:41:    let bytes = ConstitutionalState::save(&commitment);
crates/amun-constitutional-commitment/tests/state.rs:42:    let loaded = ConstitutionalState::load(&bytes).unwrap();
crates/amun-constitutional-commitment/tests/state.rs:60:    let bytes = ConstitutionalState::save(&commitment);
crates/amun-constitutional-commitment/tests/state.rs:61:    let loaded = ConstitutionalState::load(&bytes).unwrap();
crates/amun-constitutional-commitment/tests/verify.rs:131:        amun_constitutional_commitment::ConstitutionalStatus::new(7990, &commitment, app_hash);
crates/amun-constitutional-commitments/src/lib.rs:3:// Licensed under the GNU AGPLv3 with Constitutional Sovereignty Addendum.
crates/amun-constitutional-commitments/src/lib.rs:6:pub use smt::{MerkleProof, ProofType, SparseMerkleTree};
crates/amun-constitutional-commitments/src/smt.rs:14:pub struct MerkleProof {
crates/amun-constitutional-commitments/src/smt.rs:17:    pub proof_type: ProofType,
crates/amun-constitutional-commitments/src/smt.rs:23:/// Proofs are always exactly 256 siblings long, produced by full-depth
crates/amun-constitutional-commitments/src/smt.rs:3:// Licensed under the GNU AGPLv3 with Constitutional Sovereignty Addendum.
crates/amun-constitutional-commitments/src/smt.rs:63:    pub fn prove(&self, logical_key: &[u8]) -> MerkleProof {
crates/amun-constitutional-commitments/src/smt.rs:66:            (ProofType::Inclusion, Some(self.leaves[&kh]))
crates/amun-constitutional-commitments/src/smt.rs:68:            (ProofType::Exclusion, None)
crates/amun-constitutional-commitments/src/smt.rs:75:        MerkleProof {
crates/amun-constitutional-commitments/src/smt.rs:84:    pub fn verify(&self, root: &[u8; 32], proof: &MerkleProof) -> bool {
crates/amun-constitutional-commitments/src/smt.rs:8:pub enum ProofType {
crates/amun-constitutional-enforcement/src/constitutional_evidence.rs:101:// N127A.2 — Execution Evidence Adapter
crates/amun-constitutional-enforcement/src/constitutional_evidence.rs:103:/// Evidence sourced from the ExecutionEngine (N109.7, N109.8).
crates/amun-constitutional-enforcement/src/constitutional_evidence.rs:105:pub struct ExecutionEvidence {
crates/amun-constitutional-enforcement/src/constitutional_evidence.rs:113:// N127A.3 — Replay Evidence Adapter
crates/amun-constitutional-enforcement/src/constitutional_evidence.rs:115:/// Evidence sourced from ReplayVerifier or N109.7 architectural guarantee.
crates/amun-constitutional-enforcement/src/constitutional_evidence.rs:117:pub struct ReplayEvidence {
crates/amun-constitutional-enforcement/src/constitutional_evidence.rs:122:// N127A.4 — Governance Evidence Adapter
crates/amun-constitutional-enforcement/src/constitutional_evidence.rs:124:/// Evidence sourced from AuthorityRegistry.
crates/amun-constitutional-enforcement/src/constitutional_evidence.rs:126:pub struct GovernanceEvidence {
crates/amun-constitutional-enforcement/src/constitutional_evidence.rs:12:pub struct ConstitutionalEvidence {
crates/amun-constitutional-enforcement/src/constitutional_evidence.rs:131:// N127A.5 — QC Evidence Adapter
crates/amun-constitutional-enforcement/src/constitutional_evidence.rs:133:/// Evidence sourced from QuorumCertificate.
crates/amun-constitutional-enforcement/src/constitutional_evidence.rs:135:pub struct QcEvidence {
crates/amun-constitutional-enforcement/src/constitutional_evidence.rs:141:// N127A.1 — Constitutional Evidence Builder
crates/amun-constitutional-enforcement/src/constitutional_evidence.rs:143:/// Assembles evidence from all adapters into a single ConstitutionalEvidence.
crates/amun-constitutional-enforcement/src/constitutional_evidence.rs:144:pub struct ConstitutionalEvidenceBuilder;
crates/amun-constitutional-enforcement/src/constitutional_evidence.rs:146:impl ConstitutionalEvidenceBuilder {
crates/amun-constitutional-enforcement/src/constitutional_evidence.rs:148:        execution: ExecutionEvidence,
crates/amun-constitutional-enforcement/src/constitutional_evidence.rs:149:        replay: ReplayEvidence,
crates/amun-constitutional-enforcement/src/constitutional_evidence.rs:150:        governance: GovernanceEvidence,
crates/amun-constitutional-enforcement/src/constitutional_evidence.rs:151:        qc: QcEvidence,
crates/amun-constitutional-enforcement/src/constitutional_evidence.rs:154:    ) -> ConstitutionalEvidence {
crates/amun-constitutional-enforcement/src/constitutional_evidence.rs:155:        ConstitutionalEvidence {
crates/amun-constitutional-enforcement/src/constitutional_evidence.rs:177:            ConstitutionalEvidence::new(true, true, true, true, true, true, true, true, true, true);
crates/amun-constitutional-enforcement/src/constitutional_evidence.rs:184:        let exec = ExecutionEvidence {
crates/amun-constitutional-enforcement/src/constitutional_evidence.rs:190:        let replay = ReplayEvidence {
crates/amun-constitutional-enforcement/src/constitutional_evidence.rs:193:        let gov = GovernanceEvidence {
crates/amun-constitutional-enforcement/src/constitutional_evidence.rs:196:        let qc = QcEvidence {
crates/amun-constitutional-enforcement/src/constitutional_evidence.rs:19:    // N127A.3: From ReplayVerifier (N109.7 architectural guarantee)
crates/amun-constitutional-enforcement/src/constitutional_evidence.rs:201:        let evidence = ConstitutionalEvidenceBuilder::build(exec, replay, gov, qc, true, true);
crates/amun-constitutional-enforcement/src/constitutional_evidence.rs:214:        let evidence = ConstitutionalEvidence::new(
crates/amun-constitutional-enforcement/src/constitutional_evidence.rs:29:    // From EvidenceStore (slashing certificates)
crates/amun-constitutional-enforcement/src/constitutional_evidence.rs:2:// N127A — Constitutional Evidence Interface
crates/amun-constitutional-enforcement/src/constitutional_evidence.rs:34:impl ConstitutionalEvidence {
crates/amun-constitutional-enforcement/src/constitutional_evidence.rs:70:    ) -> ExecutionEvidence {
crates/amun-constitutional-enforcement/src/constitutional_evidence.rs:71:        ExecutionEvidence {
crates/amun-constitutional-enforcement/src/constitutional_evidence.rs:80:    pub fn from_replay(replay_deterministic: bool) -> ReplayEvidence {
crates/amun-constitutional-enforcement/src/constitutional_evidence.rs:81:        ReplayEvidence {
crates/amun-constitutional-enforcement/src/constitutional_evidence.rs:87:    pub fn from_governance(governance_valid: bool) -> GovernanceEvidence {
crates/amun-constitutional-enforcement/src/constitutional_evidence.rs:88:        GovernanceEvidence { governance_valid }
crates/amun-constitutional-enforcement/src/constitutional_evidence.rs:92:    pub fn from_qc(chain_continuous: bool, finality_supermajority: bool) -> QcEvidence {
crates/amun-constitutional-enforcement/src/constitutional_evidence.rs:93:        QcEvidence {
crates/amun-constitutional-enforcement/src/evidence_providers.rs:117:        let evidence = ExecutionEvidenceProvider::from_finality_certificate(&state, &history);
crates/amun-constitutional-enforcement/src/evidence_providers.rs:11:pub struct ExecutionEvidenceProvider;
crates/amun-constitutional-enforcement/src/evidence_providers.rs:126:        let evidence = ReplayEvidenceProvider::from_qc_and_state(true, true, true);
crates/amun-constitutional-enforcement/src/evidence_providers.rs:132:        let evidence = ReplayEvidenceProvider::from_qc_and_state(false, true, true);
crates/amun-constitutional-enforcement/src/evidence_providers.rs:13:impl ExecutionEvidenceProvider {
crates/amun-constitutional-enforcement/src/evidence_providers.rs:1:// N127D — Direct Evidence Providers
crates/amun-constitutional-enforcement/src/evidence_providers.rs:22:    ) -> ExecutionEvidence {
crates/amun-constitutional-enforcement/src/evidence_providers.rs:23:        ExecutionEvidence {
crates/amun-constitutional-enforcement/src/evidence_providers.rs:38:pub struct ReplayEvidenceProvider;
crates/amun-constitutional-enforcement/src/evidence_providers.rs:40:impl ReplayEvidenceProvider {
crates/amun-constitutional-enforcement/src/evidence_providers.rs:45:    ) -> ReplayEvidence {
crates/amun-constitutional-enforcement/src/evidence_providers.rs:46:        ReplayEvidence {
crates/amun-constitutional-enforcement/src/evidence_providers.rs:4:// ConstitutionalEvidence, replacing DELEGATED/PARTIAL placeholders.
crates/amun-constitutional-enforcement/src/evidence_providers.rs:54:pub struct GovernanceEvidenceProvider;
crates/amun-constitutional-enforcement/src/evidence_providers.rs:56:impl GovernanceEvidenceProvider {
crates/amun-constitutional-enforcement/src/evidence_providers.rs:57:    pub fn from_authority_registry(is_constitutional: bool) -> GovernanceEvidence {
crates/amun-constitutional-enforcement/src/evidence_providers.rs:58:        GovernanceEvidence {
crates/amun-constitutional-enforcement/src/evidence_providers.rs:65:pub struct QcEvidenceProvider;
crates/amun-constitutional-enforcement/src/evidence_providers.rs:67:impl QcEvidenceProvider {
crates/amun-constitutional-enforcement/src/evidence_providers.rs:68:    pub fn from_quorum_certificate(block_hash: &[u8; 32], qc_verify_quorum: bool) -> QcEvidence {
crates/amun-constitutional-enforcement/src/evidence_providers.rs:69:        QcEvidence {
crates/amun-constitutional-enforcement/src/evidence_providers.rs:7:    ConstitutionalEvidence, ExecutionEvidence, GovernanceEvidence, QcEvidence, ReplayEvidence,
crates/amun-constitutional-enforcement/src/evidence_providers.rs:85:) -> ConstitutionalEvidence {
crates/amun-constitutional-enforcement/src/evidence_providers.rs:86:    let execution = ExecutionEvidenceProvider::from_finality_certificate(state_root, history_root);
crates/amun-constitutional-enforcement/src/evidence_providers.rs:87:    let replay = ReplayEvidenceProvider::from_qc_and_state(
crates/amun-constitutional-enforcement/src/evidence_providers.rs:92:    let governance = GovernanceEvidenceProvider::from_authority_registry(governance_constitutional);
crates/amun-constitutional-enforcement/src/evidence_providers.rs:93:    let qc = QcEvidenceProvider::from_quorum_certificate(block_hash, qc_verify_quorum);
crates/amun-constitutional-enforcement/src/evidence_providers.rs:95:    ConstitutionalEvidence::new(
crates/amun-constitutional-enforcement/src/evidence_records.rs:103:    pub signature_evidence: SignatureEvidence,
crates/amun-constitutional-enforcement/src/evidence_records.rs:104:    pub double_spend_evidence: DoubleSpendEvidence,
crates/amun-constitutional-enforcement/src/evidence_records.rs:105:    pub governance_evidence: GovernanceEvidence,
crates/amun-constitutional-enforcement/src/evidence_records.rs:106:    pub replay_evidence: ReplayEvidence,
crates/amun-constitutional-enforcement/src/evidence_records.rs:10:pub struct SignatureEvidence {
crates/amun-constitutional-enforcement/src/evidence_records.rs:121:impl ConstitutionalEvidenceRecord {
crates/amun-constitutional-enforcement/src/evidence_records.rs:126:        signature_evidence: SignatureEvidence,
crates/amun-constitutional-enforcement/src/evidence_records.rs:127:        double_spend_evidence: DoubleSpendEvidence,
crates/amun-constitutional-enforcement/src/evidence_records.rs:128:        governance_evidence: GovernanceEvidence,
crates/amun-constitutional-enforcement/src/evidence_records.rs:129:        replay_evidence: ReplayEvidence,
crates/amun-constitutional-enforcement/src/evidence_records.rs:179:        let ev = SignatureEvidence::new(100, 0);
crates/amun-constitutional-enforcement/src/evidence_records.rs:187:        let ev = SignatureEvidence::new(100, 3);
crates/amun-constitutional-enforcement/src/evidence_records.rs:193:        let ev = DoubleSpendEvidence::new(50, 0);
crates/amun-constitutional-enforcement/src/evidence_records.rs:199:        let ev = DoubleSpendEvidence::new(50, 2);
crates/amun-constitutional-enforcement/src/evidence_records.rs:19:impl SignatureEvidence {
crates/amun-constitutional-enforcement/src/evidence_records.rs:1:// N128 — Evidence Records
crates/amun-constitutional-enforcement/src/evidence_records.rs:206:        let ev = ReplayEvidence::new(root, root);
crates/amun-constitutional-enforcement/src/evidence_records.rs:212:        let ev = ReplayEvidence::new([0x42; 32], [0xFF; 32]);
crates/amun-constitutional-enforcement/src/evidence_records.rs:218:        let record = ConstitutionalEvidenceRecord::new(
crates/amun-constitutional-enforcement/src/evidence_records.rs:221:            SignatureEvidence::new(10, 0),
crates/amun-constitutional-enforcement/src/evidence_records.rs:222:            DoubleSpendEvidence::new(10, 0),
crates/amun-constitutional-enforcement/src/evidence_records.rs:223:            GovernanceEvidence::new([0x42; 32], 1, true),
crates/amun-constitutional-enforcement/src/evidence_records.rs:224:            ReplayEvidence::new([0x42; 32], [0x42; 32]),
crates/amun-constitutional-enforcement/src/evidence_records.rs:238:        let mut record = ConstitutionalEvidenceRecord::new(
crates/amun-constitutional-enforcement/src/evidence_records.rs:241:            SignatureEvidence::new(10, 0),
crates/amun-constitutional-enforcement/src/evidence_records.rs:242:            DoubleSpendEvidence::new(10, 0),
crates/amun-constitutional-enforcement/src/evidence_records.rs:243:            GovernanceEvidence::new([0x42; 32], 1, true),
crates/amun-constitutional-enforcement/src/evidence_records.rs:244:            ReplayEvidence::new([0x42; 32], [0x42; 32]),
crates/amun-constitutional-enforcement/src/evidence_records.rs:31:pub struct DoubleSpendEvidence {
crates/amun-constitutional-enforcement/src/evidence_records.rs:40:impl DoubleSpendEvidence {
crates/amun-constitutional-enforcement/src/evidence_records.rs:52:pub struct GovernanceEvidence {
crates/amun-constitutional-enforcement/src/evidence_records.rs:62:impl GovernanceEvidence {
crates/amun-constitutional-enforcement/src/evidence_records.rs:74:pub struct ReplayEvidence {
crates/amun-constitutional-enforcement/src/evidence_records.rs:85:impl ReplayEvidence {
crates/amun-constitutional-enforcement/src/evidence_records.rs:98:pub struct ConstitutionalEvidenceRecord {
crates/amun-constitutional-enforcement/src/lib.rs:104:                ConstitutionalLaw::StateRootIntegrity,
crates/amun-constitutional-enforcement/src/lib.rs:105:                ConstitutionalLaw::ChainContinuity,
crates/amun-constitutional-enforcement/src/lib.rs:106:                ConstitutionalLaw::SignatureValidity,
crates/amun-constitutional-enforcement/src/lib.rs:107:                ConstitutionalLaw::NoDoubleSpend,
crates/amun-constitutional-enforcement/src/lib.rs:108:                ConstitutionalLaw::SlashingEvidenceBinding,
crates/amun-constitutional-enforcement/src/lib.rs:109:                ConstitutionalLaw::ValidatorSetGovernance,
crates/amun-constitutional-enforcement/src/lib.rs:110:                ConstitutionalLaw::ReplayDeterminism,
crates/amun-constitutional-enforcement/src/lib.rs:111:                ConstitutionalLaw::FinalitySupermajority,
crates/amun-constitutional-enforcement/src/lib.rs:112:                ConstitutionalLaw::StateTransitionValidity,
crates/amun-constitutional-enforcement/src/lib.rs:113:                ConstitutionalLaw::EvidenceValidity,
crates/amun-constitutional-enforcement/src/lib.rs:135:    ) -> ConstitutionalVerdict {
crates/amun-constitutional-enforcement/src/lib.rs:137:        let checks: Vec<(&ConstitutionalLaw, bool, &str)> = vec![
crates/amun-constitutional-enforcement/src/lib.rs:139:                &ConstitutionalLaw::StateRootIntegrity,
crates/amun-constitutional-enforcement/src/lib.rs:144:                &ConstitutionalLaw::ChainContinuity,
crates/amun-constitutional-enforcement/src/lib.rs:149:                &ConstitutionalLaw::SignatureValidity,
crates/amun-constitutional-enforcement/src/lib.rs:154:                &ConstitutionalLaw::NoDoubleSpend,
crates/amun-constitutional-enforcement/src/lib.rs:159:                &ConstitutionalLaw::SlashingEvidenceBinding,
crates/amun-constitutional-enforcement/src/lib.rs:164:                &ConstitutionalLaw::ValidatorSetGovernance,
crates/amun-constitutional-enforcement/src/lib.rs:169:                &ConstitutionalLaw::ReplayDeterminism,
crates/amun-constitutional-enforcement/src/lib.rs:171:                "Replay divergence",
crates/amun-constitutional-enforcement/src/lib.rs:174:                &ConstitutionalLaw::FinalitySupermajority,
crates/amun-constitutional-enforcement/src/lib.rs:179:                &ConstitutionalLaw::StateTransitionValidity,
crates/amun-constitutional-enforcement/src/lib.rs:184:                &ConstitutionalLaw::EvidenceValidity,
crates/amun-constitutional-enforcement/src/lib.rs:191:                violations.push(ConstitutionalViolation {
crates/amun-constitutional-enforcement/src/lib.rs:200:            ConstitutionalVerdict::Constitutional
crates/amun-constitutional-enforcement/src/lib.rs:203:            ConstitutionalVerdict::Unconstitutional { violations }
crates/amun-constitutional-enforcement/src/lib.rs:209:    pub fn is_law_active(&self, law: &ConstitutionalLaw) -> bool {
crates/amun-constitutional-enforcement/src/lib.rs:212:    pub fn activate_law(&mut self, law: ConstitutionalLaw) {
crates/amun-constitutional-enforcement/src/lib.rs:217:    pub fn deactivate_law(&mut self, law: &ConstitutionalLaw) {
crates/amun-constitutional-enforcement/src/lib.rs:236:        let mut k = ConstitutionalEnforcementKernel::new();
crates/amun-constitutional-enforcement/src/lib.rs:239:            ConstitutionalVerdict::Constitutional
crates/amun-constitutional-enforcement/src/lib.rs:246:        let mut k = ConstitutionalEnforcementKernel::new();
crates/amun-constitutional-enforcement/src/lib.rs:250:            ConstitutionalVerdict::Unconstitutional { violations } => {
crates/amun-constitutional-enforcement/src/lib.rs:252:                assert_eq!(violations[0].law, ConstitutionalLaw::StateRootIntegrity);
crates/amun-constitutional-enforcement/src/lib.rs:260:        let mut k = ConstitutionalEnforcementKernel::new();
crates/amun-constitutional-enforcement/src/lib.rs:264:            ConstitutionalVerdict::Unconstitutional { violations } => {
crates/amun-constitutional-enforcement/src/lib.rs:273:        let mut k = ConstitutionalEnforcementKernel::new();
crates/amun-constitutional-enforcement/src/lib.rs:274:        k.deactivate_law(&ConstitutionalLaw::StateRootIntegrity);
crates/amun-constitutional-enforcement/src/lib.rs:277:            ConstitutionalVerdict::Constitutional
crates/amun-constitutional-enforcement/src/lib.rs:283:        let mut k = ConstitutionalEnforcementKernel::new();
crates/amun-constitutional-enforcement/src/lib.rs:301:        let mut k = ConstitutionalEnforcementKernel::new();
crates/amun-constitutional-enforcement/src/lib.rs:41:pub enum ConstitutionalVerdict {
crates/amun-constitutional-enforcement/src/lib.rs:42:    Constitutional,
crates/amun-constitutional-enforcement/src/lib.rs:44:        violations: Vec<ConstitutionalViolation>,
crates/amun-constitutional-enforcement/src/lib.rs:49:pub struct ConstitutionalViolation {
crates/amun-constitutional-enforcement/src/lib.rs:50:    pub law: ConstitutionalLaw,
crates/amun-constitutional-enforcement/src/lib.rs:56:pub enum ConstitutionalLaw {
crates/amun-constitutional-enforcement/src/lib.rs:61:    SlashingEvidenceBinding,
crates/amun-constitutional-enforcement/src/lib.rs:63:    ReplayDeterminism,
crates/amun-constitutional-enforcement/src/lib.rs:66:    EvidenceValidity,
crates/amun-constitutional-enforcement/src/lib.rs:70:pub struct ConstitutionalEnforcementKernel {
crates/amun-constitutional-enforcement/src/lib.rs:71:    pub active_laws: Vec<ConstitutionalLaw>,
crates/amun-constitutional-enforcement/src/lib.rs:72:    pub verdict_history: Vec<ConstitutionalVerdict>,
crates/amun-constitutional-enforcement/src/lib.rs:77:impl ConstitutionalEnforcementKernel {
crates/amun-constitutional-enforcement/src/lib.rs:83:        evidence: &crate::constitutional_evidence::ConstitutionalEvidence,
crates/amun-constitutional-enforcement/src/lib.rs:84:    ) -> ConstitutionalVerdict {
crates/amun-constitutional-enforcement/src/proof_engine.rs:109:    ) -> ConstitutionalVerdict {
crates/amun-constitutional-enforcement/src/proof_engine.rs:114:            violations.push(ConstitutionalViolation {
crates/amun-constitutional-enforcement/src/proof_engine.rs:115:                law: ConstitutionalLaw::StateRootIntegrity,
crates/amun-constitutional-enforcement/src/proof_engine.rs:11:impl ConstitutionalProofEngine {
crates/amun-constitutional-enforcement/src/proof_engine.rs:127:            violations.push(ConstitutionalViolation {
crates/amun-constitutional-enforcement/src/proof_engine.rs:128:                law: ConstitutionalLaw::ChainContinuity,
crates/amun-constitutional-enforcement/src/proof_engine.rs:136:            violations.push(ConstitutionalViolation {
crates/amun-constitutional-enforcement/src/proof_engine.rs:137:                law: ConstitutionalLaw::SignatureValidity,
crates/amun-constitutional-enforcement/src/proof_engine.rs:145:            violations.push(ConstitutionalViolation {
crates/amun-constitutional-enforcement/src/proof_engine.rs:146:                law: ConstitutionalLaw::NoDoubleSpend,
crates/amun-constitutional-enforcement/src/proof_engine.rs:152:        // Slashing Evidence Binding
crates/amun-constitutional-enforcement/src/proof_engine.rs:154:            violations.push(ConstitutionalViolation {
crates/amun-constitutional-enforcement/src/proof_engine.rs:155:                law: ConstitutionalLaw::SlashingEvidenceBinding,
crates/amun-constitutional-enforcement/src/proof_engine.rs:163:            violations.push(ConstitutionalViolation {
crates/amun-constitutional-enforcement/src/proof_engine.rs:164:                law: ConstitutionalLaw::ValidatorSetGovernance,
crates/amun-constitutional-enforcement/src/proof_engine.rs:170:        // Replay Determinism
crates/amun-constitutional-enforcement/src/proof_engine.rs:172:            violations.push(ConstitutionalViolation {
crates/amun-constitutional-enforcement/src/proof_engine.rs:173:                law: ConstitutionalLaw::ReplayDeterminism,
crates/amun-constitutional-enforcement/src/proof_engine.rs:174:                description: "Replay produced different state root".into(),
crates/amun-constitutional-enforcement/src/proof_engine.rs:181:            violations.push(ConstitutionalViolation {
crates/amun-constitutional-enforcement/src/proof_engine.rs:182:                law: ConstitutionalLaw::FinalitySupermajority,
crates/amun-constitutional-enforcement/src/proof_engine.rs:193:            violations.push(ConstitutionalViolation {
crates/amun-constitutional-enforcement/src/proof_engine.rs:194:                law: ConstitutionalLaw::StateTransitionValidity,
crates/amun-constitutional-enforcement/src/proof_engine.rs:1:// N124 — Constitutional Proof Engine
crates/amun-constitutional-enforcement/src/proof_engine.rs:200:        // Evidence Validity
crates/amun-constitutional-enforcement/src/proof_engine.rs:202:            violations.push(ConstitutionalViolation {
crates/amun-constitutional-enforcement/src/proof_engine.rs:203:                law: ConstitutionalLaw::EvidenceValidity,
crates/amun-constitutional-enforcement/src/proof_engine.rs:204:                description: "Evidence hash is invalid".into(),
crates/amun-constitutional-enforcement/src/proof_engine.rs:210:            ConstitutionalVerdict::Constitutional
crates/amun-constitutional-enforcement/src/proof_engine.rs:212:            ConstitutionalVerdict::Unconstitutional { violations }
crates/amun-constitutional-enforcement/src/proof_engine.rs:223:        let verdict = ConstitutionalProofEngine::run_constitutional_review(
crates/amun-constitutional-enforcement/src/proof_engine.rs:244:            ConstitutionalVerdict::Unconstitutional { violations } => {
crates/amun-constitutional-enforcement/src/proof_engine.rs:247:                    .any(|v| v.law == ConstitutionalLaw::StateRootIntegrity));
crates/amun-constitutional-enforcement/src/proof_engine.rs:256:        let verdict = ConstitutionalProofEngine::run_constitutional_review(
crates/amun-constitutional-enforcement/src/proof_engine.rs:276:        assert_eq!(verdict, ConstitutionalVerdict::Constitutional);
crates/amun-constitutional-enforcement/src/proof_engine.rs:282:        let verdict = ConstitutionalProofEngine::run_constitutional_review(
crates/amun-constitutional-enforcement/src/proof_engine.rs:303:            ConstitutionalVerdict::Unconstitutional { violations } => {
crates/amun-constitutional-enforcement/src/proof_engine.rs:306:                    .any(|v| v.law == ConstitutionalLaw::FinalitySupermajority));
crates/amun-constitutional-enforcement/src/proof_engine.rs:3:// Connects ConstitutionalEnforcementKernel to real verification
crates/amun-constitutional-enforcement/src/proof_engine.rs:6:use crate::{ConstitutionalLaw, ConstitutionalVerdict, ConstitutionalViolation};
crates/amun-constitutional-enforcement/src/proof_engine.rs:9:pub struct ConstitutionalProofEngine;
crates/amun-constitutional-enforcement/src/state_transition.rs:101:) -> ConstitutionalVerdict
crates/amun-constitutional-enforcement/src/state_transition.rs:138:        assert_eq!(verdict, ConstitutionalVerdict::Constitutional);
crates/amun-constitutional-enforcement/src/state_transition.rs:155:            ConstitutionalVerdict::Unconstitutional { violations } => {
crates/amun-constitutional-enforcement/src/state_transition.rs:158:                    .any(|v| v.law == ConstitutionalLaw::ReplayDeterminism));
crates/amun-constitutional-enforcement/src/state_transition.rs:175:            ConstitutionalVerdict::Unconstitutional { violations } => {
crates/amun-constitutional-enforcement/src/state_transition.rs:178:                    .any(|v| v.law == ConstitutionalLaw::StateTransitionValidity));
crates/amun-constitutional-enforcement/src/state_transition.rs:1:// N126 — Constitutional State Transition Verification
crates/amun-constitutional-enforcement/src/state_transition.rs:46:    pub fn verify(&self, height: u64) -> ConstitutionalVerdict {
crates/amun-constitutional-enforcement/src/state_transition.rs:54:        // N126.2: Replay must produce identical state root
crates/amun-constitutional-enforcement/src/state_transition.rs:56:            violations.push(ConstitutionalViolation {
crates/amun-constitutional-enforcement/src/state_transition.rs:57:                law: ConstitutionalLaw::ReplayDeterminism,
crates/amun-constitutional-enforcement/src/state_transition.rs:59:                    "Replay divergence: execution={:02x?} replay={:02x?}",
crates/amun-constitutional-enforcement/src/state_transition.rs:69:            violations.push(ConstitutionalViolation {
crates/amun-constitutional-enforcement/src/state_transition.rs:70:                law: ConstitutionalLaw::StateTransitionValidity,
crates/amun-constitutional-enforcement/src/state_transition.rs:7:use crate::{ConstitutionalLaw, ConstitutionalVerdict, ConstitutionalViolation};
crates/amun-constitutional-enforcement/src/state_transition.rs:80:            ConstitutionalVerdict::Constitutional
crates/amun-constitutional-enforcement/src/state_transition.rs:82:            ConstitutionalVerdict::Unconstitutional { violations }
crates/amun-constitutional-evidence/src/lib.rs:1://! # Constitutional Evidence Module
crates/amun-constitutional-evidence/src/lib.rs:25:pub struct ConstitutionalContext {
crates/amun-constitutional-evidence/src/lib.rs:34:pub struct ConstitutionalEvidence {
crates/amun-constitutional-evidence/src/lib.rs:43:/// 2. **Constitutional Membership (Exclusion):** The QC must be attested by a
crates/amun-constitutional-evidence/src/lib.rs:45:/// 3. **Evidence Strength (Comparability):** The QC must meet the quorum
crates/amun-constitutional-evidence/src/lib.rs:52:    evidence: &ConstitutionalEvidence,
crates/amun-constitutional-evidence/src/lib.rs:53:    context: &ConstitutionalContext,
crates/amun-constitutional-evidence/src/lib.rs:61:    // Rule 2: Constitutional Membership (Exclusion ⇍_C)
crates/amun-constitutional-evidence/src/lib.rs:8://! - Context `C = (E, V, H)` → `ConstitutionalContext`
crates/amun-constitutional-evidence/src/lib.rs:9://! - Evidence `E` → `QuorumCertificate`
crates/amun-constitutional-geometry/src/curvature.rs:22:/// Replay curvature measures deformation in the causal geometry
crates/amun-constitutional-geometry/src/curvature.rs:25:pub struct ReplayCurvature {
crates/amun-constitutional-geometry/src/curvature.rs:31:impl ReplayCurvature {
crates/amun-constitutional-geometry/src/directed_metric.rs:44:    /// Constitutional distance is directed. The distance A->B is not
crates/amun-constitutional-geometry/src/emergent_horizons.rs:25:    /// Invariant mass creates an inescapable region
crates/amun-constitutional-geometry/src/emergent_horizons.rs:26:    InvariantSingularity,
crates/amun-constitutional-geometry/src/emergent_horizons.rs:31:    /// Replay curvature becomes infinite
crates/amun-constitutional-geometry/src/emergent_horizons.rs:32:    ReplaySingularity,
crates/amun-constitutional-geometry/src/fields.rs:5:pub struct ConstitutionalField {
crates/amun-constitutional-geometry/src/flow_dynamics.rs:16:    pub forces: Vec<ConstitutionalForce>,
crates/amun-constitutional-geometry/src/flow_dynamics.rs:22:pub enum ConstitutionalForce {
crates/amun-constitutional-geometry/src/flow_dynamics.rs:24:    InvariantForce {
crates/amun-constitutional-geometry/src/flow_dynamics.rs:29:    ReplayForce { strength: f64 },
crates/amun-constitutional-geometry/src/flow_dynamics.rs:3:/// Constitutional Flow Dynamics.
crates/amun-constitutional-geometry/src/flow_dynamics.rs:40:impl ConstitutionalFlow {
crates/amun-constitutional-geometry/src/flow_dynamics.rs:52:    pub fn add_force(&mut self, force: ConstitutionalForce) {
crates/amun-constitutional-geometry/src/flow_dynamics.rs:61:                ConstitutionalForce::InvariantForce { strength, .. } => {
crates/amun-constitutional-geometry/src/flow_dynamics.rs:64:                ConstitutionalForce::ReplayForce { strength } => {
crates/amun-constitutional-geometry/src/flow_dynamics.rs:65:                    total[1] += strength; // Replay dimension
crates/amun-constitutional-geometry/src/flow_dynamics.rs:67:                ConstitutionalForce::EntropyRepulsion {
crates/amun-constitutional-geometry/src/flow_dynamics.rs:73:                ConstitutionalForce::GovernanceForce { strength } => {
crates/amun-constitutional-geometry/src/flow_dynamics.rs:76:                ConstitutionalForce::TreatyForce { strength, .. } => {
crates/amun-constitutional-geometry/src/flow_dynamics.rs:79:                ConstitutionalForce::InertialResistance { mass } => {
crates/amun-constitutional-geometry/src/flow_dynamics.rs:8:pub struct ConstitutionalFlow {
crates/amun-constitutional-geometry/src/geodesics.rs:16:impl ConstitutionalGeodesic {
crates/amun-constitutional-geometry/src/geodesics.rs:7:pub struct ConstitutionalGeodesic {
crates/amun-constitutional-geometry/src/horizons.rs:15:    /// Replay horizon: replay divergence has made reconciliation impossible
crates/amun-constitutional-geometry/src/horizons.rs:16:    ReplayHorizon,
crates/amun-constitutional-geometry/src/lib.rs:17:pub use curvature::{CausalCurvature, LegitimacyCurvature, ReplayCurvature};
crates/amun-constitutional-geometry/src/lib.rs:20:pub use fields::{ConstitutionalField, EntropyField, LegitimacyGradient};
crates/amun-constitutional-geometry/src/lib.rs:21:pub use flow_dynamics::{ConstitutionalFlow, ConstitutionalForce};
crates/amun-constitutional-geometry/src/lib.rs:22:pub use geodesics::ConstitutionalGeodesic;
crates/amun-constitutional-geometry/src/lib.rs:25:pub use metrics::{ConstitutionalDistance, DistanceTensor};
crates/amun-constitutional-geometry/src/metrics.rs:2:use amun_snapshot_engine::ConstitutionalIdentity;
crates/amun-constitutional-geometry/src/metrics.rs:4:/// Constitutional distance tensor.
crates/amun-constitutional-geometry/src/metrics.rs:62:/// Constitutional distance between two civilizations.
crates/amun-constitutional-geometry/src/metrics.rs:65:pub struct ConstitutionalDistance {
crates/amun-constitutional-geometry/src/metrics.rs:74:impl ConstitutionalDistance {
crates/amun-constitutional-geometry/src/metrics.rs:75:    pub fn compute(local: &ConstitutionalIdentity, remote: &ConstitutionalIdentity) -> Self {
crates/amun-constitutional-geometry/src/metrics.rs:90:        // Replay distance: can replay be preserved?
crates/amun-constitutional-geometry/src/stability.rs:48:    InvariantAttractor,
crates/amun-constitutional-geometry/src/stability.rs:49:    /// Replay determinism creates a stable attractor
crates/amun-constitutional-geometry/src/stability.rs:50:    ReplayAttractor,
crates/amun-constitutional-geometry/src/trajectories.rs:44:                        | super::horizons::HorizonType::ReplayHorizon
crates/amun-constitutional-governance/src/amendment.rs:3:// Licensed under the GNU AGPLv3 with Constitutional Sovereignty Addendum.
crates/amun-constitutional-governance/src/capability.rs:3:// Licensed under the GNU AGPLv3 with Constitutional Sovereignty Addendum.
crates/amun-constitutional-governance/src/delegation.rs:3:// Licensed under the GNU AGPLv3 with Constitutional Sovereignty Addendum.
crates/amun-constitutional-governance/src/lib.rs:3:// Licensed under the GNU AGPLv3 with Constitutional Sovereignty Addendum.
crates/amun-constitutional-governance/src/lib.rs:5://! Constitutional governance primitives.
crates/amun-constitutional-governance/src/quorum.rs:3:// Licensed under the GNU AGPLv3 with Constitutional Sovereignty Addendum.
crates/amun-constitutional-governance/src/voting.rs:3:// Licensed under the GNU AGPLv3 with Constitutional Sovereignty Addendum.
crates/amun-constitutional-governance/tests/governance_tests.rs:11:    let key = ConstitutionalKeyPair::generate();
crates/amun-constitutional-governance/tests/governance_tests.rs:34:    let root_key = ConstitutionalKeyPair::generate();
crates/amun-constitutional-governance/tests/governance_tests.rs:35:    let delegate1_key = ConstitutionalKeyPair::generate();
crates/amun-constitutional-governance/tests/governance_tests.rs:36:    let delegate2_key = ConstitutionalKeyPair::generate();
crates/amun-constitutional-governance/tests/governance_tests.rs:64:    let root_key = ConstitutionalKeyPair::generate();
crates/amun-constitutional-governance/tests/governance_tests.rs:65:    let fake_key = ConstitutionalKeyPair::generate();
crates/amun-constitutional-governance/tests/governance_tests.rs:7:use amun_constitutional_signing::ConstitutionalKeyPair;
crates/amun-constitutional-integration/src/bin/n47_8_production_replay.rs:1:use amun_constitutional_integration::ConstitutionalBridge;
crates/amun-constitutional-integration/src/bin/n47_8_production_replay.rs:56:        ConstitutionalBridge::run_full_pipeline(phase_certificates, timestamp)
crates/amun-constitutional-integration/src/bin/n47_8_production_replay.rs:95:        "N47-Constitutional-Authority".into(),
crates/amun-constitutional-integration/src/lib.rs:107:        reg.register(ProofObligation::new(
crates/amun-constitutional-integration/src/lib.rs:10:pub struct ConstitutionalBridge;
crates/amun-constitutional-integration/src/lib.rs:117:        reg.register(ProofObligation::new(
crates/amun-constitutional-integration/src/lib.rs:127:        reg.register(ProofObligation::new(
crates/amun-constitutional-integration/src/lib.rs:12:impl ConstitutionalBridge {
crates/amun-constitutional-integration/src/lib.rs:137:        reg.register(ProofObligation::new(
crates/amun-constitutional-integration/src/lib.rs:147:        reg.register(ProofObligation::new(
crates/amun-constitutional-integration/src/lib.rs:159:            ProofObligation::new(
crates/amun-constitutional-integration/src/lib.rs:162:                "Replay results must match finalized state",
crates/amun-constitutional-integration/src/lib.rs:163:                "forall b in Finalized : state_root(Replay(b)) = state_root(b)",
crates/amun-constitutional-integration/src/lib.rs:167:            .with_dependency(ObligationId::new(ObligationNamespace::Replay, 2))
crates/amun-constitutional-integration/src/lib.rs:168:            .with_dependency(ObligationId::new(ObligationNamespace::Evidence, 1)),
crates/amun-constitutional-integration/src/lib.rs:173:            ProofObligation::new(
crates/amun-constitutional-integration/src/lib.rs:174:                ObligationId::new(ObligationNamespace::Replay, 3),
crates/amun-constitutional-integration/src/lib.rs:176:                "Replay certificates are unique",
crates/amun-constitutional-integration/src/lib.rs:17:        reg.register(ProofObligation::new(
crates/amun-constitutional-integration/src/lib.rs:181:            .with_dependency(ObligationId::new(ObligationNamespace::Replay, 2)),
crates/amun-constitutional-integration/src/lib.rs:186:            ProofObligation::new(
crates/amun-constitutional-integration/src/lib.rs:187:                ObligationId::new(ObligationNamespace::Replay, 4),
crates/amun-constitutional-integration/src/lib.rs:189:                "Replay chain is continuous",
crates/amun-constitutional-integration/src/lib.rs:190:                "forall b1,b2 in ReplayChain : b1.height+1=b2.height implies linked(b1,b2)",
crates/amun-constitutional-integration/src/lib.rs:194:            .with_dependency(ObligationId::new(ObligationNamespace::Replay, 1)),
crates/amun-constitutional-integration/src/lib.rs:199:            ProofObligation::new(
crates/amun-constitutional-integration/src/lib.rs:200:                ObligationId::new(ObligationNamespace::Evidence, 3),
crates/amun-constitutional-integration/src/lib.rs:202:                "Evidence chain has no gaps",
crates/amun-constitutional-integration/src/lib.rs:203:                "forall ev1,ev2 in EvidenceChain : linked(ev1, ev2)",
crates/amun-constitutional-integration/src/lib.rs:207:            .with_dependency(ObligationId::new(ObligationNamespace::Evidence, 2)),
crates/amun-constitutional-integration/src/lib.rs:212:            ProofObligation::new(
crates/amun-constitutional-integration/src/lib.rs:213:                ObligationId::new(ObligationNamespace::Evidence, 4),
crates/amun-constitutional-integration/src/lib.rs:215:                "Evidence hash lineage is preserved",
crates/amun-constitutional-integration/src/lib.rs:220:            .with_dependency(ObligationId::new(ObligationNamespace::Evidence, 3)),
crates/amun-constitutional-integration/src/lib.rs:225:            ProofObligation::new(
crates/amun-constitutional-integration/src/lib.rs:239:            ProofObligation::new(
crates/amun-constitutional-integration/src/lib.rs:242:                "Finalized = Replay Verified = Evidence Certified",
crates/amun-constitutional-integration/src/lib.rs:243:                "|Finalized| = |ReplayVerified| = |EvidenceCertified|",
crates/amun-constitutional-integration/src/lib.rs:248:            .with_dependency(ObligationId::new(ObligationNamespace::Replay, 1))
crates/amun-constitutional-integration/src/lib.rs:249:            .with_dependency(ObligationId::new(ObligationNamespace::Evidence, 1)),
crates/amun-constitutional-integration/src/lib.rs:254:            ProofObligation::new(
crates/amun-constitutional-integration/src/lib.rs:267:            ProofObligation::new(
crates/amun-constitutional-integration/src/lib.rs:27:        reg.register(ProofObligation::new(
crates/amun-constitutional-integration/src/lib.rs:281:            ProofObligation::new(
crates/amun-constitutional-integration/src/lib.rs:294:            ProofObligation::new(
crates/amun-constitutional-integration/src/lib.rs:298:                "|EvidenceChain(Recovered)| = |EvidenceChain(Original)|",
crates/amun-constitutional-integration/src/lib.rs:2:    ConstitutionalReport, ConstitutionalVerdict, EvidenceArchive, EvidenceRecord, EvidenceStatus,
crates/amun-constitutional-integration/src/lib.rs:314:    ) -> EvidenceRecord {
crates/amun-constitutional-integration/src/lib.rs:321:        EvidenceRecord::new(
crates/amun-constitutional-integration/src/lib.rs:323:            EvidenceType::CertificateEvidence,
crates/amun-constitutional-integration/src/lib.rs:330:        .with_status(EvidenceStatus::Verified)
crates/amun-constitutional-integration/src/lib.rs:339:            EvidenceArchive,
crates/amun-constitutional-integration/src/lib.rs:340:            Vec<ConstitutionalVerdict>,
crates/amun-constitutional-integration/src/lib.rs:341:            ConstitutionalReport,
crates/amun-constitutional-integration/src/lib.rs:347:        let mut archive = EvidenceArchive::new();
crates/amun-constitutional-integration/src/lib.rs:355:            let obligations: Vec<ProofObligation> = registry
crates/amun-constitutional-integration/src/lib.rs:370:            let obligations: Vec<ProofObligation> = registry
crates/amun-constitutional-integration/src/lib.rs:37:        reg.register(ProofObligation::new(
crates/amun-constitutional-integration/src/lib.rs:3:    EvidenceType, ObligationId, ObligationKind, ObligationNamespace, ObligationRegistry,
crates/amun-constitutional-integration/src/lib.rs:419:        ClaimStatus, ClaimType, ConstitutionalClaim, Evidence as VKEvidence,
crates/amun-constitutional-integration/src/lib.rs:420:        EvidenceType as VKEvidenceType,
crates/amun-constitutional-integration/src/lib.rs:426:            vec![ConstitutionalClaim {
crates/amun-constitutional-integration/src/lib.rs:434:            vec![VKEvidence {
crates/amun-constitutional-integration/src/lib.rs:437:                evidence_type: VKEvidenceType::TestResult,
crates/amun-constitutional-integration/src/lib.rs:450:        let reg = ConstitutionalBridge::build_obligation_registry();
crates/amun-constitutional-integration/src/lib.rs:461:        let r = ConstitutionalBridge::run_full_pipeline(certs, 5000);
crates/amun-constitutional-integration/src/lib.rs:47:        reg.register(ProofObligation::new(
crates/amun-constitutional-integration/src/lib.rs:48:            ObligationId::new(ObligationNamespace::Replay, 1),
crates/amun-constitutional-integration/src/lib.rs:4:    ObligationResult, ObligationResultStatus, ObligationSeverity, ProofObligation,
crates/amun-constitutional-integration/src/lib.rs:57:        reg.register(ProofObligation::new(
crates/amun-constitutional-integration/src/lib.rs:58:            ObligationId::new(ObligationNamespace::Replay, 2),
crates/amun-constitutional-integration/src/lib.rs:60:            "Replay execution is deterministic",
crates/amun-constitutional-integration/src/lib.rs:61:            "forall b : Replay(b, t1) = Replay(b, t2)",
crates/amun-constitutional-integration/src/lib.rs:67:        reg.register(ProofObligation::new(
crates/amun-constitutional-integration/src/lib.rs:68:            ObligationId::new(ObligationNamespace::Evidence, 1),
crates/amun-constitutional-integration/src/lib.rs:71:            "forall rc in ReplayCertificate : exists ev in EvidenceRoot : ev.replay = rc",
crates/amun-constitutional-integration/src/lib.rs:77:        reg.register(ProofObligation::new(
crates/amun-constitutional-integration/src/lib.rs:78:            ObligationId::new(ObligationNamespace::Evidence, 2),
crates/amun-constitutional-integration/src/lib.rs:80:            "Evidence roots are immutable",
crates/amun-constitutional-integration/src/lib.rs:81:            "forall ev : ev in EvidenceRoot implies hash(ev) = constant",
crates/amun-constitutional-integration/src/lib.rs:87:        reg.register(ProofObligation::new(
crates/amun-constitutional-integration/src/lib.rs:97:        reg.register(ProofObligation::new(
crates/amun-constitutional-kernel/src/amendment.rs:20:        machine: &mut ConstitutionalStateMachine,
crates/amun-constitutional-kernel/src/amendment.rs:3:// Licensed under the GNU AGPLv3 with Constitutional Sovereignty Addendum.
crates/amun-constitutional-kernel/src/amendment.rs:7:use crate::state_machine::ConstitutionalStateMachine;
crates/amun-constitutional-kernel/src/context.rs:13:    pub authority_chain: Vec<ConstitutionalCertificate>,
crates/amun-constitutional-kernel/src/context.rs:21:    pub fn new(authority_chain: Vec<ConstitutionalCertificate>, epoch: String) -> Self {
crates/amun-constitutional-kernel/src/context.rs:3:// Licensed under the GNU AGPLv3 with Constitutional Sovereignty Addendum.
crates/amun-constitutional-kernel/src/context.rs:5:use amun_constitutional_authority::ConstitutionalCertificate;
crates/amun-constitutional-kernel/src/enforcer.rs:3:// Licensed under the GNU AGPLv3 with Constitutional Sovereignty Addendum.
crates/amun-constitutional-kernel/src/lib.rs:14://! - Replay-safe receipts: every transition leaves a verifiable proof.
crates/amun-constitutional-kernel/src/lib.rs:27:pub use state_machine::ConstitutionalStateMachine;
crates/amun-constitutional-kernel/src/lib.rs:3:// Licensed under the GNU AGPLv3 with Constitutional Sovereignty Addendum.
crates/amun-constitutional-kernel/src/lib.rs:5://! Constitutional Execution Kernel
crates/amun-constitutional-kernel/src/receipt.rs:3:// Licensed under the GNU AGPLv3 with Constitutional Sovereignty Addendum.
crates/amun-constitutional-kernel/src/state_machine.rs:13:pub struct ConstitutionalState {
crates/amun-constitutional-kernel/src/state_machine.rs:18:impl ConstitutionalState {
crates/amun-constitutional-kernel/src/state_machine.rs:38:impl Default for ConstitutionalState {
crates/amun-constitutional-kernel/src/state_machine.rs:3:// Licensed under the GNU AGPLv3 with Constitutional Sovereignty Addendum.
crates/amun-constitutional-kernel/src/state_machine.rs:44:pub struct ConstitutionalStateMachine {
crates/amun-constitutional-kernel/src/state_machine.rs:45:    pub state: ConstitutionalState,
crates/amun-constitutional-kernel/src/state_machine.rs:48:impl ConstitutionalStateMachine {
crates/amun-constitutional-kernel/src/state_machine.rs:51:            state: ConstitutionalState::new(),
crates/amun-constitutional-kernel/src/state_machine.rs:81:impl Default for ConstitutionalStateMachine {
crates/amun-constitutional-kernel/tests/kernel_tests.rs:105:    let mut machine = ConstitutionalStateMachine::new();
crates/amun-constitutional-kernel/tests/kernel_tests.rs:138:    let mut machine = ConstitutionalStateMachine::new();
crates/amun-constitutional-kernel/tests/kernel_tests.rs:15:    Vec<ConstitutionalCertificate>,
crates/amun-constitutional-kernel/tests/kernel_tests.rs:17:    let key = ConstitutionalKeyPair::generate();
crates/amun-constitutional-kernel/tests/kernel_tests.rs:18:    let root_cert = ConstitutionalCertificate::new_root(
crates/amun-constitutional-kernel/tests/kernel_tests.rs:1:use amun_constitutional_authority::ConstitutionalCertificate;
crates/amun-constitutional-kernel/tests/kernel_tests.rs:22:        "ConstitutionalRoot".into(),
crates/amun-constitutional-kernel/tests/kernel_tests.rs:53:    let mut machine = ConstitutionalStateMachine::new();
crates/amun-constitutional-kernel/tests/kernel_tests.rs:67:    // Replay must produce identical result
crates/amun-constitutional-kernel/tests/kernel_tests.rs:68:    let mut machine2 = ConstitutionalStateMachine::new();
crates/amun-constitutional-kernel/tests/kernel_tests.rs:7:    AmendmentActivator, ConstitutionalStateMachine, ExecutionContext,
crates/amun-constitutional-kernel/tests/kernel_tests.rs:87:    let mut machine = ConstitutionalStateMachine::new();
crates/amun-constitutional-kernel/tests/kernel_tests.rs:9:use amun_constitutional_signing::ConstitutionalKeyPair;
crates/amun-constitutional-proof/src/article_iii_certificate.rs:1:use crate::EvidenceArchive;
crates/amun-constitutional-proof/src/article_iii_certificate.rs:23:    pub fn issue(archive: &EvidenceArchive, issued_at: u64) -> Option<Self> {
crates/amun-constitutional-proof/src/article_iii_certificate.rs:7:/// - Evidence lifecycle (Collect → Verify → Archive) is enforced
crates/amun-constitutional-proof/src/certification.rs:112:    fn gate_c3_all_major_satisfied(verdicts: &[ConstitutionalVerdict]) -> GateResult {
crates/amun-constitutional-proof/src/certification.rs:127:    fn gate_c4_all_phase_verdicts_issued(verdicts: &[ConstitutionalVerdict]) -> GateResult {
crates/amun-constitutional-proof/src/certification.rs:144:    fn gate_c5_no_phase_verdict_failed(verdicts: &[ConstitutionalVerdict]) -> GateResult {
crates/amun-constitutional-proof/src/certification.rs:163:    fn gate_c7_evidence_archive_complete(archive: &EvidenceArchive) -> GateResult {
crates/amun-constitutional-proof/src/certification.rs:167:            description: "Evidence archive contains at least 30 records".into(),
crates/amun-constitutional-proof/src/certification.rs:1:use crate::{ConstitutionalVerdict, EvidenceArchive, ObligationRegistry, VerdictResult};
crates/amun-constitutional-proof/src/certification.rs:21:pub struct ConstitutionalCertificate {
crates/amun-constitutional-proof/src/certification.rs:37:        archive: &EvidenceArchive,
crates/amun-constitutional-proof/src/certification.rs:38:        verdicts: &[ConstitutionalVerdict],
crates/amun-constitutional-proof/src/certification.rs:42:    ) -> ConstitutionalCertificate {
crates/amun-constitutional-proof/src/certification.rs:72:        ConstitutionalCertificate {
crates/amun-constitutional-proof/src/certification.rs:95:    fn gate_c2_all_critical_satisfied(verdicts: &[ConstitutionalVerdict]) -> GateResult {
crates/amun-constitutional-proof/src/constitutional_verdict.rs:14:pub struct ConstitutionalVerdict {
crates/amun-constitutional-proof/src/constitutional_verdict.rs:37:impl ConstitutionalVerdict {
crates/amun-constitutional-proof/src/evidence_archive.rs:100:        if record.status == EvidenceStatus::Collected {
crates/amun-constitutional-proof/src/evidence_archive.rs:103:        if record.status == EvidenceStatus::Rejected {
crates/amun-constitutional-proof/src/evidence_archive.rs:106:        record.status = EvidenceStatus::Archived;
crates/amun-constitutional-proof/src/evidence_archive.rs:117:        record.status = EvidenceStatus::Rejected;
crates/amun-constitutional-proof/src/evidence_archive.rs:11:/// - Evidence lineage hashes are verified on insertion.
crates/amun-constitutional-proof/src/evidence_archive.rs:123:    pub fn is_admissible(record: &EvidenceRecord) -> bool {
crates/amun-constitutional-proof/src/evidence_archive.rs:126:            EvidenceStatus::Verified | EvidenceStatus::Archived
crates/amun-constitutional-proof/src/evidence_archive.rs:14:pub struct EvidenceArchive {
crates/amun-constitutional-proof/src/evidence_archive.rs:15:    records: BTreeMap<String, EvidenceRecord>,
crates/amun-constitutional-proof/src/evidence_archive.rs:18:impl EvidenceArchive {
crates/amun-constitutional-proof/src/evidence_archive.rs:27:    pub fn insert(&mut self, record: EvidenceRecord) -> Result<(), String> {
crates/amun-constitutional-proof/src/evidence_archive.rs:3:use crate::{EvidenceRecord, EvidenceStatus, EvidenceType, ObligationId};
crates/amun-constitutional-proof/src/evidence_archive.rs:51:    pub fn get(&self, evidence_id: &str) -> Option<&EvidenceRecord> {
crates/amun-constitutional-proof/src/evidence_archive.rs:61:    pub fn by_phase(&self, phase: &str) -> Vec<&EvidenceRecord> {
crates/amun-constitutional-proof/src/evidence_archive.rs:66:    pub fn by_type(&self, ev_type: EvidenceType) -> Vec<&EvidenceRecord> {
crates/amun-constitutional-proof/src/evidence_archive.rs:74:    pub fn by_obligation(&self, obligation_id: &ObligationId) -> Vec<&EvidenceRecord> {
crates/amun-constitutional-proof/src/evidence_archive.rs:87:        if record.status == EvidenceStatus::Rejected {
crates/amun-constitutional-proof/src/evidence_archive.rs:90:        record.status = EvidenceStatus::Verified;
crates/amun-constitutional-proof/src/evidence_lineage.rs:11:impl EvidenceLineage {
crates/amun-constitutional-proof/src/evidence_lineage.rs:5:pub struct EvidenceLineage {
crates/amun-constitutional-proof/src/evidence_record.rs:10:pub struct EvidenceRecord {
crates/amun-constitutional-proof/src/evidence_record.rs:12:    pub evidence_type: EvidenceType,
crates/amun-constitutional-proof/src/evidence_record.rs:19:    pub status: EvidenceStatus,
crates/amun-constitutional-proof/src/evidence_record.rs:20:    pub lineage: Option<EvidenceLineage>,
crates/amun-constitutional-proof/src/evidence_record.rs:23:impl EvidenceRecord {
crates/amun-constitutional-proof/src/evidence_record.rs:26:        evidence_type: EvidenceType,
crates/amun-constitutional-proof/src/evidence_record.rs:3:use crate::{EvidenceLineage, EvidenceStatus, EvidenceType, ObligationId, Reproducibility};
crates/amun-constitutional-proof/src/evidence_record.rs:42:            status: EvidenceStatus::Collected,
crates/amun-constitutional-proof/src/evidence_record.rs:52:    pub fn with_lineage(mut self, lineage: EvidenceLineage) -> Self {
crates/amun-constitutional-proof/src/evidence_record.rs:57:    pub fn with_status(mut self, status: EvidenceStatus) -> Self {
crates/amun-constitutional-proof/src/evidence_status.rs:5:pub enum EvidenceStatus {
crates/amun-constitutional-proof/src/evidence_type.rs:11:    ConsensusEvidence,
crates/amun-constitutional-proof/src/evidence_type.rs:13:    CertificateEvidence,
crates/amun-constitutional-proof/src/evidence_type.rs:15:    FormalProofEvidence,
crates/amun-constitutional-proof/src/evidence_type.rs:17:    AuditEvidence,
crates/amun-constitutional-proof/src/evidence_type.rs:19:    SimulationEvidence,
crates/amun-constitutional-proof/src/evidence_type.rs:5:pub enum EvidenceType {
crates/amun-constitutional-proof/src/evidence_type.rs:7:    ExperimentalEvidence,
crates/amun-constitutional-proof/src/evidence_type.rs:9:    ReplayEvidence,
crates/amun-constitutional-proof/src/lib.rs:1009:        let ev = EvidenceRecord::new(
crates/amun-constitutional-proof/src/lib.rs:1011:            EvidenceType::SimulationEvidence,
crates/amun-constitutional-proof/src/lib.rs:1026:        let lineage = EvidenceLineage::new(
crates/amun-constitutional-proof/src/lib.rs:1031:        let ev = EvidenceRecord::new(
crates/amun-constitutional-proof/src/lib.rs:1033:            EvidenceType::CertificateEvidence,
crates/amun-constitutional-proof/src/lib.rs:1041:        .with_status(EvidenceStatus::Verified);
crates/amun-constitutional-proof/src/lib.rs:1042:        assert_eq!(ev.status, EvidenceStatus::Verified);
crates/amun-constitutional-proof/src/lib.rs:1049:        let ev = EvidenceRecord::new(
crates/amun-constitutional-proof/src/lib.rs:1051:            EvidenceType::AuditEvidence,
crates/amun-constitutional-proof/src/lib.rs:1058:        .with_status(EvidenceStatus::Archived)
crates/amun-constitutional-proof/src/lib.rs:1064:        .with_lineage(EvidenceLineage::new(
crates/amun-constitutional-proof/src/lib.rs:1070:        let parsed: EvidenceRecord = serde_json::from_str(&json).unwrap();
crates/amun-constitutional-proof/src/lib.rs:1074:    // --- N47.3-S1: EvidenceArchive tests ---
crates/amun-constitutional-proof/src/lib.rs:1079:        ev_type: EvidenceType,
crates/amun-constitutional-proof/src/lib.rs:1081:    ) -> EvidenceRecord {
crates/amun-constitutional-proof/src/lib.rs:1082:        EvidenceRecord::new(
crates/amun-constitutional-proof/src/lib.rs:1095:        let mut archive = EvidenceArchive::new();
crates/amun-constitutional-proof/src/lib.rs:1096:        let obl = ObligationId::new(ObligationNamespace::Replay, 1);
crates/amun-constitutional-proof/src/lib.rs:1097:        let ev = make_evidence("EV-ARC-1", "N42", EvidenceType::ReplayEvidence, obl);
crates/amun-constitutional-proof/src/lib.rs:1106:        let mut archive = EvidenceArchive::new();
crates/amun-constitutional-proof/src/lib.rs:1108:        let ev = make_evidence("EV-DUP", "N42", EvidenceType::AuditEvidence, obl);
crates/amun-constitutional-proof/src/lib.rs:1115:        let mut archive = EvidenceArchive::new();
crates/amun-constitutional-proof/src/lib.rs:1117:        let ev = make_evidence("EV-LIFECYCLE", "N41", EvidenceType::ConsensusEvidence, obl);
crates/amun-constitutional-proof/src/lib.rs:1123:            EvidenceStatus::Verified
crates/amun-constitutional-proof/src/lib.rs:1129:            EvidenceStatus::Archived
crates/amun-constitutional-proof/src/lib.rs:1135:        let mut archive = EvidenceArchive::new();
crates/amun-constitutional-proof/src/lib.rs:1136:        let obl = ObligationId::new(ObligationNamespace::Evidence, 1);
crates/amun-constitutional-proof/src/lib.rs:1141:                EvidenceType::ReplayEvidence,
crates/amun-constitutional-proof/src/lib.rs:1150:        let mut archive = EvidenceArchive::new();
crates/amun-constitutional-proof/src/lib.rs:1156:                EvidenceType::SimulationEvidence,
crates/amun-constitutional-proof/src/lib.rs:1163:            EvidenceStatus::Rejected
crates/amun-constitutional-proof/src/lib.rs:1172:        let mut archive = EvidenceArchive::new();
crates/amun-constitutional-proof/src/lib.rs:1175:        let parent = EvidenceRecord::new(
crates/amun-constitutional-proof/src/lib.rs:1177:            EvidenceType::ConsensusEvidence,
crates/amun-constitutional-proof/src/lib.rs:1184:        .with_status(EvidenceStatus::Verified);
crates/amun-constitutional-proof/src/lib.rs:1187:        let child = EvidenceRecord::new(
crates/amun-constitutional-proof/src/lib.rs:1189:            EvidenceType::CertificateEvidence,
crates/amun-constitutional-proof/src/lib.rs:1196:        .with_lineage(EvidenceLineage::new(
crates/amun-constitutional-proof/src/lib.rs:1206:        let mut archive = EvidenceArchive::new();
crates/amun-constitutional-proof/src/lib.rs:1209:        let parent = EvidenceRecord::new(
crates/amun-constitutional-proof/src/lib.rs:1211:            EvidenceType::ConsensusEvidence,
crates/amun-constitutional-proof/src/lib.rs:1218:        .with_status(EvidenceStatus::Verified);
crates/amun-constitutional-proof/src/lib.rs:1221:        let child = EvidenceRecord::new(
crates/amun-constitutional-proof/src/lib.rs:1223:            EvidenceType::CertificateEvidence,
crates/amun-constitutional-proof/src/lib.rs:122:        let id = ObligationId::new(ObligationNamespace::Replay, 4);
crates/amun-constitutional-proof/src/lib.rs:1230:        .with_lineage(EvidenceLineage::new(
crates/amun-constitutional-proof/src/lib.rs:123:        assert_eq!(id.namespace(), ObligationNamespace::Replay);
crates/amun-constitutional-proof/src/lib.rs:1240:        let mut archive = EvidenceArchive::new();
crates/amun-constitutional-proof/src/lib.rs:1248:                EvidenceType::AuditEvidence,
crates/amun-constitutional-proof/src/lib.rs:1256:                EvidenceType::ReplayEvidence,
crates/amun-constitutional-proof/src/lib.rs:1264:                EvidenceType::SimulationEvidence,
crates/amun-constitutional-proof/src/lib.rs:1275:        let mut archive = EvidenceArchive::new();
crates/amun-constitutional-proof/src/lib.rs:1282:                EvidenceType::ConsensusEvidence,
crates/amun-constitutional-proof/src/lib.rs:1290:                EvidenceType::CertificateEvidence,
crates/amun-constitutional-proof/src/lib.rs:1298:                EvidenceType::ReplayEvidence,
crates/amun-constitutional-proof/src/lib.rs:1310:        let obl = ObligationId::new(ObligationNamespace::Replay, 1);
crates/amun-constitutional-proof/src/lib.rs:1313:            make_evidence("EV-ADM-1", "N42", EvidenceType::ReplayEvidence, obl.clone());
crates/amun-constitutional-proof/src/lib.rs:1314:        collected.status = EvidenceStatus::Collected;
crates/amun-constitutional-proof/src/lib.rs:1315:        assert!(!EvidenceArchive::is_admissible(&collected));
crates/amun-constitutional-proof/src/lib.rs:1318:            make_evidence("EV-ADM-2", "N42", EvidenceType::ReplayEvidence, obl.clone());
crates/amun-constitutional-proof/src/lib.rs:1319:        verified.status = EvidenceStatus::Verified;
crates/amun-constitutional-proof/src/lib.rs:1320:        assert!(EvidenceArchive::is_admissible(&verified));
crates/amun-constitutional-proof/src/lib.rs:1323:            make_evidence("EV-ADM-3", "N42", EvidenceType::ReplayEvidence, obl.clone());
crates/amun-constitutional-proof/src/lib.rs:1324:        archived.status = EvidenceStatus::Archived;
crates/amun-constitutional-proof/src/lib.rs:1325:        assert!(EvidenceArchive::is_admissible(&archived));
crates/amun-constitutional-proof/src/lib.rs:1327:        let mut rejected = make_evidence("EV-ADM-4", "N42", EvidenceType::ReplayEvidence, obl);
crates/amun-constitutional-proof/src/lib.rs:1328:        rejected.status = EvidenceStatus::Rejected;
crates/amun-constitutional-proof/src/lib.rs:1329:        assert!(!EvidenceArchive::is_admissible(&rejected));
crates/amun-constitutional-proof/src/lib.rs:1336:        let mut archive = EvidenceArchive::new();
crates/amun-constitutional-proof/src/lib.rs:1339:            .insert(EvidenceRecord::new(
crates/amun-constitutional-proof/src/lib.rs:1341:                EvidenceType::ConsensusEvidence,
crates/amun-constitutional-proof/src/lib.rs:1356:        let archive = EvidenceArchive::new();
crates/amun-constitutional-proof/src/lib.rs:1365:        reg.register(ProofObligation::new(
crates/amun-constitutional-proof/src/lib.rs:1376:        let mut archive = EvidenceArchive::new();
crates/amun-constitutional-proof/src/lib.rs:1380:                EvidenceRecord::new(
crates/amun-constitutional-proof/src/lib.rs:1382:                    EvidenceType::AuditEvidence,
crates/amun-constitutional-proof/src/lib.rs:1389:                .with_status(EvidenceStatus::Archived),
crates/amun-constitutional-proof/src/lib.rs:1393:        let verdict = ConstitutionalVerdict::new(
crates/amun-constitutional-proof/src/lib.rs:1415:        assert!(md.contains("N47 Constitutional Validation Report"));
crates/amun-constitutional-proof/src/lib.rs:1421:        let parsed: ConstitutionalReport = serde_json::from_str(&json).unwrap();
crates/amun-constitutional-proof/src/lib.rs:1430:        reg.register(ProofObligation::new(
crates/amun-constitutional-proof/src/lib.rs:1441:        let mut archive = EvidenceArchive::new();
crates/amun-constitutional-proof/src/lib.rs:1445:                EvidenceRecord::new(
crates/amun-constitutional-proof/src/lib.rs:1447:                    EvidenceType::AuditEvidence,
crates/amun-constitutional-proof/src/lib.rs:1454:                .with_status(EvidenceStatus::Archived),
crates/amun-constitutional-proof/src/lib.rs:1458:        let verdict = ConstitutionalVerdict::new(
crates/amun-constitutional-proof/src/lib.rs:1483:            "N47-Constitutional-Authority".into(),
crates/amun-constitutional-proof/src/lib.rs:1495:        reg.register(ProofObligation::new(
crates/amun-constitutional-proof/src/lib.rs:1496:            ObligationId::new(ObligationNamespace::Replay, 1),
crates/amun-constitutional-proof/src/lib.rs:1506:        let archive = EvidenceArchive::new();
crates/amun-constitutional-proof/src/lib.rs:1507:        let verdict = ConstitutionalVerdict::new(
crates/amun-constitutional-proof/src/lib.rs:151:            ObligationNamespace::Replay,
crates/amun-constitutional-proof/src/lib.rs:1526:    // --- N47.6: Constitutional Certification tests ---
crates/amun-constitutional-proof/src/lib.rs:152:            ObligationNamespace::Evidence,
crates/amun-constitutional-proof/src/lib.rs:1532:            reg.register(ProofObligation::new(
crates/amun-constitutional-proof/src/lib.rs:1544:        let mut archive = EvidenceArchive::new();
crates/amun-constitutional-proof/src/lib.rs:1548:                    EvidenceRecord::new(
crates/amun-constitutional-proof/src/lib.rs:1550:                        EvidenceType::AuditEvidence,
crates/amun-constitutional-proof/src/lib.rs:1557:                    .with_status(EvidenceStatus::Archived),
crates/amun-constitutional-proof/src/lib.rs:1563:            ConstitutionalVerdict::new(
crates/amun-constitutional-proof/src/lib.rs:1573:            ConstitutionalVerdict::new(
crates/amun-constitutional-proof/src/lib.rs:1583:            ConstitutionalVerdict::new(
crates/amun-constitutional-proof/src/lib.rs:1593:            ConstitutionalVerdict::new(
crates/amun-constitutional-proof/src/lib.rs:1603:            ConstitutionalVerdict::new(
crates/amun-constitutional-proof/src/lib.rs:1613:            ConstitutionalVerdict::new(
crates/amun-constitutional-proof/src/lib.rs:1631:            "N47-Constitutional-Authority".into(),
crates/amun-constitutional-proof/src/lib.rs:1643:            reg.register(ProofObligation::new(
crates/amun-constitutional-proof/src/lib.rs:1655:        let archive = EvidenceArchive::new();
crates/amun-constitutional-proof/src/lib.rs:1657:            ConstitutionalVerdict::new(
crates/amun-constitutional-proof/src/lib.rs:1667:            ConstitutionalVerdict::new(
crates/amun-constitutional-proof/src/lib.rs:1677:            ConstitutionalVerdict::new(
crates/amun-constitutional-proof/src/lib.rs:1687:            ConstitutionalVerdict::new(
crates/amun-constitutional-proof/src/lib.rs:1697:            ConstitutionalVerdict::new(
crates/amun-constitutional-proof/src/lib.rs:1707:            ConstitutionalVerdict::new(
crates/amun-constitutional-proof/src/lib.rs:1725:            "N47-Constitutional-Authority".into(),
crates/amun-constitutional-proof/src/lib.rs:1737:            reg.register(ProofObligation::new(
crates/amun-constitutional-proof/src/lib.rs:173:    // --- ProofObligation tests (S1) ---
crates/amun-constitutional-proof/src/lib.rs:1749:        let archive = EvidenceArchive::new();
crates/amun-constitutional-proof/src/lib.rs:1751:        let verdicts = vec![ConstitutionalVerdict::new(
crates/amun-constitutional-proof/src/lib.rs:1768:            "N47-Constitutional-Authority".into(),
crates/amun-constitutional-proof/src/lib.rs:178:        let obl = ProofObligation::new(
crates/amun-constitutional-proof/src/lib.rs:198:        let obl = ProofObligation::new(
crates/amun-constitutional-proof/src/lib.rs:202:            "|Finalized| = |ReplayVerified| = |EvidenceCertified|",
crates/amun-constitutional-proof/src/lib.rs:216:        let obl = ProofObligation::new(
crates/amun-constitutional-proof/src/lib.rs:231:        let obl = ProofObligation::new(
crates/amun-constitutional-proof/src/lib.rs:232:            ObligationId::new(ObligationNamespace::Replay, 2),
crates/amun-constitutional-proof/src/lib.rs:234:            "Replay determinism",
crates/amun-constitutional-proof/src/lib.rs:235:            "forall b : Replay(b, t1) = Replay(b, t2)",
crates/amun-constitutional-proof/src/lib.rs:239:        .with_dependency(ObligationId::new(ObligationNamespace::Replay, 1));
crates/amun-constitutional-proof/src/lib.rs:242:        let obl2: ProofObligation = serde_json::from_str(&json).unwrap();
crates/amun-constitutional-proof/src/lib.rs:258:        let obl: ProofObligation = serde_json::from_str(json).unwrap();
crates/amun-constitutional-proof/src/lib.rs:352:    fn simple_obl(id: ObligationId) -> ProofObligation {
crates/amun-constitutional-proof/src/lib.rs:353:        ProofObligation::new(
crates/amun-constitutional-proof/src/lib.rs:395:        let missing_dep = make_id(ObligationNamespace::Replay, 99);
crates/amun-constitutional-proof/src/lib.rs:396:        let obl = ProofObligation::new(
crates/amun-constitutional-proof/src/lib.rs:417:        reg.register(ProofObligation::new(
crates/amun-constitutional-proof/src/lib.rs:426:        reg.register(ProofObligation::new(
crates/amun-constitutional-proof/src/lib.rs:443:        reg.register(ProofObligation::new(
crates/amun-constitutional-proof/src/lib.rs:452:        reg.register(ProofObligation::new(
crates/amun-constitutional-proof/src/lib.rs:473:            reg.register(ProofObligation::new(
crates/amun-constitutional-proof/src/lib.rs:500:            reg.register(ProofObligation::new(
crates/amun-constitutional-proof/src/lib.rs:518:            reg.register(ProofObligation::new(
crates/amun-constitutional-proof/src/lib.rs:546:        let id = ObligationId::new(ObligationNamespace::Replay, 1);
crates/amun-constitutional-proof/src/lib.rs:585:    // --- N47.2-S1: ConstitutionalVerdict tests ---
crates/amun-constitutional-proof/src/lib.rs:599:        let verdict = ConstitutionalVerdict::new(
crates/amun-constitutional-proof/src/lib.rs:620:                ObligationId::new(ObligationNamespace::Replay, 1),
crates/amun-constitutional-proof/src/lib.rs:624:                ObligationId::new(ObligationNamespace::Replay, 2),
crates/amun-constitutional-proof/src/lib.rs:629:                ObligationId::new(ObligationNamespace::Replay, 3),
crates/amun-constitutional-proof/src/lib.rs:633:        let verdict = ConstitutionalVerdict::new(
crates/amun-constitutional-proof/src/lib.rs:639:            VerdictResult::ConditionalPass(vec!["Replay-2 failed".into()]),
crates/amun-constitutional-proof/src/lib.rs:660:        let verdict = ConstitutionalVerdict::new(
crates/amun-constitutional-proof/src/lib.rs:681:        let v1 = ConstitutionalVerdict::new(
crates/amun-constitutional-proof/src/lib.rs:691:        let v2 = ConstitutionalVerdict::new(
crates/amun-constitutional-proof/src/lib.rs:717:        let verdict = ConstitutionalVerdict::new(
crates/amun-constitutional-proof/src/lib.rs:728:        let parsed: ConstitutionalVerdict = serde_json::from_str(&json).unwrap();
crates/amun-constitutional-proof/src/lib.rs:735:    fn make_obl(id: ObligationId, severity: ObligationSeverity) -> ProofObligation {
crates/amun-constitutional-proof/src/lib.rs:736:        ProofObligation::new(
crates/amun-constitutional-proof/src/lib.rs:773:            ObligationId::new(ObligationNamespace::Replay, 1),
crates/amun-constitutional-proof/src/lib.rs:777:            ObligationId::new(ObligationNamespace::Replay, 2),
crates/amun-constitutional-proof/src/lib.rs:801:            ObligationId::new(ObligationNamespace::Evidence, 1),
crates/amun-constitutional-proof/src/lib.rs:979:    // --- N47.3-S0: Evidence Foundation Types tests ---
crates/amun-constitutional-proof/src/lib.rs:983:        let id = ObligationId::new(ObligationNamespace::Replay, 1);
crates/amun-constitutional-proof/src/lib.rs:984:        let ev = EvidenceRecord::new(
crates/amun-constitutional-proof/src/lib.rs:986:            EvidenceType::ReplayEvidence,
crates/amun-constitutional-proof/src/lib.rs:994:        assert_eq!(ev.status, EvidenceStatus::Collected);
crates/amun-constitutional-proof/src/obligation_namespace.rs:10:    Replay,
crates/amun-constitutional-proof/src/obligation_namespace.rs:12:    Evidence,
crates/amun-constitutional-proof/src/obligation_namespace.rs:29:            Self::Replay => "REPLAY",
crates/amun-constitutional-proof/src/obligation_namespace.rs:30:            Self::Evidence => "EVIDENCE",
crates/amun-constitutional-proof/src/obligation_namespace.rs:47:            "REPLAY" => Ok(Self::Replay),
crates/amun-constitutional-proof/src/obligation_namespace.rs:48:            "EVIDENCE" => Ok(Self::Evidence),
crates/amun-constitutional-proof/src/obligation_registry.rs:10:    obligations: BTreeMap<ObligationId, ProofObligation>,
crates/amun-constitutional-proof/src/obligation_registry.rs:24:    pub fn register(&mut self, obligation: ProofObligation) -> Result<(), RegistryError> {
crates/amun-constitutional-proof/src/obligation_registry.rs:5:    ProofObligation, RegistryError,
crates/amun-constitutional-proof/src/obligation_registry.rs:72:    pub fn get(&self, id: &ObligationId) -> Option<&ProofObligation> {
crates/amun-constitutional-proof/src/obligation_registry.rs:76:    pub fn all_obligations(&self) -> impl Iterator<Item = &ProofObligation> {
crates/amun-constitutional-proof/src/obligation_registry.rs:80:    pub fn by_namespace(&self, ns: ObligationSeverity) -> Vec<&ProofObligation> {
crates/amun-constitutional-proof/src/obligation_registry.rs:87:    pub fn by_severity(&self, severity: ObligationSeverity) -> Vec<&ProofObligation> {
crates/amun-constitutional-proof/src/obligation_registry.rs:94:    pub fn by_phase(&self, phase: &str) -> Vec<&ProofObligation> {
crates/amun-constitutional-proof/src/proof_obligation.rs:11:pub struct ProofObligation {
crates/amun-constitutional-proof/src/proof_obligation.rs:24:impl ProofObligation {
crates/amun-constitutional-proof/src/publication_package.rs:117:    fn hash_report(report: &ConstitutionalReport) -> String {
crates/amun-constitutional-proof/src/publication_package.rs:17:    pub report: ConstitutionalReport,
crates/amun-constitutional-proof/src/publication_package.rs:18:    pub verdicts: Vec<ConstitutionalVerdict>,
crates/amun-constitutional-proof/src/publication_package.rs:4:use crate::{ConstitutionalReport, ConstitutionalVerdict};
crates/amun-constitutional-proof/src/publication_package.rs:52:        report: ConstitutionalReport,
crates/amun-constitutional-proof/src/publication_package.rs:53:        verdicts: Vec<ConstitutionalVerdict>,
crates/amun-constitutional-proof/src/report_generator.rs:15:    pub verdicts: Vec<ConstitutionalVerdict>,
crates/amun-constitutional-proof/src/report_generator.rs:26:        archive: &EvidenceArchive,
crates/amun-constitutional-proof/src/report_generator.rs:27:        verdicts: Vec<ConstitutionalVerdict>,
crates/amun-constitutional-proof/src/report_generator.rs:29:    ) -> ConstitutionalReport {
crates/amun-constitutional-proof/src/report_generator.rs:30:        ConstitutionalReport {
crates/amun-constitutional-proof/src/report_generator.rs:32:            report_type: "N47 Constitutional Validation".into(),
crates/amun-constitutional-proof/src/report_generator.rs:3:use crate::{ConstitutionalVerdict, EvidenceArchive, ObligationRegistry, VerdictResult};
crates/amun-constitutional-proof/src/report_generator.rs:42:    pub fn to_markdown(report: &ConstitutionalReport) -> String {
crates/amun-constitutional-proof/src/report_generator.rs:44:        md.push_str("# N47 Constitutional Validation Report\n\n");
crates/amun-constitutional-proof/src/report_generator.rs:55:            "- **Total Evidence Records**: {}\n",
crates/amun-constitutional-proof/src/report_generator.rs:8:pub struct ConstitutionalReport {
crates/amun-constitutional-proof/src/report_generator.rs:94:    pub fn to_json(report: &ConstitutionalReport) -> Result<String, serde_json::Error> {
crates/amun-constitutional-proof/src/verdict_evaluator.rs:20:    /// Returns a fully-formed `ConstitutionalVerdict` with the overall result
crates/amun-constitutional-proof/src/verdict_evaluator.rs:27:        obligations: &[ProofObligation],
crates/amun-constitutional-proof/src/verdict_evaluator.rs:31:    ) -> ConstitutionalVerdict {
crates/amun-constitutional-proof/src/verdict_evaluator.rs:33:        ConstitutionalVerdict::new(
crates/amun-constitutional-proof/src/verdict_evaluator.rs:3:    ConstitutionalVerdict, ObligationResult, ObligationResultStatus, ObligationSeverity,
crates/amun-constitutional-proof/src/verdict_evaluator.rs:48:        obligations: &[ProofObligation],
crates/amun-constitutional-proof/src/verdict_evaluator.rs:4:    ProofObligation, VerdictResult,
crates/amun-constitutional-proof/src/verdict_evaluator.rs:8:/// produces a `ConstitutionalVerdict`.
crates/amun-constitutional-quarantine/src/rehabilitation.rs:15:    ReplayContinuityVerification,
crates/amun-constitutional-quarantine/src/rehabilitation.rs:16:    LineageProofVerification,
crates/amun-constitutional-quarantine/src/rehabilitation.rs:18:    ConstitutionalReconciliation,
crates/amun-constitutional-quarantine/src/rehabilitation.rs:28:                RehabilitationStep::ReplayContinuityVerification,
crates/amun-constitutional-quarantine/src/rehabilitation.rs:32:                RehabilitationStep::ReplayContinuityVerification,
crates/amun-constitutional-quarantine/src/rehabilitation.rs:33:                RehabilitationStep::LineageProofVerification,
crates/amun-constitutional-quarantine/src/rehabilitation.rs:37:                RehabilitationStep::ReplayContinuityVerification,
crates/amun-constitutional-quarantine/src/rehabilitation.rs:38:                RehabilitationStep::LineageProofVerification,
crates/amun-constitutional-quarantine/src/rehabilitation.rs:43:                RehabilitationStep::ReplayContinuityVerification,
crates/amun-constitutional-quarantine/src/rehabilitation.rs:44:                RehabilitationStep::LineageProofVerification,
crates/amun-constitutional-quarantine/src/rehabilitation.rs:46:                RehabilitationStep::ConstitutionalReconciliation,
crates/amun-constitutional-runtime/src/block_validator.rs:103:        let program = ConstitutionalProgram::new(1, 0, 0, vec![OpCode::Halt]);
crates/amun-constitutional-runtime/src/block_validator.rs:125:            ConstitutionalBlockValidator::validate_block(&programs, &mut registry, &[]).unwrap();
crates/amun-constitutional-runtime/src/block_validator.rs:139:        let program = ConstitutionalProgram::new(1, 0, 0, vec![OpCode::Halt]);
crates/amun-constitutional-runtime/src/block_validator.rs:174:            ConstitutionalBlockValidator::validate_block(&programs, &mut registry, &[]).unwrap();
crates/amun-constitutional-runtime/src/block_validator.rs:184:        let program = ConstitutionalProgram::new(1, 0, 0, vec![OpCode::Halt]);
crates/amun-constitutional-runtime/src/block_validator.rs:1:use amun_bytecode::program::ConstitutionalProgram;
crates/amun-constitutional-runtime/src/block_validator.rs:208:            ConstitutionalBlockValidator::validate_block(&programs, &mut registry, &[]).unwrap();
crates/amun-constitutional-runtime/src/block_validator.rs:22:/// Validates that every transaction in a block passes PCCV.
crates/amun-constitutional-runtime/src/block_validator.rs:23:/// If any transaction fails PCCV, the entire block is invalid.
crates/amun-constitutional-runtime/src/block_validator.rs:24:pub struct ConstitutionalBlockValidator;
crates/amun-constitutional-runtime/src/block_validator.rs:26:impl ConstitutionalBlockValidator {
crates/amun-constitutional-runtime/src/block_validator.rs:28:    /// The block is valid iff ALL transactions pass PCCV.
crates/amun-constitutional-runtime/src/block_validator.rs:2:use amun_invariant_engine::invariant_types::InvariantDeclaration;
crates/amun-constitutional-runtime/src/block_validator.rs:30:        programs: &[(ConstitutionalProgram, ExecutionContext)],
crates/amun-constitutional-runtime/src/block_validator.rs:32:        invariants: &[InvariantDeclaration],
crates/amun-constitutional-runtime/src/block_validator.rs:34:        let mut hot_store = HotProofStore::new(10000);
crates/amun-constitutional-runtime/src/block_validator.rs:35:        let mut archive = ProofArchive::new();
crates/amun-constitutional-runtime/src/block_validator.rs:3:use amun_proof_archive::hot_store::HotProofStore;
crates/amun-constitutional-runtime/src/block_validator.rs:42:            let result = ConstitutionalRuntime::execute(
crates/amun-constitutional-runtime/src/block_validator.rs:4:use amun_proof_archive::proof_archive::ProofArchive;
crates/amun-constitutional-runtime/src/block_validator.rs:8:use crate::runtime_pipeline::{ConstitutionalRuntime, PipelineResult};
crates/amun-constitutional-runtime/src/certificate_chain.rs:101:    use crate::finality_certificate::ConstitutionalFinalityCertificate;
crates/amun-constitutional-runtime/src/certificate_chain.rs:103:    use amun_transition_proof::transition_proof::TransitionProof;
crates/amun-constitutional-runtime/src/certificate_chain.rs:116:    ) -> ConstitutionalFinalityCertificate {
crates/amun-constitutional-runtime/src/certificate_chain.rs:126:        let transitions = vec![TransitionProof::new(
crates/amun-constitutional-runtime/src/certificate_chain.rs:12:        certificates: Vec<crate::finality_certificate::ConstitutionalFinalityCertificate>,
crates/amun-constitutional-runtime/src/certificate_chain.rs:139:        let mut cert = ConstitutionalFinalityCertificate::issue(
crates/amun-constitutional-runtime/src/certificate_chain.rs:5:    pub certificates: Vec<crate::finality_certificate::ConstitutionalFinalityCertificate>,
crates/amun-constitutional-runtime/src/certificate_chain.rs:71:    pub fn tip(&self) -> &crate::finality_certificate::ConstitutionalFinalityCertificate {
crates/amun-constitutional-runtime/src/certificate_chain.rs:75:    pub fn genesis(&self) -> &crate::finality_certificate::ConstitutionalFinalityCertificate {
crates/amun-constitutional-runtime/src/certificate_chain.rs:80:        certs: &[crate::finality_certificate::ConstitutionalFinalityCertificate],
crates/amun-constitutional-runtime/src/finality_certificate.rs:109:    pub fn compute_evidence_root(transitions: &[TransitionProof]) -> [u8; 32] {
crates/amun-constitutional-runtime/src/finality_certificate.rs:117:    pub fn compute_pccv_root(transitions: &[TransitionProof]) -> [u8; 32] {
crates/amun-constitutional-runtime/src/finality_certificate.rs:122:                hasher.update(b"AMUN_PCCV_ROOT_V1");
crates/amun-constitutional-runtime/src/finality_certificate.rs:137:    use crate::block_validator::{BlockValidationResult, ConstitutionalBlockValidator};
crates/amun-constitutional-runtime/src/finality_certificate.rs:139:    use amun_bytecode::program::ConstitutionalProgram;
crates/amun-constitutional-runtime/src/finality_certificate.rs:152:        let program = ConstitutionalProgram::new(1, 0, 0, vec![OpCode::Halt]);
crates/amun-constitutional-runtime/src/finality_certificate.rs:172:            ConstitutionalBlockValidator::validate_block(&programs, &mut registry, &[]).unwrap();
crates/amun-constitutional-runtime/src/finality_certificate.rs:173:        let transitions = vec![TransitionProof::new(
crates/amun-constitutional-runtime/src/finality_certificate.rs:17:    pub transitions: Vec<TransitionProof>,
crates/amun-constitutional-runtime/src/finality_certificate.rs:186:        let cert = ConstitutionalFinalityCertificate::issue(
crates/amun-constitutional-runtime/src/finality_certificate.rs:1:use amun_transition_proof::transition_proof::TransitionProof;
crates/amun-constitutional-runtime/src/finality_certificate.rs:208:        let c1 = ConstitutionalFinalityCertificate::issue(&br, vec![], [0xaa; 32], 1, [0xbb; 32]);
crates/amun-constitutional-runtime/src/finality_certificate.rs:209:        let c2 = ConstitutionalFinalityCertificate::issue(&br, vec![], [0xaa; 32], 1, [0xbb; 32]);
crates/amun-constitutional-runtime/src/finality_certificate.rs:225:            ConstitutionalFinalityCertificate::issue(&br, vec![], [0xaa; 32], 1, [0xbb; 32]);
crates/amun-constitutional-runtime/src/finality_certificate.rs:22:impl ConstitutionalFinalityCertificate {
crates/amun-constitutional-runtime/src/finality_certificate.rs:25:        transitions: Vec<TransitionProof>,
crates/amun-constitutional-runtime/src/finality_certificate.rs:7:pub struct ConstitutionalFinalityCertificate {
crates/amun-constitutional-runtime/src/history_root.rs:108:    ) -> ConstitutionalFinalityCertificate {
crates/amun-constitutional-runtime/src/history_root.rs:118:        let transitions = vec![TransitionProof::new(
crates/amun-constitutional-runtime/src/history_root.rs:131:        let mut cert = ConstitutionalFinalityCertificate::issue(
crates/amun-constitutional-runtime/src/history_root.rs:150:        let root = ConstitutionalHistoryRoot::from_chain(&chain);
crates/amun-constitutional-runtime/src/history_root.rs:167:        let root1 = ConstitutionalHistoryRoot::from_chain(&chain1);
crates/amun-constitutional-runtime/src/history_root.rs:168:        let root2 = ConstitutionalHistoryRoot::from_chain(&chain2);
crates/amun-constitutional-runtime/src/history_root.rs:179:        let root = ConstitutionalHistoryRoot::from_chain(&chain);
crates/amun-constitutional-runtime/src/history_root.rs:17:impl ConstitutionalHistoryRoot {
crates/amun-constitutional-runtime/src/history_root.rs:190:        let root = ConstitutionalHistoryRoot::from_chain(&chain);
crates/amun-constitutional-runtime/src/history_root.rs:7:pub struct ConstitutionalHistoryRoot {
crates/amun-constitutional-runtime/src/history_root.rs:93:    use crate::finality_certificate::ConstitutionalFinalityCertificate;
crates/amun-constitutional-runtime/src/history_root.rs:95:    use amun_transition_proof::transition_proof::TransitionProof;
crates/amun-constitutional-runtime/src/runtime_pipeline.rs:100:            let evidence: Vec<ConstitutionalEvidence> = vec![];
crates/amun-constitutional-runtime/src/runtime_pipeline.rs:104:            let proof = TransitionProof::new(
crates/amun-constitutional-runtime/src/runtime_pipeline.rs:10:use amun_transition_proof::transition_proof::TransitionProof;
crates/amun-constitutional-runtime/src/runtime_pipeline.rs:135:        // Phase 5: Invariant Evaluation
crates/amun-constitutional-runtime/src/runtime_pipeline.rs:136:        let (_invariant_results, invariant_evidence) = InvariantEngine::evaluate(
crates/amun-constitutional-runtime/src/runtime_pipeline.rs:149:        // Phase 6: Build TransitionProof via ProofBuilder
crates/amun-constitutional-runtime/src/runtime_pipeline.rs:150:        let proof = ProofBuilder::build(
crates/amun-constitutional-runtime/src/runtime_pipeline.rs:161:        // ── N50: Integrated PCCV verification ─────────────────
crates/amun-constitutional-runtime/src/runtime_pipeline.rs:163:        use amun_pccv::transition_proof_engine::TransitionProofEngine as PCCVEngine;
crates/amun-constitutional-runtime/src/runtime_pipeline.rs:164:        let enhanced_proof = PCCVEngine::build_proof(
crates/amun-constitutional-runtime/src/runtime_pipeline.rs:175:        let pccv_result = amun_pccv::pccv_verifier::PCCVVerifier::verify(&enhanced_proof, registry);
crates/amun-constitutional-runtime/src/runtime_pipeline.rs:178:            amun_pccv::pccv_verifier::PCCVResult::Verified { .. }
crates/amun-constitutional-runtime/src/runtime_pipeline.rs:17:    /// Transaction committed successfully with PCCV verification.
crates/amun-constitutional-runtime/src/runtime_pipeline.rs:182:            // PCCV failed — this is a constitutional violation
crates/amun-constitutional-runtime/src/runtime_pipeline.rs:184:                amun_pccv::pccv_verifier::PCCVResult::Failed { reason } => reason.clone(),
crates/amun-constitutional-runtime/src/runtime_pipeline.rs:185:                _ => "Unknown PCCV failure".into(),
crates/amun-constitutional-runtime/src/runtime_pipeline.rs:187:            let evidence = ConstitutionalEvidence::ExecutionFailure {
crates/amun-constitutional-runtime/src/runtime_pipeline.rs:188:                reason: format!("PCCV verification failed: {}", reason),
crates/amun-constitutional-runtime/src/runtime_pipeline.rs:195:            let proof = TransitionProof::new(
crates/amun-constitutional-runtime/src/runtime_pipeline.rs:20:        transition_proof: TransitionProof,
crates/amun-constitutional-runtime/src/runtime_pipeline.rs:241:        let mut hot_store = HotProofStore::new(100);
crates/amun-constitutional-runtime/src/runtime_pipeline.rs:242:        let mut archive = ProofArchive::new();
crates/amun-constitutional-runtime/src/runtime_pipeline.rs:244:        let program = ConstitutionalProgram::new(1, 0, 0, vec![OpCode::Push(42), OpCode::Halt]);
crates/amun-constitutional-runtime/src/runtime_pipeline.rs:256:        let result = ConstitutionalRuntime::execute(
crates/amun-constitutional-runtime/src/runtime_pipeline.rs:25:        evidence: Vec<ConstitutionalEvidence>,
crates/amun-constitutional-runtime/src/runtime_pipeline.rs:269:                assert!(pccv_verified, "PCCV must pass for valid execution");
crates/amun-constitutional-runtime/src/runtime_pipeline.rs:26:        transition_proof: TransitionProof,
crates/amun-constitutional-runtime/src/runtime_pipeline.rs:271:            _ => panic!("Expected Committed with PCCV"),
crates/amun-constitutional-runtime/src/runtime_pipeline.rs:278:        // constitutional violations via PCCV integration.
crates/amun-constitutional-runtime/src/runtime_pipeline.rs:280:        // so PCCV passes trivially. Full illegal execution testing
crates/amun-constitutional-runtime/src/runtime_pipeline.rs:283:        let mut hot_store = HotProofStore::new(100);
crates/amun-constitutional-runtime/src/runtime_pipeline.rs:284:        let mut archive = ProofArchive::new();
crates/amun-constitutional-runtime/src/runtime_pipeline.rs:286:        let program = ConstitutionalProgram::new(1, 0, 0, vec![OpCode::Halt]);
crates/amun-constitutional-runtime/src/runtime_pipeline.rs:298:        let result = ConstitutionalRuntime::execute(
crates/amun-constitutional-runtime/src/runtime_pipeline.rs:2:use amun_bytecode::program::ConstitutionalProgram;
crates/amun-constitutional-runtime/src/runtime_pipeline.rs:30:/// The Constitutional Runtime Pipeline with integrated PCCV.
crates/amun-constitutional-runtime/src/runtime_pipeline.rs:317:        let mut hot_store = HotProofStore::new(100);
crates/amun-constitutional-runtime/src/runtime_pipeline.rs:318:        let mut archive = ProofArchive::new();
crates/amun-constitutional-runtime/src/runtime_pipeline.rs:31:pub struct ConstitutionalRuntime;
crates/amun-constitutional-runtime/src/runtime_pipeline.rs:335:        let program = ConstitutionalProgram::new(1, 0, 0, vec![OpCode::Halt]);
crates/amun-constitutional-runtime/src/runtime_pipeline.rs:33:impl ConstitutionalRuntime {
crates/amun-constitutional-runtime/src/runtime_pipeline.rs:346:        let _result = ConstitutionalRuntime::execute(
crates/amun-constitutional-runtime/src/runtime_pipeline.rs:36:    /// → Invariants → Evidence → TransitionProof → PCCV → Archive
crates/amun-constitutional-runtime/src/runtime_pipeline.rs:38:        program: &ConstitutionalProgram,
crates/amun-constitutional-runtime/src/runtime_pipeline.rs:3:use amun_evidence_engine::evidence_types::ConstitutionalEvidence;
crates/amun-constitutional-runtime/src/runtime_pipeline.rs:41:        invariants: &[InvariantDeclaration],
crates/amun-constitutional-runtime/src/runtime_pipeline.rs:43:        hot_store: &mut HotProofStore,
crates/amun-constitutional-runtime/src/runtime_pipeline.rs:44:        archive: &mut ProofArchive,
crates/amun-constitutional-runtime/src/runtime_pipeline.rs:4:use amun_invariant_engine::invariant_engine::InvariantEngine;
crates/amun-constitutional-runtime/src/runtime_pipeline.rs:5:use amun_invariant_engine::invariant_types::InvariantDeclaration;
crates/amun-constitutional-runtime/src/runtime_pipeline.rs:68:            let evidence = ConstitutionalEvidence::ExecutionFailure {
crates/amun-constitutional-runtime/src/runtime_pipeline.rs:6:use amun_proof_archive::hot_store::HotProofStore;
crates/amun-constitutional-runtime/src/runtime_pipeline.rs:76:            let proof = TransitionProof::new(
crates/amun-constitutional-runtime/src/runtime_pipeline.rs:7:use amun_proof_archive::proof_archive::ProofArchive;
crates/amun-constitutional-runtime/src/runtime_pipeline.rs:9:use amun_transition_proof::proof_builder::ProofBuilder;
crates/amun-constitutional-semantics/src/lib.rs:113:    fn mk(seq: u64, hash: [u8; 32], parent: [u8; 32]) -> TranscriptEntry { TranscriptEntry::Consensus(ConsensusEvent { identity: EventIdentity::new(hash, parent, [0xAA; 32], seq, ReplayDomain::Consensus, [0xBB; 32]), round: seq, event_type: ConsensusEventType::Proposal, authority: EventAuthority::Authoritative }) }
crates/amun-constitutional-semantics/src/lib.rs:116:    #[test] fn test_finality_progression() { assert!(EventFinality::Tentative < EventFinality::Finalized); assert!(EventFinality::Finalized < EventFinality::ReplayCertified); }
crates/amun-constitutional-semantics/src/lib.rs:118:    #[test] fn test_witness_normalization_deterministic() { let w = vec![(ReplayDomain::Consensus,2,[0x02;32]),(ReplayDomain::Consensus,1,[0x01;32])]; assert_eq!(WitnessNormalization::normalize(&w).normalization_root, WitnessNormalization::normalize(&w).normalization_root); }
crates/amun-constitutional-semantics/src/lib.rs:120:    #[test] fn test_replay_policy() { assert!(ReplayPolicy::CONSENSUS_AUTHORITATIVE.replay_required); assert!(!ReplayPolicy::EPHEMERAL.replay_required); }
crates/amun-constitutional-semantics/src/lib.rs:121:    #[test] fn test_authority_binding() { let b = AuthorityBinding { authority: EventAuthority::Authoritative, authority_set_root: [0xAA;32], authority_epoch: [0xBB;32], authority_proof: AuthorityProof::SingleSignature { validator_id: 1, signature: [0;64] } }; assert!(b.verify_binding(EventAuthority::Authoritative)); assert!(!b.verify_binding(EventAuthority::Derived)); }
crates/amun-constitutional-semantics/src/lib.rs:1://! Constitutional Semantics — complete truth model for replay verification.
crates/amun-constitutional-semantics/src/lib.rs:23:    pub fn verify_boundary(&self, boundary: &ReplayBoundary) -> bool { self.start_sequence >= boundary.finalized_sequence }
crates/amun-constitutional-semantics/src/lib.rs:27:#[derive(Debug, Clone, Copy, PartialEq, Eq, PartialOrd, Ord)] pub enum EventFinality { Tentative, QuorumAccepted, Finalized, ReplayCertified }
crates/amun-constitutional-semantics/src/lib.rs:29:    pub fn is_replay_safe(&self) -> bool { matches!(self, EventFinality::Finalized | EventFinality::ReplayCertified) }
crates/amun-constitutional-semantics/src/lib.rs:2://! Layer 0.75 — Constitutional Truth System.
crates/amun-constitutional-semantics/src/lib.rs:30:    pub fn is_immutable(&self) -> bool { matches!(self, EventFinality::Finalized | EventFinality::ReplayCertified) }
crates/amun-constitutional-semantics/src/lib.rs:36:    pub fn with_replay_certification(mut self, at_sequence: u64) -> Self { self.finality = EventFinality::ReplayCertified; self.finalized_at_sequence = Some(at_sequence); self }
crates/amun-constitutional-semantics/src/lib.rs:40:#[derive(Debug, Clone, PartialEq, Eq)] pub enum AuthorityProof { SingleSignature { validator_id: u64, signature: [u8; 64] }, ThresholdSignature { signer_ids: Vec<u64>, aggregate_signature: [u8; 96] }, ConstitutionalGrant { grant_proof: [u8; 32] }, SelfCertifying { derivation_proof: [u8; 32] } }
crates/amun-constitutional-semantics/src/lib.rs:41:#[derive(Debug, Clone, PartialEq, Eq)] pub struct AuthorityBinding { pub authority: EventAuthority, pub authority_set_root: [u8; 32], pub authority_epoch: [u8; 32], pub authority_proof: AuthorityProof }
crates/amun-constitutional-semantics/src/lib.rs:47:// ─── Witness Normalization ─────────────────────────────────
crates/amun-constitutional-semantics/src/lib.rs:48:#[derive(Debug, Clone, PartialEq, Eq)] pub struct NormalizedWitness { pub domain: ReplayDomain, pub sequence: u64, pub witness_hash: [u8; 32] }
crates/amun-constitutional-semantics/src/lib.rs:49:#[derive(Debug, Clone, PartialEq, Eq)] pub struct WitnessNormalization { pub witnesses: Vec<NormalizedWitness>, pub normalization_root: [u8; 32], pub normalization_version: u32 }
crates/amun-constitutional-semantics/src/lib.rs:50:impl WitnessNormalization {
crates/amun-constitutional-semantics/src/lib.rs:51:    pub fn normalize(witnesses: &[(ReplayDomain, u64, [u8; 32])]) -> Self {
crates/amun-constitutional-semantics/src/lib.rs:53:        let n: Vec<_> = sorted.iter().map(|(d,s,h)| NormalizedWitness { domain:*d, sequence:*s, witness_hash:*h }).collect();
crates/amun-constitutional-semantics/src/lib.rs:58:    pub fn verify_normalization(&self, witnesses: &[(ReplayDomain, u64, [u8; 32])]) -> bool { Self::normalize(witnesses).normalization_root == self.normalization_root }
crates/amun-constitutional-semantics/src/lib.rs:61:// ─── Replay Policy ─────────────────────────────────────────
crates/amun-constitutional-semantics/src/lib.rs:62:#[derive(Debug, Clone, PartialEq, Eq)] pub struct ReplayPolicy { pub authority: EventAuthority, pub replay_required: bool, pub divergence_is_violation: bool, pub contributes_to_causality: bool, pub can_be_checkpoint: bool, pub requires_certification: bool }
crates/amun-constitutional-semantics/src/lib.rs:63:impl ReplayPolicy {
crates/amun-constitutional-semantics/src/lib.rs:6:use amun_replay_semantics::{ReplayDomain, ReplayBoundary, ReplayFailure};
crates/amun-constitutional-semantics/src/lib.rs:99:    pub fn transcript_continuity(events: &[TranscriptEntry]) -> Result<ContinuityResult, ReplayFailure> {
crates/amun-constitutional-signing/src/keys.rs:10:impl ConstitutionalKeyPair {
crates/amun-constitutional-signing/src/keys.rs:5:pub struct ConstitutionalKeyPair {
crates/amun-constitutional-signing/src/lib.rs:10:pub use signature::ConstitutionalSignature;
crates/amun-constitutional-signing/src/lib.rs:3:// Licensed under the GNU AGPLv3 with Constitutional Sovereignty Addendum.
crates/amun-constitutional-signing/src/lib.rs:9:pub use keys::ConstitutionalKeyPair;
crates/amun-constitutional-signing/src/signature.rs:13:impl ConstitutionalSignature {
crates/amun-constitutional-signing/src/signature.rs:35:impl serde::Serialize for ConstitutionalSignature {
crates/amun-constitutional-signing/src/signature.rs:38:        let mut st = s.serialize_struct("ConstitutionalSignature", 6)?;
crates/amun-constitutional-signing/src/signature.rs:49:impl<'de> serde::Deserialize<'de> for ConstitutionalSignature {
crates/amun-constitutional-signing/src/signature.rs:4:pub struct ConstitutionalSignature {
crates/amun-constitutional-signing/src/signature.rs:77:impl ConstitutionalSignature {
crates/amun-constitutional-signing/src/signed_artifact.rs:10:    pub signature: ConstitutionalSignature,
crates/amun-constitutional-signing/src/signed_artifact.rs:14:    pub fn sign(artifact: T, keypair: &ConstitutionalKeyPair) -> Self {
crates/amun-constitutional-signing/src/signed_artifact.rs:1:use crate::keys::ConstitutionalKeyPair;
crates/amun-constitutional-signing/src/signed_artifact.rs:20:            signature: ConstitutionalSignature::new(sig, verifying_hex),
crates/amun-constitutional-signing/src/signed_artifact.rs:2:use crate::signature::ConstitutionalSignature;
crates/amun-constitutional-signing/tests/signing_tests.rs:13:    let keypair = ConstitutionalKeyPair::generate();
crates/amun-constitutional-signing/tests/signing_tests.rs:2:    digest::ArtifactDigest, ConstitutionalManifest, FederationArtifact, TreatyArtifact,
crates/amun-constitutional-signing/tests/signing_tests.rs:30:    let keypair = ConstitutionalKeyPair::generate();
crates/amun-constitutional-signing/tests/signing_tests.rs:42:    let keypair = ConstitutionalKeyPair::generate();
crates/amun-constitutional-signing/tests/signing_tests.rs:49:    let m1 = ConstitutionalManifest::new("gen".into(), "spec".into(), "ts".into());
crates/amun-constitutional-signing/tests/signing_tests.rs:4:use amun_constitutional_signing::{ConstitutionalKeyPair, SignedArtifact};
crates/amun-constitutional-signing/tests/signing_tests.rs:50:    let m2 = ConstitutionalManifest::new("gen".into(), "spec".into(), "ts".into());
crates/amun-constitutional-signing/tests/signing_tests.rs:60:    let manifest = ConstitutionalManifest::new("gen".into(), "spec".into(), "ts".into());
crates/amun-constitutional-signing/tests/signing_tests.rs:61:    let keypair = ConstitutionalKeyPair::generate();
crates/amun-constitutional-signing/tests/signing_tests.rs:8:    let manifest = ConstitutionalManifest::new(
crates/amun-constitutional-sim/tests/phase_116_engineering_map.rs:31:    println!("\n=== Phase 116C: Constitutional Engineering Map ===");
crates/amun-constitutional-state/src/lib.rs:104:        let mut rt = ConstitutionalStateRuntime::new();
crates/amun-constitutional-state/src/lib.rs:111:        let mut rt = ConstitutionalStateRuntime::new();
crates/amun-constitutional-state/src/lib.rs:119:        let mut rt1 = ConstitutionalStateRuntime::new();
crates/amun-constitutional-state/src/lib.rs:120:        let mut rt2 = ConstitutionalStateRuntime::new();
crates/amun-constitutional-state/src/lib.rs:128:        let mut rt1 = ConstitutionalStateRuntime::new();
crates/amun-constitutional-state/src/lib.rs:129:        let mut rt2 = ConstitutionalStateRuntime::new();
crates/amun-constitutional-state/src/lib.rs:137:        let mut rt = ConstitutionalStateRuntime::new();
crates/amun-constitutional-state/src/lib.rs:140:        let empty = ConstitutionalStateRuntime::new().state_root();
crates/amun-constitutional-state/src/lib.rs:147:        let key = ConstitutionalStateRuntime::canonical_key(keys::TRANSITION, &id);
crates/amun-constitutional-state/src/lib.rs:153:        let mut rt = ConstitutionalStateRuntime::new();
crates/amun-constitutional-state/src/lib.rs:161:        let mut rt1 = ConstitutionalStateRuntime::new();
crates/amun-constitutional-state/src/lib.rs:162:        let mut rt2 = ConstitutionalStateRuntime::new();
crates/amun-constitutional-state/src/lib.rs:170:        let mut original = ConstitutionalStateRuntime::new();
crates/amun-constitutional-state/src/lib.rs:175:        let replayed = ConstitutionalStateRuntime::replay(original.journal());
crates/amun-constitutional-state/src/lib.rs:182:        let mut rt1 = ConstitutionalStateRuntime::new();
crates/amun-constitutional-state/src/lib.rs:189:        let rt2 = ConstitutionalStateRuntime::replay(&reversed);
crates/amun-constitutional-state/src/lib.rs:197:pub struct ReplayCertificate {
crates/amun-constitutional-state/src/lib.rs:205:impl ConstitutionalStateRuntime {
crates/amun-constitutional-state/src/lib.rs:21:pub struct ConstitutionalStateRuntime {
crates/amun-constitutional-state/src/lib.rs:223:    ) -> ReplayCertificate {
crates/amun-constitutional-state/src/lib.rs:224:        ReplayCertificate {
crates/amun-constitutional-state/src/lib.rs:234:impl ReplayCertificate {
crates/amun-constitutional-state/src/lib.rs:237:        let replayed = ConstitutionalStateRuntime::replay(records);
crates/amun-constitutional-state/src/lib.rs:250:        let mut rt = ConstitutionalStateRuntime::new();
crates/amun-constitutional-state/src/lib.rs:261:        let mut rt = ConstitutionalStateRuntime::new();
crates/amun-constitutional-state/src/lib.rs:26:impl ConstitutionalStateRuntime {
crates/amun-constitutional-state/src/lib.rs:277:impl ReplayCertificate {
crates/amun-constitutional-state/src/lib.rs:307:        let mut rt = ConstitutionalStateRuntime::new();
crates/amun-constitutional-state/src/lib.rs:316:        let mut rt = ConstitutionalStateRuntime::new();
crates/amun-constitutional-state/src/lib.rs:325:        let mut rt1 = ConstitutionalStateRuntime::new();
crates/amun-constitutional-state/src/lib.rs:326:        let mut rt2 = ConstitutionalStateRuntime::new();
crates/amun-constitutional-state/src/lib.rs:336:        let mut rt = ConstitutionalStateRuntime::new();
crates/amun-constitutional-state/src/lib.rs:345:        let mut rt1 = ConstitutionalStateRuntime::new();
crates/amun-constitutional-state/src/lib.rs:346:        let mut rt2 = ConstitutionalStateRuntime::new();
crates/amun-constitutional-state/src/lib.rs:356:impl ConstitutionalStateRuntime {
crates/amun-constitutional-state/src/lib.rs:357:    /// Build a Merkle root from multiple ReplayCertificates.
crates/amun-constitutional-state/src/lib.rs:359:    pub fn certificate_merkle_root(certificates: &[ReplayCertificate]) -> [u8; 32] {
crates/amun-constitutional-state/src/lib.rs:375:        let mut rt = ConstitutionalStateRuntime::new();
crates/amun-constitutional-state/src/lib.rs:378:        let root = ConstitutionalStateRuntime::certificate_merkle_root(std::slice::from_ref(&cert));
crates/amun-constitutional-state/src/lib.rs:380:        let root2 = ConstitutionalStateRuntime::certificate_merkle_root(&[cert]);
crates/amun-constitutional-state/src/lib.rs:387:        let mut rt1 = ConstitutionalStateRuntime::new();
crates/amun-constitutional-state/src/lib.rs:391:        let mut rt2 = ConstitutionalStateRuntime::new();
crates/amun-constitutional-state/src/lib.rs:396:            ConstitutionalStateRuntime::certificate_merkle_root(std::slice::from_ref(&c1));
crates/amun-constitutional-state/src/lib.rs:397:        let root_multi = ConstitutionalStateRuntime::certificate_merkle_root(&[c1, c2]);
crates/amun-constitutional-state/src/lib.rs:402:use amun_constitutional_commitments::smt::MerkleProof;
crates/amun-constitutional-state/src/lib.rs:404:/// A Merkle proof that a specific ReplayCertificate is included
crates/amun-constitutional-state/src/lib.rs:407:pub struct CertificateInclusionProof {
crates/amun-constitutional-state/src/lib.rs:410:    pub proof: MerkleProof,
crates/amun-constitutional-state/src/lib.rs:414:impl ConstitutionalStateRuntime {
crates/amun-constitutional-state/src/lib.rs:418:        certificates: &[ReplayCertificate],
crates/amun-constitutional-state/src/lib.rs:420:    ) -> Option<CertificateInclusionProof> {
crates/amun-constitutional-state/src/lib.rs:431:        Some(CertificateInclusionProof {
crates/amun-constitutional-state/src/lib.rs:440:impl CertificateInclusionProof {
crates/amun-constitutional-state/src/lib.rs:458:        let mut rt1 = ConstitutionalStateRuntime::new();
crates/amun-constitutional-state/src/lib.rs:462:        let mut rt2 = ConstitutionalStateRuntime::new();
crates/amun-constitutional-state/src/lib.rs:467:        let root = ConstitutionalStateRuntime::certificate_merkle_root(&certs);
crates/amun-constitutional-state/src/lib.rs:470:        let proof = ConstitutionalStateRuntime::prove_certificate_inclusion(&certs, &hash).unwrap();
crates/amun-constitutional-state/src/lib.rs:477:        let mut rt1 = ConstitutionalStateRuntime::new();
crates/amun-constitutional-state/src/lib.rs:481:        let mut rt2 = ConstitutionalStateRuntime::new();
crates/amun-constitutional-state/src/lib.rs:489:            ConstitutionalStateRuntime::prove_certificate_inclusion(&certs, &hash).unwrap();
crates/amun-constitutional-state/src/lib.rs:497:        let mut rt = ConstitutionalStateRuntime::new();
crates/amun-constitutional-state/src/lib.rs:503:        let proof = ConstitutionalStateRuntime::prove_certificate_inclusion(&certs, &unknown_hash);
crates/amun-constitutional-state/src/lib.rs:82:    /// Replay a journal to reconstruct the state.
crates/amun-constitutional-state/src/lib.rs:92:impl Default for ConstitutionalStateRuntime {
crates/amun-constitutional-treaties/src/lib.rs:7:pub use treaty::{ConstitutionalTreaty, TreatyStatus, TreatyType};
crates/amun-constitutional-treaties/src/treaty.rs:3:pub struct ConstitutionalTreaty {
crates/amun-constitutional-verifier/src/lib.rs:11:impl Default for ConstitutionalVerifier {
crates/amun-constitutional-verifier/src/lib.rs:17:impl ConstitutionalVerifier {
crates/amun-constitutional-verifier/src/lib.rs:5:// AmunChain Constitutional Verifier
crates/amun-constitutional-verifier/src/lib.rs:9:pub struct ConstitutionalVerifier;
crates/amun-constitutional/src/architectural_invariants.rs:103:/// INVARIANT 7: Replay-Derived State Identity
crates/amun-constitutional/src/architectural_invariants.rs:105:/// Constitutional state identity is derived exclusively from
crates/amun-constitutional/src/architectural_invariants.rs:143:/// INVARIANT 10: Constitutional Causal Validity
crates/amun-constitutional/src/architectural_invariants.rs:145:/// Constitutional validity is causally derived, not temporally derived.
crates/amun-constitutional/src/architectural_invariants.rs:153:    "Constitutional validity is causally derived, not temporally derived.";
crates/amun-constitutional/src/architectural_invariants.rs:155:/// INVARIANT 11: Constitutional Proof Sufficiency
crates/amun-constitutional/src/architectural_invariants.rs:157:/// Constitutional admissibility requires sufficient witnesses, not complete
crates/amun-constitutional/src/architectural_invariants.rs:180:/// INVARIANT 13: Constitutional-Operational Domain Separation
crates/amun-constitutional/src/architectural_invariants.rs:183:/// object. Constitutional hashing and operational hashing are separate
crates/amun-constitutional/src/architectural_invariants.rs:187:    "Constitutional and operational hash domains are separate namespaces.";
crates/amun-constitutional/src/architectural_invariants.rs:1://! Architectural Invariants — constitutional laws of the kernel.
crates/amun-constitutional/src/architectural_invariants.rs:234:/// CONSEQUENCE: Constitutional truth must be derivable identically
crates/amun-constitutional/src/architectural_invariants.rs:24:/// A ReplayCertificate attests replay ADMISSIBILITY, not
crates/amun-constitutional/src/architectural_invariants.rs:250:/// Constitutional derivability alone defines semantic legitimacy.
crates/amun-constitutional/src/architectural_invariants.rs:280:/// INVARIANT 22: Proof Routing Non-Influence
crates/amun-constitutional/src/architectural_invariants.rs:282:/// Proof routing must never influence constitutional admissibility.
crates/amun-constitutional/src/architectural_invariants.rs:291:    "Proof routing must never influence constitutional admissibility.";
crates/amun-constitutional/src/architectural_invariants.rs:324:/// Constitutional evolution must remain derivationally constrained across
crates/amun-constitutional/src/architectural_invariants.rs:345:/// Constitutional truth is not for sale.
crates/amun-constitutional/src/architectural_invariants.rs:392:/// Constitutional translation must preserve sovereignty attribution.
crates/amun-constitutional/src/architectural_invariants.rs:424:            assert!(!invariant.is_empty(), "Invariant must be documented");
crates/amun-constitutional/src/architectural_invariants.rs:80:    "Constitutional artifacts are immutable. Identity = hash.";
crates/amun-constitutional/src/artifact_graph.rs:107:    pub fn add_edge(&mut self, edge: ArtifactEdge) -> Result<(), ConstitutionalFailure> {
crates/amun-constitutional/src/artifact_graph.rs:109:            return Err(ConstitutionalFailure::new(
crates/amun-constitutional/src/artifact_graph.rs:132:    pub fn verify_all_edges(&self) -> Result<(), ConstitutionalFailure> {
crates/amun-constitutional/src/artifact_graph.rs:135:                return Err(ConstitutionalFailure::new(
crates/amun-constitutional/src/artifact_graph.rs:15:    failure_domain, failure_type, severity, ConstitutionalFailure,
crates/amun-constitutional/src/artifact_graph.rs:163:                ArtifactEdgeType::EvidenceToCommitment,
crates/amun-constitutional/src/artifact_graph.rs:17:use crate::kernel_types::ConstitutionalHash;
crates/amun-constitutional/src/artifact_graph.rs:188:            ArtifactEdgeType::EvidenceToCommitment,
crates/amun-constitutional/src/artifact_graph.rs:200:            ArtifactEdgeType::EvidenceToCommitment,
crates/amun-constitutional/src/artifact_graph.rs:206:            g.edges_of_type(ArtifactEdgeType::EvidenceToCommitment)
crates/amun-constitutional/src/artifact_graph.rs:215:            ArtifactEdgeType::EvidenceToCommitment,
crates/amun-constitutional/src/artifact_graph.rs:219:            ArtifactEdgeType::JournalToEvidence,
crates/amun-constitutional/src/artifact_graph.rs:22:    EvidenceToCommitment,
crates/amun-constitutional/src/artifact_graph.rs:232:            ArtifactEdgeType::EvidenceToCommitment,
crates/amun-constitutional/src/artifact_graph.rs:26:    JournalToEvidence,
crates/amun-constitutional/src/artifact_graph.rs:35:        expected: ConstitutionalHash,
crates/amun-constitutional/src/artifact_graph.rs:36:        found: ConstitutionalHash,
crates/amun-constitutional/src/artifact_graph.rs:39:        source_context: ConstitutionalHash,
crates/amun-constitutional/src/artifact_graph.rs:40:        target_context: ConstitutionalHash,
crates/amun-constitutional/src/artifact_graph.rs:61:    pub source_hash: ConstitutionalHash,
crates/amun-constitutional/src/artifact_graph.rs:62:    pub target_hash: ConstitutionalHash,
crates/amun-constitutional/src/artifact_graph.rs:69:        source_hash: ConstitutionalHash,
crates/amun-constitutional/src/artifact_graph.rs:70:        target_hash: ConstitutionalHash,
crates/amun-constitutional/src/artifact_graph.rs:83:        source_hash: ConstitutionalHash,
crates/amun-constitutional/src/artifact_graph.rs:84:        target_hash: ConstitutionalHash,
crates/amun-constitutional/src/canonical_witness.rs:100:            entry(WitnessType::AuditDependency, [0x04; 32]),
crates/amun-constitutional/src/canonical_witness.rs:104:        assert_eq!(entries[0].witness_type, WitnessType::HardDependency);
crates/amun-constitutional/src/canonical_witness.rs:105:        assert_eq!(entries[3].witness_type, WitnessType::CompressionElidable);
crates/amun-constitutional/src/canonical_witness.rs:10://!   1. WitnessType priority (HardDependency first, then Supporting, Audit, Elidable)
crates/amun-constitutional/src/canonical_witness.rs:111:            entry(WitnessType::HardDependency, [0xCC; 32]),
crates/amun-constitutional/src/canonical_witness.rs:112:            entry(WitnessType::HardDependency, [0xAA; 32]),
crates/amun-constitutional/src/canonical_witness.rs:113:            entry(WitnessType::HardDependency, [0xBB; 32]),
crates/amun-constitutional/src/canonical_witness.rs:11://!   2. Artifact hash (lexicographic) within same WitnessType
crates/amun-constitutional/src/canonical_witness.rs:124:            entry(WitnessType::HardDependency, [0xAA; 32]),
crates/amun-constitutional/src/canonical_witness.rs:125:            entry(WitnessType::HardDependency, [0xBB; 32]),
crates/amun-constitutional/src/canonical_witness.rs:126:            entry(WitnessType::SupportingDependency, [0xCC; 32]),
crates/amun-constitutional/src/canonical_witness.rs:134:            entry(WitnessType::SupportingDependency, [0xAA; 32]),
crates/amun-constitutional/src/canonical_witness.rs:135:            entry(WitnessType::HardDependency, [0xBB; 32]),
crates/amun-constitutional/src/canonical_witness.rs:13:use crate::constitutional_witness::WitnessEntry;
crates/amun-constitutional/src/canonical_witness.rs:142:        use crate::constitutional_witness::ConstitutionalWitness;
crates/amun-constitutional/src/canonical_witness.rs:144:            entry(WitnessType::CompressionElidable, [0x01; 32]),
crates/amun-constitutional/src/canonical_witness.rs:145:            entry(WitnessType::HardDependency, [0x02; 32]),
crates/amun-constitutional/src/canonical_witness.rs:147:        let w = ConstitutionalWitness::new(1, 1, 1, [0xAA; 32], [0xAB; 32], entries);
crates/amun-constitutional/src/canonical_witness.rs:14:use crate::witness_type::WitnessType;
crates/amun-constitutional/src/canonical_witness.rs:155:        use crate::constitutional_witness::ConstitutionalWitness;
crates/amun-constitutional/src/canonical_witness.rs:157:            entry(WitnessType::HardDependency, [0xAA; 32]),
crates/amun-constitutional/src/canonical_witness.rs:158:            entry(WitnessType::SupportingDependency, [0xBB; 32]),
crates/amun-constitutional/src/canonical_witness.rs:160:        let w = ConstitutionalWitness::new(1, 1, 1, [0xAA; 32], [0xAB; 32], entries);
crates/amun-constitutional/src/canonical_witness.rs:1://! Canonical Witness Ordering — deterministic proof surface.
crates/amun-constitutional/src/canonical_witness.rs:23:///   5. Within the same WitnessType, entries are sorted by artifact_hash (lexicographic)
crates/amun-constitutional/src/canonical_witness.rs:27:pub fn canonical_order(entries: &mut [WitnessEntry]) {
crates/amun-constitutional/src/canonical_witness.rs:29:        // Primary sort: WitnessType priority
crates/amun-constitutional/src/canonical_witness.rs:43:fn type_priority(wt: WitnessType) -> u8 {
crates/amun-constitutional/src/canonical_witness.rs:45:        WitnessType::HardDependency => 0,
crates/amun-constitutional/src/canonical_witness.rs:46:        WitnessType::SupportingDependency => 1,
crates/amun-constitutional/src/canonical_witness.rs:47:        WitnessType::AuditDependency => 2,
crates/amun-constitutional/src/canonical_witness.rs:48:        WitnessType::CompressionElidable => 3,
crates/amun-constitutional/src/canonical_witness.rs:55:    witness: &crate::constitutional_witness::ConstitutionalWitness,
crates/amun-constitutional/src/canonical_witness.rs:56:) -> crate::constitutional_witness::ConstitutionalWitness {
crates/amun-constitutional/src/canonical_witness.rs:59:    crate::constitutional_witness::ConstitutionalWitness::new(
crates/amun-constitutional/src/canonical_witness.rs:5://!   - Proof portability across runtimes
crates/amun-constitutional/src/canonical_witness.rs:6://!   - Witness caching and equivalence checking
crates/amun-constitutional/src/canonical_witness.rs:70:pub fn is_canonical(entries: &[WitnessEntry]) -> bool {
crates/amun-constitutional/src/canonical_witness.rs:90:    fn entry(wt: WitnessType, hash: [u8; 32]) -> WitnessEntry {
crates/amun-constitutional/src/canonical_witness.rs:91:        WitnessEntry::new(hash, wt)
crates/amun-constitutional/src/canonical_witness.rs:97:            entry(WitnessType::CompressionElidable, [0x01; 32]),
crates/amun-constitutional/src/canonical_witness.rs:98:            entry(WitnessType::HardDependency, [0x02; 32]),
crates/amun-constitutional/src/canonical_witness.rs:99:            entry(WitnessType::SupportingDependency, [0x03; 32]),
crates/amun-constitutional/src/canonical_witness.rs:9://! RULE: Witness entries are ordered canonically by:
crates/amun-constitutional/src/causal_edge.rs:110:    fn verify_provenance(&self) -> Result<(), ConstitutionalFailure> {
crates/amun-constitutional/src/causal_edge.rs:112:            return Err(ConstitutionalFailure::new(
crates/amun-constitutional/src/causal_edge.rs:11:    failure_domain, failure_type, severity, ConstitutionalFailure,
crates/amun-constitutional/src/causal_edge.rs:129:        source_hash: ConstitutionalHash,
crates/amun-constitutional/src/causal_edge.rs:130:        target_hash: ConstitutionalHash,
crates/amun-constitutional/src/causal_edge.rs:132:        context_hash: ConstitutionalHash,
crates/amun-constitutional/src/causal_edge.rs:13:use crate::constitutional_hasher::ConstitutionalHasher;
crates/amun-constitutional/src/causal_edge.rs:14:use crate::constitutional_object::{ConstitutionalIdentity, ConstitutionalObject};
crates/amun-constitutional/src/causal_edge.rs:16:use crate::kernel_types::ConstitutionalHash;
crates/amun-constitutional/src/causal_edge.rs:198:            CausalityType::ConstitutionalDependency,
crates/amun-constitutional/src/causal_edge.rs:21:/// valid without source. Hard dependencies (ConstitutionalDependency) mean
crates/amun-constitutional/src/causal_edge.rs:31:    pub edge_hash: ConstitutionalHash,
crates/amun-constitutional/src/causal_edge.rs:34:    pub source_hash: ConstitutionalHash,
crates/amun-constitutional/src/causal_edge.rs:37:    pub target_hash: ConstitutionalHash,
crates/amun-constitutional/src/causal_edge.rs:43:    pub context_hash: ConstitutionalHash,
crates/amun-constitutional/src/causal_edge.rs:46:impl ConstitutionalIdentity for CausalEdge {
crates/amun-constitutional/src/causal_edge.rs:61:impl ConstitutionalObject for CausalEdge {
crates/amun-constitutional/src/causal_edge.rs:62:    fn constitutional_hash(&self) -> ConstitutionalHash {
crates/amun-constitutional/src/causal_edge.rs:63:        let mut h = ConstitutionalHasher::new(hash_domains::DOMAIN_REPLAY_CERTIFICATE);
crates/amun-constitutional/src/causal_edge.rs:75:    fn verify_structure(&self) -> Result<(), ConstitutionalFailure> {
crates/amun-constitutional/src/causal_edge.rs:77:            return Err(ConstitutionalFailure::new(
crates/amun-constitutional/src/causal_edge.rs:86:            return Err(ConstitutionalFailure::new(
crates/amun-constitutional/src/causal_edge.rs:97:    fn verify_semantics(&self) -> Result<(), ConstitutionalFailure> {
crates/amun-constitutional/src/causal_edge.rs:99:            return Err(ConstitutionalFailure::new(
crates/amun-constitutional/src/causality_chain.rs:102:    fn verify_semantics(&self) -> Result<(), ConstitutionalFailure> {
crates/amun-constitutional/src/causality_chain.rs:104:            return Err(ConstitutionalFailure::new(
crates/amun-constitutional/src/causality_chain.rs:115:    fn verify_provenance(&self) -> Result<(), ConstitutionalFailure> {
crates/amun-constitutional/src/causality_chain.rs:117:            return Err(ConstitutionalFailure::new(
crates/amun-constitutional/src/causality_chain.rs:128:    fn verify_constitutional(&self) -> Result<(), ConstitutionalFailure> {
crates/amun-constitutional/src/causality_chain.rs:12:    failure_domain, failure_type, severity, ConstitutionalFailure,
crates/amun-constitutional/src/causality_chain.rs:133:                return Err(ConstitutionalFailure::new(
crates/amun-constitutional/src/causality_chain.rs:145:                return Err(ConstitutionalFailure::new(
crates/amun-constitutional/src/causality_chain.rs:14:use crate::constitutional_hasher::ConstitutionalHasher;
crates/amun-constitutional/src/causality_chain.rs:15:use crate::constitutional_object::{ConstitutionalIdentity, ConstitutionalObject};
crates/amun-constitutional/src/causality_chain.rs:163:        terminal_hash: ConstitutionalHash,
crates/amun-constitutional/src/causality_chain.rs:165:        context_hash: ConstitutionalHash,
crates/amun-constitutional/src/causality_chain.rs:17:use crate::kernel_types::ConstitutionalHash;
crates/amun-constitutional/src/causality_chain.rs:188:    pub fn starts_from(&self, hash: &ConstitutionalHash) -> bool {
crates/amun-constitutional/src/causality_chain.rs:34:    pub chain_hash: ConstitutionalHash,
crates/amun-constitutional/src/causality_chain.rs:37:    pub terminal_hash: ConstitutionalHash,
crates/amun-constitutional/src/causality_chain.rs:43:    pub context_hash: ConstitutionalHash,
crates/amun-constitutional/src/causality_chain.rs:46:impl ConstitutionalIdentity for CausalityChain {
crates/amun-constitutional/src/causality_chain.rs:61:impl ConstitutionalObject for CausalityChain {
crates/amun-constitutional/src/causality_chain.rs:62:    fn constitutional_hash(&self) -> ConstitutionalHash {
crates/amun-constitutional/src/causality_chain.rs:63:        let mut h = ConstitutionalHasher::new(hash_domains::DOMAIN_REPLAY_CERTIFICATE);
crates/amun-constitutional/src/causality_chain.rs:77:    fn verify_structure(&self) -> Result<(), ConstitutionalFailure> {
crates/amun-constitutional/src/causality_chain.rs:79:            return Err(ConstitutionalFailure::new(
crates/amun-constitutional/src/causality_chain.rs:90:                return Err(ConstitutionalFailure::new(
crates/amun-constitutional/src/causality_type.rs:109:        assert!(!CausalityType::ConstitutionalDependency.is_non_causal());
crates/amun-constitutional/src/causality_type.rs:113:        assert!(CausalityType::ConstitutionalDependency.is_hard_dependency());
crates/amun-constitutional/src/causality_type.rs:13:use crate::constitutional_hasher::ConstitutionalHasher;
crates/amun-constitutional/src/causality_type.rs:15:use crate::kernel_types::ConstitutionalHash;
crates/amun-constitutional/src/causality_type.rs:22:    ConstitutionalDependency = 0x01,
crates/amun-constitutional/src/causality_type.rs:58:    pub fn type_hash(&self) -> ConstitutionalHash {
crates/amun-constitutional/src/causality_type.rs:59:        let mut h = ConstitutionalHasher::new(hash_domains::DOMAIN_REPLAY_CERTIFICATE);
crates/amun-constitutional/src/causality_type.rs:68:            CausalityType::ConstitutionalDependency
crates/amun-constitutional/src/causality_type.rs:88:        matches!(self, CausalityType::ConstitutionalDependency)
crates/amun-constitutional/src/causality_type.rs:97:        assert!(CausalityType::ConstitutionalDependency.is_constitutional_dependency());
crates/amun-constitutional/src/certificate_scope.rs:16:use crate::constitutional_hasher::ConstitutionalHasher;
crates/amun-constitutional/src/certificate_scope.rs:174:    fn make_scope(start: u64, end: u64, outcome: ReplayOutcome) -> CertificateScope {
crates/amun-constitutional/src/certificate_scope.rs:188:        let s1 = make_scope(0, 99, ReplayOutcome::Admitted);
crates/amun-constitutional/src/certificate_scope.rs:189:        let s2 = make_scope(0, 99, ReplayOutcome::Admitted);
crates/amun-constitutional/src/certificate_scope.rs:18:use crate::kernel_types::ConstitutionalHash;
crates/amun-constitutional/src/certificate_scope.rs:196:        let narrow = make_scope(0, 49, ReplayOutcome::Admitted);
crates/amun-constitutional/src/certificate_scope.rs:197:        let broad = make_scope(0, 99, ReplayOutcome::Admitted);
crates/amun-constitutional/src/certificate_scope.rs:19:use crate::replay_outcome::ReplayOutcome;
crates/amun-constitutional/src/certificate_scope.rs:203:        let narrow = make_scope(0, 49, ReplayOutcome::Admitted);
crates/amun-constitutional/src/certificate_scope.rs:204:        let broad = make_scope(0, 99, ReplayOutcome::Divergent);
crates/amun-constitutional/src/certificate_scope.rs:213:        let s1 = make_scope(0, 99, ReplayOutcome::Admitted);
crates/amun-constitutional/src/certificate_scope.rs:214:        let mut s2 = make_scope(0, 99, ReplayOutcome::Admitted);
crates/amun-constitutional/src/certificate_scope.rs:222:        let s1 = make_scope(0, 50, ReplayOutcome::Admitted);
crates/amun-constitutional/src/certificate_scope.rs:223:        let s2 = make_scope(25, 75, ReplayOutcome::Divergent);
crates/amun-constitutional/src/certificate_scope.rs:229:        let scope = make_scope(10, 20, ReplayOutcome::Admitted);
crates/amun-constitutional/src/certificate_scope.rs:240:            make_scope(0, 99, ReplayOutcome::Admitted).span_length(),
crates/amun-constitutional/src/certificate_scope.rs:244:            make_scope(10, 20, ReplayOutcome::Admitted).span_length(),
crates/amun-constitutional/src/certificate_scope.rs:251:        let parent = make_scope(0, 99, ReplayOutcome::Admitted);
crates/amun-constitutional/src/certificate_scope.rs:252:        let child = make_scope(0, 49, ReplayOutcome::Admitted);
crates/amun-constitutional/src/certificate_scope.rs:258:        let parent = make_scope(0, 99, ReplayOutcome::Admitted);
crates/amun-constitutional/src/certificate_scope.rs:259:        let mut child = make_scope(0, 49, ReplayOutcome::Admitted);
crates/amun-constitutional/src/certificate_scope.rs:266:        let s1 = make_scope(0, 99, ReplayOutcome::Admitted);
crates/amun-constitutional/src/certificate_scope.rs:267:        let s2 = make_scope(0, 99, ReplayOutcome::Admitted);
crates/amun-constitutional/src/certificate_scope.rs:273:        let s1 = make_scope(0, 99, ReplayOutcome::Admitted);
crates/amun-constitutional/src/certificate_scope.rs:274:        let s2 = make_scope(0, 49, ReplayOutcome::Admitted);
crates/amun-constitutional/src/certificate_scope.rs:54:    pub context_hash: ConstitutionalHash,
crates/amun-constitutional/src/certificate_scope.rs:56:    /// Constitutional revision this certificate was issued under.
crates/amun-constitutional/src/certificate_scope.rs:59:    /// Replay revision this certificate was issued under.
crates/amun-constitutional/src/certificate_scope.rs:63:    pub boundary_hash: ConstitutionalHash,
crates/amun-constitutional/src/certificate_scope.rs:66:    pub outcome: ReplayOutcome,
crates/amun-constitutional/src/certificate_scope.rs:71:    pub fn scope_hash(&self) -> ConstitutionalHash {
crates/amun-constitutional/src/certificate_scope.rs:72:        let mut h = ConstitutionalHasher::new(hash_domains::DOMAIN_REPLAY_CERTIFICATE);
crates/amun-constitutional/src/constitutional_failure.rs:196:    pub fn with_execution_context(mut self, h: ConstitutionalHash) -> Self {
crates/amun-constitutional/src/constitutional_failure.rs:1:use crate::constitutional_hasher::ConstitutionalHasher;
crates/amun-constitutional/src/constitutional_failure.rs:201:    pub fn with_causal_parent(mut self, h: ConstitutionalHash) -> Self {
crates/amun-constitutional/src/constitutional_failure.rs:206:    pub fn with_invariant(mut self, id: u64, lineage: ConstitutionalHash) -> Self {
crates/amun-constitutional/src/constitutional_failure.rs:212:    pub fn with_parent(mut self, parent_hash: ConstitutionalHash) -> Self {
crates/amun-constitutional/src/constitutional_failure.rs:222:    fn m() -> ConstitutionalFailure {
crates/amun-constitutional/src/constitutional_failure.rs:223:        ConstitutionalFailure::new(
crates/amun-constitutional/src/constitutional_failure.rs:241:        let f1 = ConstitutionalFailure::new(
crates/amun-constitutional/src/constitutional_failure.rs:248:        let f2 = ConstitutionalFailure::new(
crates/amun-constitutional/src/constitutional_failure.rs:2:use crate::kernel_types::ConstitutionalHash;
crates/amun-constitutional/src/constitutional_failure.rs:35:pub struct ConstitutionalFailure {
crates/amun-constitutional/src/constitutional_failure.rs:42:    pub failure_hash: ConstitutionalHash,
crates/amun-constitutional/src/constitutional_failure.rs:48:    pub causal_parent_hash: Option<ConstitutionalHash>,
crates/amun-constitutional/src/constitutional_failure.rs:49:    pub execution_context_hash: Option<ConstitutionalHash>,
crates/amun-constitutional/src/constitutional_failure.rs:54:    pub invariant_lineage_root: Option<ConstitutionalHash>,
crates/amun-constitutional/src/constitutional_failure.rs:55:    pub parent_failure_hash: Option<ConstitutionalHash>,
crates/amun-constitutional/src/constitutional_failure.rs:58:impl ConstitutionalFailure {
crates/amun-constitutional/src/constitutional_failure.rs:92:    pub fn constitutional_hash(&self) -> ConstitutionalHash {
crates/amun-constitutional/src/constitutional_failure.rs:93:        let mut h = ConstitutionalHasher::new(crate::hash_domains::DOMAIN_CONSTITUTIONAL_FAILURE);
crates/amun-constitutional/src/constitutional_hasher.rs:100:        let h2 = ConstitutionalHasher::new(b"TYPE_B")
crates/amun-constitutional/src/constitutional_hasher.rs:109:        let h1 = ConstitutionalHasher::new(b"TEST")
crates/amun-constitutional/src/constitutional_hasher.rs:10:impl ConstitutionalHasher {
crates/amun-constitutional/src/constitutional_hasher.rs:114:        let mut hasher = ConstitutionalHasher::new(b"TEST");
crates/amun-constitutional/src/constitutional_hasher.rs:6:pub struct ConstitutionalHasher {
crates/amun-constitutional/src/constitutional_hasher.rs:83:        let h1 = ConstitutionalHasher::new(b"TEST")
crates/amun-constitutional/src/constitutional_hasher.rs:87:        let h2 = ConstitutionalHasher::new(b"TEST")
crates/amun-constitutional/src/constitutional_hasher.rs:96:        let h1 = ConstitutionalHasher::new(b"TYPE_A")
crates/amun-constitutional/src/constitutional_object.rs:11:    fn verify(&self) -> Result<(), ConstitutionalFailure> {
crates/amun-constitutional/src/constitutional_object.rs:1:use crate::constitutional_failure::ConstitutionalFailure;
crates/amun-constitutional/src/constitutional_object.rs:20:pub trait ConstitutionalIdentity {
crates/amun-constitutional/src/constitutional_object.rs:3:pub trait ConstitutionalObject {
crates/amun-constitutional/src/constitutional_object.rs:5:    fn verify_structure(&self) -> Result<(), ConstitutionalFailure>;
crates/amun-constitutional/src/constitutional_object.rs:6:    fn verify_semantics(&self) -> Result<(), ConstitutionalFailure>;
crates/amun-constitutional/src/constitutional_object.rs:7:    fn verify_provenance(&self) -> Result<(), ConstitutionalFailure>;
crates/amun-constitutional/src/constitutional_object.rs:8:    fn verify_constitutional(&self) -> Result<(), ConstitutionalFailure> {
crates/amun-constitutional/src/constitutional_witness.rs:106:impl ConstitutionalObject for ConstitutionalWitness {
crates/amun-constitutional/src/constitutional_witness.rs:107:    fn constitutional_hash(&self) -> ConstitutionalHash {
crates/amun-constitutional/src/constitutional_witness.rs:108:        let mut h = ConstitutionalHasher::new(hash_domains::DOMAIN_REPLAY_CERTIFICATE);
crates/amun-constitutional/src/constitutional_witness.rs:11:    failure_domain, failure_type, severity, ConstitutionalFailure,
crates/amun-constitutional/src/constitutional_witness.rs:125:    fn verify_structure(&self) -> Result<(), ConstitutionalFailure> {
crates/amun-constitutional/src/constitutional_witness.rs:127:            return Err(ConstitutionalFailure::new(
crates/amun-constitutional/src/constitutional_witness.rs:136:            return Err(ConstitutionalFailure::new(
crates/amun-constitutional/src/constitutional_witness.rs:13:use crate::constitutional_hasher::ConstitutionalHasher;
crates/amun-constitutional/src/constitutional_witness.rs:141:                "Witness must contain at least one entry",
crates/amun-constitutional/src/constitutional_witness.rs:147:    fn verify_semantics(&self) -> Result<(), ConstitutionalFailure> {
crates/amun-constitutional/src/constitutional_witness.rs:149:            return Err(ConstitutionalFailure::new(
crates/amun-constitutional/src/constitutional_witness.rs:14:use crate::constitutional_object::{ConstitutionalIdentity, ConstitutionalObject};
crates/amun-constitutional/src/constitutional_witness.rs:154:                "Witness hash mismatch",
crates/amun-constitutional/src/constitutional_witness.rs:160:    fn verify_provenance(&self) -> Result<(), ConstitutionalFailure> {
crates/amun-constitutional/src/constitutional_witness.rs:162:            return Err(ConstitutionalFailure::new(
crates/amun-constitutional/src/constitutional_witness.rs:16:use crate::kernel_types::ConstitutionalHash;
crates/amun-constitutional/src/constitutional_witness.rs:173:    fn verify_constitutional(&self) -> Result<(), ConstitutionalFailure> {
crates/amun-constitutional/src/constitutional_witness.rs:177:            return Err(ConstitutionalFailure::new(
crates/amun-constitutional/src/constitutional_witness.rs:186:            return Err(ConstitutionalFailure::new(
crates/amun-constitutional/src/constitutional_witness.rs:18:use crate::witness_type::WitnessType;
crates/amun-constitutional/src/constitutional_witness.rs:198:impl ConstitutionalWitness {
crates/amun-constitutional/src/constitutional_witness.rs:1://! ConstitutionalWitness — a formally sufficient constitutional proof surface.
crates/amun-constitutional/src/constitutional_witness.rs:203:        target_artifact_hash: ConstitutionalHash,
crates/amun-constitutional/src/constitutional_witness.rs:204:        context_hash: ConstitutionalHash,
crates/amun-constitutional/src/constitutional_witness.rs:205:        entries: Vec<WitnessEntry>,
crates/amun-constitutional/src/constitutional_witness.rs:22:pub struct WitnessEntry {
crates/amun-constitutional/src/constitutional_witness.rs:237:    pub fn minimal_subset(&self) -> Vec<&WitnessEntry> {
crates/amun-constitutional/src/constitutional_witness.rs:242:    pub fn compressed_subset(&self) -> Vec<&WitnessEntry> {
crates/amun-constitutional/src/constitutional_witness.rs:24:    pub artifact_hash: ConstitutionalHash,
crates/amun-constitutional/src/constitutional_witness.rs:257:            WitnessEntry::hard([0xAA; 32]),
crates/amun-constitutional/src/constitutional_witness.rs:258:            WitnessEntry::supporting([0xBB; 32]),
crates/amun-constitutional/src/constitutional_witness.rs:259:            WitnessEntry::audit([0xCC; 32]),
crates/amun-constitutional/src/constitutional_witness.rs:261:        let w = ConstitutionalWitness::new(1, 1, 1, [0xDD; 32], [0xAB; 32], entries);
crates/amun-constitutional/src/constitutional_witness.rs:26:    pub witness_type: WitnessType,
crates/amun-constitutional/src/constitutional_witness.rs:270:            WitnessEntry::hard([0xAA; 32]),
crates/amun-constitutional/src/constitutional_witness.rs:271:            WitnessEntry::hard([0xBB; 32]),
crates/amun-constitutional/src/constitutional_witness.rs:272:            WitnessEntry::supporting([0xCC; 32]),
crates/amun-constitutional/src/constitutional_witness.rs:273:            WitnessEntry::elidable([0xDD; 32]),
crates/amun-constitutional/src/constitutional_witness.rs:275:        let w = ConstitutionalWitness::new(1, 1, 1, [0xEE; 32], [0xAB; 32], entries);
crates/amun-constitutional/src/constitutional_witness.rs:284:            WitnessEntry::hard([0xAA; 32]),
crates/amun-constitutional/src/constitutional_witness.rs:285:            WitnessEntry::elidable([0xBB; 32]),
crates/amun-constitutional/src/constitutional_witness.rs:286:            WitnessEntry::elidable([0xCC; 32]),
crates/amun-constitutional/src/constitutional_witness.rs:288:        let w = ConstitutionalWitness::new(1, 1, 1, [0xDD; 32], [0xAB; 32], entries);
crates/amun-constitutional/src/constitutional_witness.rs:296:        let w = ConstitutionalWitness::new(1, 1, 1, [0xDD; 32], [0xAB; 32], vec![]);
crates/amun-constitutional/src/constitutional_witness.rs:302:        let entries = vec![WitnessEntry::hard([0xAA; 32])];
crates/amun-constitutional/src/constitutional_witness.rs:303:        let mut w = ConstitutionalWitness::new(1, 1, 1, [0xDD; 32], [0xAB; 32], entries);
crates/amun-constitutional/src/constitutional_witness.rs:312:            WitnessEntry::hard([0xAA; 32]),
crates/amun-constitutional/src/constitutional_witness.rs:313:            WitnessEntry::supporting([0xBB; 32]),
crates/amun-constitutional/src/constitutional_witness.rs:315:        let w1 = ConstitutionalWitness::new(1, 1, 1, [0xDD; 32], [0xAB; 32], e1);
crates/amun-constitutional/src/constitutional_witness.rs:317:            WitnessEntry::hard([0xAA; 32]),
crates/amun-constitutional/src/constitutional_witness.rs:318:            WitnessEntry::supporting([0xBB; 32]),
crates/amun-constitutional/src/constitutional_witness.rs:31:impl WitnessEntry {
crates/amun-constitutional/src/constitutional_witness.rs:320:        let w2 = ConstitutionalWitness::new(1, 1, 1, [0xDD; 32], [0xAB; 32], e2);
crates/amun-constitutional/src/constitutional_witness.rs:327:            WitnessEntry::hard([0xAA; 32]),
crates/amun-constitutional/src/constitutional_witness.rs:328:            WitnessEntry::supporting([0xBB; 32]),
crates/amun-constitutional/src/constitutional_witness.rs:32:    pub fn new(artifact_hash: ConstitutionalHash, witness_type: WitnessType) -> Self {
crates/amun-constitutional/src/constitutional_witness.rs:331:            WitnessEntry::supporting([0xBB; 32]),
crates/amun-constitutional/src/constitutional_witness.rs:332:            WitnessEntry::hard([0xAA; 32]),
crates/amun-constitutional/src/constitutional_witness.rs:334:        let w1 = ConstitutionalWitness::new(1, 1, 1, [0xDD; 32], [0xAB; 32], e1);
crates/amun-constitutional/src/constitutional_witness.rs:335:        let w2 = ConstitutionalWitness::new(1, 1, 1, [0xDD; 32], [0xAB; 32], e2);
crates/amun-constitutional/src/constitutional_witness.rs:40:    pub fn hard(artifact_hash: ConstitutionalHash) -> Self {
crates/amun-constitutional/src/constitutional_witness.rs:41:        Self::new(artifact_hash, WitnessType::HardDependency)
crates/amun-constitutional/src/constitutional_witness.rs:44:    pub fn supporting(artifact_hash: ConstitutionalHash) -> Self {
crates/amun-constitutional/src/constitutional_witness.rs:45:        Self::new(artifact_hash, WitnessType::SupportingDependency)
crates/amun-constitutional/src/constitutional_witness.rs:48:    pub fn audit(artifact_hash: ConstitutionalHash) -> Self {
crates/amun-constitutional/src/constitutional_witness.rs:49:        Self::new(artifact_hash, WitnessType::AuditDependency)
crates/amun-constitutional/src/constitutional_witness.rs:52:    pub fn elidable(artifact_hash: ConstitutionalHash) -> Self {
crates/amun-constitutional/src/constitutional_witness.rs:53:        Self::new(artifact_hash, WitnessType::CompressionElidable)
crates/amun-constitutional/src/constitutional_witness.rs:66:pub struct ConstitutionalWitness {
crates/amun-constitutional/src/constitutional_witness.rs:6://! INVARIANT: Every artifact in the witness has a defined WitnessType.
crates/amun-constitutional/src/constitutional_witness.rs:73:    pub witness_hash: ConstitutionalHash,
crates/amun-constitutional/src/constitutional_witness.rs:76:    pub entries: Vec<WitnessEntry>,
crates/amun-constitutional/src/constitutional_witness.rs:79:    pub target_artifact_hash: ConstitutionalHash,
crates/amun-constitutional/src/constitutional_witness.rs:82:    pub context_hash: ConstitutionalHash,
crates/amun-constitutional/src/constitutional_witness.rs:91:impl ConstitutionalIdentity for ConstitutionalWitness {
crates/amun-constitutional/src/continuation_chain.rs:103:    fn verify_semantics(&self) -> Result<(), ConstitutionalFailure> {
crates/amun-constitutional/src/continuation_chain.rs:105:            return Err(ConstitutionalFailure::new(
crates/amun-constitutional/src/continuation_chain.rs:116:    fn verify_provenance(&self) -> Result<(), ConstitutionalFailure> {
crates/amun-constitutional/src/continuation_chain.rs:118:            return Err(ConstitutionalFailure::new(
crates/amun-constitutional/src/continuation_chain.rs:136:        first_entry_hash: ConstitutionalHash,
crates/amun-constitutional/src/continuation_chain.rs:137:        first_receipt_hash: ConstitutionalHash,
crates/amun-constitutional/src/continuation_chain.rs:138:        context_hash: ConstitutionalHash,
crates/amun-constitutional/src/continuation_chain.rs:139:        inherited_boundary_hash: ConstitutionalHash,
crates/amun-constitutional/src/continuation_chain.rs:13:    failure_domain, failure_type, severity, ConstitutionalFailure,
crates/amun-constitutional/src/continuation_chain.rs:140:        parent_chain_hash: Option<ConstitutionalHash>,
crates/amun-constitutional/src/continuation_chain.rs:15:use crate::constitutional_hasher::ConstitutionalHasher;
crates/amun-constitutional/src/continuation_chain.rs:165:    ) -> Result<(), ConstitutionalFailure> {
crates/amun-constitutional/src/continuation_chain.rs:167:            return Err(ConstitutionalFailure::new(
crates/amun-constitutional/src/continuation_chain.rs:16:use crate::constitutional_object::{ConstitutionalIdentity, ConstitutionalObject};
crates/amun-constitutional/src/continuation_chain.rs:176:            return Err(ConstitutionalFailure::new(
crates/amun-constitutional/src/continuation_chain.rs:18:use crate::kernel_types::ConstitutionalHash;
crates/amun-constitutional/src/continuation_chain.rs:191:    use crate::snapshot::ConstitutionalSnapshot;
crates/amun-constitutional/src/continuation_chain.rs:195:        let s = ConstitutionalSnapshot::new(
crates/amun-constitutional/src/continuation_chain.rs:37:    pub chain_hash: ConstitutionalHash,
crates/amun-constitutional/src/continuation_chain.rs:40:    pub restoration_point_hash: ConstitutionalHash,
crates/amun-constitutional/src/continuation_chain.rs:44:    pub first_entry_after_restoration: ConstitutionalHash,
crates/amun-constitutional/src/continuation_chain.rs:47:    pub first_receipt_after_restoration: ConstitutionalHash,
crates/amun-constitutional/src/continuation_chain.rs:50:    pub context_hash: ConstitutionalHash,
crates/amun-constitutional/src/continuation_chain.rs:53:    pub inherited_boundary_hash: ConstitutionalHash,
crates/amun-constitutional/src/continuation_chain.rs:56:    pub parent_chain_hash: Option<ConstitutionalHash>,
crates/amun-constitutional/src/continuation_chain.rs:59:impl ConstitutionalIdentity for ContinuationChain {
crates/amun-constitutional/src/continuation_chain.rs:74:impl ConstitutionalObject for ContinuationChain {
crates/amun-constitutional/src/continuation_chain.rs:75:    fn constitutional_hash(&self) -> ConstitutionalHash {
crates/amun-constitutional/src/continuation_chain.rs:76:        let mut h = ConstitutionalHasher::new(hash_domains::DOMAIN_REPLAY_CERTIFICATE);
crates/amun-constitutional/src/continuation_chain.rs:90:    fn verify_structure(&self) -> Result<(), ConstitutionalFailure> {
crates/amun-constitutional/src/continuation_chain.rs:92:            return Err(ConstitutionalFailure::new(
crates/amun-constitutional/src/cycle_detection.rs:119:            CausalityType::ConstitutionalDependency,
crates/amun-constitutional/src/cycle_detection.rs:15:        artifact_hash: ConstitutionalHash,
crates/amun-constitutional/src/cycle_detection.rs:18:        cycle_path: Vec<ConstitutionalHash>,
crates/amun-constitutional/src/cycle_detection.rs:36:    let mut all_hashes: Vec<ConstitutionalHash> = Vec::new();
crates/amun-constitutional/src/cycle_detection.rs:79:    all_hashes: &[ConstitutionalHash],
crates/amun-constitutional/src/cycle_detection.rs:7:use crate::kernel_types::ConstitutionalHash;
crates/amun-constitutional/src/cycle_detection.rs:86:            let cycle_path: Vec<ConstitutionalHash> = path[cycle_start..]
crates/amun-constitutional/src/divergence_point.rs:106:    fn verify_semantics(&self) -> Result<(), ConstitutionalFailure> {
crates/amun-constitutional/src/divergence_point.rs:108:            return Err(ConstitutionalFailure::new(
crates/amun-constitutional/src/divergence_point.rs:10:use crate::constitutional_object::{ConstitutionalIdentity, ConstitutionalObject};
crates/amun-constitutional/src/divergence_point.rs:119:    fn verify_provenance(&self) -> Result<(), ConstitutionalFailure> {
crates/amun-constitutional/src/divergence_point.rs:121:            return Err(ConstitutionalFailure::new(
crates/amun-constitutional/src/divergence_point.rs:13:use crate::kernel_types::ConstitutionalHash;
crates/amun-constitutional/src/divergence_point.rs:140:        expected_hash: ConstitutionalHash,
crates/amun-constitutional/src/divergence_point.rs:141:        observed_hash: ConstitutionalHash,
crates/amun-constitutional/src/divergence_point.rs:142:        context_hash: ConstitutionalHash,
crates/amun-constitutional/src/divergence_point.rs:143:        boundary_hash: ConstitutionalHash,
crates/amun-constitutional/src/divergence_point.rs:144:        failure_hash: Option<ConstitutionalHash>,
crates/amun-constitutional/src/divergence_point.rs:145:        parent_divergence_hash: Option<ConstitutionalHash>,
crates/amun-constitutional/src/divergence_point.rs:187:            DivergenceType::ConstitutionalFork,
crates/amun-constitutional/src/divergence_point.rs:204:            DivergenceType::ConstitutionalFork,
crates/amun-constitutional/src/divergence_point.rs:222:            DivergenceType::ReplayError,
crates/amun-constitutional/src/divergence_point.rs:240:            DivergenceType::ConstitutionalFork,
crates/amun-constitutional/src/divergence_point.rs:253:            DivergenceType::ConstitutionalFork,
crates/amun-constitutional/src/divergence_point.rs:29:    pub divergence_hash: ConstitutionalHash,
crates/amun-constitutional/src/divergence_point.rs:38:    pub expected_hash: ConstitutionalHash,
crates/amun-constitutional/src/divergence_point.rs:41:    pub observed_hash: ConstitutionalHash,
crates/amun-constitutional/src/divergence_point.rs:44:    pub context_hash: ConstitutionalHash,
crates/amun-constitutional/src/divergence_point.rs:47:    pub boundary_hash: ConstitutionalHash,
crates/amun-constitutional/src/divergence_point.rs:49:    /// Reference to a ConstitutionalFailure if this divergence produced one.
crates/amun-constitutional/src/divergence_point.rs:50:    pub failure_hash: Option<ConstitutionalHash>,
crates/amun-constitutional/src/divergence_point.rs:53:    pub parent_divergence_hash: Option<ConstitutionalHash>,
crates/amun-constitutional/src/divergence_point.rs:59:impl ConstitutionalIdentity for DivergencePoint {
crates/amun-constitutional/src/divergence_point.rs:74:impl ConstitutionalObject for DivergencePoint {
crates/amun-constitutional/src/divergence_point.rs:75:    fn constitutional_hash(&self) -> ConstitutionalHash {
crates/amun-constitutional/src/divergence_point.rs:76:        let mut h = ConstitutionalHasher::new(hash_domains::DOMAIN_REPLAY_CERTIFICATE);
crates/amun-constitutional/src/divergence_point.rs:7:    failure_domain, failure_type, severity, ConstitutionalFailure,
crates/amun-constitutional/src/divergence_point.rs:93:    fn verify_structure(&self) -> Result<(), ConstitutionalFailure> {
crates/amun-constitutional/src/divergence_point.rs:95:            return Err(ConstitutionalFailure::new(
crates/amun-constitutional/src/divergence_point.rs:9:use crate::constitutional_hasher::ConstitutionalHasher;
crates/amun-constitutional/src/divergence_resolution.rs:100:    fn verify_structure(&self) -> Result<(), ConstitutionalFailure> {
crates/amun-constitutional/src/divergence_resolution.rs:102:            return Err(ConstitutionalFailure::new(
crates/amun-constitutional/src/divergence_resolution.rs:10:use crate::constitutional_object::{ConstitutionalIdentity, ConstitutionalObject};
crates/amun-constitutional/src/divergence_resolution.rs:113:    fn verify_semantics(&self) -> Result<(), ConstitutionalFailure> {
crates/amun-constitutional/src/divergence_resolution.rs:115:            return Err(ConstitutionalFailure::new(
crates/amun-constitutional/src/divergence_resolution.rs:126:    fn verify_provenance(&self) -> Result<(), ConstitutionalFailure> {
crates/amun-constitutional/src/divergence_resolution.rs:128:            return Err(ConstitutionalFailure::new(
crates/amun-constitutional/src/divergence_resolution.rs:12:use crate::kernel_types::ConstitutionalHash;
crates/amun-constitutional/src/divergence_resolution.rs:145:        divergence_hash: ConstitutionalHash,
crates/amun-constitutional/src/divergence_resolution.rs:147:        accepted_lineage_hash: ConstitutionalHash,
crates/amun-constitutional/src/divergence_resolution.rs:148:        superseded_lineage_hash: Option<ConstitutionalHash>,
crates/amun-constitutional/src/divergence_resolution.rs:149:        context_hash: ConstitutionalHash,
crates/amun-constitutional/src/divergence_resolution.rs:150:        failure_hash: Option<ConstitutionalHash>,
crates/amun-constitutional/src/divergence_resolution.rs:151:        parent_resolution_hash: Option<ConstitutionalHash>,
crates/amun-constitutional/src/divergence_resolution.rs:28:    pub fn type_hash(&self) -> ConstitutionalHash {
crates/amun-constitutional/src/divergence_resolution.rs:29:        let mut h = ConstitutionalHasher::new(hash_domains::DOMAIN_REPLAY_CERTIFICATE);
crates/amun-constitutional/src/divergence_resolution.rs:44:    pub resolution_hash: ConstitutionalHash,
crates/amun-constitutional/src/divergence_resolution.rs:47:    pub divergence_hash: ConstitutionalHash,
crates/amun-constitutional/src/divergence_resolution.rs:53:    pub accepted_lineage_hash: ConstitutionalHash,
crates/amun-constitutional/src/divergence_resolution.rs:56:    pub superseded_lineage_hash: Option<ConstitutionalHash>,
crates/amun-constitutional/src/divergence_resolution.rs:59:    pub context_hash: ConstitutionalHash,
crates/amun-constitutional/src/divergence_resolution.rs:62:    pub failure_hash: Option<ConstitutionalHash>,
crates/amun-constitutional/src/divergence_resolution.rs:65:    pub parent_resolution_hash: Option<ConstitutionalHash>,
crates/amun-constitutional/src/divergence_resolution.rs:68:impl ConstitutionalIdentity for DivergenceResolution {
crates/amun-constitutional/src/divergence_resolution.rs:7:    failure_domain, failure_type, severity, ConstitutionalFailure,
crates/amun-constitutional/src/divergence_resolution.rs:83:impl ConstitutionalObject for DivergenceResolution {
crates/amun-constitutional/src/divergence_resolution.rs:84:    fn constitutional_hash(&self) -> ConstitutionalHash {
crates/amun-constitutional/src/divergence_resolution.rs:85:        let mut h = ConstitutionalHasher::new(hash_domains::DOMAIN_REPLAY_CERTIFICATE);
crates/amun-constitutional/src/divergence_resolution.rs:9:use crate::constitutional_hasher::ConstitutionalHasher;
crates/amun-constitutional/src/divergence_type.rs:16:    ConstitutionalFork = 0x01,
crates/amun-constitutional/src/divergence_type.rs:20:    ReplayError = 0x02,
crates/amun-constitutional/src/divergence_type.rs:36:    ConstitutionalSupersession = 0x06,
crates/amun-constitutional/src/divergence_type.rs:40:    pub fn type_hash(&self) -> ConstitutionalHash {
crates/amun-constitutional/src/divergence_type.rs:41:        let mut h = ConstitutionalHasher::new(hash_domains::DOMAIN_REPLAY_CERTIFICATE);
crates/amun-constitutional/src/divergence_type.rs:50:            DivergenceType::ConstitutionalFork
crates/amun-constitutional/src/divergence_type.rs:52:                | DivergenceType::ConstitutionalSupersession
crates/amun-constitutional/src/divergence_type.rs:60:            DivergenceType::ReplayError | DivergenceType::BoundaryViolation
crates/amun-constitutional/src/divergence_type.rs:75:        assert!(DivergenceType::ConstitutionalFork.is_admissible());
crates/amun-constitutional/src/divergence_type.rs:77:        assert!(DivergenceType::ConstitutionalSupersession.is_admissible());
crates/amun-constitutional/src/divergence_type.rs:7:use crate::constitutional_hasher::ConstitutionalHasher;
crates/amun-constitutional/src/divergence_type.rs:81:        assert!(DivergenceType::ReplayError.is_error());
crates/amun-constitutional/src/divergence_type.rs:83:        assert!(!DivergenceType::ConstitutionalFork.is_error());
crates/amun-constitutional/src/divergence_type.rs:88:        assert!(!DivergenceType::ReplayError.is_ambiguous());
crates/amun-constitutional/src/divergence_type.rs:9:use crate::kernel_types::ConstitutionalHash;
crates/amun-constitutional/src/execution_boundary.rs:107:    fn verify_provenance(&self) -> Result<(), ConstitutionalFailure> {
crates/amun-constitutional/src/execution_boundary.rs:109:            return Err(ConstitutionalFailure::new(
crates/amun-constitutional/src/execution_boundary.rs:29:impl ConstitutionalIdentity for ExecutionBoundary {
crates/amun-constitutional/src/execution_boundary.rs:2:    failure_domain, failure_type, severity, ConstitutionalFailure,
crates/amun-constitutional/src/execution_boundary.rs:44:impl ConstitutionalObject for ExecutionBoundary {
crates/amun-constitutional/src/execution_boundary.rs:46:        let mut h = ConstitutionalHasher::new(crate::hash_domains::DOMAIN_EXECUTION_BOUNDARY);
crates/amun-constitutional/src/execution_boundary.rs:4:use crate::constitutional_hasher::ConstitutionalHasher;
crates/amun-constitutional/src/execution_boundary.rs:5:use crate::constitutional_object::{ConstitutionalIdentity, ConstitutionalObject};
crates/amun-constitutional/src/execution_boundary.rs:63:    fn verify_structure(&self) -> Result<(), ConstitutionalFailure> {
crates/amun-constitutional/src/execution_boundary.rs:65:            return Err(ConstitutionalFailure::new(
crates/amun-constitutional/src/execution_boundary.rs:74:            return Err(ConstitutionalFailure::new(
crates/amun-constitutional/src/execution_boundary.rs:84:                return Err(ConstitutionalFailure::new(
crates/amun-constitutional/src/execution_boundary.rs:95:    fn verify_semantics(&self) -> Result<(), ConstitutionalFailure> {
crates/amun-constitutional/src/execution_boundary.rs:97:            return Err(ConstitutionalFailure::new(
crates/amun-constitutional/src/execution_context.rs:22:impl ConstitutionalIdentity for ExecutionContext {
crates/amun-constitutional/src/execution_context.rs:2:    failure_domain, failure_type, severity, ConstitutionalFailure,
crates/amun-constitutional/src/execution_context.rs:37:impl ConstitutionalObject for ExecutionContext {
crates/amun-constitutional/src/execution_context.rs:39:        let mut h = ConstitutionalHasher::new(crate::hash_domains::DOMAIN_EXECUTION_CONTEXT);
crates/amun-constitutional/src/execution_context.rs:4:use crate::constitutional_hasher::ConstitutionalHasher;
crates/amun-constitutional/src/execution_context.rs:50:    fn verify_structure(&self) -> Result<(), ConstitutionalFailure> {
crates/amun-constitutional/src/execution_context.rs:52:            return Err(ConstitutionalFailure::new(
crates/amun-constitutional/src/execution_context.rs:5:use crate::constitutional_object::{ConstitutionalIdentity, ConstitutionalObject};
crates/amun-constitutional/src/execution_context.rs:62:    fn verify_semantics(&self) -> Result<(), ConstitutionalFailure> {
crates/amun-constitutional/src/execution_context.rs:64:            return Err(ConstitutionalFailure::new(
crates/amun-constitutional/src/execution_context.rs:74:    fn verify_provenance(&self) -> Result<(), ConstitutionalFailure> {
crates/amun-constitutional/src/execution_context.rs:76:            return Err(ConstitutionalFailure::new(
crates/amun-constitutional/src/execution_journal.rs:147:impl ConstitutionalIdentity for ExecutionJournal {
crates/amun-constitutional/src/execution_journal.rs:162:impl ConstitutionalObject for ExecutionJournal {
crates/amun-constitutional/src/execution_journal.rs:164:        let mut h = ConstitutionalHasher::new(crate::hash_domains::DOMAIN_EXECUTION_JOURNAL);
crates/amun-constitutional/src/execution_journal.rs:174:    fn verify_structure(&self) -> Result<(), ConstitutionalFailure> {
crates/amun-constitutional/src/execution_journal.rs:176:            return Err(ConstitutionalFailure::new(
crates/amun-constitutional/src/execution_journal.rs:186:    fn verify_semantics(&self) -> Result<(), ConstitutionalFailure> {
crates/amun-constitutional/src/execution_journal.rs:188:            return Err(ConstitutionalFailure::new(
crates/amun-constitutional/src/execution_journal.rs:198:    fn verify_provenance(&self) -> Result<(), ConstitutionalFailure> {
crates/amun-constitutional/src/execution_journal.rs:200:            return Err(ConstitutionalFailure::new(
crates/amun-constitutional/src/execution_journal.rs:230:    pub fn append(&self, entry: &JournalEntry) -> Result<Self, ConstitutionalFailure> {
crates/amun-constitutional/src/execution_journal.rs:233:            return Err(ConstitutionalFailure::new(
crates/amun-constitutional/src/execution_journal.rs:238:                "Constitutional revision mismatch",
crates/amun-constitutional/src/execution_journal.rs:242:            return Err(ConstitutionalFailure::new(
crates/amun-constitutional/src/execution_journal.rs:247:                "Replay revision mismatch",
crates/amun-constitutional/src/execution_journal.rs:254:                return Err(ConstitutionalFailure::new(
crates/amun-constitutional/src/execution_journal.rs:25:impl ConstitutionalIdentity for JournalEntry {
crates/amun-constitutional/src/execution_journal.rs:264:            return Err(ConstitutionalFailure::new(
crates/amun-constitutional/src/execution_journal.rs:2:    failure_domain, failure_type, severity, ConstitutionalFailure,
crates/amun-constitutional/src/execution_journal.rs:40:impl ConstitutionalObject for JournalEntry {
crates/amun-constitutional/src/execution_journal.rs:42:        let mut h = ConstitutionalHasher::new(crate::hash_domains::DOMAIN_JOURNAL_ENTRY);
crates/amun-constitutional/src/execution_journal.rs:4:use crate::constitutional_hasher::ConstitutionalHasher;
crates/amun-constitutional/src/execution_journal.rs:54:    fn verify_structure(&self) -> Result<(), ConstitutionalFailure> {
crates/amun-constitutional/src/execution_journal.rs:56:            return Err(ConstitutionalFailure::new(
crates/amun-constitutional/src/execution_journal.rs:5:use crate::constitutional_object::{ConstitutionalIdentity, ConstitutionalObject};
crates/amun-constitutional/src/execution_journal.rs:66:    fn verify_semantics(&self) -> Result<(), ConstitutionalFailure> {
crates/amun-constitutional/src/execution_journal.rs:68:            return Err(ConstitutionalFailure::new(
crates/amun-constitutional/src/execution_journal.rs:78:    fn verify_provenance(&self) -> Result<(), ConstitutionalFailure> {
crates/amun-constitutional/src/execution_journal.rs:80:            return Err(ConstitutionalFailure::new(
crates/amun-constitutional/src/execution_limits.rs:111:    fn e(id: u64, ty: u16, dom: u8, sev: u8, desc: &str) -> ConstitutionalFailure {
crates/amun-constitutional/src/execution_limits.rs:112:        ConstitutionalFailure::new(id, ty, dom, sev, desc)
crates/amun-constitutional/src/execution_limits.rs:114:    pub fn verify_structure(&self) -> Result<(), ConstitutionalFailure> {
crates/amun-constitutional/src/execution_limits.rs:126:    pub fn verify_semantics(&self) -> Result<(), ConstitutionalFailure> {
crates/amun-constitutional/src/execution_limits.rs:138:    pub fn verify_provenance(&self) -> Result<(), ConstitutionalFailure> {
crates/amun-constitutional/src/execution_limits.rs:150:    pub fn verify_constitutional(&self) -> Result<(), ConstitutionalFailure> {
crates/amun-constitutional/src/execution_limits.rs:157:                "Proof depth exceeds transition depth",
crates/amun-constitutional/src/execution_limits.rs:180:    pub fn verify(&self) -> Result<(), ConstitutionalFailure> {
crates/amun-constitutional/src/execution_limits.rs:20:pub struct ProofLimits {
crates/amun-constitutional/src/execution_limits.rs:25:pub struct InvariantLimits {
crates/amun-constitutional/src/execution_limits.rs:2:    failure_domain, failure_type, severity, ConstitutionalFailure,
crates/amun-constitutional/src/execution_limits.rs:44:    pub replay: ReplayLimits,
crates/amun-constitutional/src/execution_limits.rs:46:    pub proof: ProofLimits,
crates/amun-constitutional/src/execution_limits.rs:47:    pub invariant: InvariantLimits,
crates/amun-constitutional/src/execution_limits.rs:4:use crate::constitutional_hasher::ConstitutionalHasher;
crates/amun-constitutional/src/execution_limits.rs:63:            replay: ReplayLimits {
crates/amun-constitutional/src/execution_limits.rs:74:            proof: ProofLimits {
crates/amun-constitutional/src/execution_limits.rs:78:            invariant: InvariantLimits {
crates/amun-constitutional/src/execution_limits.rs:7:pub struct ReplayLimits {
crates/amun-constitutional/src/execution_limits.rs:90:        let mut h = ConstitutionalHasher::new(crate::hash_domains::DOMAIN_EXECUTION_LIMITS);
crates/amun-constitutional/src/execution_receipt.rs:102:impl ConstitutionalObject for ExecutionReceipt {
crates/amun-constitutional/src/execution_receipt.rs:103:    fn constitutional_hash(&self) -> ConstitutionalHash {
crates/amun-constitutional/src/execution_receipt.rs:104:        let mut h = ConstitutionalHasher::new(DOMAIN_EXECUTION_RECEIPT);
crates/amun-constitutional/src/execution_receipt.rs:120:    fn verify_structure(&self) -> Result<(), ConstitutionalFailure> {
crates/amun-constitutional/src/execution_receipt.rs:122:            return Err(ConstitutionalFailure::new(
crates/amun-constitutional/src/execution_receipt.rs:133:    fn verify_semantics(&self) -> Result<(), ConstitutionalFailure> {
crates/amun-constitutional/src/execution_receipt.rs:135:            return Err(ConstitutionalFailure::new(
crates/amun-constitutional/src/execution_receipt.rs:146:    fn verify_provenance(&self) -> Result<(), ConstitutionalFailure> {
crates/amun-constitutional/src/execution_receipt.rs:148:            return Err(ConstitutionalFailure::new(
crates/amun-constitutional/src/execution_receipt.rs:159:    fn verify_constitutional(&self) -> Result<(), ConstitutionalFailure> {
crates/amun-constitutional/src/execution_receipt.rs:15://!   The certificate_hash links to a ReplayCertificate that attests
crates/amun-constitutional/src/execution_receipt.rs:175:        context_hash: ConstitutionalHash,
crates/amun-constitutional/src/execution_receipt.rs:176:        boundary_hash: ConstitutionalHash,
crates/amun-constitutional/src/execution_receipt.rs:177:        commitment_hash: ConstitutionalHash,
crates/amun-constitutional/src/execution_receipt.rs:178:        certificate_hash: ConstitutionalHash,
crates/amun-constitutional/src/execution_receipt.rs:179:        parent_receipt_hash: Option<ConstitutionalHash>,
crates/amun-constitutional/src/execution_receipt.rs:180:        replay_outcome: ReplayOutcome,
crates/amun-constitutional/src/execution_receipt.rs:181:        failure_reference: Option<ConstitutionalHash>,
crates/amun-constitutional/src/execution_receipt.rs:20:    failure_domain, failure_type, severity, ConstitutionalFailure,
crates/amun-constitutional/src/execution_receipt.rs:223:        parent: Option<ConstitutionalHash>,
crates/amun-constitutional/src/execution_receipt.rs:22:use crate::constitutional_hasher::ConstitutionalHasher;
crates/amun-constitutional/src/execution_receipt.rs:236:            ReplayOutcome::Admitted,
crates/amun-constitutional/src/execution_receipt.rs:23:use crate::constitutional_object::{ConstitutionalIdentity, ConstitutionalObject};
crates/amun-constitutional/src/execution_receipt.rs:25:use crate::kernel_types::ConstitutionalHash;
crates/amun-constitutional/src/execution_receipt.rs:26:use crate::replay_outcome::ReplayOutcome;
crates/amun-constitutional/src/execution_receipt.rs:278:            ReplayOutcome::ConstitutionalFailure,
crates/amun-constitutional/src/execution_receipt.rs:292:            ReplayOutcome::ConstitutionalFailure,
crates/amun-constitutional/src/execution_receipt.rs:42:/// `certificate_hash` links to a ReplayCertificate. The certificate model
crates/amun-constitutional/src/execution_receipt.rs:54:    pub receipt_hash: ConstitutionalHash,
crates/amun-constitutional/src/execution_receipt.rs:64:    pub context_hash: ConstitutionalHash,
crates/amun-constitutional/src/execution_receipt.rs:67:    pub boundary_hash: ConstitutionalHash,
crates/amun-constitutional/src/execution_receipt.rs:70:    pub commitment_hash: ConstitutionalHash,
crates/amun-constitutional/src/execution_receipt.rs:73:    pub certificate_hash: ConstitutionalHash,
crates/amun-constitutional/src/execution_receipt.rs:77:    pub parent_receipt_hash: Option<ConstitutionalHash>,
crates/amun-constitutional/src/execution_receipt.rs:79:    /// Constitutional admissibility outcome.
crates/amun-constitutional/src/execution_receipt.rs:80:    pub replay_outcome: ReplayOutcome,
crates/amun-constitutional/src/execution_receipt.rs:82:    /// Reference to a ConstitutionalFailure if outcome is failure.
crates/amun-constitutional/src/execution_receipt.rs:84:    pub failure_reference: Option<ConstitutionalHash>,
crates/amun-constitutional/src/execution_receipt.rs:87:impl ConstitutionalIdentity for ExecutionReceipt {
crates/amun-constitutional/src/hash_domain_registry.rs:10://! with an operational object. Constitutional and operational
crates/amun-constitutional/src/hash_domain_registry.rs:13:/// Constitutional hash domains — IMMUTABLE.
crates/amun-constitutional/src/hash_domain_registry.rs:48:    /// Witness + proof domains
crates/amun-constitutional/src/hash_domains.rs:15:/// Domain: ConstitutionalFailure objects
crates/amun-constitutional/src/hash_domains.rs:33:/// Domain: TransitionEvidence objects
crates/amun-constitutional/src/hash_domains.rs:39:/// Domain: ReplayOutcome objects
crates/amun-constitutional/src/hash_domains.rs:45:/// Domain: ReplayCertificate objects
crates/amun-constitutional/src/kernel_types.rs:14:pub struct ReplayFailure {
crates/amun-constitutional/src/kernel_types.rs:15:    pub failure_hash: ConstitutionalHash,
crates/amun-constitutional/src/kernel_types.rs:16:    pub domain: ReplayDomain,
crates/amun-constitutional/src/kernel_types.rs:21:pub struct ReplayPolicy {
crates/amun-constitutional/src/kernel_types.rs:27:impl Default for ReplayPolicy {
crates/amun-constitutional/src/kernel_types.rs:39:    pub entry_hash: ConstitutionalHash,
crates/amun-constitutional/src/kernel_types.rs:3:pub type ConstitutionalHash = [u8; 32];
crates/amun-constitutional/src/kernel_types.rs:41:    pub domain: ReplayDomain,
crates/amun-constitutional/src/kernel_types.rs:6:pub enum ReplayDomain {
crates/amun-constitutional/src/lib.rs:104:pub use constitutional_failure::{failure_domain, failure_type, severity, ConstitutionalFailure};
crates/amun-constitutional/src/lib.rs:105:pub use constitutional_hasher::ConstitutionalHasher;
crates/amun-constitutional/src/lib.rs:106:pub use constitutional_object::{ConstitutionalIdentity, ConstitutionalObject};
crates/amun-constitutional/src/lib.rs:107:pub use constitutional_witness::{ConstitutionalWitness, WitnessEntry};
crates/amun-constitutional/src/lib.rs:121:pub use replay_certificate::ReplayCertificate;
crates/amun-constitutional/src/lib.rs:122:pub use replay_outcome::ReplayOutcome;
crates/amun-constitutional/src/lib.rs:124:pub use revision_migration::{MigrationPath, RevisionCompatibility, UpgradeProof};
crates/amun-constitutional/src/lib.rs:126:pub use snapshot::ConstitutionalSnapshot;
crates/amun-constitutional/src/lib.rs:128:pub use state_anchor::ConstitutionalStateAnchor;
crates/amun-constitutional/src/lib.rs:131:pub use transition_evidence::TransitionEvidence;
crates/amun-constitutional/src/lib.rs:132:pub use witness_type::WitnessType;
crates/amun-constitutional/src/lib.rs:80:// Witness semantics
crates/amun-constitutional/src/lib.rs:84:// Proof graph correctness
crates/amun-constitutional/src/replay_certificate.rs:101:    fn verify_provenance(&self) -> Result<(), ConstitutionalFailure> {
crates/amun-constitutional/src/replay_certificate.rs:103:            return Err(ConstitutionalFailure::new(
crates/amun-constitutional/src/replay_certificate.rs:114:    fn verify_constitutional(&self) -> Result<(), ConstitutionalFailure> {
crates/amun-constitutional/src/replay_certificate.rs:118:            return Err(ConstitutionalFailure::new(
crates/amun-constitutional/src/replay_certificate.rs:11:use crate::constitutional_hasher::ConstitutionalHasher;
crates/amun-constitutional/src/replay_certificate.rs:12:use crate::constitutional_object::{ConstitutionalIdentity, ConstitutionalObject};
crates/amun-constitutional/src/replay_certificate.rs:130:impl ReplayCertificate {
crates/amun-constitutional/src/replay_certificate.rs:137:        context_hash: ConstitutionalHash,
crates/amun-constitutional/src/replay_certificate.rs:138:        boundary_hash: ConstitutionalHash,
crates/amun-constitutional/src/replay_certificate.rs:139:        outcome: crate::replay_outcome::ReplayOutcome,
crates/amun-constitutional/src/replay_certificate.rs:140:        journal_root: ConstitutionalHash,
crates/amun-constitutional/src/replay_certificate.rs:141:        state_root: ConstitutionalHash,
crates/amun-constitutional/src/replay_certificate.rs:142:        parent_certificate_hash: Option<ConstitutionalHash>,
crates/amun-constitutional/src/replay_certificate.rs:14:use crate::kernel_types::ConstitutionalHash;
crates/amun-constitutional/src/replay_certificate.rs:170:    pub fn outcome(&self) -> crate::replay_outcome::ReplayOutcome {
crates/amun-constitutional/src/replay_certificate.rs:179:        parent: &ReplayCertificate,
crates/amun-constitutional/src/replay_certificate.rs:180:    ) -> Result<(), ConstitutionalFailure> {
crates/amun-constitutional/src/replay_certificate.rs:183:            Err(_) => Err(ConstitutionalFailure::new(
crates/amun-constitutional/src/replay_certificate.rs:18:pub struct ReplayCertificate {
crates/amun-constitutional/src/replay_certificate.rs:197:    use crate::replay_outcome::ReplayOutcome;
crates/amun-constitutional/src/replay_certificate.rs:1://! ReplayCertificate — cryptographically scoped admissibility envelope.
crates/amun-constitutional/src/replay_certificate.rs:203:        outcome: ReplayOutcome,
crates/amun-constitutional/src/replay_certificate.rs:204:        parent: Option<ConstitutionalHash>,
crates/amun-constitutional/src/replay_certificate.rs:205:    ) -> ReplayCertificate {
crates/amun-constitutional/src/replay_certificate.rs:206:        ReplayCertificate::new(
crates/amun-constitutional/src/replay_certificate.rs:213:        assert!(mc(1, 0, 99, ReplayOutcome::Admitted, None).verify().is_ok());
crates/amun-constitutional/src/replay_certificate.rs:218:            mc(1, 0, 99, ReplayOutcome::Admitted, None).certificate_hash,
crates/amun-constitutional/src/replay_certificate.rs:219:            mc(1, 0, 99, ReplayOutcome::Admitted, None).certificate_hash
crates/amun-constitutional/src/replay_certificate.rs:225:            mc(1, 0, 49, ReplayOutcome::Admitted, None).certificate_hash,
crates/amun-constitutional/src/replay_certificate.rs:226:            mc(1, 0, 99, ReplayOutcome::Admitted, None).certificate_hash
crates/amun-constitutional/src/replay_certificate.rs:232:            mc(1, 0, 99, ReplayOutcome::Admitted, None).certificate_hash,
crates/amun-constitutional/src/replay_certificate.rs:233:            mc(1, 0, 99, ReplayOutcome::Divergent, None).certificate_hash
crates/amun-constitutional/src/replay_certificate.rs:238:        let p = mc(1, 0, 99, ReplayOutcome::Admitted, None);
crates/amun-constitutional/src/replay_certificate.rs:239:        let c = mc(2, 0, 49, ReplayOutcome::Admitted, Some(p.certificate_hash));
crates/amun-constitutional/src/replay_certificate.rs:246:        let p = mc(1, 0, 99, ReplayOutcome::Admitted, None);
crates/amun-constitutional/src/replay_certificate.rs:247:        let c = ReplayCertificate::new(
crates/amun-constitutional/src/replay_certificate.rs:24:    pub certificate_hash: ConstitutionalHash,
crates/amun-constitutional/src/replay_certificate.rs:255:            ReplayOutcome::Admitted,
crates/amun-constitutional/src/replay_certificate.rs:265:        let mut c = mc(1, 100, 50, ReplayOutcome::Admitted, None);
crates/amun-constitutional/src/replay_certificate.rs:26:    pub journal_root: ConstitutionalHash,
crates/amun-constitutional/src/replay_certificate.rs:271:        let mut c = mc(1, 0, 99, ReplayOutcome::Admitted, None);
crates/amun-constitutional/src/replay_certificate.rs:27:    pub state_root: ConstitutionalHash,
crates/amun-constitutional/src/replay_certificate.rs:28:    pub parent_certificate_hash: Option<ConstitutionalHash>,
crates/amun-constitutional/src/replay_certificate.rs:32:impl ConstitutionalIdentity for ReplayCertificate {
crates/amun-constitutional/src/replay_certificate.rs:47:impl ConstitutionalObject for ReplayCertificate {
crates/amun-constitutional/src/replay_certificate.rs:48:    fn constitutional_hash(&self) -> ConstitutionalHash {
crates/amun-constitutional/src/replay_certificate.rs:49:        let mut h = ConstitutionalHasher::new(DOMAIN_REPLAY_CERTIFICATE);
crates/amun-constitutional/src/replay_certificate.rs:66:    fn verify_structure(&self) -> Result<(), ConstitutionalFailure> {
crates/amun-constitutional/src/replay_certificate.rs:68:            return Err(ConstitutionalFailure::new(
crates/amun-constitutional/src/replay_certificate.rs:77:            return Err(ConstitutionalFailure::new(
crates/amun-constitutional/src/replay_certificate.rs:88:    fn verify_semantics(&self) -> Result<(), ConstitutionalFailure> {
crates/amun-constitutional/src/replay_certificate.rs:90:            return Err(ConstitutionalFailure::new(
crates/amun-constitutional/src/replay_certificate.rs:9:    failure_domain, failure_type, severity, ConstitutionalFailure,
crates/amun-constitutional/src/replay_outcome.rs:15:pub enum ReplayOutcome {
crates/amun-constitutional/src/replay_outcome.rs:1://! ReplayOutcome — constitutional admissibility result.
crates/amun-constitutional/src/replay_outcome.rs:26:    ConstitutionalFailure = 0x04,
crates/amun-constitutional/src/replay_outcome.rs:29:impl ReplayOutcome {
crates/amun-constitutional/src/replay_outcome.rs:32:    pub fn outcome_hash(&self) -> ConstitutionalHash {
crates/amun-constitutional/src/replay_outcome.rs:33:        let mut h = ConstitutionalHasher::new(crate::hash_domains::DOMAIN_REPLAY_OUTCOME);
crates/amun-constitutional/src/replay_outcome.rs:40:        matches!(self, ReplayOutcome::Admitted)
crates/amun-constitutional/src/replay_outcome.rs:56:            ReplayOutcome::Admitted.outcome_hash(),
crates/amun-constitutional/src/replay_outcome.rs:57:            ReplayOutcome::Admitted.outcome_hash()
crates/amun-constitutional/src/replay_outcome.rs:64:            ReplayOutcome::Admitted.outcome_hash(),
crates/amun-constitutional/src/replay_outcome.rs:65:            ReplayOutcome::Divergent.outcome_hash()
crates/amun-constitutional/src/replay_outcome.rs:71:        assert!(ReplayOutcome::Admitted.is_admitted());
crates/amun-constitutional/src/replay_outcome.rs:72:        assert!(!ReplayOutcome::Divergent.is_admitted());
crates/amun-constitutional/src/replay_outcome.rs:73:        assert!(!ReplayOutcome::BoundaryViolation.is_admitted());
crates/amun-constitutional/src/replay_outcome.rs:74:        assert!(!ReplayOutcome::ConstitutionalFailure.is_admitted());
crates/amun-constitutional/src/replay_outcome.rs:79:        assert!(!ReplayOutcome::Admitted.is_failure());
crates/amun-constitutional/src/replay_outcome.rs:7:use crate::constitutional_hasher::ConstitutionalHasher;
crates/amun-constitutional/src/replay_outcome.rs:80:        assert!(ReplayOutcome::Divergent.is_failure());
crates/amun-constitutional/src/replay_outcome.rs:81:        assert!(ReplayOutcome::BoundaryViolation.is_failure());
crates/amun-constitutional/src/replay_outcome.rs:82:        assert!(ReplayOutcome::ConstitutionalFailure.is_failure());
crates/amun-constitutional/src/replay_outcome.rs:8:use crate::kernel_types::ConstitutionalHash;
crates/amun-constitutional/src/restoration_point.rs:103:    fn verify_semantics(&self) -> Result<(), ConstitutionalFailure> {
crates/amun-constitutional/src/restoration_point.rs:105:            return Err(ConstitutionalFailure::new(
crates/amun-constitutional/src/restoration_point.rs:10:    failure_domain, failure_type, severity, ConstitutionalFailure,
crates/amun-constitutional/src/restoration_point.rs:116:    fn verify_provenance(&self) -> Result<(), ConstitutionalFailure> {
crates/amun-constitutional/src/restoration_point.rs:118:            return Err(ConstitutionalFailure::new(
crates/amun-constitutional/src/restoration_point.rs:12:use crate::constitutional_hasher::ConstitutionalHasher;
crates/amun-constitutional/src/restoration_point.rs:135:        snapshot: &ConstitutionalSnapshot,
crates/amun-constitutional/src/restoration_point.rs:136:        context_hash: ConstitutionalHash,
crates/amun-constitutional/src/restoration_point.rs:137:        boundary_hash: ConstitutionalHash,
crates/amun-constitutional/src/restoration_point.rs:138:        preceding_entry_hash: Option<ConstitutionalHash>,
crates/amun-constitutional/src/restoration_point.rs:139:        parent_restoration_hash: Option<ConstitutionalHash>,
crates/amun-constitutional/src/restoration_point.rs:13:use crate::constitutional_object::{ConstitutionalIdentity, ConstitutionalObject};
crates/amun-constitutional/src/restoration_point.rs:15:use crate::kernel_types::ConstitutionalHash;
crates/amun-constitutional/src/restoration_point.rs:163:    pub fn is_valid_restoration(&self, snapshot: &ConstitutionalSnapshot) -> bool {
crates/amun-constitutional/src/restoration_point.rs:16:use crate::snapshot::ConstitutionalSnapshot;
crates/amun-constitutional/src/restoration_point.rs:171:    use crate::snapshot::ConstitutionalSnapshot;
crates/amun-constitutional/src/restoration_point.rs:174:    fn make_snapshot() -> ConstitutionalSnapshot {
crates/amun-constitutional/src/restoration_point.rs:175:        ConstitutionalSnapshot::new(
crates/amun-constitutional/src/restoration_point.rs:32:    pub point_hash: ConstitutionalHash,
crates/amun-constitutional/src/restoration_point.rs:35:    pub snapshot_hash: ConstitutionalHash,
crates/amun-constitutional/src/restoration_point.rs:38:    pub anchor_hash: ConstitutionalHash,
crates/amun-constitutional/src/restoration_point.rs:45:    pub context_hash: ConstitutionalHash,
crates/amun-constitutional/src/restoration_point.rs:48:    pub boundary_hash: ConstitutionalHash,
crates/amun-constitutional/src/restoration_point.rs:52:    pub preceding_entry_hash: Option<ConstitutionalHash>,
crates/amun-constitutional/src/restoration_point.rs:55:    pub parent_restoration_hash: Option<ConstitutionalHash>,
crates/amun-constitutional/src/restoration_point.rs:58:impl ConstitutionalIdentity for RestorationPoint {
crates/amun-constitutional/src/restoration_point.rs:73:impl ConstitutionalObject for RestorationPoint {
crates/amun-constitutional/src/restoration_point.rs:74:    fn constitutional_hash(&self) -> ConstitutionalHash {
crates/amun-constitutional/src/restoration_point.rs:75:        let mut h = ConstitutionalHasher::new(hash_domains::DOMAIN_REPLAY_CERTIFICATE);
crates/amun-constitutional/src/restoration_point.rs:90:    fn verify_structure(&self) -> Result<(), ConstitutionalFailure> {
crates/amun-constitutional/src/restoration_point.rs:92:            return Err(ConstitutionalFailure::new(
crates/amun-constitutional/src/revision_migration.rs:100:        migration_path_hash: ConstitutionalHash,
crates/amun-constitutional/src/revision_migration.rs:131:        let proof = UpgradeProof::new([0x01; 32], [0x02; 32], [0x03; 32]);
crates/amun-constitutional/src/revision_migration.rs:41:    pub governance_action_hash: ConstitutionalHash,
crates/amun-constitutional/src/revision_migration.rs:51:        governance_action_hash: ConstitutionalHash,
crates/amun-constitutional/src/revision_migration.rs:83:/// Proof that an artifact has been upgraded across a revision boundary.
crates/amun-constitutional/src/revision_migration.rs:85:pub struct UpgradeProof {
crates/amun-constitutional/src/revision_migration.rs:87:    pub original_hash: ConstitutionalHash,
crates/amun-constitutional/src/revision_migration.rs:89:    pub migrated_hash: ConstitutionalHash,
crates/amun-constitutional/src/revision_migration.rs:91:    pub migration_path_hash: ConstitutionalHash,
crates/amun-constitutional/src/revision_migration.rs:96:impl UpgradeProof {
crates/amun-constitutional/src/revision_migration.rs:98:        original_hash: ConstitutionalHash,
crates/amun-constitutional/src/revision_migration.rs:99:        migrated_hash: ConstitutionalHash,
crates/amun-constitutional/src/revision_migration.rs:9:use crate::kernel_types::ConstitutionalHash;
crates/amun-constitutional/src/schema_registry.rs:17:    /// Constitutional core objects (0x0001 - 0x00FF)
crates/amun-constitutional/src/schema_registry.rs:44:/// Constitutional core schema IDs — IMMUTABLE.
crates/amun-constitutional/src/schema_registry.rs:51:    /// ConstitutionalFailure
crates/amun-constitutional/src/schema_registry.rs:61:    /// TransitionEvidence
crates/amun-constitutional/src/schema_registry.rs:69:    /// ReplayCertificate
crates/amun-constitutional/src/schema_registry.rs:71:    /// ConstitutionalStateAnchor
crates/amun-constitutional/src/schema_registry.rs:73:    /// ConstitutionalSnapshot
crates/amun-constitutional/src/schema_registry.rs:83:    /// CausalEdge — FIXED: was 0x0014 colliding with ConstitutionalWitness
crates/amun-constitutional/src/schema_registry.rs:85:    /// ConstitutionalWitness — FIXED: now 0x0015 (was 0x0014)
crates/amun-constitutional/src/snapshot.rs:104:    fn verify_structure(&self) -> Result<(), ConstitutionalFailure> {
crates/amun-constitutional/src/snapshot.rs:106:            return Err(ConstitutionalFailure::new(
crates/amun-constitutional/src/snapshot.rs:115:            return Err(ConstitutionalFailure::new(
crates/amun-constitutional/src/snapshot.rs:11://!   Replay → StateAnchor → Snapshot
crates/amun-constitutional/src/snapshot.rs:126:    fn verify_semantics(&self) -> Result<(), ConstitutionalFailure> {
crates/amun-constitutional/src/snapshot.rs:128:            return Err(ConstitutionalFailure::new(
crates/amun-constitutional/src/snapshot.rs:139:    fn verify_provenance(&self) -> Result<(), ConstitutionalFailure> {
crates/amun-constitutional/src/snapshot.rs:141:            return Err(ConstitutionalFailure::new(
crates/amun-constitutional/src/snapshot.rs:152:    fn verify_constitutional(&self) -> Result<(), ConstitutionalFailure> {
crates/amun-constitutional/src/snapshot.rs:156:            return Err(ConstitutionalFailure::new(
crates/amun-constitutional/src/snapshot.rs:15:    failure_domain, failure_type, severity, ConstitutionalFailure,
crates/amun-constitutional/src/snapshot.rs:166:            return Err(ConstitutionalFailure::new(
crates/amun-constitutional/src/snapshot.rs:178:impl ConstitutionalSnapshot {
crates/amun-constitutional/src/snapshot.rs:17:use crate::constitutional_hasher::ConstitutionalHasher;
crates/amun-constitutional/src/snapshot.rs:185:        anchor_hash: ConstitutionalHash,
crates/amun-constitutional/src/snapshot.rs:186:        context_hash: ConstitutionalHash,
crates/amun-constitutional/src/snapshot.rs:187:        boundary_hash: ConstitutionalHash,
crates/amun-constitutional/src/snapshot.rs:189:        certificate_hash: ConstitutionalHash,
crates/amun-constitutional/src/snapshot.rs:18:use crate::constitutional_object::{ConstitutionalIdentity, ConstitutionalObject};
crates/amun-constitutional/src/snapshot.rs:190:        parent_snapshot_hash: Option<ConstitutionalHash>,
crates/amun-constitutional/src/snapshot.rs:1://! ConstitutionalSnapshot — constitutionally restorable replay surface.
crates/amun-constitutional/src/snapshot.rs:20:use crate::kernel_types::ConstitutionalHash;
crates/amun-constitutional/src/snapshot.rs:227:        parent: &ConstitutionalSnapshot,
crates/amun-constitutional/src/snapshot.rs:228:    ) -> Result<(), ConstitutionalFailure> {
crates/amun-constitutional/src/snapshot.rs:231:            Err(_) => Err(ConstitutionalFailure::new(
crates/amun-constitutional/src/snapshot.rs:252:        parent: Option<ConstitutionalHash>,
crates/amun-constitutional/src/snapshot.rs:253:    ) -> ConstitutionalSnapshot {
crates/amun-constitutional/src/snapshot.rs:254:        ConstitutionalSnapshot::new(
crates/amun-constitutional/src/snapshot.rs:325:        let c = ConstitutionalSnapshot::new(
crates/amun-constitutional/src/snapshot.rs:39:pub struct ConstitutionalSnapshot {
crates/amun-constitutional/src/snapshot.rs:46:    pub snapshot_hash: ConstitutionalHash,
crates/amun-constitutional/src/snapshot.rs:52:    pub anchor_hash: ConstitutionalHash,
crates/amun-constitutional/src/snapshot.rs:55:    pub certificate_hash: ConstitutionalHash,
crates/amun-constitutional/src/snapshot.rs:58:    pub parent_snapshot_hash: Option<ConstitutionalHash>,
crates/amun-constitutional/src/snapshot.rs:64:impl ConstitutionalIdentity for ConstitutionalSnapshot {
crates/amun-constitutional/src/snapshot.rs:79:impl ConstitutionalObject for ConstitutionalSnapshot {
crates/amun-constitutional/src/snapshot.rs:80:    fn constitutional_hash(&self) -> ConstitutionalHash {
crates/amun-constitutional/src/snapshot.rs:81:        let mut h = ConstitutionalHasher::new(hash_domains::DOMAIN_REPLAY_CERTIFICATE);
crates/amun-constitutional/src/snapshot_scope.rs:18:use crate::constitutional_hasher::ConstitutionalHasher;
crates/amun-constitutional/src/snapshot_scope.rs:20:use crate::kernel_types::ConstitutionalHash;
crates/amun-constitutional/src/snapshot_scope.rs:47:    ConstitutionallySuperseded = 0x04,
crates/amun-constitutional/src/snapshot_scope.rs:54:    pub fn outcome_hash(&self) -> ConstitutionalHash {
crates/amun-constitutional/src/snapshot_scope.rs:55:        let mut h = ConstitutionalHasher::new(hash_domains::DOMAIN_REPLAY_CERTIFICATE);
crates/amun-constitutional/src/snapshot_scope.rs:74:    pub anchor_hash: ConstitutionalHash,
crates/amun-constitutional/src/snapshot_scope.rs:76:    pub context_hash: ConstitutionalHash,
crates/amun-constitutional/src/snapshot_scope.rs:77:    /// Constitutional revision active for this scope.
crates/amun-constitutional/src/snapshot_scope.rs:79:    /// Replay revision active for this scope.
crates/amun-constitutional/src/snapshot_scope.rs:82:    pub boundary_hash: ConstitutionalHash,
crates/amun-constitutional/src/snapshot_scope.rs:88:    pub fn scope_hash(&self) -> ConstitutionalHash {
crates/amun-constitutional/src/snapshot_scope.rs:89:        let mut h = ConstitutionalHasher::new(hash_domains::DOMAIN_REPLAY_CERTIFICATE);
crates/amun-constitutional/src/state_anchor.rs:100:            return Err(ConstitutionalFailure::new(
crates/amun-constitutional/src/state_anchor.rs:109:            return Err(ConstitutionalFailure::new(
crates/amun-constitutional/src/state_anchor.rs:120:    fn verify_semantics(&self) -> Result<(), ConstitutionalFailure> {
crates/amun-constitutional/src/state_anchor.rs:122:            return Err(ConstitutionalFailure::new(
crates/amun-constitutional/src/state_anchor.rs:133:    fn verify_provenance(&self) -> Result<(), ConstitutionalFailure> {
crates/amun-constitutional/src/state_anchor.rs:135:            return Err(ConstitutionalFailure::new(
crates/amun-constitutional/src/state_anchor.rs:13://! INVARIANT (Replay-Derived State Identity):
crates/amun-constitutional/src/state_anchor.rs:146:    fn verify_constitutional(&self) -> Result<(), ConstitutionalFailure> {
crates/amun-constitutional/src/state_anchor.rs:14://!   Constitutional state identity is derived exclusively from deterministic
crates/amun-constitutional/src/state_anchor.rs:150:            return Err(ConstitutionalFailure::new(
crates/amun-constitutional/src/state_anchor.rs:162:impl ConstitutionalStateAnchor {
crates/amun-constitutional/src/state_anchor.rs:169:        state_root: ConstitutionalHash,
crates/amun-constitutional/src/state_anchor.rs:170:        context_hash: ConstitutionalHash,
crates/amun-constitutional/src/state_anchor.rs:171:        boundary_hash: ConstitutionalHash,
crates/amun-constitutional/src/state_anchor.rs:172:        certificate_hash: ConstitutionalHash,
crates/amun-constitutional/src/state_anchor.rs:173:        journal_root: ConstitutionalHash,
crates/amun-constitutional/src/state_anchor.rs:174:        parent_anchor_hash: Option<ConstitutionalHash>,
crates/amun-constitutional/src/state_anchor.rs:19:    failure_domain, failure_type, severity, ConstitutionalFailure,
crates/amun-constitutional/src/state_anchor.rs:1://! ConstitutionalStateAnchor — immutable, replay-derived state attestation.
crates/amun-constitutional/src/state_anchor.rs:203:    pub fn state_root(&self) -> ConstitutionalHash {
crates/amun-constitutional/src/state_anchor.rs:210:        parent: &ConstitutionalStateAnchor,
crates/amun-constitutional/src/state_anchor.rs:211:    ) -> Result<(), ConstitutionalFailure> {
crates/amun-constitutional/src/state_anchor.rs:214:            Err(_) => Err(ConstitutionalFailure::new(
crates/amun-constitutional/src/state_anchor.rs:21:use crate::constitutional_hasher::ConstitutionalHasher;
crates/amun-constitutional/src/state_anchor.rs:22:use crate::constitutional_object::{ConstitutionalIdentity, ConstitutionalObject};
crates/amun-constitutional/src/state_anchor.rs:234:        parent: Option<ConstitutionalHash>,
crates/amun-constitutional/src/state_anchor.rs:235:    ) -> ConstitutionalStateAnchor {
crates/amun-constitutional/src/state_anchor.rs:236:        ConstitutionalStateAnchor::new(
crates/amun-constitutional/src/state_anchor.rs:24:use crate::kernel_types::ConstitutionalHash;
crates/amun-constitutional/src/state_anchor.rs:281:        let c = ConstitutionalStateAnchor::new(
crates/amun-constitutional/src/state_anchor.rs:34:pub struct ConstitutionalStateAnchor {
crates/amun-constitutional/src/state_anchor.rs:41:    pub anchor_hash: ConstitutionalHash,
crates/amun-constitutional/src/state_anchor.rs:47:    pub certificate_hash: ConstitutionalHash,
crates/amun-constitutional/src/state_anchor.rs:50:    pub journal_root: ConstitutionalHash,
crates/amun-constitutional/src/state_anchor.rs:53:    pub parent_anchor_hash: Option<ConstitutionalHash>,
crates/amun-constitutional/src/state_anchor.rs:59:impl ConstitutionalIdentity for ConstitutionalStateAnchor {
crates/amun-constitutional/src/state_anchor.rs:74:impl ConstitutionalObject for ConstitutionalStateAnchor {
crates/amun-constitutional/src/state_anchor.rs:75:    fn constitutional_hash(&self) -> ConstitutionalHash {
crates/amun-constitutional/src/state_anchor.rs:76:        let mut h = ConstitutionalHasher::new(hash_domains::DOMAIN_REPLAY_CERTIFICATE);
crates/amun-constitutional/src/state_anchor.rs:98:    fn verify_structure(&self) -> Result<(), ConstitutionalFailure> {
crates/amun-constitutional/src/state_anchor_scope.rs:15:use crate::constitutional_hasher::ConstitutionalHasher;
crates/amun-constitutional/src/state_anchor_scope.rs:17:use crate::kernel_types::ConstitutionalHash;
crates/amun-constitutional/src/state_anchor_scope.rs:45:    pub state_root: ConstitutionalHash,
crates/amun-constitutional/src/state_anchor_scope.rs:47:    pub context_hash: ConstitutionalHash,
crates/amun-constitutional/src/state_anchor_scope.rs:48:    /// Constitutional revision active for this scope.
crates/amun-constitutional/src/state_anchor_scope.rs:50:    /// Replay revision active for this scope.
crates/amun-constitutional/src/state_anchor_scope.rs:53:    pub boundary_hash: ConstitutionalHash,
crates/amun-constitutional/src/state_anchor_scope.rs:57:    pub fn scope_hash(&self) -> ConstitutionalHash {
crates/amun-constitutional/src/state_anchor_scope.rs:58:        let mut h = ConstitutionalHasher::new(hash_domains::DOMAIN_REPLAY_CERTIFICATE);
crates/amun-constitutional/src/transition_commitment.rs:23:impl ConstitutionalIdentity for TransitionCommitment {
crates/amun-constitutional/src/transition_commitment.rs:2:    failure_domain, failure_type, severity, ConstitutionalFailure,
crates/amun-constitutional/src/transition_commitment.rs:38:impl ConstitutionalObject for TransitionCommitment {
crates/amun-constitutional/src/transition_commitment.rs:40:        let mut h = ConstitutionalHasher::new(crate::hash_domains::DOMAIN_TRANSITION_COMMITMENT);
crates/amun-constitutional/src/transition_commitment.rs:4:use crate::constitutional_hasher::ConstitutionalHasher;
crates/amun-constitutional/src/transition_commitment.rs:52:    fn verify_structure(&self) -> Result<(), ConstitutionalFailure> {
crates/amun-constitutional/src/transition_commitment.rs:54:            return Err(ConstitutionalFailure::new(
crates/amun-constitutional/src/transition_commitment.rs:5:use crate::constitutional_object::{ConstitutionalIdentity, ConstitutionalObject};
crates/amun-constitutional/src/transition_commitment.rs:64:    fn verify_semantics(&self) -> Result<(), ConstitutionalFailure> {
crates/amun-constitutional/src/transition_commitment.rs:66:            return Err(ConstitutionalFailure::new(
crates/amun-constitutional/src/transition_commitment.rs:76:    fn verify_provenance(&self) -> Result<(), ConstitutionalFailure> {
crates/amun-constitutional/src/transition_commitment.rs:78:            return Err(ConstitutionalFailure::new(
crates/amun-constitutional/src/transition_evidence.rs:129:        let e = TransitionEvidence::new(1, [0xAB; 32], [0xBB; 32], [0xCC; 32], 0, None, [0xDD; 32]);
crates/amun-constitutional/src/transition_evidence.rs:26:impl ConstitutionalIdentity for TransitionEvidence {
crates/amun-constitutional/src/transition_evidence.rs:2:    failure_domain, failure_type, severity, ConstitutionalFailure,
crates/amun-constitutional/src/transition_evidence.rs:41:impl ConstitutionalObject for TransitionEvidence {
crates/amun-constitutional/src/transition_evidence.rs:43:        let mut h = ConstitutionalHasher::new(crate::hash_domains::DOMAIN_TRANSITION_EVIDENCE);
crates/amun-constitutional/src/transition_evidence.rs:4:use crate::constitutional_hasher::ConstitutionalHasher;
crates/amun-constitutional/src/transition_evidence.rs:55:    fn verify_structure(&self) -> Result<(), ConstitutionalFailure> {
crates/amun-constitutional/src/transition_evidence.rs:57:            return Err(ConstitutionalFailure::new(
crates/amun-constitutional/src/transition_evidence.rs:5:use crate::constitutional_object::{ConstitutionalIdentity, ConstitutionalObject};
crates/amun-constitutional/src/transition_evidence.rs:67:    fn verify_semantics(&self) -> Result<(), ConstitutionalFailure> {
crates/amun-constitutional/src/transition_evidence.rs:69:            return Err(ConstitutionalFailure::new(
crates/amun-constitutional/src/transition_evidence.rs:79:    fn verify_provenance(&self) -> Result<(), ConstitutionalFailure> {
crates/amun-constitutional/src/transition_evidence.rs:81:            return Err(ConstitutionalFailure::new(
crates/amun-constitutional/src/transition_evidence.rs:93:impl TransitionEvidence {
crates/amun-constitutional/src/transition_evidence.rs:9:pub struct TransitionEvidence {
crates/amun-constitutional/src/witness_type.rs:13:pub enum WitnessType {
crates/amun-constitutional/src/witness_type.rs:1://! WitnessType — classifies artifacts within a constitutional witness.
crates/amun-constitutional/src/witness_type.rs:34:impl WitnessType {
crates/amun-constitutional/src/witness_type.rs:35:    pub fn type_hash(&self) -> ConstitutionalHash {
crates/amun-constitutional/src/witness_type.rs:36:        let mut h = ConstitutionalHasher::new(hash_domains::DOMAIN_REPLAY_CERTIFICATE);
crates/amun-constitutional/src/witness_type.rs:43:        matches!(self, WitnessType::HardDependency)
crates/amun-constitutional/src/witness_type.rs:48:        matches!(self, WitnessType::CompressionElidable)
crates/amun-constitutional/src/witness_type.rs:56:            WitnessType::AuditDependency | WitnessType::CompressionElidable
crates/amun-constitutional/src/witness_type.rs:66:        assert!(WitnessType::HardDependency.is_required());
crates/amun-constitutional/src/witness_type.rs:67:        assert!(!WitnessType::SupportingDependency.is_required());
crates/amun-constitutional/src/witness_type.rs:68:        assert!(!WitnessType::AuditDependency.is_required());
crates/amun-constitutional/src/witness_type.rs:69:        assert!(!WitnessType::CompressionElidable.is_required());
crates/amun-constitutional/src/witness_type.rs:73:        assert!(WitnessType::CompressionElidable.is_elidable());
crates/amun-constitutional/src/witness_type.rs:74:        assert!(!WitnessType::HardDependency.is_elidable());
crates/amun-constitutional/src/witness_type.rs:78:        assert!(WitnessType::AuditDependency.is_non_essential());
crates/amun-constitutional/src/witness_type.rs:79:        assert!(WitnessType::CompressionElidable.is_non_essential());
crates/amun-constitutional/src/witness_type.rs:7:use crate::constitutional_hasher::ConstitutionalHasher;
crates/amun-constitutional/src/witness_type.rs:80:        assert!(!WitnessType::HardDependency.is_non_essential());
crates/amun-constitutional/src/witness_type.rs:9:use crate::kernel_types::ConstitutionalHash;
crates/amun-contract-fuzzing/tests/n171_fuzzing_tests.rs:12:        "Evidence mismatches: {}",
crates/amun-contract-fuzzing/tests/n171_fuzzing_tests.rs:30:        "Evidence mismatches: {}",
crates/amun-contract-fuzzing/tests/n171_fuzzing_tests.rs:47:        "Evidence mismatches: {}",
crates/amun-contract-integration/src/lib.rs:19:        let program = ConstitutionalProgram::new(1, 0, 0, code);
crates/amun-contract-integration/src/lib.rs:1:use amun_bytecode::ConstitutionalProgram;
crates/amun-contract-integration/src/lib.rs:59:        // Create a ConstitutionalProgram for execution
crates/amun-contract-integration/src/lib.rs:60:        let program = ConstitutionalProgram::new(1, 0, 0, code);
crates/amun-contract-integration/tests/n167_contract_integration_tests.rs:19:    let program = ConstitutionalProgram::new(1, 0, 0, code.clone());
crates/amun-contract-integration/tests/n167_contract_integration_tests.rs:1:use amun_bytecode::{ConstitutionalProgram, OpCode};
crates/amun-contract-security/src/lib.rs:146:        details: "Evidence root consistent".into(),
crates/amun-contract-upgrade/src/lib.rs:1:use amun_bytecode::{ConstitutionalProgram, OpCode};
crates/amun-contract-upgrade/src/lib.rs:30:        let new_program = ConstitutionalProgram::new(1, 0, 0, new_code);
crates/amun-cross-contract/src/transfer_proof.rs:25:impl CrossContractTransferProof {
crates/amun-cross-contract/src/transfer_proof.rs:8:pub struct CrossContractTransferProof {
crates/amun-cross-contract/src/transfer_registry.rs:114:            ConstitutionalEvidence::ConstitutionalViolation { law, .. } => {
crates/amun-cross-contract/src/transfer_registry.rs:123:        let p1 = CrossContractTransferProof::new(
crates/amun-cross-contract/src/transfer_registry.rs:131:        let p2 = CrossContractTransferProof::new(
crates/amun-cross-contract/src/transfer_registry.rs:13:impl TransferProofRegistry {
crates/amun-cross-contract/src/transfer_registry.rs:24:        proof: &CrossContractTransferProof,
crates/amun-cross-contract/src/transfer_registry.rs:28:    ) -> Result<(), Box<ConstitutionalEvidence>> {
crates/amun-cross-contract/src/transfer_registry.rs:30:            return Err(Box::new(ConstitutionalEvidence::ConstitutionalViolation {
crates/amun-cross-contract/src/transfer_registry.rs:3:use amun_evidence_engine::evidence_types::ConstitutionalEvidence;
crates/amun-cross-contract/src/transfer_registry.rs:64:        let mut registry = TransferProofRegistry::new();
crates/amun-cross-contract/src/transfer_registry.rs:65:        let proof = CrossContractTransferProof::new(
crates/amun-cross-contract/src/transfer_registry.rs:6:use crate::transfer_proof::CrossContractTransferProof;
crates/amun-cross-contract/src/transfer_registry.rs:80:        let mut registry = TransferProofRegistry::new();
crates/amun-cross-contract/src/transfer_registry.rs:81:        let proof = CrossContractTransferProof::new(
crates/amun-cross-contract/src/transfer_registry.rs:98:        let mut registry = TransferProofRegistry::new();
crates/amun-cross-contract/src/transfer_registry.rs:99:        let proof = CrossContractTransferProof::new(
crates/amun-cross-contract/src/transfer_registry.rs:9:pub struct TransferProofRegistry {
crates/amun-crypto-hardening/src/anti_replay.rs:11:impl AntiReplayGuard {
crates/amun-crypto-hardening/src/anti_replay.rs:54:        let mut guard = AntiReplayGuard::new(100);
crates/amun-crypto-hardening/src/anti_replay.rs:60:        let mut guard = AntiReplayGuard::new(100);
crates/amun-crypto-hardening/src/anti_replay.rs:68:        let mut guard = AntiReplayGuard::new(10);
crates/amun-crypto-hardening/src/anti_replay.rs:6:pub struct AntiReplayGuard {
crates/amun-defi-evidence/src/lib.rs:3:pub struct DefiEvidence;
crates/amun-defi-evidence/src/lib.rs:5:impl DefiEvidence {
crates/amun-defi-evidence/tests/n153_evidence_tests.rs:12:    let e1 = DefiEvidence::generate_swap_evidence([1u8; 32], [10u8; 32], 100, 90, 42);
crates/amun-defi-evidence/tests/n153_evidence_tests.rs:13:    let e2 = DefiEvidence::generate_swap_evidence([1u8; 32], [10u8; 32], 200, 180, 42);
crates/amun-defi-evidence/tests/n153_evidence_tests.rs:19:    let e1 = DefiEvidence::generate_liquidity_evidence([2u8; 32], [20u8; 32], 500, 500, 1000, 10);
crates/amun-defi-evidence/tests/n153_evidence_tests.rs:1:use amun_defi_evidence::DefiEvidence;
crates/amun-defi-evidence/tests/n153_evidence_tests.rs:20:    let e2 = DefiEvidence::generate_liquidity_evidence([2u8; 32], [20u8; 32], 500, 500, 1000, 10);
crates/amun-defi-evidence/tests/n153_evidence_tests.rs:5:    let e1 = DefiEvidence::generate_swap_evidence([1u8; 32], [10u8; 32], 100, 90, 42);
crates/amun-defi-evidence/tests/n153_evidence_tests.rs:6:    let e2 = DefiEvidence::generate_swap_evidence([1u8; 32], [10u8; 32], 100, 90, 42);
crates/amun-defi-lending-evidence/src/lib.rs:3:pub struct LendingEvidence;
crates/amun-defi-lending-evidence/src/lib.rs:5:impl LendingEvidence {
crates/amun-dual-verification/src/dual_verifier.rs:15:        program: &ConstitutionalProgram,
crates/amun-dual-verification/src/dual_verifier.rs:18:        invariants: &[InvariantDeclaration],
crates/amun-dual-verification/src/dual_verifier.rs:1:use amun_bytecode::program::ConstitutionalProgram;
crates/amun-dual-verification/src/dual_verifier.rs:20:        let mut hot_store = HotProofStore::new(1000);
crates/amun-dual-verification/src/dual_verifier.rs:21:        let mut archive = ProofArchive::new();
crates/amun-dual-verification/src/dual_verifier.rs:24:        let result = ConstitutionalRuntime::execute(
crates/amun-dual-verification/src/dual_verifier.rs:2:use amun_constitutional_runtime::runtime_pipeline::{ConstitutionalRuntime, PipelineResult};
crates/amun-dual-verification/src/dual_verifier.rs:3:use amun_invariant_engine::invariant_types::InvariantDeclaration;
crates/amun-dual-verification/src/dual_verifier.rs:41:                // Build enhanced proof for PCCV
crates/amun-dual-verification/src/dual_verifier.rs:42:                let enhanced_proof = PCCVEngine::build_proof(
crates/amun-dual-verification/src/dual_verifier.rs:4:use amun_pccv::pccv_verifier::{PCCVResult, PCCVVerifier};
crates/amun-dual-verification/src/dual_verifier.rs:53:                let pccv_result = PCCVVerifier::verify(&enhanced_proof, registry);
crates/amun-dual-verification/src/dual_verifier.rs:54:                Ok(pccv_verified && matches!(pccv_result, PCCVResult::Verified { .. }))
crates/amun-dual-verification/src/dual_verifier.rs:5:use amun_pccv::transition_proof_engine::TransitionProofEngine as PCCVEngine;
crates/amun-dual-verification/src/dual_verifier.rs:6:use amun_proof_archive::hot_store::HotProofStore;
crates/amun-dual-verification/src/dual_verifier.rs:7:use amun_proof_archive::proof_archive::ProofArchive;
crates/amun-economics/src/fee.rs:12:            FailureContext::new(ConstitutionalFault::ArithmeticOverflow, 0x0012, 0x0010)
crates/amun-economics/src/fee.rs:2:use amun_failure::{AmunResult, ConstitutionalFault, FailureContext};
crates/amun-economics/src/token.rs:28:                ConstitutionalFault::InvalidInput,
crates/amun-economics/src/token.rs:2:use amun_failure::{AmunResult, ConstitutionalFault, FailureContext};
crates/amun-economics/src/token.rs:34:            FailureContext::new(ConstitutionalFault::ArithmeticOverflow, 0x0012, 0x0003)
crates/amun-economics/src/token.rs:42:                ConstitutionalFault::InvalidInput,
crates/amun-economics/src/token.rs:48:            FailureContext::new(ConstitutionalFault::ArithmeticOverflow, 0x0012, 0x0006)
crates/amun-economics/src/token.rs:51:            FailureContext::new(ConstitutionalFault::ArithmeticOverflow, 0x0012, 0x0007)
crates/amun-economics/src/treasury.rs:11:            FailureContext::new(ConstitutionalFault::ArithmeticOverflow, 0x0012, 0x0020)
crates/amun-economics/src/treasury.rs:18:                ConstitutionalFault::InvalidInput,
crates/amun-economics/src/treasury.rs:1:use amun_failure::{AmunResult, ConstitutionalFault, FailureContext};
crates/amun-entropy-transcript/src/source.rs:10:    Replay,
crates/amun-evidence-engine/src/evidence_archive.rs:12:impl VMEvidenceArchive {
crates/amun-evidence-engine/src/evidence_archive.rs:17:    pub fn insert(&mut self, evidence: ConstitutionalEvidence) -> [u8; 32] {
crates/amun-evidence-engine/src/evidence_archive.rs:23:    pub fn get(&self, id: &[u8; 32]) -> Option<&ConstitutionalEvidence> {
crates/amun-evidence-engine/src/evidence_archive.rs:31:    pub fn by_category(&self, category: &str) -> Vec<&ConstitutionalEvidence> {
crates/amun-evidence-engine/src/evidence_archive.rs:38:    pub fn violations(&self) -> Vec<&ConstitutionalEvidence> {
crates/amun-evidence-engine/src/evidence_archive.rs:3:use crate::evidence_types::ConstitutionalEvidence;
crates/amun-evidence-engine/src/evidence_archive.rs:41:            .filter(|e| matches!(e, ConstitutionalEvidence::ConstitutionalViolation { .. }))
crates/amun-evidence-engine/src/evidence_archive.rs:45:    pub fn failures(&self) -> Vec<&ConstitutionalEvidence> {
crates/amun-evidence-engine/src/evidence_archive.rs:48:            .filter(|e| matches!(e, ConstitutionalEvidence::ExecutionFailure { .. }))
crates/amun-evidence-engine/src/evidence_archive.rs:6:/// In production, this integrates with the full N47 EvidenceArchive.
crates/amun-evidence-engine/src/evidence_archive.rs:8:pub struct VMEvidenceArchive {
crates/amun-evidence-engine/src/evidence_archive.rs:9:    records: BTreeMap<[u8; 32], ConstitutionalEvidence>,
crates/amun-evidence-engine/src/evidence_engine.rs:102:        let mut archive = VMEvidenceArchive::new();
crates/amun-evidence-engine/src/evidence_engine.rs:103:        let evidence = ConstitutionalEvidence::ExecutionFailure {
crates/amun-evidence-engine/src/evidence_engine.rs:119:        let e1 = ConstitutionalEvidence::ExecutionFailure {
crates/amun-evidence-engine/src/evidence_engine.rs:11:        vm_evidence: &VMEvidence,
crates/amun-evidence-engine/src/evidence_engine.rs:126:        let e2 = ConstitutionalEvidence::ExecutionFailure {
crates/amun-evidence-engine/src/evidence_engine.rs:138:        let mut archive = VMEvidenceArchive::new();
crates/amun-evidence-engine/src/evidence_engine.rs:139:        archive.insert(ConstitutionalEvidence::ExecutionFailure {
crates/amun-evidence-engine/src/evidence_engine.rs:146:        archive.insert(ConstitutionalEvidence::ConstitutionalViolation {
crates/amun-evidence-engine/src/evidence_engine.rs:153:        archive.insert(ConstitutionalEvidence::InvariantViolation {
crates/amun-evidence-engine/src/evidence_engine.rs:15:    ) -> ConstitutionalEvidence {
crates/amun-evidence-engine/src/evidence_engine.rs:17:            VMEvidence::ExecutionFailure { reason } => ConstitutionalEvidence::ExecutionFailure {
crates/amun-evidence-engine/src/evidence_engine.rs:24:            VMEvidence::ConstitutionalViolation { law, resource_ids } => {
crates/amun-evidence-engine/src/evidence_engine.rs:25:                ConstitutionalEvidence::ConstitutionalViolation {
crates/amun-evidence-engine/src/evidence_engine.rs:2:use amun_vm_kernel::pending_buffer::VMEvidence;
crates/amun-evidence-engine/src/evidence_engine.rs:33:            VMEvidence::InvariantViolation { obligation_id } => {
crates/amun-evidence-engine/src/evidence_engine.rs:34:                ConstitutionalEvidence::InvariantViolation {
crates/amun-evidence-engine/src/evidence_engine.rs:45:    pub fn archive(evidence: ConstitutionalEvidence, archive: &mut VMEvidenceArchive) -> [u8; 32] {
crates/amun-evidence-engine/src/evidence_engine.rs:4:use crate::evidence_archive::VMEvidenceArchive;
crates/amun-evidence-engine/src/evidence_engine.rs:5:use crate::evidence_types::ConstitutionalEvidence;
crates/amun-evidence-engine/src/evidence_engine.rs:63:        let vm_ev = VMEvidence::ExecutionFailure {
crates/amun-evidence-engine/src/evidence_engine.rs:68:        let evidence = EvidenceEngine::convert(&vm_ev, contract_id, 42, tx_hash);
crates/amun-evidence-engine/src/evidence_engine.rs:70:            ConstitutionalEvidence::ExecutionFailure {
crates/amun-evidence-engine/src/evidence_engine.rs:7:pub struct EvidenceEngine;
crates/amun-evidence-engine/src/evidence_engine.rs:84:        let vm_ev = VMEvidence::ConstitutionalViolation {
crates/amun-evidence-engine/src/evidence_engine.rs:88:        let evidence = EvidenceEngine::convert(&vm_ev, make_id(3), 10, [0xbb; 32]);
crates/amun-evidence-engine/src/evidence_engine.rs:90:            ConstitutionalEvidence::ConstitutionalViolation {
crates/amun-evidence-engine/src/evidence_engine.rs:96:            _ => panic!("Expected ConstitutionalViolation"),
crates/amun-evidence-engine/src/evidence_engine.rs:9:impl EvidenceEngine {
crates/amun-evidence-engine/src/evidence_types.rs:16:    ConstitutionalViolation {
crates/amun-evidence-engine/src/evidence_types.rs:24:    InvariantViolation {
crates/amun-evidence-engine/src/evidence_types.rs:33:impl ConstitutionalEvidence {
crates/amun-evidence-engine/src/evidence_types.rs:44:            Self::ConstitutionalViolation {
crates/amun-evidence-engine/src/evidence_types.rs:57:            Self::InvariantViolation {
crates/amun-evidence-engine/src/evidence_types.rs:6:pub enum ConstitutionalEvidence {
crates/amun-evidence-engine/src/evidence_types.rs:76:            Self::ConstitutionalViolation { .. } => "constitutional_violation",
crates/amun-evidence-engine/src/evidence_types.rs:77:            Self::InvariantViolation { .. } => "invariant_violation",
crates/amun-evidence-engine/src/evidence_types.rs:84:            Self::ExecutionFailure { .. } | Self::ConstitutionalViolation { .. }
crates/amun-evidence-finality/src/evidence_finality.rs:142:/// Evidence-Backed Consensus Engine.
crates/amun-evidence-finality/src/evidence_finality.rs:143:pub struct EvidenceBackedConsensus;
crates/amun-evidence-finality/src/evidence_finality.rs:145:impl EvidenceBackedConsensus {
crates/amun-evidence-finality/src/evidence_finality.rs:147:        programs: &[(ConstitutionalProgram, ExecutionContext)],
crates/amun-evidence-finality/src/evidence_finality.rs:14:pub struct EvidenceVerifiedBlock {
crates/amun-evidence-finality/src/evidence_finality.rs:152:    ) -> Result<EvidenceVerifiedBlock, String> {
crates/amun-evidence-finality/src/evidence_finality.rs:153:        let mut hot = HotProofStore::new(10000);
crates/amun-evidence-finality/src/evidence_finality.rs:154:        let mut archive = ProofArchive::new();
crates/amun-evidence-finality/src/evidence_finality.rs:161:            let result = ConstitutionalRuntime::execute(
crates/amun-evidence-finality/src/evidence_finality.rs:184:            let replay = ReplayVerifier::replay(&proof, program, &mut fresh_reg, &[]);
crates/amun-evidence-finality/src/evidence_finality.rs:186:            let verified = matches!(replay, ReplayResult::Match { .. });
crates/amun-evidence-finality/src/evidence_finality.rs:205:        let evidence_root = EvidenceVerifiedBlock::compute_evidence_root(&all_evidence);
crates/amun-evidence-finality/src/evidence_finality.rs:206:        let block_hash = EvidenceVerifiedBlock::compute_block_hash(
crates/amun-evidence-finality/src/evidence_finality.rs:215:        Ok(EvidenceVerifiedBlock {
crates/amun-evidence-finality/src/evidence_finality.rs:21:    pub evidence: Vec<ConstitutionalEvidence>,
crates/amun-evidence-finality/src/evidence_finality.rs:228:        block: &EvidenceVerifiedBlock,
crates/amun-evidence-finality/src/evidence_finality.rs:231:    ) -> Result<ConstitutionalFinalityCertificate, String> {
crates/amun-evidence-finality/src/evidence_finality.rs:235:        let mut qc = EvidenceBackedQC {
crates/amun-evidence-finality/src/evidence_finality.rs:256:        Ok(ConstitutionalFinalityCertificate::issue(block, qc))
crates/amun-evidence-finality/src/evidence_finality.rs:25:impl EvidenceVerifiedBlock {
crates/amun-evidence-finality/src/evidence_finality.rs:26:    pub fn compute_evidence_root(evidence: &[ConstitutionalEvidence]) -> [u8; 32] {
crates/amun-evidence-finality/src/evidence_finality.rs:287:        let program = ConstitutionalProgram::new(1, 0, 0, vec![OpCode::Halt]);
crates/amun-evidence-finality/src/evidence_finality.rs:297:        let block = EvidenceBackedConsensus::execute_and_verify(
crates/amun-evidence-finality/src/evidence_finality.rs:2:use amun_bytecode::program::ConstitutionalProgram;
crates/amun-evidence-finality/src/evidence_finality.rs:306:        let cert = EvidenceBackedConsensus::form_consensus(&block, 5, sigs).unwrap();
crates/amun-evidence-finality/src/evidence_finality.rs:314:        let program = ConstitutionalProgram::new(1, 0, 0, vec![OpCode::Halt]);
crates/amun-evidence-finality/src/evidence_finality.rs:324:        let block = EvidenceBackedConsensus::execute_and_verify(
crates/amun-evidence-finality/src/evidence_finality.rs:333:        let cert = EvidenceBackedConsensus::form_consensus(&block, 5, sigs).unwrap();
crates/amun-evidence-finality/src/evidence_finality.rs:345:        let program = ConstitutionalProgram::new(1, 0, 0, vec![OpCode::Halt]);
crates/amun-evidence-finality/src/evidence_finality.rs:355:        let block = EvidenceBackedConsensus::execute_and_verify(
crates/amun-evidence-finality/src/evidence_finality.rs:364:        let c1 = EvidenceBackedConsensus::form_consensus(&block, 5, sigs.clone()).unwrap();
crates/amun-evidence-finality/src/evidence_finality.rs:365:        let c2 = EvidenceBackedConsensus::form_consensus(&block, 5, sigs).unwrap();
crates/amun-evidence-finality/src/evidence_finality.rs:3:use amun_constitutional_runtime::runtime_pipeline::{ConstitutionalRuntime, PipelineResult};
crates/amun-evidence-finality/src/evidence_finality.rs:4:use amun_evidence_engine::evidence_types::ConstitutionalEvidence;
crates/amun-evidence-finality/src/evidence_finality.rs:5:use amun_proof_archive::hot_store::HotProofStore;
crates/amun-evidence-finality/src/evidence_finality.rs:63:pub struct EvidenceBackedQC {
crates/amun-evidence-finality/src/evidence_finality.rs:6:use amun_proof_archive::proof_archive::ProofArchive;
crates/amun-evidence-finality/src/evidence_finality.rs:75:impl EvidenceBackedQC {
crates/amun-evidence-finality/src/evidence_finality.rs:7:use amun_replay_verifier::replay_verifier::{ReplayResult, ReplayVerifier};
crates/amun-evidence-finality/src/evidence_finality.rs:83:pub struct ConstitutionalFinalityCertificate {
crates/amun-evidence-finality/src/evidence_finality.rs:90:    pub qc: EvidenceBackedQC,
crates/amun-evidence-finality/src/evidence_finality.rs:94:impl ConstitutionalFinalityCertificate {
crates/amun-evidence-finality/src/evidence_finality.rs:95:    pub fn issue(block: &EvidenceVerifiedBlock, qc: EvidenceBackedQC) -> Self {
crates/amun-evidence-root/src/lib.rs:126:        let genesis = EvidenceRoot::genesis();
crates/amun-evidence-root/src/lib.rs:12:pub struct EvidenceRoot {
crates/amun-evidence-root/src/lib.rs:133:        let r1 = EvidenceRoot::compute([1u8; 32], [2u8; 32], [3u8; 32], [4u8; 32], [0u8; 32], 1);
crates/amun-evidence-root/src/lib.rs:134:        let r2 = EvidenceRoot::compute([1u8; 32], [2u8; 32], [3u8; 32], [4u8; 32], [0u8; 32], 1);
crates/amun-evidence-root/src/lib.rs:140:        let r1 = EvidenceRoot::compute([1u8; 32], [2u8; 32], [3u8; 32], [4u8; 32], [0u8; 32], 1);
crates/amun-evidence-root/src/lib.rs:141:        let r2 = EvidenceRoot::compute([9u8; 32], [2u8; 32], [3u8; 32], [4u8; 32], [0u8; 32], 1);
crates/amun-evidence-root/src/lib.rs:147:        let mut chain = EvidenceChain::new();
crates/amun-evidence-root/src/lib.rs:157:        let mut chain = EvidenceChain::new();
crates/amun-evidence-root/src/lib.rs:22:impl EvidenceRoot {
crates/amun-evidence-root/src/lib.rs:5:/// The EvidenceRoot binds together:
crates/amun-evidence-root/src/lib.rs:71:pub struct EvidenceChain {
crates/amun-evidence-root/src/lib.rs:72:    pub roots: Vec<EvidenceRoot>,
crates/amun-evidence-root/src/lib.rs:75:impl EvidenceChain {
crates/amun-evidence-root/src/lib.rs:87:    ) -> &EvidenceRoot {
crates/amun-evidence-root/src/lib.rs:89:        self.roots.push(EvidenceRoot::compute(
crates/amun-evidence-root/src/lib.rs:8:/// - Replay certificate (replay verification proof)
crates/amun-evidence-root/tests/n40_evidence_backed_block.rs:100:    let e1 = EvidenceRoot::compute(before, [0u8; 32], [0u8; 32], [0u8; 32], [0u8; 32], 1);
crates/amun-evidence-root/tests/n40_evidence_backed_block.rs:101:    let e2 = EvidenceRoot::compute(after, [0u8; 32], [0u8; 32], [0u8; 32], [0u8; 32], 1);
crates/amun-evidence-root/tests/n40_evidence_backed_block.rs:2:use amun_evidence_root::{EvidenceChain, EvidenceRoot};
crates/amun-evidence-root/tests/n40_evidence_backed_block.rs:30:    let evidence = EvidenceRoot::compute(
crates/amun-evidence-root/tests/n40_evidence_backed_block.rs:52:    let mut chain = EvidenceChain::new();
crates/amun-evidence/src/bin/evidence_service.rs:21:        "EvidenceService starting on port {} with {} peers",
crates/amun-evidence/src/equivocation.rs:10:impl EquivocationProof {
crates/amun-evidence/src/equivocation.rs:1:pub struct EquivocationProof {
crates/amun-evidence/src/evidence.rs:30:pub struct MerkleProof {
crates/amun-evidence/src/evidence.rs:39:pub enum EvidenceProof {
crates/amun-evidence/src/evidence.rs:47:        invalidity_proof: MerkleProof,
crates/amun-evidence/src/evidence.rs:52:pub struct Evidence {
crates/amun-evidence/src/evidence.rs:53:    pub evidence_type: EvidenceType,
crates/amun-evidence/src/evidence.rs:57:    pub proof: EvidenceProof,
crates/amun-evidence/src/evidence.rs:60:impl Evidence {
crates/amun-evidence/src/evidence.rs:72:            EvidenceProof::Equivocation { first, second, .. } => {
crates/amun-evidence/src/evidence.rs:78:            EvidenceProof::InvalidVote { .. } => Ok(()),
crates/amun-evidence/src/evidence.rs:8:pub enum EvidenceType {
crates/amun-evidence/src/lib.rs:4:pub use equivocation::EquivocationProof;
crates/amun-evidence/src/slashing.rs:18:        proof: &EquivocationProof,
crates/amun-evidence/src/slashing.rs:1:use crate::equivocation::EquivocationProof;
crates/amun-evidence/src/tests.rs:12:            proof: EvidenceProof::Equivocation {
crates/amun-evidence/src/tests.rs:37:        let evidence = Evidence {
crates/amun-evidence/src/tests.rs:38:            evidence_type: EvidenceType::Equivocation,
crates/amun-evidence/src/tests.rs:42:            proof: EvidenceProof::Equivocation {
crates/amun-evidence/src/tests.rs:7:        let evidence = Evidence {
crates/amun-evidence/src/tests.rs:8:            evidence_type: EvidenceType::Equivocation,
crates/amun-evolution/src/certificate.rs:18:impl ConstitutionalPhysicsProof {
crates/amun-evolution/src/certificate.rs:3:    ContinuityClass, GovernanceGuarantee, ProofGuarantee, ReplayGuarantee, SnapshotGuarantee,
crates/amun-evolution/src/certificate.rs:67:    pub replay_guarantee: ReplayGuarantee,
crates/amun-evolution/src/certificate.rs:69:    pub proof_guarantee: ProofGuarantee,
crates/amun-evolution/src/certificate.rs:72:    pub physics_proof: ConstitutionalPhysicsProof,
crates/amun-evolution/src/certificate.rs:91:        replay: ReplayGuarantee,
crates/amun-evolution/src/certificate.rs:93:        proof: ProofGuarantee,
crates/amun-evolution/src/certificate.rs:96:        physics_proof: ConstitutionalPhysicsProof,
crates/amun-evolution/src/certificate.rs:9:pub struct ConstitutionalPhysicsProof {
crates/amun-evolution/src/executor.rs:28:    ReplayBreak,
crates/amun-evolution/src/executor.rs:30:    ProofBreak,
crates/amun-evolution/src/lib.rs:12:    AggregatedSignature, ConstitutionalSignature, SIGNATURE_DOMAIN_ACTIVATION,
crates/amun-evolution/src/lib.rs:15:pub use transition::{ConstitutionalCheckpoint, TransitionResult};
crates/amun-evolution/src/lib.rs:9:pub use certificate::{ConstitutionalPhysicsProof, EvolutionActivationCertificate};
crates/amun-evolution/src/signatures.rs:12:pub struct ConstitutionalSignature {
crates/amun-evolution/src/signatures.rs:1:// Cryptographic Signature Domain for Constitutional Evolution
crates/amun-evolution/src/signatures.rs:20:impl ConstitutionalSignature {
crates/amun-evolution/src/signatures.rs:56:    pub signatures: Vec<ConstitutionalSignature>,
crates/amun-evolution/src/signatures.rs:64:    pub fn new(signatures: Vec<ConstitutionalSignature>, required_quorum: u64) -> Self {
crates/amun-evolution/src/transition.rs:10:pub struct ConstitutionalCheckpoint {
crates/amun-evolution/src/transition.rs:19:impl ConstitutionalCheckpoint {
crates/amun-evolution/src/transition.rs:62:        checkpoint: ConstitutionalCheckpoint,
crates/amun-evolution/src/validator.rs:10:        proof: &EvolutionProof,
crates/amun-evolution/src/validator.rs:21:    pub fn preserves_continuity(proof: &EvolutionProof) -> bool {
crates/amun-evolution/src/validator.rs:22:        proof.replay_guarantee.rank() >= ReplayGuarantee::Deterministic.rank()
crates/amun-evolution/src/validator.rs:3:    EvolutionProof, GovernanceGuarantee, ReplayGuarantee, SnapshotGuarantee,
crates/amun-execution-receipt/src/lib.rs:1://! # Constitutional Execution Receipts
crates/amun-execution-receipt/src/lib.rs:6://! ## Constitutional Invariants
crates/amun-execution-receipt/src/lib.rs:95:            return Err("Constitutional anomaly: state unchanged but execution claims mutation");
crates/amun-execution-receipt/src/lib.rs:98:            return Err("Constitutional anomaly: state mutated but execution claims no mutation");
crates/amun-execution/src/executor.rs:2:use amun_failure::{AmunResult, ConstitutionalFault, FailureContext};
crates/amun-execution/src/lib.rs:7:/// Constitutional execution engine that processes transactions against account state.
crates/amun-experimental-framework/src/main.rs:116:fn workload_halt() -> ConstitutionalProgram {
crates/amun-experimental-framework/src/main.rs:117:    ConstitutionalProgram::new(1, 0, 0, vec![OpCode::Halt])
crates/amun-experimental-framework/src/main.rs:121:fn workload_push10() -> ConstitutionalProgram {
crates/amun-experimental-framework/src/main.rs:122:    ConstitutionalProgram::new(
crates/amun-experimental-framework/src/main.rs:143:fn workload_transform() -> ConstitutionalProgram {
crates/amun-experimental-framework/src/main.rs:144:    ConstitutionalProgram::new(
crates/amun-experimental-framework/src/main.rs:159:fn workload_split() -> ConstitutionalProgram {
crates/amun-experimental-framework/src/main.rs:160:    ConstitutionalProgram::new(
crates/amun-experimental-framework/src/main.rs:193:        let mut hot = HotProofStore::new(1000);
crates/amun-experimental-framework/src/main.rs:194:        let mut archive = ProofArchive::new();
crates/amun-experimental-framework/src/main.rs:195:        let result = ConstitutionalRuntime::execute(
crates/amun-experimental-framework/src/main.rs:214:            ReplayVerifier::replay(&proof, &program, &mut fresh, &[]);
crates/amun-experimental-framework/src/main.rs:229:// ── Experiment 2: Replay vs Execution (all workloads) ───────
crates/amun-experimental-framework/src/main.rs:231:    println!("\n=== Experiment 2: Replay vs Execution ===");
crates/amun-experimental-framework/src/main.rs:232:    let workloads: Vec<(&str, ConstitutionalProgram)> = vec![
crates/amun-experimental-framework/src/main.rs:254:        let mut hot = HotProofStore::new(1000);
crates/amun-experimental-framework/src/main.rs:255:        let mut archive = ProofArchive::new();
crates/amun-experimental-framework/src/main.rs:260:            match ConstitutionalRuntime::execute(
crates/amun-experimental-framework/src/main.rs:277:        let result = ConstitutionalRuntime::execute(
crates/amun-experimental-framework/src/main.rs:2:use amun_bytecode::program::ConstitutionalProgram;
crates/amun-experimental-framework/src/main.rs:311:            ReplayVerifier::replay(&proof, program, &mut fresh, &[]);
crates/amun-experimental-framework/src/main.rs:340:            let mut hot = HotProofStore::new(10000);
crates/amun-experimental-framework/src/main.rs:341:            let mut archive = ProofArchive::new();
crates/amun-experimental-framework/src/main.rs:356:                let result = ConstitutionalRuntime::execute(
crates/amun-experimental-framework/src/main.rs:371:                    ReplayVerifier::replay(&transition_proof, &program, &mut fresh, &[]);
crates/amun-experimental-framework/src/main.rs:3:use amun_constitutional_runtime::runtime_pipeline::{ConstitutionalRuntime, PipelineResult};
crates/amun-experimental-framework/src/main.rs:426:// ── Experiment 5: Witness Bundle Size ───────────────────────
crates/amun-experimental-framework/src/main.rs:428:    println!("\n=== Experiment 5: Witness Bundle Size ===");
crates/amun-experimental-framework/src/main.rs:430:    let workloads: Vec<(&str, ConstitutionalProgram)> = vec![
crates/amun-experimental-framework/src/main.rs:448:            let mut hot = HotProofStore::new(1000);
crates/amun-experimental-framework/src/main.rs:449:            let mut archive = ProofArchive::new();
crates/amun-experimental-framework/src/main.rs:450:            let result = ConstitutionalRuntime::execute(
crates/amun-experimental-framework/src/main.rs:4:use amun_proof_archive::hot_store::HotProofStore;
crates/amun-experimental-framework/src/main.rs:5:use amun_proof_archive::proof_archive::ProofArchive;
crates/amun-experimental-framework/src/main.rs:6:use amun_replay_verifier::replay_verifier::ReplayVerifier;
crates/amun-explorer-api/src/lib.rs:73:    println!("Constitutional Explorer API running on {}", addr);
crates/amun-explorer-api/src/routes/constitutional.rs:12:    ConstitutionalService::list_obligations()
crates/amun-explorer-api/src/routes/constitutional.rs:14:async fn list_evidence() -> crate::errors::ApiResult<Vec<crate::types::EvidenceRecordSummary>> {
crates/amun-explorer-api/src/routes/constitutional.rs:15:    ConstitutionalService::list_evidence()
crates/amun-explorer-api/src/routes/constitutional.rs:19:) -> crate::errors::ApiResult<crate::types::EvidenceRecordSummary> {
crates/amun-explorer-api/src/routes/constitutional.rs:1:use crate::services::constitutional_service::ConstitutionalService;
crates/amun-explorer-api/src/routes/constitutional.rs:20:    ConstitutionalService::get_evidence(&id)
crates/amun-explorer-api/src/routes/constitutional.rs:4:async fn get_dashboard() -> crate::errors::ApiResult<crate::types::ConstitutionalDashboard> {
crates/amun-explorer-api/src/routes/constitutional.rs:5:    ConstitutionalService::get_dashboard()
crates/amun-explorer-api/src/routes/constitutional.rs:7:async fn list_verdicts() -> crate::errors::ApiResult<Vec<crate::types::ConstitutionalVerdictSummary>>
crates/amun-explorer-api/src/routes/constitutional.rs:9:    ConstitutionalService::list_verdicts()
crates/amun-explorer-api/src/services/constitutional_service.rs:25:    pub fn list_verdicts() -> ApiResult<Vec<ConstitutionalVerdictSummary>> {
crates/amun-explorer-api/src/services/constitutional_service.rs:27:            ConstitutionalVerdictSummary {
crates/amun-explorer-api/src/services/constitutional_service.rs:2:use crate::types::{ConstitutionalDashboard, ConstitutionalVerdictSummary, EvidenceRecordSummary};
crates/amun-explorer-api/src/services/constitutional_service.rs:35:            ConstitutionalVerdictSummary {
crates/amun-explorer-api/src/services/constitutional_service.rs:57:    pub fn list_evidence() -> ApiResult<Vec<EvidenceRecordSummary>> {
crates/amun-explorer-api/src/services/constitutional_service.rs:59:            EvidenceRecordSummary {
crates/amun-explorer-api/src/services/constitutional_service.rs:5:pub struct ConstitutionalService;
crates/amun-explorer-api/src/services/constitutional_service.rs:61:                evidence_type: "CertificateEvidence".into(),
crates/amun-explorer-api/src/services/constitutional_service.rs:66:            EvidenceRecordSummary {
crates/amun-explorer-api/src/services/constitutional_service.rs:68:                evidence_type: "ReplayEvidence".into(),
crates/amun-explorer-api/src/services/constitutional_service.rs:76:    pub fn get_evidence(id: &str) -> ApiResult<EvidenceRecordSummary> {
crates/amun-explorer-api/src/services/constitutional_service.rs:78:            return Err(ApiError::not_found("Evidence", id));
crates/amun-explorer-api/src/services/constitutional_service.rs:7:impl ConstitutionalService {
crates/amun-explorer-api/src/services/constitutional_service.rs:80:        Ok(Json(EvidenceRecordSummary {
crates/amun-explorer-api/src/services/constitutional_service.rs:82:            evidence_type: "CertificateEvidence".into(),
crates/amun-explorer-api/src/services/constitutional_service.rs:8:    pub fn get_dashboard() -> ApiResult<ConstitutionalDashboard> {
crates/amun-explorer-api/src/services/constitutional_service.rs:9:        Ok(Json(ConstitutionalDashboard {
crates/amun-explorer-api/src/types.rs:43:pub struct ConstitutionalVerdictSummary {
crates/amun-explorer-api/src/types.rs:53:pub struct EvidenceRecordSummary {
crates/amun-explorer-api/src/types.rs:62:pub struct ConstitutionalDashboard {
crates/amun-failure/src/kernel_state.rs:10:        fault: ConstitutionalFault,
crates/amun-failure/src/kernel_state.rs:21:    pub fn poison(self, fault: ConstitutionalFault, epoch: u64, round: u64) -> Self {
crates/amun-failure/src/kernel_state.rs:4:use crate::taxonomy::{module_ids, operation_ids, AmunResult, ConstitutionalFault, FailureContext};
crates/amun-failure/src/kernel_state.rs:56:    pub evidence_fault: Option<ConstitutionalFault>,
crates/amun-failure/src/lib.rs:11:    module_ids, operation_ids, AmunResult, ConstitutionalFault, FailureContext, FaultSeverity,
crates/amun-failure/src/taxonomy.rs:136:    pub fault: ConstitutionalFault,
crates/amun-failure/src/taxonomy.rs:142:    pub const fn new(fault: ConstitutionalFault, module_id: u16, operation_id: u16) -> Self {
crates/amun-failure/src/taxonomy.rs:17:    ReplayViolation = 0x3002,
crates/amun-failure/src/taxonomy.rs:1:// Constitutional fault taxonomy. Every possible failure is classified here.
crates/amun-failure/src/taxonomy.rs:23:    MerkleProofInvalid = 0x4004,
crates/amun-failure/src/taxonomy.rs:27:    // Contract & Invariant (0x6XXX)
crates/amun-failure/src/taxonomy.rs:29:    ConstitutionalViolation = 0x6002,
crates/amun-failure/src/taxonomy.rs:44:impl ConstitutionalFault {
crates/amun-failure/src/taxonomy.rs:55:            | Self::ReplayViolation
crates/amun-failure/src/taxonomy.rs:5:pub enum ConstitutionalFault {
crates/amun-failure/src/taxonomy.rs:85:    Evidence = 0x08,
crates/amun-failure/src/tests.rs:10:    assert!(ConstitutionalFault::ConstitutionalViolation.should_halt());
crates/amun-failure/src/tests.rs:110:        ConstitutionalFault::UnsafeContractViolation,
crates/amun-failure/src/tests.rs:11:    assert!(ConstitutionalFault::InvalidQuorum.should_halt());
crates/amun-failure/src/tests.rs:12:    assert!(ConstitutionalFault::SignatureInvalid.should_halt());
crates/amun-failure/src/tests.rs:13:    assert!(ConstitutionalFault::MerkleProofInvalid.should_halt());
crates/amun-failure/src/tests.rs:14:    assert!(ConstitutionalFault::DurabilityViolation.should_halt());
crates/amun-failure/src/tests.rs:15:    assert!(ConstitutionalFault::JournalHashMismatch.should_halt());
crates/amun-failure/src/tests.rs:16:    assert!(ConstitutionalFault::ArithmeticOverflow.should_halt());
crates/amun-failure/src/tests.rs:17:    assert!(ConstitutionalFault::ArithmeticUnderflow.should_halt());
crates/amun-failure/src/tests.rs:18:    assert!(ConstitutionalFault::DecodeBudgetExceeded.should_halt());
crates/amun-failure/src/tests.rs:19:    assert!(ConstitutionalFault::CryptoBudgetExceeded.should_halt());
crates/amun-failure/src/tests.rs:24:    assert!(!ConstitutionalFault::BufferTooSmall.should_halt());
crates/amun-failure/src/tests.rs:25:    assert!(!ConstitutionalFault::CapacityExceeded.should_halt());
crates/amun-failure/src/tests.rs:26:    assert!(!ConstitutionalFault::TableFull.should_halt());
crates/amun-failure/src/tests.rs:27:    assert!(!ConstitutionalFault::MemoryBudgetExhausted.should_halt());
crates/amun-failure/src/tests.rs:32:    assert!(!ConstitutionalFault::InvalidStateTransition.should_halt());
crates/amun-failure/src/tests.rs:33:    assert!(!ConstitutionalFault::UninitializedAccess.should_halt());
crates/amun-failure/src/tests.rs:34:    assert!(!ConstitutionalFault::DoubleInitialization.should_halt());
crates/amun-failure/src/tests.rs:35:    assert!(!ConstitutionalFault::TemporalViolation.should_halt());
crates/amun-failure/src/tests.rs:36:    assert!(!ConstitutionalFault::ReplayViolation.should_halt());
crates/amun-failure/src/tests.rs:37:    assert!(!ConstitutionalFault::SequenceMismatch.should_halt());
crates/amun-failure/src/tests.rs:43:        ConstitutionalFault::CapacityExceeded,
crates/amun-failure/src/tests.rs:47:    assert_eq!(ctx.fault, ConstitutionalFault::CapacityExceeded);
crates/amun-failure/src/tests.rs:55:        ConstitutionalFault::EquivocationDetected,
crates/amun-failure/src/tests.rs:70:    let health = KernelHealth::healthy().poison(ConstitutionalFault::UnsafeContractViolation, 1, 5);
crates/amun-failure/src/tests.rs:77:        .poison(ConstitutionalFault::EquivocationDetected, 1, 3)
crates/amun-failure/src/tests.rs:78:        .poison(ConstitutionalFault::InvalidQuorum, 2, 7);
crates/amun-failure/src/tests.rs:83:        assert_eq!(fault, ConstitutionalFault::EquivocationDetected);
crates/amun-failure/src/tests.rs:8:    assert!(ConstitutionalFault::EquivocationDetected.should_halt());
crates/amun-failure/src/tests.rs:92:    let health = KernelHealth::healthy().poison(ConstitutionalFault::UnsafeContractViolation, 1, 0);
crates/amun-failure/src/tests.rs:9:    assert!(ConstitutionalFault::UnsafeContractViolation.should_halt());
crates/amun-finality-certificate/src/lib.rs:102:    pub fn latest(&self) -> Option<&ConstitutionalFinalityCertificate> {
crates/amun-finality-certificate/src/lib.rs:10:pub struct ConstitutionalFinalityCertificate {
crates/amun-finality-certificate/src/lib.rs:111:    fn issue_cert(h: u64) -> ConstitutionalFinalityCertificate {
crates/amun-finality-certificate/src/lib.rs:112:        ConstitutionalFinalityCertificate::issue(
crates/amun-finality-certificate/src/lib.rs:155:        let c1 = ConstitutionalFinalityCertificate::issue(
crates/amun-finality-certificate/src/lib.rs:160:        let c2 = ConstitutionalFinalityCertificate::issue(
crates/amun-finality-certificate/src/lib.rs:22:impl ConstitutionalFinalityCertificate {
crates/amun-finality-certificate/src/lib.rs:73:    certificates: HashMap<[u8; 32], ConstitutionalFinalityCertificate>,
crates/amun-finality-certificate/src/lib.rs:82:    pub fn append(&mut self, cert: ConstitutionalFinalityCertificate) -> Result<(), &'static str> {
crates/amun-formal/src/invariants.rs:1:pub struct FormalInvariants;
crates/amun-formal/src/invariants.rs:3:impl FormalInvariants {
crates/amun-formal/src/lib.rs:2:pub use invariants::FormalInvariants;
crates/amun-gas-engine/src/gas_engine.rs:20:    ) -> (GasEngineResult, Option<ConstitutionalEvidence>)
crates/amun-gas-engine/src/gas_engine.rs:28:                    let ev = ConstitutionalEvidence::ExecutionFailure {
crates/amun-gas-engine/src/gas_engine.rs:2:use amun_evidence_engine::evidence_types::ConstitutionalEvidence;
crates/amun-gas-engine/src/gas_engine.rs:52:                let ev = ConstitutionalEvidence::ExecutionFailure {
crates/amun-gas-engine/src/opcode_costs.rs:22:            OpCode::CheckInvariant { .. } => 50,
crates/amun-gas-engine/src/opcode_costs.rs:3:/// Constitutional gas cost table as specified in N48.5-E Section 3.3.
crates/amun-handle-resolver/src/handle_resolver.rs:183:            ConstitutionalEvidence::ExecutionFailure { reason, .. } => {
crates/amun-handle-resolver/src/handle_resolver.rs:18:    ) -> (bool, Vec<ConstitutionalEvidence>) {
crates/amun-handle-resolver/src/handle_resolver.rs:1:use amun_evidence_engine::evidence_types::ConstitutionalEvidence;
crates/amun-handle-resolver/src/handle_resolver.rs:58:                leaks.push(ConstitutionalEvidence::ExecutionFailure {
crates/amun-handle-resolver/src/handle_resolver.rs:80:    ) -> (bool, Vec<ConstitutionalEvidence>) {
crates/amun-handle-resolver/src/handle_resolver.rs:98:                    violations.push(ConstitutionalEvidence::ExecutionFailure {
crates/amun-header-gossip/src/relay.rs:6:pub struct WitnessRelay;
crates/amun-header-gossip/src/relay.rs:8:impl WitnessRelay {
crates/amun-host/src/lib.rs:9:pub use replay::ReplayGuard;
crates/amun-host/src/replay.rs:1:pub struct ReplayGuard {
crates/amun-host/src/replay.rs:6:impl ReplayGuard {
crates/amun-invariant-engine/src/invariant_engine.rs:107:        let (results, evidence) = InvariantEngine::evaluate(
crates/amun-invariant-engine/src/invariant_engine.rs:115:        assert!(InvariantEngine::all_passed(&results));
crates/amun-invariant-engine/src/invariant_engine.rs:116:        assert!(!InvariantEngine::has_critical_failure(&results));
crates/amun-invariant-engine/src/invariant_engine.rs:123:        let (results, evidence) = InvariantEngine::evaluate(
crates/amun-invariant-engine/src/invariant_engine.rs:131:        assert!(!InvariantEngine::all_passed(&results));
crates/amun-invariant-engine/src/invariant_engine.rs:132:        assert!(InvariantEngine::has_critical_failure(&results));
crates/amun-invariant-engine/src/invariant_engine.rs:135:            ConstitutionalEvidence::InvariantViolation { obligation_id, .. } => {
crates/amun-invariant-engine/src/invariant_engine.rs:138:            _ => panic!("Expected InvariantViolation"),
crates/amun-invariant-engine/src/invariant_engine.rs:13:        invariants: &[InvariantDeclaration],
crates/amun-invariant-engine/src/invariant_engine.rs:145:        let (results, evidence) = InvariantEngine::evaluate(
crates/amun-invariant-engine/src/invariant_engine.rs:153:        assert!(!InvariantEngine::all_passed(&results));
crates/amun-invariant-engine/src/invariant_engine.rs:154:        assert!(!InvariantEngine::has_critical_failure(&results)); // No Critical failed
crates/amun-invariant-engine/src/invariant_engine.rs:161:        let (results, _) = InvariantEngine::evaluate(
crates/amun-invariant-engine/src/invariant_engine.rs:170:            InvariantEngine::count_by_severity(&results, InvariantSeverity::Critical),
crates/amun-invariant-engine/src/invariant_engine.rs:174:            InvariantEngine::count_by_severity(&results, InvariantSeverity::Minor),
crates/amun-invariant-engine/src/invariant_engine.rs:183:        let (_, evidence) = InvariantEngine::evaluate(
crates/amun-invariant-engine/src/invariant_engine.rs:194:                ConstitutionalEvidence::InvariantViolation { state_root: sr, .. } => {
crates/amun-invariant-engine/src/invariant_engine.rs:197:                _ => panic!("Expected InvariantViolation"),
crates/amun-invariant-engine/src/invariant_engine.rs:19:    ) -> (Vec<InvariantResult>, Vec<ConstitutionalEvidence>)
crates/amun-invariant-engine/src/invariant_engine.rs:1:use amun_evidence_engine::evidence_types::ConstitutionalEvidence;
crates/amun-invariant-engine/src/invariant_engine.rs:21:        F: Fn(&InvariantDeclaration) -> bool,
crates/amun-invariant-engine/src/invariant_engine.rs:28:            results.push(InvariantResult {
crates/amun-invariant-engine/src/invariant_engine.rs:35:                evidence.push(ConstitutionalEvidence::InvariantViolation {
crates/amun-invariant-engine/src/invariant_engine.rs:49:    pub fn count_by_severity(results: &[InvariantResult], severity: InvariantSeverity) -> usize {
crates/amun-invariant-engine/src/invariant_engine.rs:4:use crate::invariant_types::{InvariantDeclaration, InvariantResult, InvariantSeverity};
crates/amun-invariant-engine/src/invariant_engine.rs:57:    pub fn has_critical_failure(results: &[InvariantResult]) -> bool {
crates/amun-invariant-engine/src/invariant_engine.rs:60:            .any(|r| r.severity == InvariantSeverity::Critical && !r.passed)
crates/amun-invariant-engine/src/invariant_engine.rs:64:    pub fn all_passed(results: &[InvariantResult]) -> bool {
crates/amun-invariant-engine/src/invariant_engine.rs:72:    use crate::invariant_types::{InvariantDeclaration, InvariantScope};
crates/amun-invariant-engine/src/invariant_engine.rs:7:pub struct InvariantEngine;
crates/amun-invariant-engine/src/invariant_engine.rs:81:    fn sample_invariants() -> Vec<InvariantDeclaration> {
crates/amun-invariant-engine/src/invariant_engine.rs:83:            InvariantDeclaration {
crates/amun-invariant-engine/src/invariant_engine.rs:86:                severity: InvariantSeverity::Critical,
crates/amun-invariant-engine/src/invariant_engine.rs:87:                scope: InvariantScope::State,
crates/amun-invariant-engine/src/invariant_engine.rs:89:            InvariantDeclaration {
crates/amun-invariant-engine/src/invariant_engine.rs:92:                severity: InvariantSeverity::Critical,
crates/amun-invariant-engine/src/invariant_engine.rs:93:                scope: InvariantScope::State,
crates/amun-invariant-engine/src/invariant_engine.rs:95:            InvariantDeclaration {
crates/amun-invariant-engine/src/invariant_engine.rs:98:                severity: InvariantSeverity::Minor,
crates/amun-invariant-engine/src/invariant_engine.rs:99:                scope: InvariantScope::Local,
crates/amun-invariant-engine/src/invariant_engine.rs:9:impl InvariantEngine {
crates/amun-invariant-engine/src/invariant_types.rs:18:pub enum InvariantScope {
crates/amun-invariant-engine/src/invariant_types.rs:26:    Constitutional,
crates/amun-invariant-engine/src/invariant_types.rs:31:pub struct InvariantDeclaration {
crates/amun-invariant-engine/src/invariant_types.rs:34:    pub severity: InvariantSeverity,
crates/amun-invariant-engine/src/invariant_types.rs:35:    pub scope: InvariantScope,
crates/amun-invariant-engine/src/invariant_types.rs:40:pub struct InvariantResult {
crates/amun-invariant-engine/src/invariant_types.rs:43:    pub severity: InvariantSeverity,
crates/amun-invariant-engine/src/invariant_types.rs:5:pub enum InvariantSeverity {
crates/amun-invariants/src/kernel.rs:13:    pub severity: InvariantSeverity,
crates/amun-invariants/src/kernel.rs:20:pub struct IrreducibleInvariants;
crates/amun-invariants/src/kernel.rs:22:impl IrreducibleInvariants {
crates/amun-invariants/src/kernel.rs:23:    pub const SINGLE_TRUTH: InvariantDef = InvariantDef {
crates/amun-invariants/src/kernel.rs:27:        severity: InvariantSeverity::Fatal,
crates/amun-invariants/src/kernel.rs:2:pub enum InvariantSeverity {
crates/amun-invariants/src/kernel.rs:34:    pub const SINGLE_FINALITY: InvariantDef = InvariantDef {
crates/amun-invariants/src/kernel.rs:38:        severity: InvariantSeverity::Fatal,
crates/amun-invariants/src/kernel.rs:45:    pub const EVENTUAL_PROGRESS: InvariantDef = InvariantDef {
crates/amun-invariants/src/kernel.rs:49:        severity: InvariantSeverity::Critical,
crates/amun-invariants/src/kernel.rs:56:    pub const FAILURE_MEMORY: InvariantDef = InvariantDef {
crates/amun-invariants/src/kernel.rs:60:        severity: InvariantSeverity::Degraded,
crates/amun-invariants/src/kernel.rs:67:    pub fn all() -> [InvariantDef; 4] {
crates/amun-invariants/src/kernel.rs:9:pub struct InvariantDef {
crates/amun-invariants/src/lib.rs:6:pub use kernel::{InvariantDef, InvariantSeverity, IrreducibleInvariants};
crates/amun-invariants/src/lib.rs:7:pub use registry::{InvariantHealth, InvariantRegistry};
crates/amun-invariants/src/lib.rs:8:pub use status::InvariantStatus;
crates/amun-invariants/src/registry.rs:11:impl InvariantRegistry {
crates/amun-invariants/src/registry.rs:16:        for inv in IrreducibleInvariants::all().iter() {
crates/amun-invariants/src/registry.rs:18:            statuses.push(InvariantStatus::new(inv.id));
crates/amun-invariants/src/registry.rs:1:use crate::kernel::{InvariantDef, InvariantSeverity, IrreducibleInvariants};
crates/amun-invariants/src/registry.rs:27:    pub fn register(&mut self, inv: InvariantDef) -> Result<(), &'static str> {
crates/amun-invariants/src/registry.rs:2:use crate::status::InvariantStatus;
crates/amun-invariants/src/registry.rs:35:        self.statuses.push(InvariantStatus::new(inv.id));
crates/amun-invariants/src/registry.rs:56:    pub fn overall_health(&self) -> InvariantHealth {
crates/amun-invariants/src/registry.rs:6:pub struct InvariantRegistry {
crates/amun-invariants/src/registry.rs:70:                    .any(|i| i.id == s.invariant_id && i.severity == InvariantSeverity::Fatal)
crates/amun-invariants/src/registry.rs:75:            InvariantHealth::Critical
crates/amun-invariants/src/registry.rs:77:            InvariantHealth::Degraded
crates/amun-invariants/src/registry.rs:79:            InvariantHealth::Unknown
crates/amun-invariants/src/registry.rs:7:    invariants: Vec<InvariantDef>,
crates/amun-invariants/src/registry.rs:81:            InvariantHealth::AllInvariantsHold
crates/amun-invariants/src/registry.rs:87:pub enum InvariantHealth {
crates/amun-invariants/src/registry.rs:88:    AllInvariantsHold,
crates/amun-invariants/src/registry.rs:8:    statuses: Vec<InvariantStatus>,
crates/amun-invariants/src/status.rs:12:impl InvariantStatus {
crates/amun-invariants/src/status.rs:4:pub struct InvariantStatus {
crates/amun-kernel-types/src/capacity.rs:1:// Constitutional capacity constants.
crates/amun-kernel-types/src/epoch.rs:16:                ConstitutionalFault::ArithmeticOverflow,
crates/amun-kernel-types/src/epoch.rs:1:use amun_failure::{module_ids, AmunResult, ConstitutionalFault, FailureContext};
crates/amun-kernel-types/src/lib.rs:4:// Constitutional capacity constants are defined here to avoid
crates/amun-kernel-types/src/round.rs:16:                ConstitutionalFault::ArithmeticOverflow,
crates/amun-kernel-types/src/round.rs:1:use amun_failure::{module_ids, AmunResult, ConstitutionalFault, FailureContext};
crates/amun-kernel/src/governance.rs:1://! Constitutional Governance Primitives
crates/amun-kernel/src/lib.rs:1://! # Amun Constitutional Kernel
crates/amun-light-client/src/client.rs:1:/// Legacy light client — kept for compatibility, now wraps ConstitutionalLightClient.
crates/amun-light-client/src/constitutional_client.rs:106:    use amun_constitutional_runtime::finality_certificate::ConstitutionalFinalityCertificate;
crates/amun-light-client/src/constitutional_client.rs:107:    use amun_constitutional_runtime::history_root::ConstitutionalHistoryRoot;
crates/amun-light-client/src/constitutional_client.rs:109:    use amun_transition_proof::transition_proof::TransitionProof;
crates/amun-light-client/src/constitutional_client.rs:122:    ) -> ConstitutionalFinalityCertificate {
crates/amun-light-client/src/constitutional_client.rs:132:        let transitions = vec![TransitionProof::new(
crates/amun-light-client/src/constitutional_client.rs:145:        let mut cert = ConstitutionalFinalityCertificate::issue(
crates/amun-light-client/src/constitutional_client.rs:161:        let history_root = ConstitutionalHistoryRoot::from_chain(&chain);
crates/amun-light-client/src/constitutional_client.rs:162:        let checkpoint = ConstitutionalCheckpoint {
crates/amun-light-client/src/constitutional_client.rs:172:        let mut client = ConstitutionalLightClient::new();
crates/amun-light-client/src/constitutional_client.rs:179:        let client = ConstitutionalLightClient::new();
crates/amun-light-client/src/constitutional_client.rs:186:        let client = ConstitutionalLightClient::new();
crates/amun-light-client/src/constitutional_client.rs:195:        let checkpoint = ConstitutionalCheckpoint {
crates/amun-light-client/src/constitutional_client.rs:19:pub struct ConstitutionalLightClient {
crates/amun-light-client/src/constitutional_client.rs:205:        let mut client = ConstitutionalLightClient::new();
crates/amun-light-client/src/constitutional_client.rs:20:    pub trusted_checkpoint: Option<ConstitutionalCheckpoint>,
crates/amun-light-client/src/constitutional_client.rs:216:        let checkpoint = ConstitutionalCheckpoint {
crates/amun-light-client/src/constitutional_client.rs:226:        let mut client = ConstitutionalLightClient::new();
crates/amun-light-client/src/constitutional_client.rs:24:impl ConstitutionalLightClient {
crates/amun-light-client/src/constitutional_client.rs:32:    pub fn bootstrap(&mut self, checkpoint: ConstitutionalCheckpoint) {
crates/amun-light-client/src/constitutional_client.rs:37:    pub fn verify_certificate(&self, cert: &ConstitutionalFinalityCertificate) -> bool {
crates/amun-light-client/src/constitutional_client.rs:4:use amun_constitutional_runtime::finality_certificate::ConstitutionalFinalityCertificate;
crates/amun-light-client/src/constitutional_client.rs:57:        root: &ConstitutionalHistoryRoot,
crates/amun-light-client/src/constitutional_client.rs:5:use amun_constitutional_runtime::history_root::ConstitutionalHistoryRoot;
crates/amun-light-client/src/constitutional_client.rs:68:        let history_root = ConstitutionalHistoryRoot::from_chain(chain);
crates/amun-light-client/src/constitutional_client.rs:69:        self.trusted_checkpoint = Some(ConstitutionalCheckpoint {
crates/amun-light-client/src/constitutional_client.rs:87:    pub fn verify_checkpoint(checkpoint: &ConstitutionalCheckpoint) -> bool {
crates/amun-light-client/src/constitutional_client.rs:8:pub struct ConstitutionalCheckpoint {
crates/amun-light-client/src/constitutional_client.rs:95:impl Default for ConstitutionalLightClient {
crates/amun-light-client/tests/light_client_tests.rs:100:    let mut client = ConstitutionalLightClient::new();
crates/amun-light-client/tests/light_client_tests.rs:22:) -> ConstitutionalFinalityCertificate {
crates/amun-light-client/tests/light_client_tests.rs:32:    let transitions = vec![TransitionProof::new(
crates/amun-light-client/tests/light_client_tests.rs:3:use amun_constitutional_runtime::finality_certificate::ConstitutionalFinalityCertificate;
crates/amun-light-client/tests/light_client_tests.rs:45:    let mut cert = ConstitutionalFinalityCertificate::issue(
crates/amun-light-client/tests/light_client_tests.rs:4:use amun_constitutional_runtime::history_root::ConstitutionalHistoryRoot;
crates/amun-light-client/tests/light_client_tests.rs:61:    let history_root = ConstitutionalHistoryRoot::from_chain(&chain1);
crates/amun-light-client/tests/light_client_tests.rs:63:    let checkpoint = ConstitutionalCheckpoint {
crates/amun-light-client/tests/light_client_tests.rs:6:    ConstitutionalCheckpoint, ConstitutionalLightClient,
crates/amun-light-client/tests/light_client_tests.rs:74:    let mut client = ConstitutionalLightClient::new();
crates/amun-light-client/tests/light_client_tests.rs:89:    let checkpoint = ConstitutionalCheckpoint {
crates/amun-light-client/tests/light_client_tests.rs:9:use amun_transition_proof::transition_proof::TransitionProof;
crates/amun-lineage-law/src/ancestry.rs:10:    pub lineage_proof: Option<LineageProof>,
crates/amun-lineage-law/src/ancestry.rs:1:use super::lineage::LineageProof;
crates/amun-lineage-law/src/ancestry.rs:20:        lineage_proof: Option<LineageProof>,
crates/amun-lineage-law/src/compatibility.rs:10:    pub lineage_proof: Option<LineageProof>,
crates/amun-lineage-law/src/compatibility.rs:11:    pub migration_witness: Option<MigrationWitness>,
crates/amun-lineage-law/src/compatibility.rs:18:impl CompatibilityTheorem {
crates/amun-lineage-law/src/compatibility.rs:1:use super::lineage::LineageProof;
crates/amun-lineage-law/src/compatibility.rs:22:        lineage_proof: Option<LineageProof>,
crates/amun-lineage-law/src/compatibility.rs:23:        migration_witness: Option<MigrationWitness>,
crates/amun-lineage-law/src/compatibility.rs:2:use super::migration::MigrationWitness;
crates/amun-lineage-law/src/compatibility.rs:4:/// A CompatibilityTheorem proves that two protocol versions can
crates/amun-lineage-law/src/compatibility.rs:7:pub struct CompatibilityTheorem {
crates/amun-lineage-law/src/compatibility.rs:85:    pub fn determine(theorem: &CompatibilityTheorem) -> Self {
crates/amun-lineage-law/src/lib.rs:10:pub use lineage::{LineageCertificate, LineageProof, LineageVerification};
crates/amun-lineage-law/src/lib.rs:11:pub use migration::{MigrationCertificate, MigrationRules, MigrationWitness};
crates/amun-lineage-law/src/lib.rs:9:pub use compatibility::{CompatibilityTheorem, CompatibilityVerdict};
crates/amun-lineage-law/src/lineage.rs:120:        chain: &[LineageProof],
crates/amun-lineage-law/src/lineage.rs:22:impl LineageProof {
crates/amun-lineage-law/src/lineage.rs:3:/// A LineageProof proves that a child protocol is a lawful descendant
crates/amun-lineage-law/src/lineage.rs:65:    pub proof: LineageProof,
crates/amun-lineage-law/src/lineage.rs:71:    pub fn new(proof: LineageProof, epoch: u64) -> Self {
crates/amun-lineage-law/src/lineage.rs:7:pub struct LineageProof {
crates/amun-lineage-law/src/lineage.rs:99:    pub fn verify_chain(chain: &[LineageProof]) -> bool {
crates/amun-lineage-law/src/migration.rs:22:impl MigrationWitness {
crates/amun-lineage-law/src/migration.rs:3:/// A MigrationWitness proves that state was successfully migrated
crates/amun-lineage-law/src/migration.rs:63:    pub witness: MigrationWitness,
crates/amun-lineage-law/src/migration.rs:68:    pub fn new(lineage_proof_hash: [u8; 32], witness: MigrationWitness) -> Self {
crates/amun-lineage-law/src/migration.rs:7:pub struct MigrationWitness {
crates/amun-lineage/src/compatibility.rs:19:            CompatibilityClass::ReplayCompatible => 0x04,
crates/amun-lineage/src/compatibility.rs:32:            CompatibilityClass::ReplayCompatible => 4,
crates/amun-lineage/src/compatibility.rs:7:    ReplayCompatible,
crates/amun-lineage/src/lib.rs:12:    ContinuityClass, EvolutionProof, EvolutionRecord, GovernanceGuarantee, ProofGuarantee,
crates/amun-lineage/src/lib.rs:13:    ReplayGuarantee, SnapshotGuarantee,
crates/amun-lineage/src/lib.rs:15:pub use serialization::ConstitutionalEncode;
crates/amun-lineage/src/record.rs:14:impl ReplayGuarantee {
crates/amun-lineage/src/record.rs:166:pub struct EvolutionProof {
crates/amun-lineage/src/record.rs:169:    pub replay_guarantee: ReplayGuarantee,
crates/amun-lineage/src/record.rs:171:    pub proof_guarantee: ProofGuarantee,
crates/amun-lineage/src/record.rs:177:impl EvolutionProof {
crates/amun-lineage/src/record.rs:17:            ReplayGuarantee::Exact => 0x03,
crates/amun-lineage/src/record.rs:181:        replay: ReplayGuarantee,
crates/amun-lineage/src/record.rs:183:        proof: ProofGuarantee,
crates/amun-lineage/src/record.rs:18:            ReplayGuarantee::Deterministic => 0x02,
crates/amun-lineage/src/record.rs:19:            ReplayGuarantee::Partial => 0x01,
crates/amun-lineage/src/record.rs:20:            ReplayGuarantee::Unsupported => 0x00,
crates/amun-lineage/src/record.rs:51:pub enum ProofGuarantee {
crates/amun-lineage/src/record.rs:58:impl ProofGuarantee {
crates/amun-lineage/src/record.rs:61:            ProofGuarantee::Identical => 0x03,
crates/amun-lineage/src/record.rs:62:            ProofGuarantee::Reconstructible => 0x02,
crates/amun-lineage/src/record.rs:63:            ProofGuarantee::Convertible => 0x01,
crates/amun-lineage/src/record.rs:64:            ProofGuarantee::Unsupported => 0x00,
crates/amun-lineage/src/record.rs:7:pub enum ReplayGuarantee {
crates/amun-lineage/src/serialization.rs:18:        impl ConstitutionalEncode for $ty {
crates/amun-lineage/src/serialization.rs:1:// Constitutional Serialization Lock
crates/amun-lineage/src/serialization.rs:7:pub trait ConstitutionalEncode {
crates/amun-live-cluster/src/validator.rs:100:        let authority = ConstitutionalAuthority::new(
crates/amun-live-cluster/src/validator.rs:14:        ConstitutionalEvidenceRecord, DoubleSpendEvidence, GovernanceEvidence, ReplayEvidence,
crates/amun-live-cluster/src/validator.rs:15:        SignatureEvidence,
crates/amun-live-cluster/src/validator.rs:163:            constitutional_kernel: Arc::new(Mutex::new(ConstitutionalEnforcementKernel::new())),
crates/amun-live-cluster/src/validator.rs:17:    ConstitutionalEnforcementKernel, ConstitutionalVerdict,
crates/amun-live-cluster/src/validator.rs:19:use amun_evidence_root::EvidenceRoot;
crates/amun-live-cluster/src/validator.rs:568:                    // N126.3: Evidence-Based Constitutional Verification
crates/amun-live-cluster/src/validator.rs:594:                        // N126.3: Replay determinism from ExecutionEngine
crates/amun-live-cluster/src/validator.rs:5:use amun_authority_registry::ConstitutionalAuthority;
crates/amun-live-cluster/src/validator.rs:604:                        // Evidence validity: all certificates pass .verify()
crates/amun-live-cluster/src/validator.rs:624:                            ConstitutionalVerdict::Constitutional => {
crates/amun-live-cluster/src/validator.rs:627:                            ConstitutionalVerdict::Unconstitutional { violations } => {
crates/amun-live-cluster/src/validator.rs:63:    /// N123.1: Constitutional enforcement kernel
crates/amun-live-cluster/src/validator.rs:648:                        // N129.2: Build ConstitutionalEvidenceRecord from real evidence data
crates/amun-live-cluster/src/validator.rs:649:                        let sig_ev = SignatureEvidence::new(
crates/amun-live-cluster/src/validator.rs:64:    pub constitutional_kernel: Arc<Mutex<ConstitutionalEnforcementKernel>>,
crates/amun-live-cluster/src/validator.rs:653:                        let ds_ev = DoubleSpendEvidence::new(
crates/amun-live-cluster/src/validator.rs:657:                        let gov_ev = GovernanceEvidence::new(
crates/amun-live-cluster/src/validator.rs:662:                        let rep_ev = ReplayEvidence::new(cert.state_root, history_root);
crates/amun-live-cluster/src/validator.rs:663:                        let evidence_record = ConstitutionalEvidenceRecord::new(
crates/amun-live-cluster/src/validator.rs:679:                        // N129.3: Compute EvidenceRoot with constitutional continuity
crates/amun-live-cluster/src/validator.rs:681:                        let evidence_root_obj = EvidenceRoot::compute(
crates/amun-live-cluster/src/validator.rs:747:                            // N110.4c.1: Replay protection
crates/amun-live-cluster/tests/n110_4c_state_transition.rs:27:        vec![EvidenceCount {
crates/amun-live-cluster/tests/n110_4c_state_transition.rs:28:            evidence_type: EvidenceType::DoubleVote,
crates/amun-live-cluster/tests/n110_4c_state_transition.rs:2:    EvidenceCount, EvidenceType, MisbehaviorRegistry, MisbehaviorThresholds, RealStakingExecutor,
crates/amun-live-cluster/tests/n110_4c_state_transition.rs:50:    misbehavior.record_misbehavior(&vid, &[0x01; 32], &EvidenceType::DoubleVote, 1);
crates/amun-live-cluster/tests/n110_4c_state_transition.rs:51:    misbehavior.record_misbehavior(&vid, &[0x02; 32], &EvidenceType::DoubleVote, 2);
crates/amun-live-cluster/tests/n110_4c_state_transition.rs:52:    misbehavior.record_misbehavior(&vid, &[0x03; 32], &EvidenceType::DoubleVote, 3);
crates/amun-live-cluster/tests/n110_4c_state_transition.rs:78:    misbehavior.record_misbehavior(&vid, &[0x01; 32], &EvidenceType::DoubleVote, 1);
crates/amun-live-cluster/tests/n110_4c_state_transition.rs:79:    misbehavior.record_misbehavior(&vid, &[0x02; 32], &EvidenceType::DoubleVote, 2);
crates/amun-live-cluster/tests/n110_4c_state_transition.rs:80:    misbehavior.record_misbehavior(&vid, &[0x03; 32], &EvidenceType::DoubleVote, 3);
crates/amun-live-cluster/tests/n118_finality_gated_slashing.rs:20:    misbehavior.record_misbehavior(&validator_id, &[0xA1; 32], &EvidenceType::DoubleVote, 1);
crates/amun-live-cluster/tests/n118_finality_gated_slashing.rs:21:    misbehavior.record_misbehavior(&validator_id, &[0xA2; 32], &EvidenceType::DoubleVote, 2);
crates/amun-live-cluster/tests/n118_finality_gated_slashing.rs:22:    misbehavior.record_misbehavior(&validator_id, &[0xA3; 32], &EvidenceType::DoubleVote, 3);
crates/amun-live-cluster/tests/n118_finality_gated_slashing.rs:5:    EvidenceType, MisbehaviorRegistry, MisbehaviorThresholds, RealStakingExecutor, StakingAdapter,
crates/amun-live-cluster/tests/n126_3_unconstitutional_block_rejected.rs:15:        ConstitutionalVerdict::Unconstitutional { violations } => {
crates/amun-live-cluster/tests/n126_3_unconstitutional_block_rejected.rs:19:                    .any(|v| v.law == ConstitutionalLaw::StateRootIntegrity),
crates/amun-live-cluster/tests/n126_3_unconstitutional_block_rejected.rs:29:    let mut kernel = ConstitutionalEnforcementKernel::new();
crates/amun-live-cluster/tests/n126_3_unconstitutional_block_rejected.rs:35:        ConstitutionalVerdict::Unconstitutional { violations } => {
crates/amun-live-cluster/tests/n126_3_unconstitutional_block_rejected.rs:39:                    .any(|v| v.law == ConstitutionalLaw::FinalitySupermajority),
crates/amun-live-cluster/tests/n126_3_unconstitutional_block_rejected.rs:3:    ConstitutionalEnforcementKernel, ConstitutionalLaw, ConstitutionalVerdict,
crates/amun-live-cluster/tests/n126_3_unconstitutional_block_rejected.rs:49:    let mut kernel = ConstitutionalEnforcementKernel::new();
crates/amun-live-cluster/tests/n126_3_unconstitutional_block_rejected.rs:53:    assert_eq!(verdict, ConstitutionalVerdict::Constitutional);
crates/amun-live-cluster/tests/n126_3_unconstitutional_block_rejected.rs:8:    let mut kernel = ConstitutionalEnforcementKernel::new();
crates/amun-lock-rule/src/lib.rs:5:pub use violation::{LockViolation, LockViolationEvidence, LockViolationType};
crates/amun-lock-rule/src/violation.rs:18:pub struct LockViolationEvidence {
crates/amun-lock-rule/src/violation.rs:6:    pub evidence: LockViolationEvidence,
crates/amun-merkle/src/domain.rs:4:// Constitutional Merkle domain separation.
crates/amun-merkle/src/lib.rs:9:pub use proof::MerkleProof;
crates/amun-merkle/src/proof.rs:102:                    amun_failure::ConstitutionalFault::CapacityExceeded,
crates/amun-merkle/src/proof.rs:112:                    amun_failure::ConstitutionalFault::BufferTooSmall,
crates/amun-merkle/src/proof.rs:122:                        amun_failure::ConstitutionalFault::MalformedEncoding,
crates/amun-merkle/src/proof.rs:130:                    amun_failure::ConstitutionalFault::CapacityExceeded,
crates/amun-merkle/src/proof.rs:157:        let mut proof = MerkleProof::new();
crates/amun-merkle/src/proof.rs:166:        let mut proof = MerkleProof::new();
crates/amun-merkle/src/proof.rs:16:pub struct MerkleProof {
crates/amun-merkle/src/proof.rs:170:        let decoded = MerkleProof::decode_exact(&buf[..len]).unwrap();
crates/amun-merkle/src/proof.rs:177:        let mut proof = MerkleProof::new();
crates/amun-merkle/src/proof.rs:181:        assert!(MerkleProof::decode_exact(&buf[..len + 1]).is_err());
crates/amun-merkle/src/proof.rs:188:        assert!(MerkleProof::decode(&buf).is_err());
crates/amun-merkle/src/proof.rs:199:        assert!(MerkleProof::decode(&buf).is_err());
crates/amun-merkle/src/proof.rs:21:impl MerkleProof {
crates/amun-merkle/src/proof.rs:34:        self.siblings.push(sibling).map_err(|_| "Proof too deep")?;
crates/amun-merkle/src/proof.rs:37:            .map_err(|_| "Proof too deep")?;
crates/amun-merkle/src/proof.rs:54:impl Default for MerkleProof {
crates/amun-merkle/src/proof.rs:60:impl CanonicalEncode for MerkleProof {
crates/amun-merkle/src/proof.rs:77:impl CanonicalDecode for MerkleProof {
crates/amun-merkle/src/proof.rs:81:                amun_failure::ConstitutionalFault::BufferTooSmall,
crates/amun-merkle/src/proof.rs:90:                amun_failure::ConstitutionalFault::CapacityExceeded,
crates/amun-merkle/src/tests.rs:83:    let mut proof = MerkleProof::new();
crates/amun-merkle/src/tests.rs:96:    let mut proof = MerkleProof::new();
crates/amun-merkle/src/tree.rs:4:// Constitutional Merkle tree capacity.
crates/amun-network-constitution/src/anti_replay.rs:47:impl Default for AntiReplayGuard {
crates/amun-network-constitution/src/anti_replay.rs:4:pub struct AntiReplayGuard {
crates/amun-network-constitution/src/anti_replay.rs:9:impl AntiReplayGuard {
crates/amun-network-constitution/src/lib.rs:4:pub use anti_replay::AntiReplayGuard;
crates/amun-network-transport/src/message.rs:13:    /// N111.3: Evidence announcement for network propagation
crates/amun-network-transport/src/message.rs:14:    EvidenceAnnounce(EvidenceAnnouncement),
crates/amun-network-transport/src/message.rs:16:    EvidencePush(EvidencePushMessage),
crates/amun-network-transport/src/message.rs:250:        let msg = NetworkMessage::EvidenceAnnounce(EvidenceAnnouncement {
crates/amun-network-transport/src/message.rs:260:            NetworkMessage::EvidenceAnnounce(e) => {
crates/amun-network-transport/src/message.rs:60:/// N111.3: Evidence announcement for network propagation.
crates/amun-network-transport/src/message.rs:62:pub struct EvidenceAnnouncement {
crates/amun-network-transport/src/message.rs:72:pub struct EvidencePushMessage {
crates/amun-network-transport/src/transport.rs:207:        NetworkMessage::EvidenceAnnounce(e) => NodeId(e.validator_id),
crates/amun-network-transport/src/transport.rs:208:        NetworkMessage::EvidencePush(p) => NodeId(p.sender_id),
crates/amun-networking/src/messages.rs:31:    ConstitutionalRejection { reason: String },
crates/amun-networking/src/messages.rs:35:pub struct ConstitutionalMessage {
crates/amun-networking/src/peers.rs:18:    ConstitutionalPeer = 5,
crates/amun-networking/src/quarantine.rs:1:use amun_snapshot_engine::ConstitutionalIdentity;
crates/amun-networking/src/quarantine.rs:21:    pub source_identity: ConstitutionalIdentity,
crates/amun-networking/src/quarantine.rs:32:    ReplayVerified,
crates/amun-networking/src/quarantine.rs:39:/// Constitutional Quarantine Engine.
crates/amun-networking/src/quarantine.rs:3:/// Constitutional Quarantine Zone.
crates/amun-networking/src/quarantine.rs:44:        local: &ConstitutionalIdentity,
crates/amun-networking/src/quarantine.rs:45:        remote: &ConstitutionalIdentity,
crates/amun-networking/src/risk.rs:11:    ReplayInstability { divergence_count: u64 },
crates/amun-networking/src/risk.rs:1:/// Constitutional risk classification for peers.
crates/amun-networking/src/risk.rs:22:pub struct ConstitutionalRiskProfile {
crates/amun-networking/src/risk.rs:23:    pub risks: Vec<ConstitutionalRisk>,
crates/amun-networking/src/risk.rs:30:impl ConstitutionalRiskProfile {
crates/amun-networking/src/risk.rs:3:pub enum ConstitutionalRisk {
crates/amun-networking/src/risk.rs:41:    pub fn add_risk(&mut self, risk: ConstitutionalRisk) {
crates/amun-networking/src/risk.rs:43:            ConstitutionalRisk::ForeignCivilization { .. } => {
crates/amun-networking/src/risk.rs:47:            ConstitutionalRisk::IncompatiblePhysics { .. } => {
crates/amun-networking/src/risk.rs:51:            ConstitutionalRisk::IdentityCorruption => {
crates/amun-networking/src/risk.rs:56:            ConstitutionalRisk::HostileFork { .. } => {
crates/amun-networking/src/risk.rs:61:            ConstitutionalRisk::ReplayInstability { .. } => {
crates/amun-networking/src/risk.rs:64:            ConstitutionalRisk::TemporalDivergence { .. } => {
crates/amun-networking/src/risk.rs:67:            ConstitutionalRisk::ByzantineBehavior { .. } => {
crates/amun-networking/src/sovereignty.rs:15:/// Constitutional handshake between two civilizations.
crates/amun-networking/src/sovereignty.rs:16:/// Multi-phase: Identity -> Physics -> Replay -> Lineage -> Temporal -> Sync
crates/amun-networking/src/sovereignty.rs:18:pub struct ConstitutionalHandshake {
crates/amun-networking/src/sovereignty.rs:19:    pub local_identity: ConstitutionalIdentity,
crates/amun-networking/src/sovereignty.rs:1:use amun_snapshot_engine::ConstitutionalIdentity;
crates/amun-networking/src/sovereignty.rs:20:    pub remote_identity: Option<ConstitutionalIdentity>,
crates/amun-networking/src/sovereignty.rs:36:    ReplayCompatibilityCheck,
crates/amun-networking/src/sovereignty.rs:43:impl ConstitutionalHandshake {
crates/amun-networking/src/sovereignty.rs:44:    pub fn new(local: ConstitutionalIdentity) -> Self {
crates/amun-networking/src/sovereignty.rs:60:    pub fn accept_remote(&mut self, remote: ConstitutionalIdentity) {
crates/amun-networking/src/sovereignty.rs:77:                HandshakePhase::ReplayCompatibilityCheck
crates/amun-networking/src/sovereignty.rs:7:    pub local_identity: ConstitutionalIdentity,
crates/amun-networking/src/sync.rs:35:    pub fn new(local_identity: ConstitutionalIdentity) -> Self {
crates/amun-networking/src/sync.rs:3:use amun_snapshot_engine::ConstitutionalIdentity;
crates/amun-networking/src/sync.rs:46:    pub fn initiate_sync(&mut self, remote: ConstitutionalIdentity) -> SyncResult {
crates/amun-networking/src/sync.rs:5:/// Constitutional sync engine - orchestration only.
crates/amun-networking/src/sync.rs:8:    pub local_identity: ConstitutionalIdentity,
crates/amun-networking/src/verification.rs:10:        remote_identity: ConstitutionalIdentity,
crates/amun-networking/src/verification.rs:11:        risk_profile: ConstitutionalRiskProfile,
crates/amun-networking/src/verification.rs:15:        remote_identity: ConstitutionalIdentity,
crates/amun-networking/src/verification.rs:1:use amun_snapshot_engine::ConstitutionalIdentity;
crates/amun-networking/src/verification.rs:31:        local: &ConstitutionalIdentity,
crates/amun-networking/src/verification.rs:32:        remote: &ConstitutionalIdentity,
crates/amun-networking/src/verification.rs:38:        let mut risk_profile = ConstitutionalRiskProfile::new();
crates/amun-networking/src/verification.rs:3:use super::risk::{ConstitutionalRisk, ConstitutionalRiskProfile};
crates/amun-networking/src/verification.rs:47:        risk_profile.add_risk(ConstitutionalRisk::ForeignCivilization {
crates/amun-networking/tests/n18_catchup_and_rejoin.rs:5:// N18.5 — Constitutional Catch-up (no network)
crates/amun-networking/tests/n18_checkpoint_sync.rs:14:    let mut rt = ConstitutionalStateRuntime::new();
crates/amun-networking/tests/n18_checkpoint_sync.rs:15:    let mut bundles: Vec<LightClientProofBundle> = Vec::new();
crates/amun-networking/tests/n18_checkpoint_sync.rs:1:use amun_certificate_network::distribution::LightClientProofBundle;
crates/amun-networking/tests/n18_checkpoint_sync.rs:22:        let merkle_root = hex::encode(ConstitutionalStateRuntime::certificate_merkle_root(&certs));
crates/amun-networking/tests/n18_checkpoint_sync.rs:24:        let proof = ConstitutionalStateRuntime::prove_certificate_inclusion(&certs, &hash).unwrap();
crates/amun-networking/tests/n18_checkpoint_sync.rs:32:        let block = ConstitutionalBlock::new(
crates/amun-networking/tests/n18_checkpoint_sync.rs:45:        bundles.push(LightClientProofBundle::new(block, cert, proof));
crates/amun-networking/tests/n18_checkpoint_sync.rs:7:use amun_constitutional_block::ConstitutionalBlock;
crates/amun-networking/tests/n18_checkpoint_sync.rs:8:use amun_constitutional_state::ConstitutionalStateRuntime;
crates/amun-networking/tests/n18_full_rejoin.rs:14:    let mut rt = ConstitutionalStateRuntime::new();
crates/amun-networking/tests/n18_full_rejoin.rs:15:    let mut bundles: Vec<LightClientProofBundle> = Vec::new();
crates/amun-networking/tests/n18_full_rejoin.rs:1:use amun_certificate_network::distribution::LightClientProofBundle;
crates/amun-networking/tests/n18_full_rejoin.rs:22:        let merkle_root = hex::encode(ConstitutionalStateRuntime::certificate_merkle_root(&certs));
crates/amun-networking/tests/n18_full_rejoin.rs:24:        let proof = ConstitutionalStateRuntime::prove_certificate_inclusion(&certs, &hash).unwrap();
crates/amun-networking/tests/n18_full_rejoin.rs:32:        let block = ConstitutionalBlock::new(
crates/amun-networking/tests/n18_full_rejoin.rs:45:        bundles.push(LightClientProofBundle::new(block, cert, proof));
crates/amun-networking/tests/n18_full_rejoin.rs:7:use amun_constitutional_block::ConstitutionalBlock;
crates/amun-networking/tests/n18_full_rejoin.rs:8:use amun_constitutional_state::ConstitutionalStateRuntime;
crates/amun-networking/tests/n18_node_rejoin.rs:5:// N18.2 — Lifecycle Invariants
crates/amun-networking/tests/n18_node_rejoin.rs:73:// N18.5 — Constitutional Invariant REJOIN-001
crates/amun-networking/tests/n19_adversarial_rejoin.rs:12:    let mut rt = ConstitutionalStateRuntime::new();
crates/amun-networking/tests/n19_adversarial_rejoin.rs:13:    let mut bundles: Vec<LightClientProofBundle> = Vec::new();
crates/amun-networking/tests/n19_adversarial_rejoin.rs:1:use amun_certificate_network::distribution::LightClientProofBundle;
crates/amun-networking/tests/n19_adversarial_rejoin.rs:20:        let merkle_root = hex::encode(ConstitutionalStateRuntime::certificate_merkle_root(&certs));
crates/amun-networking/tests/n19_adversarial_rejoin.rs:22:        let proof = ConstitutionalStateRuntime::prove_certificate_inclusion(&certs, &hash).unwrap();
crates/amun-networking/tests/n19_adversarial_rejoin.rs:30:        let block = ConstitutionalBlock::new(
crates/amun-networking/tests/n19_adversarial_rejoin.rs:43:        bundles.push(LightClientProofBundle::new(block, cert, proof));
crates/amun-networking/tests/n19_adversarial_rejoin.rs:7:use amun_constitutional_block::ConstitutionalBlock;
crates/amun-networking/tests/n19_adversarial_rejoin.rs:8:use amun_constitutional_state::ConstitutionalStateRuntime;
crates/amun-networking/tests/n20_10_multi_machine_testnet.rs:104:        let block = ConstitutionalBlock::new(
crates/amun-networking/tests/n20_10_multi_machine_testnet.rs:117:        bundles.push(LightClientProofBundle::new(block, cert, proof));
crates/amun-networking/tests/n20_10_multi_machine_testnet.rs:11:use amun_constitutional_block::ConstitutionalBlock;
crates/amun-networking/tests/n20_10_multi_machine_testnet.rs:12:use amun_constitutional_state::ConstitutionalStateRuntime;
crates/amun-networking/tests/n20_10_multi_machine_testnet.rs:132:    // Phase 2: New node starts bootstrapping
crates/amun-networking/tests/n20_10_multi_machine_testnet.rs:137:    // Phase 3: New node receives checkpoint from existing peer
crates/amun-networking/tests/n20_10_multi_machine_testnet.rs:5:use amun_certificate_network::distribution::LightClientProofBundle;
crates/amun-networking/tests/n20_10_multi_machine_testnet.rs:86:    let mut rt = ConstitutionalStateRuntime::new();
crates/amun-networking/tests/n20_10_multi_machine_testnet.rs:87:    let mut bundles: Vec<LightClientProofBundle> = Vec::new();
crates/amun-networking/tests/n20_10_multi_machine_testnet.rs:94:        let merkle_root = hex::encode(ConstitutionalStateRuntime::certificate_merkle_root(&certs));
crates/amun-networking/tests/n20_10_multi_machine_testnet.rs:96:        let proof = ConstitutionalStateRuntime::prove_certificate_inclusion(&certs, &hash).unwrap();
crates/amun-networking/tests/n20_8_bootstrap_over_tcp.rs:14:    let mut rt = ConstitutionalStateRuntime::new();
crates/amun-networking/tests/n20_8_bootstrap_over_tcp.rs:15:    let mut bundles: Vec<LightClientProofBundle> = Vec::new();
crates/amun-networking/tests/n20_8_bootstrap_over_tcp.rs:1:use amun_certificate_network::distribution::LightClientProofBundle;
crates/amun-networking/tests/n20_8_bootstrap_over_tcp.rs:22:        let merkle_root = hex::encode(ConstitutionalStateRuntime::certificate_merkle_root(&certs));
crates/amun-networking/tests/n20_8_bootstrap_over_tcp.rs:24:        let proof = ConstitutionalStateRuntime::prove_certificate_inclusion(&certs, &hash).unwrap();
crates/amun-networking/tests/n20_8_bootstrap_over_tcp.rs:32:        let block = ConstitutionalBlock::new(
crates/amun-networking/tests/n20_8_bootstrap_over_tcp.rs:45:        bundles.push(LightClientProofBundle::new(block, cert, proof));
crates/amun-networking/tests/n20_8_bootstrap_over_tcp.rs:7:use amun_constitutional_block::ConstitutionalBlock;
crates/amun-networking/tests/n20_8_bootstrap_over_tcp.rs:8:use amun_constitutional_state::ConstitutionalStateRuntime;
crates/amun-networking/tests/n20_9_rejoin_over_tcp.rs:13:    let mut rt = ConstitutionalStateRuntime::new();
crates/amun-networking/tests/n20_9_rejoin_over_tcp.rs:14:    let mut bundles: Vec<LightClientProofBundle> = Vec::new();
crates/amun-networking/tests/n20_9_rejoin_over_tcp.rs:1:use amun_certificate_network::distribution::LightClientProofBundle;
crates/amun-networking/tests/n20_9_rejoin_over_tcp.rs:21:        let merkle_root = hex::encode(ConstitutionalStateRuntime::certificate_merkle_root(&certs));
crates/amun-networking/tests/n20_9_rejoin_over_tcp.rs:23:        let proof = ConstitutionalStateRuntime::prove_certificate_inclusion(&certs, &hash).unwrap();
crates/amun-networking/tests/n20_9_rejoin_over_tcp.rs:31:        let block = ConstitutionalBlock::new(
crates/amun-networking/tests/n20_9_rejoin_over_tcp.rs:44:        bundles.push(LightClientProofBundle::new(block, cert, proof));
crates/amun-networking/tests/n20_9_rejoin_over_tcp.rs:7:use amun_constitutional_block::ConstitutionalBlock;
crates/amun-networking/tests/n20_9_rejoin_over_tcp.rs:8:use amun_constitutional_state::ConstitutionalStateRuntime;
crates/amun-networking/tests/v2_001_time_driven_consensus.rs:2:// V2-001: Happy Path — first Stable Scenario on Constitutional Harness
crates/amun-networking/tests/v2_013_baseline_matrix.rs:2:// V2-013: Baseline Matrix — Constitutional Harness
crates/amun-nft-adversarial/tests/n149_adversarial_tests.rs:118:    let result = NftEvidenceKernel::verify_ownership(&reg, &token_id, &thief);
crates/amun-nft-adversarial/tests/n149_adversarial_tests.rs:126:    let mut constitutional = ConstitutionalRegistry::new();
crates/amun-nft-adversarial/tests/n149_adversarial_tests.rs:151:    constitutional.register(NftConstitutionalRecord {
crates/amun-nft-adversarial/tests/n149_adversarial_tests.rs:2:use amun_nft_constitutional_registry::{ConstitutionalRegistry, NftConstitutionalRecord};
crates/amun-nft-adversarial/tests/n149_adversarial_tests.rs:3:use amun_nft_evidence::NftEvidenceKernel;
crates/amun-nft-adversarial/tests/n149_adversarial_tests.rs:97:    let result = NftEvidenceKernel::verify_metadata_hash(&[1u8; 32], &[2u8; 32]);
crates/amun-nft-constitutional-enforcement/src/lib.rs:23:        registry: &ConstitutionalRegistry,
crates/amun-nft-constitutional-enforcement/src/lib.rs:2:use amun_nft_constitutional_registry::ConstitutionalRegistry;
crates/amun-nft-constitutional-enforcement/src/lib.rs:40:        registry: &mut ConstitutionalRegistry,
crates/amun-nft-constitutional-enforcement/src/lib.rs:56:        registry: &ConstitutionalRegistry,
crates/amun-nft-constitutional-enforcement/src/lib.rs:6:/// Constitutional proof combining all NFT roots
crates/amun-nft-constitutional-enforcement/src/lib.rs:73:        registry: &ConstitutionalRegistry,
crates/amun-nft-constitutional-enforcement/src/lib.rs:78:    ) -> ConstitutionalProof {
crates/amun-nft-constitutional-enforcement/src/lib.rs:88:        ConstitutionalProof {
crates/amun-nft-constitutional-enforcement/src/lib.rs:8:pub struct ConstitutionalProof {
crates/amun-nft-constitutional-enforcement/tests/n140_1_enforcement_tests.rs:102:    let mut reg = ConstitutionalRegistry::new();
crates/amun-nft-constitutional-enforcement/tests/n140_1_enforcement_tests.rs:103:    reg.register(NftConstitutionalRecord {
crates/amun-nft-constitutional-enforcement/tests/n140_1_enforcement_tests.rs:134:    let mut reg = ConstitutionalRegistry::new();
crates/amun-nft-constitutional-enforcement/tests/n140_1_enforcement_tests.rs:142:    reg.register(NftConstitutionalRecord {
crates/amun-nft-constitutional-enforcement/tests/n140_1_enforcement_tests.rs:21:    let record = NftConstitutionalRecord {
crates/amun-nft-constitutional-enforcement/tests/n140_1_enforcement_tests.rs:37:    let mut reg = ConstitutionalRegistry::new();
crates/amun-nft-constitutional-enforcement/tests/n140_1_enforcement_tests.rs:3:use amun_nft_constitutional_registry::{ConstitutionalRegistry, NftConstitutionalRecord};
crates/amun-nft-constitutional-enforcement/tests/n140_1_enforcement_tests.rs:40:    reg.register(NftConstitutionalRecord {
crates/amun-nft-constitutional-enforcement/tests/n140_1_enforcement_tests.rs:55:    let mut reg = ConstitutionalRegistry::new();
crates/amun-nft-constitutional-enforcement/tests/n140_1_enforcement_tests.rs:57:    reg.register(NftConstitutionalRecord {
crates/amun-nft-constitutional-enforcement/tests/n140_1_enforcement_tests.rs:81:    let mut reg = ConstitutionalRegistry::new();
crates/amun-nft-constitutional-enforcement/tests/n140_1_enforcement_tests.rs:83:    reg.register(NftConstitutionalRecord {
crates/amun-nft-constitutional-enforcement/tests/n140_1_enforcement_tests.rs:9:    let mut reg = ConstitutionalRegistry::new();
crates/amun-nft-constitutional-registry/src/lib.rs:10:pub struct NftConstitutionalRecord {
crates/amun-nft-constitutional-registry/src/lib.rs:21:/// Constitutional registry holding all NFT records
crates/amun-nft-constitutional-registry/src/lib.rs:23:pub struct ConstitutionalRegistry {
crates/amun-nft-constitutional-registry/src/lib.rs:24:    pub records: BTreeMap<[u8; 32], NftConstitutionalRecord>,
crates/amun-nft-constitutional-registry/src/lib.rs:27:impl ConstitutionalRegistry {
crates/amun-nft-constitutional-registry/src/lib.rs:35:    pub fn register(&mut self, record: NftConstitutionalRecord) {
crates/amun-nft-constitutional-registry/src/lib.rs:40:    pub fn get(&self, token_id: &[u8; 32]) -> Option<&NftConstitutionalRecord> {
crates/amun-nft-constitutional-registry/tests/n140_constitutional_registry_tests.rs:100:    let base = NftConstitutionalRecord {
crates/amun-nft-constitutional-registry/tests/n140_constitutional_registry_tests.rs:10:    let record = NftConstitutionalRecord {
crates/amun-nft-constitutional-registry/tests/n140_constitutional_registry_tests.rs:131:    let mut r1 = ConstitutionalRegistry::new();
crates/amun-nft-constitutional-registry/tests/n140_constitutional_registry_tests.rs:132:    let mut r2 = ConstitutionalRegistry::new();
crates/amun-nft-constitutional-registry/tests/n140_constitutional_registry_tests.rs:133:    let base = NftConstitutionalRecord {
crates/amun-nft-constitutional-registry/tests/n140_constitutional_registry_tests.rs:2:use amun_nft_constitutional_registry::{ConstitutionalRegistry, NftConstitutionalRecord};
crates/amun-nft-constitutional-registry/tests/n140_constitutional_registry_tests.rs:38:    let mut reg = ConstitutionalRegistry::new();
crates/amun-nft-constitutional-registry/tests/n140_constitutional_registry_tests.rs:41:    reg.register(NftConstitutionalRecord {
crates/amun-nft-constitutional-registry/tests/n140_constitutional_registry_tests.rs:51:    reg.register(NftConstitutionalRecord {
crates/amun-nft-constitutional-registry/tests/n140_constitutional_registry_tests.rs:67:    let mut r1 = ConstitutionalRegistry::new();
crates/amun-nft-constitutional-registry/tests/n140_constitutional_registry_tests.rs:68:    let mut r2 = ConstitutionalRegistry::new();
crates/amun-nft-constitutional-registry/tests/n140_constitutional_registry_tests.rs:69:    let record = NftConstitutionalRecord {
crates/amun-nft-constitutional-registry/tests/n140_constitutional_registry_tests.rs:8:    let mut reg = ConstitutionalRegistry::new();
crates/amun-nft-constitutional-registry/tests/n140_constitutional_registry_tests.rs:98:    let mut r1 = ConstitutionalRegistry::new();
crates/amun-nft-constitutional-registry/tests/n140_constitutional_registry_tests.rs:99:    let mut r2 = ConstitutionalRegistry::new();
crates/amun-nft-core/src/lib.rs:46:/// Evidence record for NFT operations
crates/amun-nft-core/src/lib.rs:48:pub struct NftEvidence {
crates/amun-nft-core/src/lib.rs:55:impl NftEvidence {
crates/amun-nft-evidence/src/lib.rs:153:/// Accumulates NFT evidence hashes for inclusion in BlockEvidenceRoot.
crates/amun-nft-evidence/src/lib.rs:154:pub fn accumulate_nft_evidence_root(evidences: &[NftEvidence]) -> [u8; 32] {
crates/amun-nft-evidence/src/lib.rs:1:use amun_nft_core::{NftEvent, NftEvidence};
crates/amun-nft-evidence/src/lib.rs:24:    Law4ReplayDetected,
crates/amun-nft-evidence/src/lib.rs:25:    Law5EvidenceGenerationFailed,
crates/amun-nft-evidence/src/lib.rs:29:impl NftEvidenceKernel {
crates/amun-nft-evidence/src/lib.rs:4:/// Constitutional Evidence Kernel (CEK) for NFT operations.
crates/amun-nft-evidence/src/lib.rs:5:pub struct NftEvidenceKernel;
crates/amun-nft-evidence/src/lib.rs:67:    /// Law 4: Replay Protection — check nonce or timestamp ordering
crates/amun-nft-evidence/src/lib.rs:73:            return Err(CekError::Law4ReplayDetected);
crates/amun-nft-evidence/src/lib.rs:78:    /// Law 5: Evidence Generation — produce evidence record
crates/amun-nft-evidence/src/lib.rs:83:    ) -> Result<NftEvidence, CekError> {
crates/amun-nft-evidence/src/lib.rs:84:        Ok(NftEvidence::new(event, timestamp, block_height))
crates/amun-nft-evidence/tests/n131_evidence_tests.rs:103:    let result = NftEvidenceKernel::verify_replay_protection(1000, 500);
crates/amun-nft-evidence/tests/n131_evidence_tests.rs:104:    assert_eq!(result, Err(CekError::Law4ReplayDetected));
crates/amun-nft-evidence/tests/n131_evidence_tests.rs:121:    let ev1 = NftEvidence::new(event1, 1000, 1);
crates/amun-nft-evidence/tests/n131_evidence_tests.rs:122:    let ev2 = NftEvidence::new(event2, 2000, 1);
crates/amun-nft-evidence/tests/n131_evidence_tests.rs:159:    assert!(NftEvidenceKernel::verify_mint(ctx).is_ok());
crates/amun-nft-evidence/tests/n131_evidence_tests.rs:167:    let evidence = NftEvidenceKernel::generate_evidence(event.clone(), timestamp, 42).unwrap();
crates/amun-nft-evidence/tests/n131_evidence_tests.rs:1:use amun_nft_core::{NftEvent, NftEvidence};
crates/amun-nft-evidence/tests/n131_evidence_tests.rs:3:    accumulate_nft_evidence_root, CekError, MintVerificationContext, NftEvidenceKernel,
crates/amun-nft-evidence/tests/n131_evidence_tests.rs:40:    assert!(NftEvidenceKernel::verify_mint(ctx).is_ok());
crates/amun-nft-evidence/tests/n131_evidence_tests.rs:48:    let evidence = NftEvidenceKernel::generate_evidence(event, timestamp, 1).unwrap();
crates/amun-nft-evidence/tests/n131_evidence_tests.rs:72:    let result = NftEvidenceKernel::verify_transfer(&reg, &token_id, &thief, 2000, 1000);
crates/amun-nft-evidence/tests/n131_evidence_tests.rs:91:    let result = NftEvidenceKernel::verify_non_duplicate(&reg, &token_id);
crates/amun-nft-evidence/tests/n131_evidence_tests.rs:97:    let result = NftEvidenceKernel::verify_metadata_hash(&[1u8; 32], &[2u8; 32]);
crates/amun-nft-explorer/src/lib.rs:51:                name: "Constitutional Collection".into(), // can be extended
crates/amun-nft-fuzz/src/lib.rs:156:        // Invariant: marketplace should not crash the registry
crates/amun-nft-fuzz/src/lib.rs:178:        // Invariant: royalty cannot exceed sale price
crates/amun-nft-fuzz/src/lib.rs:206:        // Invariant: after revoke, cannot propose or veto
crates/amun-nft-fuzz/src/lib.rs:247:        // Invariant: bridge root should be deterministic
crates/amun-nft-fuzz/src/lib.rs:86:        // Invariant: collection must remain active
crates/amun-nft-fuzz/src/lib.rs:93:        // Invariant: active count >= minted NFTs
crates/amun-nft-indexer/src/lib.rs:1:use amun_nft_constitutional_registry::ConstitutionalRegistry;
crates/amun-nft-indexer/src/lib.rs:45:    pub fn index_registry(&mut self, registry: &ConstitutionalRegistry) {
crates/amun-nft-indexer/tests/n144_indexer_tests.rs:10:    reg.register(NftConstitutionalRecord {
crates/amun-nft-indexer/tests/n144_indexer_tests.rs:1:use amun_nft_constitutional_registry::{ConstitutionalRegistry, NftConstitutionalRecord};
crates/amun-nft-indexer/tests/n144_indexer_tests.rs:31:    let mut reg = ConstitutionalRegistry::new();
crates/amun-nft-indexer/tests/n144_indexer_tests.rs:34:        reg.register(NftConstitutionalRecord {
crates/amun-nft-indexer/tests/n144_indexer_tests.rs:76:    let mut reg = ConstitutionalRegistry::new();
crates/amun-nft-indexer/tests/n144_indexer_tests.rs:77:    reg.register(NftConstitutionalRecord {
crates/amun-nft-indexer/tests/n144_indexer_tests.rs:8:    let mut reg = ConstitutionalRegistry::new();
crates/amun-nft-indexer/tests/n144_indexer_tests.rs:97:    let mut reg = ConstitutionalRegistry::new();
crates/amun-nft-indexer/tests/n144_indexer_tests.rs:99:    reg.register(NftConstitutionalRecord {
crates/amun-nft-integration/src/lib.rs:17:    EvidenceRoot {
crates/amun-nft-integration/src/lib.rs:1:use amun_evidence_root::EvidenceRoot;
crates/amun-nft-integration/src/lib.rs:4:/// Extends an existing EvidenceRoot with an NFT evidence root.
crates/amun-nft-integration/src/lib.rs:7:    original: &EvidenceRoot,
crates/amun-nft-integration/src/lib.rs:9:) -> EvidenceRoot {
crates/amun-nft-integration/tests/n132_integration_tests.rs:16:    let original = EvidenceRoot::genesis();
crates/amun-nft-integration/tests/n132_integration_tests.rs:1:use amun_evidence_root::EvidenceRoot;
crates/amun-nft-integration/tests/n132_integration_tests.rs:27:    let original = EvidenceRoot::compute(
crates/amun-nft-integration/tests/n132_integration_tests.rs:6:    let original = EvidenceRoot::genesis();
crates/amun-nft-marketplace/src/lib.rs:327:    /// Evidence log accessor
crates/amun-nft-rights-enforcement/src/lib.rs:20:        registry: &ConstitutionalRegistry,
crates/amun-nft-rights-enforcement/src/lib.rs:2:use amun_nft_constitutional_registry::ConstitutionalRegistry;
crates/amun-nft-rights-enforcement/src/lib.rs:86:        registry: &ConstitutionalRegistry,
crates/amun-nft-rights-enforcement/tests/n141_rights_enforcement_tests.rs:100:    let mut reg = ConstitutionalRegistry::new();
crates/amun-nft-rights-enforcement/tests/n141_rights_enforcement_tests.rs:112:    reg.register(NftConstitutionalRecord {
crates/amun-nft-rights-enforcement/tests/n141_rights_enforcement_tests.rs:146:    let mut reg = ConstitutionalRegistry::new();
crates/amun-nft-rights-enforcement/tests/n141_rights_enforcement_tests.rs:147:    reg.register(NftConstitutionalRecord {
crates/amun-nft-rights-enforcement/tests/n141_rights_enforcement_tests.rs:27:    let mut reg = ConstitutionalRegistry::new();
crates/amun-nft-rights-enforcement/tests/n141_rights_enforcement_tests.rs:29:    reg.register(NftConstitutionalRecord {
crates/amun-nft-rights-enforcement/tests/n141_rights_enforcement_tests.rs:2:use amun_nft_constitutional_registry::{ConstitutionalRegistry, NftConstitutionalRecord};
crates/amun-nft-rights-enforcement/tests/n141_rights_enforcement_tests.rs:59:    let mut reg = ConstitutionalRegistry::new();
crates/amun-nft-rights-enforcement/tests/n141_rights_enforcement_tests.rs:72:    reg.register(NftConstitutionalRecord {
crates/amun-nft-rights-enforcement/tests/n141_rights_enforcement_tests.rs:9:    let reg = ConstitutionalRegistry::new();
crates/amun-nft-sdk/src/lib.rs:15:    pub constitutional_registry: Arc<Mutex<ConstitutionalRegistry>>,
crates/amun-nft-sdk/src/lib.rs:17:    pub evidence_log: Arc<Mutex<Vec<NftEvidence>>>,
crates/amun-nft-sdk/src/lib.rs:1:use amun_nft_constitutional_registry::ConstitutionalRegistry;
crates/amun-nft-sdk/src/lib.rs:2:use amun_nft_core::{NftEvidence, NftMetadata};
crates/amun-nft-sdk/src/lib.rs:31:            constitutional_registry: Arc::new(Mutex::new(ConstitutionalRegistry::new())),
crates/amun-nft-sdk/tests/n145_sdk_tests.rs:148:        amun_nft_constitutional_registry::NftConstitutionalRecord {
crates/amun-nft-sdk/tests/n145_sdk_tests.rs:26:        amun_nft_constitutional_registry::NftConstitutionalRecord {
crates/amun-nft-snapshot/tests/n151_snapshot_tests.rs:207:    const_reg.register(NftConstitutionalRecord {
crates/amun-nft-snapshot/tests/n151_snapshot_tests.rs:22:    ConstitutionalRegistry,
crates/amun-nft-snapshot/tests/n151_snapshot_tests.rs:2:use amun_nft_constitutional_registry::{ConstitutionalRegistry, NftConstitutionalRecord};
crates/amun-nft-snapshot/tests/n151_snapshot_tests.rs:35:    let mut const_reg = ConstitutionalRegistry::new();
crates/amun-nft-snapshot/tests/n151_snapshot_tests.rs:88:        const_reg.register(NftConstitutionalRecord {
crates/amun-nft-stress/tests/n146_stress_tests.rs:101:    use amun_nft_constitutional_registry::{ConstitutionalRegistry, NftConstitutionalRecord};
crates/amun-nft-stress/tests/n146_stress_tests.rs:113:    let mut constitutional = ConstitutionalRegistry::new();
crates/amun-nft-stress/tests/n146_stress_tests.rs:156:    constitutional.register(NftConstitutionalRecord {
crates/amun-node/src/bin/test_constitutional_determinism.rs:1:use amun_bytecode::program::ConstitutionalProgram;
crates/amun-node/src/bin/test_constitutional_determinism.rs:24:            let program = ConstitutionalProgram::new(level, 0, 0, vec![]);
crates/amun-node/src/bin/test_constitutional_determinism.rs:2:use amun_constitutional_runtime::runtime_pipeline::ConstitutionalRuntime;
crates/amun-node/src/bin/test_constitutional_determinism.rs:34:            let mut hot = amun_proof_archive::hot_store::HotProofStore::new(1000);
crates/amun-node/src/bin/test_constitutional_determinism.rs:35:            let mut archive = amun_proof_archive::proof_archive::ProofArchive::new();
crates/amun-node/src/bin/test_constitutional_determinism.rs:37:            let result = ConstitutionalRuntime::execute(
crates/amun-node/src/bin/test_constitutional_determinism.rs:66:        println!("\nPASS: Constitutional runtime execution is deterministic");
crates/amun-node/src/bin/test_constitutional_multi_block.rs:125:        println!("\nPASS: Constitutional multi-block state evolution is deterministic");
crates/amun-node/src/bin/test_constitutional_multi_block.rs:2:use amun_bytecode::program::ConstitutionalProgram;
crates/amun-node/src/bin/test_constitutional_multi_block.rs:3:use amun_constitutional_runtime::runtime_pipeline::ConstitutionalRuntime;
crates/amun-node/src/bin/test_constitutional_multi_block.rs:49:            let program = ConstitutionalProgram::new(
crates/amun-node/src/bin/test_constitutional_multi_block.rs:73:            let mut hot = amun_proof_archive::hot_store::HotProofStore::new(1000);
crates/amun-node/src/bin/test_constitutional_multi_block.rs:74:            let mut archive = amun_proof_archive::proof_archive::ProofArchive::new();
crates/amun-node/src/bin/test_constitutional_multi_block.rs:76:            let result = ConstitutionalRuntime::execute(
crates/amun-node/src/bin/test_constitutional_mutation.rs:27:            let program = ConstitutionalProgram::new(
crates/amun-node/src/bin/test_constitutional_mutation.rs:2:use amun_bytecode::program::ConstitutionalProgram;
crates/amun-node/src/bin/test_constitutional_mutation.rs:3:use amun_constitutional_runtime::runtime_pipeline::ConstitutionalRuntime;
crates/amun-node/src/bin/test_constitutional_mutation.rs:49:            let mut hot = amun_proof_archive::hot_store::HotProofStore::new(1000);
crates/amun-node/src/bin/test_constitutional_mutation.rs:50:            let mut archive = amun_proof_archive::proof_archive::ProofArchive::new();
crates/amun-node/src/bin/test_constitutional_mutation.rs:52:            let result = ConstitutionalRuntime::execute(
crates/amun-node/src/bin/test_constitutional_mutation.rs:90:        println!("\nPASS: Constitutional state mutation is deterministic");
crates/amun-node/src/bin/test_constitutional_stress.rs:127:            "\nPASS: Constitutional stress test passed ({} blocks)",
crates/amun-node/src/bin/test_constitutional_stress.rs:2:use amun_bytecode::program::ConstitutionalProgram;
crates/amun-node/src/bin/test_constitutional_stress.rs:3:use amun_constitutional_runtime::runtime_pipeline::ConstitutionalRuntime;
crates/amun-node/src/bin/test_constitutional_stress.rs:48:            let program = ConstitutionalProgram::new(
crates/amun-node/src/bin/test_constitutional_stress.rs:72:            let mut hot = amun_proof_archive::hot_store::HotProofStore::new(1000);
crates/amun-node/src/bin/test_constitutional_stress.rs:73:            let mut archive = amun_proof_archive::proof_archive::ProofArchive::new();
crates/amun-node/src/bin/test_constitutional_stress.rs:75:            let result = ConstitutionalRuntime::execute(
crates/amun-node/src/bin/test_replay_determinism.rs:52:    // Phase 2: Replay on 4 independent stores
crates/amun-node/src/bin/test_replay_determinism.rs:72:        println!("Replay {} root: {}", v, hex::encode(replay_root));
crates/amun-node/src/bin/test_replay_determinism.rs:79:        println!("\nPASS: Replay determinism verified across all validators");
crates/amun-node/src/bin/test_replay_determinism.rs:82:        println!("\nFAIL: Replay determinism violation");
crates/amun-node/src/bin/test_replay_determinism.rs:85:                "Replay {} root: {} (match: {})",
crates/amun-node/src/bin/test_replay_stress.rs:121:            let mut hot = amun_proof_archive::hot_store::HotProofStore::new(1000);
crates/amun-node/src/bin/test_replay_stress.rs:122:            let mut archive = amun_proof_archive::proof_archive::ProofArchive::new();
crates/amun-node/src/bin/test_replay_stress.rs:123:            ConstitutionalRuntime::execute(
crates/amun-node/src/bin/test_replay_stress.rs:132:            .expect("Replay execution failed");
crates/amun-node/src/bin/test_replay_stress.rs:135:                .expect("Replay advance failed");
crates/amun-node/src/bin/test_replay_stress.rs:138:        println!("Replay {} final root: {}", v, hex::encode(replay_root));
crates/amun-node/src/bin/test_replay_stress.rs:145:        println!("\nPASS: Replay stress test passed ({} blocks)", block_count);
crates/amun-node/src/bin/test_replay_stress.rs:148:        println!("\nFAIL: Replay divergence detected");
crates/amun-node/src/bin/test_replay_stress.rs:151:                "Replay {} root: {} (match: {})",
crates/amun-node/src/bin/test_replay_stress.rs:19:    let mut mutation_log: Vec<(ResourceId, ConstitutionalProgram)> = Vec::new();
crates/amun-node/src/bin/test_replay_stress.rs:2:use amun_bytecode::program::ConstitutionalProgram;
crates/amun-node/src/bin/test_replay_stress.rs:3:use amun_constitutional_runtime::runtime_pipeline::ConstitutionalRuntime;
crates/amun-node/src/bin/test_replay_stress.rs:41:        let program = ConstitutionalProgram::new(
crates/amun-node/src/bin/test_replay_stress.rs:63:        let mut hot = amun_proof_archive::hot_store::HotProofStore::new(1000);
crates/amun-node/src/bin/test_replay_stress.rs:64:        let mut archive = amun_proof_archive::proof_archive::ProofArchive::new();
crates/amun-node/src/bin/test_replay_stress.rs:65:        ConstitutionalRuntime::execute(
crates/amun-node/src/bin/test_replay_stress.rs:89:    // Phase 2: Replay on 4 independent stores from scratch
crates/amun-node/src/main.rs:69:    println!("AmunChain Node v0.1 - Constitutional Validator Node");
crates/amun-ntr/src/charity.rs:29:                ConstitutionalFault::InvalidInput,
crates/amun-ntr/src/charity.rs:2:use amun_failure::{AmunResult, ConstitutionalFault, FailureContext};
crates/amun-ntr/src/charity.rs:38:                FailureContext::new(ConstitutionalFault::ArithmeticOverflow, 0x0020, 0x0011)
crates/amun-ntr/src/token.rs:14:        if a < NTR_MIN_STAKE_AMOUNT || self.balance < a { return Err(FailureContext::new(ConstitutionalFault::InvalidInput, 0x0020, 0x0004)); }
crates/amun-ntr/src/token.rs:1:use amun_failure::{AmunResult, ConstitutionalFault, FailureContext};
crates/amun-ntr/src/token.rs:7:        if a == 0 || self.balance < a { return Err(FailureContext::new(ConstitutionalFault::InvalidInput, 0x0020, 0x0001)); }
crates/amun-ntr/src/treasury.rs:1:use amun_failure::{AmunResult, ConstitutionalFault, FailureContext};
crates/amun-ntr/src/treasury.rs:31:            FailureContext::new(ConstitutionalFault::ArithmeticOverflow, 0x0020, 0x0020)
crates/amun-ntr/src/treasury.rs:34:            FailureContext::new(ConstitutionalFault::ArithmeticOverflow, 0x0020, 0x0021)
crates/amun-ntr/src/treasury.rs:42:                ConstitutionalFault::InvalidInput,
crates/amun-ntr/src/treasury.rs:58:                ConstitutionalFault::InvalidInput,
crates/amun-operations/src/backup_recovery.rs:12:    pub sync_package: ConstitutionalSyncPackage,
crates/amun-operations/src/backup_recovery.rs:22:        sync_package: ConstitutionalSyncPackage,
crates/amun-operations/src/backup_recovery.rs:3:use amun_state_sync::sync_package::ConstitutionalSyncPackage;
crates/amun-pccv/src/lib.rs:104:        p.proof_hash = PCCVVerifier::compute_proof_hash(&p);
crates/amun-pccv/src/lib.rs:105:        let result = PCCVVerifier::verify(&p, &reg);
crates/amun-pccv/src/lib.rs:106:        assert!(matches!(result, PCCVResult::Failed { reason } if reason.contains("R1")));
crates/amun-pccv/src/lib.rs:122:        let proof = EnhancedTransitionProof {
crates/amun-pccv/src/lib.rs:142:            witness: WitnessBundle {
crates/amun-pccv/src/lib.rs:156:        p.proof_hash = PCCVVerifier::compute_proof_hash(&p);
crates/amun-pccv/src/lib.rs:157:        let result = PCCVVerifier::verify(&p, &reg);
crates/amun-pccv/src/lib.rs:158:        assert!(matches!(result, PCCVResult::Failed { reason } if reason.contains("R6")));
crates/amun-pccv/src/lib.rs:167:            archetype: ResourceArchetype::Evidence,
crates/amun-pccv/src/lib.rs:174:        let proof = EnhancedTransitionProof {
crates/amun-pccv/src/lib.rs:194:            witness: WitnessBundle {
crates/amun-pccv/src/lib.rs:199:                    archetype: ResourceArchetype::Evidence,
crates/amun-pccv/src/lib.rs:208:        p.proof_hash = PCCVVerifier::compute_proof_hash(&p);
crates/amun-pccv/src/lib.rs:209:        let result = PCCVVerifier::verify(&p, &reg);
crates/amun-pccv/src/lib.rs:210:        assert!(matches!(result, PCCVResult::Failed { reason } if reason.contains("T1")));
crates/amun-pccv/src/lib.rs:228:        let proof = EnhancedTransitionProof {
crates/amun-pccv/src/lib.rs:238:                archetype: ResourceArchetype::ConstitutionalAsset,
crates/amun-pccv/src/lib.rs:252:            witness: WitnessBundle {
crates/amun-pccv/src/lib.rs:266:        p.proof_hash = PCCVVerifier::compute_proof_hash(&p);
crates/amun-pccv/src/lib.rs:267:        let result = PCCVVerifier::verify(&p, &reg);
crates/amun-pccv/src/lib.rs:268:        assert!(matches!(result, PCCVResult::Verified { .. }));
crates/amun-pccv/src/lib.rs:28:        let proof = EnhancedTransitionProof {
crates/amun-pccv/src/lib.rs:41:            witness: WitnessBundle {
crates/amun-pccv/src/lib.rs:48:        p.proof_hash = PCCVVerifier::compute_proof_hash(&p);
crates/amun-pccv/src/lib.rs:50:        let result = PCCVVerifier::verify(&p, &reg);
crates/amun-pccv/src/lib.rs:51:        assert!(matches!(result, PCCVResult::Verified { .. }));
crates/amun-pccv/src/lib.rs:67:        let proof = EnhancedTransitionProof {
crates/amun-pccv/src/lib.rs:97:            witness: WitnessBundle {
crates/amun-pccv/src/pccv_verifier.rs:100:                return PCCVResult::Failed {
crates/amun-pccv/src/pccv_verifier.rs:108:                return PCCVResult::Failed {
crates/amun-pccv/src/pccv_verifier.rs:115:            return PCCVResult::Failed {
crates/amun-pccv/src/pccv_verifier.rs:116:                reason: "Proof hash mismatch".into(),
crates/amun-pccv/src/pccv_verifier.rs:137:            return PCCVResult::Failed {
crates/amun-pccv/src/pccv_verifier.rs:142:        PCCVResult::Verified {
crates/amun-pccv/src/pccv_verifier.rs:148:    pub fn compute_proof_hash(proof: &EnhancedTransitionProof) -> [u8; 32] {
crates/amun-pccv/src/pccv_verifier.rs:17:pub struct PCCVVerifier;
crates/amun-pccv/src/pccv_verifier.rs:19:impl PCCVVerifier {
crates/amun-pccv/src/pccv_verifier.rs:1:use crate::enhanced_proof::EnhancedTransitionProof;
crates/amun-pccv/src/pccv_verifier.rs:20:    pub fn verify(proof: &EnhancedTransitionProof, _registry: &ResourceRegistry) -> PCCVResult {
crates/amun-pccv/src/pccv_verifier.rs:22:            return PCCVResult::Failed {
crates/amun-pccv/src/pccv_verifier.rs:29:                return PCCVResult::Failed {
crates/amun-pccv/src/pccv_verifier.rs:38:                return PCCVResult::Failed {
crates/amun-pccv/src/pccv_verifier.rs:50:                return PCCVResult::Failed {
crates/amun-pccv/src/pccv_verifier.rs:59:                    return PCCVResult::Failed {
crates/amun-pccv/src/pccv_verifier.rs:78:                    return PCCVResult::Failed {
crates/amun-pccv/src/pccv_verifier.rs:7:pub enum PCCVResult {
crates/amun-pccv/src/pccv_verifier.rs:86:                    return PCCVResult::Failed {
crates/amun-pccv/src/transition_proof_engine.rs:101:    use crate::enhanced_proof::EnhancedTransitionProof;
crates/amun-pccv/src/transition_proof_engine.rs:102:    use crate::enhanced_proof::WitnessBundle;
crates/amun-pccv/src/transition_proof_engine.rs:103:    use crate::PCCVResult;
crates/amun-pccv/src/transition_proof_engine.rs:104:    use crate::PCCVVerifier;
crates/amun-pccv/src/transition_proof_engine.rs:105:    use crate::TransitionProofEngine;
crates/amun-pccv/src/transition_proof_engine.rs:11:impl TransitionProofEngine {
crates/amun-pccv/src/transition_proof_engine.rs:138:            archetype: ResourceArchetype::ConstitutionalAsset,
crates/amun-pccv/src/transition_proof_engine.rs:154:        let proof = TransitionProofEngine::build_proof(
crates/amun-pccv/src/transition_proof_engine.rs:165:        let result = PCCVVerifier::verify(&proof, &reg);
crates/amun-pccv/src/transition_proof_engine.rs:166:        assert!(matches!(result, PCCVResult::Verified { .. }));
crates/amun-pccv/src/transition_proof_engine.rs:176:            archetype: ResourceArchetype::Evidence,
crates/amun-pccv/src/transition_proof_engine.rs:213:        let witness = WitnessBundle {
crates/amun-pccv/src/transition_proof_engine.rs:218:        let mut proof = EnhancedTransitionProof {
crates/amun-pccv/src/transition_proof_engine.rs:22:    ) -> EnhancedTransitionProof {
crates/amun-pccv/src/transition_proof_engine.rs:233:        proof.proof_hash = PCCVVerifier::compute_proof_hash(&proof);
crates/amun-pccv/src/transition_proof_engine.rs:234:        let result = PCCVVerifier::verify(&proof, &reg);
crates/amun-pccv/src/transition_proof_engine.rs:235:        assert!(matches!(result, PCCVResult::Failed { ref reason } if reason.contains("T1")));
crates/amun-pccv/src/transition_proof_engine.rs:253:        let proof1 = TransitionProofEngine::build_proof(
crates/amun-pccv/src/transition_proof_engine.rs:264:        let proof2 = TransitionProofEngine::build_proof(
crates/amun-pccv/src/transition_proof_engine.rs:37:        let evidence: Vec<amun_evidence_engine::evidence_types::ConstitutionalEvidence> = buffer
crates/amun-pccv/src/transition_proof_engine.rs:41:                amun_evidence_engine::evidence_engine::EvidenceEngine::convert(
crates/amun-pccv/src/transition_proof_engine.rs:50:        let witness = WitnessBuilder::build(registry, &consumed_resources, &produced_resources);
crates/amun-pccv/src/transition_proof_engine.rs:52:        let mut proof = EnhancedTransitionProof {
crates/amun-pccv/src/transition_proof_engine.rs:5:use crate::enhanced_proof::EnhancedTransitionProof;
crates/amun-pccv/src/transition_proof_engine.rs:68:        proof.proof_hash = PCCVVerifier::compute_proof_hash(&proof);
crates/amun-pccv/src/transition_proof_engine.rs:6:use crate::pccv_verifier::{PCCVResult, PCCVVerifier};
crates/amun-pccv/src/transition_proof_engine.rs:7:use crate::witness_builder::WitnessBuilder;
crates/amun-pccv/src/transition_proof_engine.rs:82:    ) -> (EnhancedTransitionProof, PCCVResult) {
crates/amun-pccv/src/transition_proof_engine.rs:94:        let result = PCCVVerifier::verify(&proof, registry);
crates/amun-pccv/src/transition_proof_engine.rs:9:pub struct TransitionProofEngine;
crates/amun-pccv/src/witness_builder.rs:105:    fn build_lineage_proof(registry: &ResourceRegistry, resource_id: &ResourceId) -> LineageProof {
crates/amun-pccv/src/witness_builder.rs:11:    ) -> WitnessBundle {
crates/amun-pccv/src/witness_builder.rs:125:        LineageProof {
crates/amun-pccv/src/witness_builder.rs:158:        let bundle = WitnessBuilder::build(&reg, &[id], &[]);
crates/amun-pccv/src/witness_builder.rs:1:use crate::enhanced_proof::{LineageProof, MerkleProof, WitnessBundle};
crates/amun-pccv/src/witness_builder.rs:210:        let bundle = WitnessBuilder::build(&reg, &[grandchild], &[]);
crates/amun-pccv/src/witness_builder.rs:232:        let bundle = WitnessBuilder::build(&reg, &[make_id(0)], &[]);
crates/amun-pccv/src/witness_builder.rs:26:        WitnessBundle {
crates/amun-pccv/src/witness_builder.rs:37:    ) -> MerkleProof {
crates/amun-pccv/src/witness_builder.rs:39:        MerkleProof {
crates/amun-pccv/src/witness_builder.rs:4:pub struct WitnessBuilder;
crates/amun-pccv/src/witness_builder.rs:6:impl WitnessBuilder {
crates/amun-pccv/tests/replay_equivalence.rs:100:    let result1 = amun_pccv::pccv_verifier::PCCVVerifier::verify(&proof1, &reg1);
crates/amun-pccv/tests/replay_equivalence.rs:101:    let result2 = amun_pccv::pccv_verifier::PCCVVerifier::verify(&proof2, &reg2);
crates/amun-pccv/tests/replay_equivalence.rs:102:    assert!(matches!(result1, PCCVResult::Verified { .. }));
crates/amun-pccv/tests/replay_equivalence.rs:103:    assert!(matches!(result2, PCCVResult::Verified { .. }));
crates/amun-pccv/tests/replay_equivalence.rs:126:        archetype: ResourceArchetype::ConstitutionalAsset,
crates/amun-pccv/tests/replay_equivalence.rs:144:            TransitionProofEngine::build_proof(
crates/amun-pccv/tests/replay_equivalence.rs:1:use amun_pccv::pccv_verifier::PCCVResult;
crates/amun-pccv/tests/replay_equivalence.rs:2:use amun_pccv::transition_proof_engine::TransitionProofEngine;
crates/amun-pccv/tests/replay_equivalence.rs:40:        archetype: ResourceArchetype::ConstitutionalAsset,
crates/amun-pccv/tests/replay_equivalence.rs:73:    let proof1 = TransitionProofEngine::build_proof(
crates/amun-pccv/tests/replay_equivalence.rs:84:    let proof2 = TransitionProofEngine::build_proof(
crates/amun-peer-identity/src/certificate.rs:12:        peer_id: super::peer_id::ConstitutionalPeerId,
crates/amun-peer-identity/src/certificate.rs:13:        keypair: &ConstitutionalKeyPair,
crates/amun-peer-identity/src/certificate.rs:1:use amun_constitutional_signing::{ConstitutionalKeyPair, ConstitutionalSignature};
crates/amun-peer-identity/src/certificate.rs:24:            signature: ConstitutionalSignature::new(sig, vk_hex),
crates/amun-peer-identity/src/certificate.rs:6:    pub peer_id: super::peer_id::ConstitutionalPeerId,
crates/amun-peer-identity/src/certificate.rs:7:    pub signature: ConstitutionalSignature,
crates/amun-peer-identity/src/lib.rs:14:pub use peer_id::ConstitutionalPeerId;
crates/amun-peer-identity/src/lib.rs:1://! Constitutional Peer Identity
crates/amun-peer-identity/src/peer_id.rs:13:impl ConstitutionalPeerId {
crates/amun-peer-identity/src/peer_id.rs:7:pub struct ConstitutionalPeerId {
crates/amun-peer-identity/tests/peer_identity_tests.rs:15:    let a = ConstitutionalPeerId::new("key".into(), GENESIS.into());
crates/amun-peer-identity/tests/peer_identity_tests.rs:16:    let b = ConstitutionalPeerId::new("key".into(), "other_genesis".into());
crates/amun-peer-identity/tests/peer_identity_tests.rs:1:use amun_constitutional_signing::ConstitutionalKeyPair;
crates/amun-peer-identity/tests/peer_identity_tests.rs:22:    let keypair = ConstitutionalKeyPair::generate();
crates/amun-peer-identity/tests/peer_identity_tests.rs:23:    let peer_id = ConstitutionalPeerId::new(keypair.verifying_key_hex(), GENESIS.into());
crates/amun-peer-identity/tests/peer_identity_tests.rs:2:use amun_peer_identity::{ConstitutionalPeerId, IdentityVerifier, PeerCertificate, PeerRegistry};
crates/amun-peer-identity/tests/peer_identity_tests.rs:30:    let keypair = ConstitutionalKeyPair::generate();
crates/amun-peer-identity/tests/peer_identity_tests.rs:31:    let peer_id = ConstitutionalPeerId::new(keypair.verifying_key_hex(), "other_genesis".into());
crates/amun-peer-identity/tests/peer_identity_tests.rs:38:    let keypair = ConstitutionalKeyPair::generate();
crates/amun-peer-identity/tests/peer_identity_tests.rs:39:    let peer_id = ConstitutionalPeerId::new(keypair.verifying_key_hex(), GENESIS.into());
crates/amun-peer-identity/tests/peer_identity_tests.rs:8:    let a = ConstitutionalPeerId::new("key_a".into(), GENESIS.into());
crates/amun-peer-identity/tests/peer_identity_tests.rs:9:    let b = ConstitutionalPeerId::new("key_a".into(), GENESIS.into());
crates/amun-persistence/src/lib.rs:5:/// Constitutional state that persists across node restarts.
crates/amun-proof-archive/src/hot_store.rs:104:        let mut store = HotProofStore::new(10);
crates/amun-proof-archive/src/hot_store.rs:11:impl HotProofStore {
crates/amun-proof-archive/src/hot_store.rs:1:use amun_transition_proof::transition_proof::TransitionProof;
crates/amun-proof-archive/src/hot_store.rs:20:    pub fn store(&mut self, proof: TransitionProof, block_height: u64) {
crates/amun-proof-archive/src/hot_store.rs:26:    pub fn get(&self, proof_hash: &[u8; 32]) -> Option<&TransitionProof> {
crates/amun-proof-archive/src/hot_store.rs:5:pub struct HotProofStore {
crates/amun-proof-archive/src/hot_store.rs:66:    fn make_proof(tx_hash: [u8; 32]) -> TransitionProof {
crates/amun-proof-archive/src/hot_store.rs:67:        TransitionProof::new(
crates/amun-proof-archive/src/hot_store.rs:6:    proofs: HashMap<[u8; 32], TransitionProof>,
crates/amun-proof-archive/src/hot_store.rs:84:        let mut store = HotProofStore::new(100);
crates/amun-proof-archive/src/hot_store.rs:94:        let mut store = HotProofStore::new(10);
crates/amun-proof-archive/src/proof_archive.rs:103:        let mut hot = HotProofStore::new(100);
crates/amun-proof-archive/src/proof_archive.rs:104:        let mut archive = ProofArchive::new();
crates/amun-proof-archive/src/proof_archive.rs:12:impl ProofArchive {
crates/amun-proof-archive/src/proof_archive.rs:17:    pub fn archive_permanent(&mut self, proof: TransitionProof) {
crates/amun-proof-archive/src/proof_archive.rs:1:use crate::hot_store::HotProofStore;
crates/amun-proof-archive/src/proof_archive.rs:21:    pub fn archive_evidence(&mut self, evidence: ConstitutionalEvidence) {
crates/amun-proof-archive/src/proof_archive.rs:25:    pub fn get_permanent(&self, proof_hash: &[u8; 32]) -> Option<&TransitionProof> {
crates/amun-proof-archive/src/proof_archive.rs:2:use amun_evidence_engine::evidence_types::ConstitutionalEvidence;
crates/amun-proof-archive/src/proof_archive.rs:38:        hot_store: &mut HotProofStore,
crates/amun-proof-archive/src/proof_archive.rs:3:use amun_transition_proof::transition_proof::TransitionProof;
crates/amun-proof-archive/src/proof_archive.rs:61:    fn make_proof(tx_hash: [u8; 32]) -> TransitionProof {
crates/amun-proof-archive/src/proof_archive.rs:62:        TransitionProof::new(
crates/amun-proof-archive/src/proof_archive.rs:79:        let mut archive = ProofArchive::new();
crates/amun-proof-archive/src/proof_archive.rs:7:pub struct ProofArchive {
crates/amun-proof-archive/src/proof_archive.rs:89:        let mut archive = ProofArchive::new();
crates/amun-proof-archive/src/proof_archive.rs:8:    permanent: HashMap<[u8; 32], TransitionProof>,
crates/amun-proof-archive/src/proof_archive.rs:90:        let ev = ConstitutionalEvidence::ExecutionFailure {
crates/amun-proof-archive/src/proof_archive.rs:9:    evidence: Vec<ConstitutionalEvidence>,
crates/amun-proof-carrying/src/lib.rs:14:pub use receipt::ProofCarryingReceipt;
crates/amun-proof-carrying/src/lib.rs:15:pub use verifier::ProofVerifier;
crates/amun-proof-carrying/src/lib.rs:3:// Licensed under the GNU AGPLv3 with Constitutional Sovereignty Addendum.
crates/amun-proof-carrying/src/lib.rs:5://! Proof-carrying execution receipts.
crates/amun-proof-carrying/src/receipt.rs:14:pub struct ProofCarryingReceipt {
crates/amun-proof-carrying/src/receipt.rs:17:    pub state_proof: MerkleProof,
crates/amun-proof-carrying/src/receipt.rs:19:    pub governance_proof: Option<MerkleProof>,
crates/amun-proof-carrying/src/receipt.rs:21:    pub execution_proof: Option<MerkleProof>,
crates/amun-proof-carrying/src/receipt.rs:30:impl ProofCarryingReceipt {
crates/amun-proof-carrying/src/receipt.rs:34:        state_proof: MerkleProof,
crates/amun-proof-carrying/src/receipt.rs:35:        governance_proof: Option<MerkleProof>,
crates/amun-proof-carrying/src/receipt.rs:36:        execution_proof: Option<MerkleProof>,
crates/amun-proof-carrying/src/receipt.rs:3:// Licensed under the GNU AGPLv3 with Constitutional Sovereignty Addendum.
crates/amun-proof-carrying/src/receipt.rs:5:use amun_constitutional_commitments::MerkleProof;
crates/amun-proof-carrying/src/verifier.rs:11:impl ProofVerifier {
crates/amun-proof-carrying/src/verifier.rs:14:    pub fn verify_receipt(receipt: &ProofCarryingReceipt) -> Result<(), String> {
crates/amun-proof-carrying/src/verifier.rs:3:// Licensed under the GNU AGPLv3 with Constitutional Sovereignty Addendum.
crates/amun-proof-carrying/src/verifier.rs:5:use crate::receipt::ProofCarryingReceipt;
crates/amun-proof-carrying/src/verifier.rs:9:pub struct ProofVerifier;
crates/amun-proof-carrying/tests/proof_tests.rs:31:    let pcr = ProofCarryingReceipt::new(
crates/amun-proof-carrying/tests/proof_tests.rs:4:use amun_proof_carrying::ProofCarryingReceipt;
crates/amun-protocol-event/src/event.rs:5:/// Constitutional schema version. Incremented when the binary format changes.
crates/amun-protocol-event/src/event.rs:96:        // Constitutional: verify schema version
crates/amun-recovery/src/lib.rs:116:        let record = ReplayRecord {
crates/amun-recovery/src/lib.rs:173:            let record = ReplayRecord {
crates/amun-recovery/src/lib.rs:23:    replay: ReplayStore,
crates/amun-recovery/src/lib.rs:32:            replay: ReplayStore::new(&format!("{}/replay.json", data_dir)),
crates/amun-recovery/src/lib.rs:3:use amun_replay_store::{ReplayRecord, ReplayStore};
crates/amun-recovery/src/lib.rs:41:        record: &ReplayRecord,
crates/amun-recovery/src/lib.rs:69:            return Err("Replay chain verification failed".into());
crates/amun-replay-cert/src/certificate.rs:19:impl ReplayCertificate {
crates/amun-replay-cert/src/certificate.rs:6:pub struct ReplayCertificate {
crates/amun-replay-cert/src/certifier.rs:14:impl ReplayCertifier {
crates/amun-replay-cert/src/certifier.rs:18:            transcript: ReplayTranscript::new(),
crates/amun-replay-cert/src/certifier.rs:3:use crate::transcript::ReplayTranscript;
crates/amun-replay-cert/src/certifier.rs:7:pub struct ReplayCertifier {
crates/amun-replay-cert/src/certifier.rs:9:    transcript: ReplayTranscript,
crates/amun-replay-cert/src/lib.rs:10:pub use transcript::ReplayTranscript;
crates/amun-replay-cert/src/lib.rs:12:impl Default for ReplayTranscript {
crates/amun-replay-cert/src/lib.rs:7:pub use certifier::ReplayCertifier;
crates/amun-replay-cert/src/transcript.rs:18:impl ReplayTranscript {
crates/amun-replay-cert/src/transcript.rs:4:pub struct ReplayTranscript {
crates/amun-replay-cert/src/verifier.rs:1:use crate::certificate::ReplayCertificate;
crates/amun-replay-cert/src/verifier.rs:5:pub fn verify_certificate(cert: &ReplayCertificate) -> Result<(), &'static str> {
crates/amun-replay-consensus/src/replay_backed_consensus.rs:116:        block: &ReplayVerifiedBlock,
crates/amun-replay-consensus/src/replay_backed_consensus.rs:119:    ) -> Result<ReplayBackedFinalityCertificate, String> {
crates/amun-replay-consensus/src/replay_backed_consensus.rs:11:    ReplayBackedFinalityCertificate, ReplayBackedQC, ReplayVerificationRecord, ReplayVerifiedBlock,
crates/amun-replay-consensus/src/replay_backed_consensus.rs:124:        let mut qc = ReplayBackedQC::for_block(block, quorum_size);
crates/amun-replay-consensus/src/replay_backed_consensus.rs:137:        Ok(ReplayBackedFinalityCertificate::issue(block, qc))
crates/amun-replay-consensus/src/replay_backed_consensus.rs:140:    fn compute_proof_root(transitions: &[TransitionProof]) -> [u8; 32] {
crates/amun-replay-consensus/src/replay_backed_consensus.rs:14:/// Replay-Backed Consensus Engine.
crates/amun-replay-consensus/src/replay_backed_consensus.rs:168:        let program = ConstitutionalProgram::new(1, 0, 0, vec![OpCode::Halt]);
crates/amun-replay-consensus/src/replay_backed_consensus.rs:178:        let block = ReplayBackedConsensus::execute_and_replay(
crates/amun-replay-consensus/src/replay_backed_consensus.rs:17:pub struct ReplayBackedConsensus;
crates/amun-replay-consensus/src/replay_backed_consensus.rs:194:        let program = ConstitutionalProgram::new(1, 0, 0, vec![OpCode::Halt]);
crates/amun-replay-consensus/src/replay_backed_consensus.rs:19:impl ReplayBackedConsensus {
crates/amun-replay-consensus/src/replay_backed_consensus.rs:1:use amun_bytecode::program::ConstitutionalProgram;
crates/amun-replay-consensus/src/replay_backed_consensus.rs:204:        let block = ReplayBackedConsensus::execute_and_replay(
crates/amun-replay-consensus/src/replay_backed_consensus.rs:213:        let cert = ReplayBackedConsensus::form_consensus(&block, 5, sigs).unwrap();
crates/amun-replay-consensus/src/replay_backed_consensus.rs:220:        let program = ConstitutionalProgram::new(1, 0, 0, vec![OpCode::Halt]);
crates/amun-replay-consensus/src/replay_backed_consensus.rs:22:        programs: &[(ConstitutionalProgram, ExecutionContext)],
crates/amun-replay-consensus/src/replay_backed_consensus.rs:230:        let mut block = ReplayBackedConsensus::execute_and_replay(
crates/amun-replay-consensus/src/replay_backed_consensus.rs:242:        assert!(ReplayBackedConsensus::form_consensus(&block, 5, sigs).is_err());
crates/amun-replay-consensus/src/replay_backed_consensus.rs:248:        let program = ConstitutionalProgram::new(1, 0, 0, vec![OpCode::Halt]);
crates/amun-replay-consensus/src/replay_backed_consensus.rs:258:        let block = ReplayBackedConsensus::execute_and_replay(
crates/amun-replay-consensus/src/replay_backed_consensus.rs:267:        let cert1 = ReplayBackedConsensus::form_consensus(&block, 5, sigs.clone()).unwrap();
crates/amun-replay-consensus/src/replay_backed_consensus.rs:268:        let cert2 = ReplayBackedConsensus::form_consensus(&block, 5, sigs).unwrap();
crates/amun-replay-consensus/src/replay_backed_consensus.rs:275:        let program = ConstitutionalProgram::new(1, 0, 0, vec![OpCode::Halt]);
crates/amun-replay-consensus/src/replay_backed_consensus.rs:27:    ) -> Result<ReplayVerifiedBlock, String> {
crates/amun-replay-consensus/src/replay_backed_consensus.rs:285:        let block = ReplayBackedConsensus::execute_and_replay(
crates/amun-replay-consensus/src/replay_backed_consensus.rs:28:        let mut hot = HotProofStore::new(10000);
crates/amun-replay-consensus/src/replay_backed_consensus.rs:29:        let mut archive = ProofArchive::new();
crates/amun-replay-consensus/src/replay_backed_consensus.rs:2:use amun_constitutional_runtime::runtime_pipeline::{ConstitutionalRuntime, PipelineResult};
crates/amun-replay-consensus/src/replay_backed_consensus.rs:34:            let result = ConstitutionalRuntime::execute(
crates/amun-replay-consensus/src/replay_backed_consensus.rs:3:use amun_proof_archive::hot_store::HotProofStore;
crates/amun-replay-consensus/src/replay_backed_consensus.rs:4:use amun_proof_archive::proof_archive::ProofArchive;
crates/amun-replay-consensus/src/replay_backed_consensus.rs:54:            // Replay verification
crates/amun-replay-consensus/src/replay_backed_consensus.rs:56:            let replay = ReplayVerifier::replay(&proof, program, &mut fresh_reg, &[]);
crates/amun-replay-consensus/src/replay_backed_consensus.rs:59:                ReplayResult::Match {
crates/amun-replay-consensus/src/replay_backed_consensus.rs:5:use amun_replay_verifier::replay_verifier::{ReplayResult, ReplayVerifier};
crates/amun-replay-consensus/src/replay_backed_consensus.rs:62:                } => ReplayVerificationRecord {
crates/amun-replay-consensus/src/replay_backed_consensus.rs:69:                _ => ReplayVerificationRecord {
crates/amun-replay-consensus/src/replay_backed_consensus.rs:7:use amun_transition_proof::transition_proof::TransitionProof;
crates/amun-replay-consensus/src/replay_backed_consensus.rs:86:        let mut block = ReplayVerifiedBlock {
crates/amun-replay-consensus/src/replay_backed_types.rs:14:impl ReplayVerificationRecord {
crates/amun-replay-consensus/src/replay_backed_types.rs:1:use amun_transition_proof::transition_proof::TransitionProof;
crates/amun-replay-consensus/src/replay_backed_types.rs:23:pub struct ReplayVerifiedBlock {
crates/amun-replay-consensus/src/replay_backed_types.rs:29:    pub transitions: Vec<TransitionProof>,
crates/amun-replay-consensus/src/replay_backed_types.rs:30:    pub replay_verifications: Vec<ReplayVerificationRecord>,
crates/amun-replay-consensus/src/replay_backed_types.rs:34:impl ReplayVerifiedBlock {
crates/amun-replay-consensus/src/replay_backed_types.rs:52:pub struct ReplayBackedQC {
crates/amun-replay-consensus/src/replay_backed_types.rs:64:impl ReplayBackedQC {
crates/amun-replay-consensus/src/replay_backed_types.rs:69:    pub fn for_block(block: &ReplayVerifiedBlock, threshold: usize) -> Self {
crates/amun-replay-consensus/src/replay_backed_types.rs:6:pub struct ReplayVerificationRecord {
crates/amun-replay-consensus/src/replay_backed_types.rs:86:pub struct ReplayBackedFinalityCertificate {
crates/amun-replay-consensus/src/replay_backed_types.rs:92:    pub qc: ReplayBackedQC,
crates/amun-replay-consensus/src/replay_backed_types.rs:96:impl ReplayBackedFinalityCertificate {
crates/amun-replay-consensus/src/replay_backed_types.rs:97:    pub fn issue(block: &ReplayVerifiedBlock, qc: ReplayBackedQC) -> Self {
crates/amun-replay-engine/src/adaptive_relay.rs:101:        RoutedProofType::EquivalenceFingerprint => CompressionDecision::SendFingerprint,
crates/amun-replay-engine/src/adaptive_relay.rs:102:        RoutedProofType::FrontierDescription => {
crates/amun-replay-engine/src/adaptive_relay.rs:109:        RoutedProofType::ClosureDelta => CompressionDecision::SendDelta,
crates/amun-replay-engine/src/adaptive_relay.rs:10:use amun_constitutional::kernel_types::ConstitutionalHash;
crates/amun-replay-engine/src/adaptive_relay.rs:110:        RoutedProofType::FullWitness => {
crates/amun-replay-engine/src/adaptive_relay.rs:12:use crate::proof_routing::RoutedProofType;
crates/amun-replay-engine/src/adaptive_relay.rs:151:    pub fingerprints: Vec<ConstitutionalHash>,
crates/amun-replay-engine/src/adaptive_relay.rs:157:    pub fn has(&self, fp: &ConstitutionalHash) -> bool {
crates/amun-replay-engine/src/adaptive_relay.rs:161:    pub fn insert(&mut self, fp: ConstitutionalHash) {
crates/amun-replay-engine/src/adaptive_relay.rs:1://! Adaptive Proof Relay — topology-aware delivery without semantic preference.
crates/amun-replay-engine/src/adaptive_relay.rs:244:        let f1 = make_frontier(100, vec![([0x01; 32], FrontierDependencyReason::HardWitnessRequired, true)]);
crates/amun-replay-engine/src/adaptive_relay.rs:255:        let decision = adaptive_compression_policy(&pressure, RoutedProofType::FullWitness);
crates/amun-replay-engine/src/adaptive_relay.rs:98:    route_type: RoutedProofType,
crates/amun-replay-engine/src/byzantine_witness_filter.rs:100:            WitnessEntry::new([0x01; 32], WitnessType::HardDependency),
crates/amun-replay-engine/src/byzantine_witness_filter.rs:101:            WitnessEntry::new([0x02; 32], WitnessType::SupportingDependency),
crates/amun-replay-engine/src/byzantine_witness_filter.rs:110:        entries.push(WitnessEntry::new([0x01; 32], WitnessType::HardDependency));
crates/amun-replay-engine/src/byzantine_witness_filter.rs:112:            entries.push(WitnessEntry::new([i as u8; 32], WitnessType::AuditDependency));
crates/amun-replay-engine/src/byzantine_witness_filter.rs:122:            WitnessEntry::new([0xAA; 32], WitnessType::HardDependency), // same as target
crates/amun-replay-engine/src/byzantine_witness_filter.rs:13:use amun_constitutional::ConstitutionalWitness;
crates/amun-replay-engine/src/byzantine_witness_filter.rs:14:use amun_constitutional::WitnessType;
crates/amun-replay-engine/src/byzantine_witness_filter.rs:19:    /// Witness passes all structural checks.
crates/amun-replay-engine/src/byzantine_witness_filter.rs:1://! ByzantineWitnessFilter — prevent malicious witness propagation.
crates/amun-replay-engine/src/byzantine_witness_filter.rs:21:    /// Witness is structurally incomplete (missing hard dependencies).
crates/amun-replay-engine/src/byzantine_witness_filter.rs:25:    /// Witness appears to be part of a dependency inflation attack.
crates/amun-replay-engine/src/byzantine_witness_filter.rs:31:    /// Witness contains self-referential entries.
crates/amun-replay-engine/src/byzantine_witness_filter.rs:33:    /// Witness is empty (no entries).
crates/amun-replay-engine/src/byzantine_witness_filter.rs:34:    EmptyWitness,
crates/amun-replay-engine/src/byzantine_witness_filter.rs:42:pub fn filter_incoming_witness(witness: &ConstitutionalWitness) -> FilterResult {
crates/amun-replay-engine/src/byzantine_witness_filter.rs:45:        return FilterResult::EmptyWitness;
crates/amun-replay-engine/src/byzantine_witness_filter.rs:57:        .filter(|e| matches!(e.witness_type, WitnessType::HardDependency))
crates/amun-replay-engine/src/byzantine_witness_filter.rs:61:        // Witness has entries but no hard dependencies — suspicious
crates/amun-replay-engine/src/byzantine_witness_filter.rs:85:    use amun_constitutional::{WitnessEntry, WitnessType};
crates/amun-replay-engine/src/byzantine_witness_filter.rs:87:    fn make_witness(entries: Vec<WitnessEntry>) -> ConstitutionalWitness {
crates/amun-replay-engine/src/byzantine_witness_filter.rs:88:        ConstitutionalWitness::new(1, 1, 1, [0xAA; 32], [0xAB; 32], entries)
crates/amun-replay-engine/src/byzantine_witness_filter.rs:94:        assert!(matches!(filter_incoming_witness(&w), FilterResult::EmptyWitness));
crates/amun-replay-engine/src/canonical.rs:124:    pub fn read_hash(&mut self) -> Result<ConstitutionalHash, CanonicalError> {
crates/amun-replay-engine/src/canonical.rs:129:        let hash: ConstitutionalHash = slice
crates/amun-replay-engine/src/canonical.rs:178:    pub fn finalize(&self) -> ConstitutionalHash {
crates/amun-replay-engine/src/canonical.rs:191:// NOTE: ConstitutionalHash IS [u8; 32], so we implement ONLY for [u8; 32].
crates/amun-replay-engine/src/canonical.rs:230:// SINGLE implementation for [u8; 32] (which IS ConstitutionalHash)
crates/amun-replay-engine/src/canonical.rs:23:use amun_constitutional::ConstitutionalHash;
crates/amun-replay-engine/src/canonical.rs:258:        let hash: ConstitutionalHash = [0xAB; 32];
crates/amun-replay-engine/src/canonical.rs:78:    pub fn write_hash(&mut self, hash: &ConstitutionalHash) {
crates/amun-replay-engine/src/constitutional_economics.rs:103:    pub context_hash: ConstitutionalHash,
crates/amun-replay-engine/src/constitutional_economics.rs:114:impl WitnessIncentiveSurface {
crates/amun-replay-engine/src/constitutional_economics.rs:115:    pub fn new(program_id: u64, context_hash: ConstitutionalHash) -> Self {
crates/amun-replay-engine/src/constitutional_economics.rs:11:use amun_constitutional::kernel_types::ConstitutionalHash;
crates/amun-replay-engine/src/constitutional_economics.rs:120:    /// Proofs are not "better" because they cost more.
crates/amun-replay-engine/src/constitutional_economics.rs:19:pub struct ProofMarketSurface {
crates/amun-replay-engine/src/constitutional_economics.rs:1://! Constitutional Economics — markets that sustain, not govern.
crates/amun-replay-engine/src/constitutional_economics.rs:201:        let market = ProofMarketSurface::new(1, [0xAB; 32]);
crates/amun-replay-engine/src/constitutional_economics.rs:223:        let incentives = WitnessIncentiveSurface::new(1, [0xAB; 32]);
crates/amun-replay-engine/src/constitutional_economics.rs:23:    pub context_hash: ConstitutionalHash,
crates/amun-replay-engine/src/constitutional_economics.rs:31:impl ProofMarketSurface {
crates/amun-replay-engine/src/constitutional_economics.rs:32:    pub fn new(market_id: u64, context_hash: ConstitutionalHash) -> Self {
crates/amun-replay-engine/src/constitutional_economics.rs:54:    pub context_hash: ConstitutionalHash,
crates/amun-replay-engine/src/constitutional_economics.rs:64:    pub fn new(lease_id: u64, worker_id: u64, context_hash: ConstitutionalHash, max_executions: u64) -> Self {
crates/amun-replay-engine/src/constitutional_economics.rs:99:pub struct WitnessIncentiveSurface {
crates/amun-replay-engine/src/constitutional_governance.rs:111:pub struct ConstitutionalEvolutionBoundary {
crates/amun-replay-engine/src/constitutional_governance.rs:11:use amun_constitutional::kernel_types::ConstitutionalHash;
crates/amun-replay-engine/src/constitutional_governance.rs:123:impl ConstitutionalEvolutionBoundary {
crates/amun-replay-engine/src/constitutional_governance.rs:125:        // Invariants 1-25 are all constitutional law.
crates/amun-replay-engine/src/constitutional_governance.rs:12:use amun_constitutional::ConstitutionalHasher;
crates/amun-replay-engine/src/constitutional_governance.rs:1://! Constitutional Governance — constrained constitutional evolution.
crates/amun-replay-engine/src/constitutional_governance.rs:205:    pub active_constitution_hash: ConstitutionalHash,
crates/amun-replay-engine/src/constitutional_governance.rs:207:    pub revision_history: Vec<(u32, ConstitutionalHash)>,
crates/amun-replay-engine/src/constitutional_governance.rs:213:    pub fn new(initial_revision: u32, constitution_hash: ConstitutionalHash) -> Self {
crates/amun-replay-engine/src/constitutional_governance.rs:224:    pub fn activate_revision(&mut self, new_revision: u32, new_hash: ConstitutionalHash) {
crates/amun-replay-engine/src/constitutional_governance.rs:275:        let boundary = ConstitutionalEvolutionBoundary::new();
crates/amun-replay-engine/src/constitutional_governance.rs:283:        let mut boundary = ConstitutionalEvolutionBoundary::new();
crates/amun-replay-engine/src/constitutional_governance.rs:28:    pub amendment_hash: ConstitutionalHash,
crates/amun-replay-engine/src/constitutional_governance.rs:30:    pub context_hash: ConstitutionalHash,
crates/amun-replay-engine/src/constitutional_governance.rs:34:    pub surface_hash: ConstitutionalHash,
crates/amun-replay-engine/src/constitutional_governance.rs:40:        amendment_hash: ConstitutionalHash, context_hash: ConstitutionalHash,
crates/amun-replay-engine/src/constitutional_governance.rs:51:    fn compute_hash(&self) -> ConstitutionalHash {
crates/amun-replay-engine/src/constitutional_governance.rs:52:        let mut h = ConstitutionalHasher::new(b"RATIFICATION_SURFACE");
crates/amun-replay-engine/src/constitutional_governance.rs:68:    InvariantViolation {
crates/amun-replay-engine/src/constitutional_governance.rs:85:    _amendment_hash: ConstitutionalHash,
crates/amun-replay-engine/src/constitutional_governance.rs:8://! Constitutional evolution must remain derivationally constrained.
crates/amun-replay-engine/src/constitutional_identity.rs:11:use amun_constitutional::kernel_types::ConstitutionalHash;
crates/amun-replay-engine/src/constitutional_identity.rs:12:use amun_constitutional::ConstitutionalHasher;
crates/amun-replay-engine/src/constitutional_identity.rs:1://! Constitutional Identity & Attribution — identity without privilege.
crates/amun-replay-engine/src/constitutional_identity.rs:24:    pub public_key_hash: ConstitutionalHash,
crates/amun-replay-engine/src/constitutional_identity.rs:37:    pub fn new(identity_id: u64, public_key_hash: ConstitutionalHash) -> Self {
crates/amun-replay-engine/src/constitutional_identity.rs:54:    pub fn fingerprint(&self) -> ConstitutionalHash {
crates/amun-replay-engine/src/constitutional_identity.rs:55:        let mut h = ConstitutionalHasher::new(b"IDENTITY_SURFACE");
crates/amun-replay-engine/src/constitutional_identity.rs:68:    pub artifact_hash: ConstitutionalHash,
crates/amun-replay-engine/src/constitutional_identity.rs:78:    pub fn new(artifact_hash: ConstitutionalHash, producer_id: u64) -> Self {
crates/amun-replay-engine/src/cross_constitution_federation.rs:109:    pub fn fingerprint(&self) -> ConstitutionalHash {
crates/amun-replay-engine/src/cross_constitution_federation.rs:10:use amun_constitutional::ConstitutionalHasher;
crates/amun-replay-engine/src/cross_constitution_federation.rs:110:        let mut h = ConstitutionalHasher::new(b"TRANSLATION_SURFACE");
crates/amun-replay-engine/src/cross_constitution_federation.rs:183:        let translation = ConstitutionalTranslationSurface::new(
crates/amun-replay-engine/src/cross_constitution_federation.rs:208:        let t1 = ConstitutionalTranslationSurface::new(1, [0xAA;32], [0xBB;32], [0xCC;32], [0xDD;32]);
crates/amun-replay-engine/src/cross_constitution_federation.rs:209:        let t2 = ConstitutionalTranslationSurface::new(1, [0xAA;32], [0xBB;32], [0xCC;32], [0xDD;32]);
crates/amun-replay-engine/src/cross_constitution_federation.rs:23:    pub local_constitution_hash: ConstitutionalHash,
crates/amun-replay-engine/src/cross_constitution_federation.rs:25:    pub remote_constitution_hash: ConstitutionalHash,
crates/amun-replay-engine/src/cross_constitution_federation.rs:38:        boundary_id: u64, local_hash: ConstitutionalHash, remote_hash: ConstitutionalHash,
crates/amun-replay-engine/src/cross_constitution_federation.rs:69:pub struct ConstitutionalTranslationSurface {
crates/amun-replay-engine/src/cross_constitution_federation.rs:73:    pub source_constitution_hash: ConstitutionalHash,
crates/amun-replay-engine/src/cross_constitution_federation.rs:75:    pub target_constitution_hash: ConstitutionalHash,
crates/amun-replay-engine/src/cross_constitution_federation.rs:77:    pub source_derivation_hash: ConstitutionalHash,
crates/amun-replay-engine/src/cross_constitution_federation.rs:79:    pub interpreted_derivation_hash: ConstitutionalHash,
crates/amun-replay-engine/src/cross_constitution_federation.rs:86:impl ConstitutionalTranslationSurface {
crates/amun-replay-engine/src/cross_constitution_federation.rs:88:        translation_id: u64, source_hash: ConstitutionalHash,
crates/amun-replay-engine/src/cross_constitution_federation.rs:89:        target_hash: ConstitutionalHash, source_derivation: ConstitutionalHash,
crates/amun-replay-engine/src/cross_constitution_federation.rs:90:        interpreted_derivation: ConstitutionalHash,
crates/amun-replay-engine/src/cross_constitution_federation.rs:9:use amun_constitutional::kernel_types::ConstitutionalHash;
crates/amun-replay-engine/src/derivational_equivalence.rs:116:pub fn canonical_order_for_transport(hashes: &mut [ConstitutionalHash]) {
crates/amun-replay-engine/src/derivational_equivalence.rs:11:use amun_constitutional::kernel_types::ConstitutionalHash;
crates/amun-replay-engine/src/derivational_equivalence.rs:123:    all_hashes: &[ConstitutionalHash],
crates/amun-replay-engine/src/derivational_equivalence.rs:124:    hard_dependency_hashes: &[ConstitutionalHash],
crates/amun-replay-engine/src/derivational_equivalence.rs:125:) -> Vec<ConstitutionalHash> {
crates/amun-replay-engine/src/derivational_equivalence.rs:126:    let mut core: Vec<ConstitutionalHash> = Vec::new();
crates/amun-replay-engine/src/derivational_equivalence.rs:12:use amun_constitutional::ConstitutionalHasher;
crates/amun-replay-engine/src/derivational_equivalence.rs:24:    pub fn compute(target_artifact: ConstitutionalHash, can_derive: bool, context_hash: ConstitutionalHash) -> Self {
crates/amun-replay-engine/src/derivational_equivalence.rs:25:        let mut h = ConstitutionalHasher::new(b"DERIVATION_FINGERPRINT");
crates/amun-replay-engine/src/derivational_equivalence.rs:41:    pub target_artifact_hash: ConstitutionalHash,
crates/amun-replay-engine/src/derivational_equivalence.rs:44:    pub context_hash: ConstitutionalHash,
crates/amun-replay-engine/src/derivational_equivalence.rs:54:    pub minimal_core_hashes: Vec<ConstitutionalHash>,
crates/amun-replay-engine/src/derivational_equivalence.rs:62:        target_artifact_hash: ConstitutionalHash,
crates/amun-replay-engine/src/derivational_equivalence.rs:63:        context_hash: ConstitutionalHash,
crates/amun-replay-engine/src/derivational_equivalence.rs:65:        minimal_core_hashes: Vec<ConstitutionalHash>,
crates/amun-replay-engine/src/derivational_equivalence.rs:84:        let mut h = ConstitutionalHasher::new(b"EQUIVALENCE_CLASS");
crates/amun-replay-engine/src/derivational_equivalence.rs:97:    pub fn add_surface(&mut self, core_hashes: Vec<ConstitutionalHash>) {
crates/amun-replay-engine/src/derivational_frontier.rs:16:    HardWitnessRequired,
crates/amun-replay-engine/src/derivational_frontier.rs:26:    pub target_artifact_hash: ConstitutionalHash,
crates/amun-replay-engine/src/derivational_frontier.rs:28:    pub resolved: Vec<ConstitutionalHash>,
crates/amun-replay-engine/src/derivational_frontier.rs:33:    pub fn new(worker_id: u64, target_artifact_hash: ConstitutionalHash) -> Self {
crates/amun-replay-engine/src/derivational_frontier.rs:36:    pub fn with_unresolved(mut self, hash: ConstitutionalHash, reason: FrontierDependencyReason, blocking: bool) -> Self {
crates/amun-replay-engine/src/derivational_frontier.rs:40:    pub fn resolve(&mut self, hash: ConstitutionalHash) {
crates/amun-replay-engine/src/derivational_frontier.rs:4:use amun_constitutional::kernel_types::ConstitutionalHash;
crates/amun-replay-engine/src/derivational_frontier.rs:9:    pub artifact_hash: ConstitutionalHash,
crates/amun-replay-engine/src/deterministic.rs:108:    pub steps: Vec<ConstitutionalStep>,
crates/amun-replay-engine/src/deterministic.rs:109:    pub final_state: ConstitutionalHash,
crates/amun-replay-engine/src/deterministic.rs:11:    pub state_hash: ConstitutionalHash,
crates/amun-replay-engine/src/deterministic.rs:12:    pub step_hash: ConstitutionalHash,
crates/amun-replay-engine/src/deterministic.rs:17:    pub steps: Vec<ConstitutionalStep>,
crates/amun-replay-engine/src/deterministic.rs:34:    pub fn add_step(&mut self, step: ConstitutionalStep) {
crates/amun-replay-engine/src/deterministic.rs:38:    pub fn final_state_hash(&self) -> ConstitutionalHash {
crates/amun-replay-engine/src/deterministic.rs:3:use crate::errors::ReplayFailure;
crates/amun-replay-engine/src/deterministic.rs:4:use amun_constitutional::{ConstitutionalHash, TranscriptEntry};
crates/amun-replay-engine/src/deterministic.rs:54:        current_hash: ConstitutionalHash,
crates/amun-replay-engine/src/deterministic.rs:56:    ) -> Result<ConstitutionalStep, ReplayFailure> {
crates/amun-replay-engine/src/deterministic.rs:58:            return Err(ReplayFailure::OrderingViolation {
crates/amun-replay-engine/src/deterministic.rs:69:        Ok(ConstitutionalStep {
crates/amun-replay-engine/src/deterministic.rs:79:        initial_hash: ConstitutionalHash,
crates/amun-replay-engine/src/deterministic.rs:81:    ) -> Result<ExecutionTrace, ReplayFailure> {
crates/amun-replay-engine/src/deterministic.rs:8:pub struct ConstitutionalStep {
crates/amun-replay-engine/src/deterministic.rs:94:    pub fn compute_transcript_hash(entries: &[TranscriptEntry]) -> ConstitutionalHash {
crates/amun-replay-engine/src/equivalence.rs:105:    use amun_constitutional::ReplayDomain;
crates/amun-replay-engine/src/equivalence.rs:10:    pub expected_result_hash: ConstitutionalHash,
crates/amun-replay-engine/src/equivalence.rs:111:            domain: ReplayDomain::Canonical,
crates/amun-replay-engine/src/equivalence.rs:117:        let state = ReplayState::new([0; 32]);
crates/amun-replay-engine/src/equivalence.rs:11:    pub computed_result_hash: ConstitutionalHash,
crates/amun-replay-engine/src/equivalence.rs:126:        let state = ReplayState::new([0; 32]);
crates/amun-replay-engine/src/equivalence.rs:15:pub struct ConstitutionalReplayResult {
crates/amun-replay-engine/src/equivalence.rs:16:    pub replay_root: ConstitutionalHash,
crates/amun-replay-engine/src/equivalence.rs:17:    pub continuity_proof: ContinuityProof,
crates/amun-replay-engine/src/equivalence.rs:19:    pub equivalence_proof: EquivalenceProof,
crates/amun-replay-engine/src/equivalence.rs:20:    pub authority_proof: AuthorityProof,
crates/amun-replay-engine/src/equivalence.rs:21:    pub deterministic_transcript_hash: ConstitutionalHash,
crates/amun-replay-engine/src/equivalence.rs:25:pub struct ContinuityProof {
crates/amun-replay-engine/src/equivalence.rs:27:    pub chain_hash: ConstitutionalHash,
crates/amun-replay-engine/src/equivalence.rs:2:use crate::errors::ReplayFailure;
crates/amun-replay-engine/src/equivalence.rs:32:    pub checkpoint_hash: ConstitutionalHash,
crates/amun-replay-engine/src/equivalence.rs:37:pub struct AuthorityProof {
crates/amun-replay-engine/src/equivalence.rs:38:    pub authority_root: ConstitutionalHash,
crates/amun-replay-engine/src/equivalence.rs:3:use crate::state::ReplayState;
crates/amun-replay-engine/src/equivalence.rs:42:impl ConstitutionalReplayResult {
crates/amun-replay-engine/src/equivalence.rs:4:use amun_constitutional::{ConstitutionalHash, TranscriptEntry};
crates/amun-replay-engine/src/equivalence.rs:56:        expected_state: &ReplayState,
crates/amun-replay-engine/src/equivalence.rs:57:    ) -> Result<EquivalenceProof, ReplayFailure> {
crates/amun-replay-engine/src/equivalence.rs:59:        Ok(EquivalenceProof {
crates/amun-replay-engine/src/equivalence.rs:68:        initial_state: &ReplayState,
crates/amun-replay-engine/src/equivalence.rs:71:    ) -> Result<EquivalenceProof, ReplayFailure> {
crates/amun-replay-engine/src/equivalence.rs:7:pub struct EquivalenceProof {
crates/amun-replay-engine/src/equivalence.rs:80:        // if we had applied the same entries to the ReplayState
crates/amun-replay-engine/src/equivalence.rs:91:        // For self-verification: replay the entries through ReplayState
crates/amun-replay-engine/src/errors.rs:14:        expected_root: ConstitutionalHash,
crates/amun-replay-engine/src/errors.rs:15:        actual_root: ConstitutionalHash,
crates/amun-replay-engine/src/errors.rs:18:        transcript_hash: ConstitutionalHash,
crates/amun-replay-engine/src/errors.rs:19:        expected_root: ConstitutionalHash,
crates/amun-replay-engine/src/errors.rs:20:        actual_root: ConstitutionalHash,
crates/amun-replay-engine/src/errors.rs:26:        expected: ConstitutionalHash,
crates/amun-replay-engine/src/errors.rs:27:        actual: ConstitutionalHash,
crates/amun-replay-engine/src/errors.rs:30:        authority_id: ConstitutionalHash,
crates/amun-replay-engine/src/errors.rs:5:use amun_constitutional::ConstitutionalHash;
crates/amun-replay-engine/src/errors.rs:8:pub enum ReplayFailure {
crates/amun-replay-engine/src/execution_dag.rs:159:        // Constitutional truth must be identical regardless.
crates/amun-replay-engine/src/execution_dag.rs:75:    /// Constitutional truth MUST be identical regardless of the order chosen.
crates/amun-replay-engine/src/execution_dependency.rs:19:    RequiresWitness,
crates/amun-replay-engine/src/execution_dependency.rs:42:                | ExecutionDependencyType::RequiresWitness
crates/amun-replay-engine/src/execution_dependency.rs:64:        assert!(ExecutionDependencyType::RequiresWitness.is_mandatory());
crates/amun-replay-engine/src/execution_scheduler.rs:27:    context_hash: ConstitutionalHash,
crates/amun-replay-engine/src/execution_scheduler.rs:31:    pub fn new(context_hash: ConstitutionalHash) -> Self {
crates/amun-replay-engine/src/execution_scheduler.rs:9:use amun_constitutional::kernel_types::ConstitutionalHash;
crates/amun-replay-engine/src/execution_task.rs:18:    ProduceWitness = 0x03,
crates/amun-replay-engine/src/execution_task.rs:26:/// Constitutional judgment happens AFTER the task produces artifacts.
crates/amun-replay-engine/src/execution_task.rs:36:    pub context_hash: ConstitutionalHash,
crates/amun-replay-engine/src/execution_task.rs:39:    pub boundary_hash: ConstitutionalHash,
crates/amun-replay-engine/src/execution_task.rs:44:    /// For ProduceWitness: the target artifact.
crates/amun-replay-engine/src/execution_task.rs:46:    pub target_artifact_hash: ConstitutionalHash,
crates/amun-replay-engine/src/execution_task.rs:59:        context_hash: ConstitutionalHash,
crates/amun-replay-engine/src/execution_task.rs:60:        boundary_hash: ConstitutionalHash,
crates/amun-replay-engine/src/execution_task.rs:61:        target_artifact_hash: ConstitutionalHash,
crates/amun-replay-engine/src/execution_task.rs:8:use amun_constitutional::kernel_types::ConstitutionalHash;
crates/amun-replay-engine/src/execution_vertex.rs:13:use amun_constitutional::kernel_types::ConstitutionalHash;
crates/amun-replay-engine/src/execution_vertex.rs:21:    WitnessExtraction,
crates/amun-replay-engine/src/execution_vertex.rs:47:    pub context_hash: ConstitutionalHash,
crates/amun-replay-engine/src/execution_vertex.rs:4://!   - Constitutional validity
crates/amun-replay-engine/src/execution_vertex.rs:50:    pub boundary_hash: ConstitutionalHash,
crates/amun-replay-engine/src/execution_vertex.rs:54:    pub produced_artifacts: Vec<ConstitutionalHash>,
crates/amun-replay-engine/src/execution_vertex.rs:69:        context_hash: ConstitutionalHash,
crates/amun-replay-engine/src/execution_vertex.rs:70:        boundary_hash: ConstitutionalHash,
crates/amun-replay-engine/src/execution_vertex.rs:85:    pub fn with_artifact(mut self, hash: ConstitutionalHash) -> Self {
crates/amun-replay-engine/src/frontier_reconciliation.rs:105:        let a = make_frontier(100, vec![[0x01; 32]], vec![([0x02; 32], FrontierDependencyReason::HardWitnessRequired, true)]);
crates/amun-replay-engine/src/frontier_reconciliation.rs:117:        let target = make_frontier(200, vec![[0x01; 32]], vec![([0x02; 32], FrontierDependencyReason::HardWitnessRequired, true), ([0x03; 32], FrontierDependencyReason::CausalChainIncomplete, false)]);
crates/amun-replay-engine/src/frontier_reconciliation.rs:11:    pub newly_resolved: Vec<ConstitutionalHash>,
crates/amun-replay-engine/src/frontier_reconciliation.rs:18:    let mut newly_resolved: Vec<ConstitutionalHash> = Vec::new();
crates/amun-replay-engine/src/frontier_reconciliation.rs:4:use amun_constitutional::kernel_types::ConstitutionalHash;
crates/amun-replay-engine/src/frontier_reconciliation.rs:79:pub fn compute_closure_delta(source: &DerivationalFrontier, target: &DerivationalFrontier) -> Vec<ConstitutionalHash> {
crates/amun-replay-engine/src/frontier_reconciliation.rs:80:    let mut delta: Vec<ConstitutionalHash> = Vec::new();
crates/amun-replay-engine/src/isolation_boundary.rs:10:use amun_constitutional::kernel_types::ConstitutionalHash;
crates/amun-replay-engine/src/isolation_boundary.rs:112:    pub fn check_context(&self, context_hash: ConstitutionalHash) -> Result<(), IsolationViolation> {
crates/amun-replay-engine/src/isolation_boundary.rs:129:        context_hash: ConstitutionalHash,
crates/amun-replay-engine/src/isolation_boundary.rs:24:    ConstitutionalStateModification {
crates/amun-replay-engine/src/isolation_boundary.rs:26:        artifact_hash: ConstitutionalHash,
crates/amun-replay-engine/src/isolation_boundary.rs:30:    WitnessTampering {
crates/amun-replay-engine/src/isolation_boundary.rs:38:        target_context_hash: ConstitutionalHash,
crates/amun-replay-engine/src/isolation_boundary.rs:46:            IsolationViolation::ConstitutionalStateModification { .. } => b"Constitutional state modification attempted".to_vec(),
crates/amun-replay-engine/src/isolation_boundary.rs:47:            IsolationViolation::WitnessTampering { .. } => b"Witness tampering attempted".to_vec(),
crates/amun-replay-engine/src/isolation_boundary.rs:71:    pub context_hash: ConstitutionalHash,
crates/amun-replay-engine/src/isolation_boundary.rs:7://! is a constitutional requirement (Invariant 15).
crates/amun-replay-engine/src/isolation_boundary.rs:85:        context_hash: ConstitutionalHash,
crates/amun-replay-engine/src/lib.rs:102:pub struct ReplayCursor {
crates/amun-replay-engine/src/lib.rs:104:    pub chain_hash: ConstitutionalHash,
crates/amun-replay-engine/src/lib.rs:108:impl ReplayCursor {
crates/amun-replay-engine/src/lib.rs:125:    ) -> Result<(), ReplayFailure> {
crates/amun-replay-engine/src/lib.rs:143:    use amun_constitutional::ReplayDomain;
crates/amun-replay-engine/src/lib.rs:149:            domain: ReplayDomain::Canonical,
crates/amun-replay-engine/src/lib.rs:155:        let mut session = ReplaySession::new([0; 32], 0);
crates/amun-replay-engine/src/lib.rs:164:        let mut session = ReplaySession::new([0; 32], 0);
crates/amun-replay-engine/src/lib.rs:21:use amun_constitutional::{ConstitutionalHash, TranscriptEntry};
crates/amun-replay-engine/src/lib.rs:26:    AuthorityProof, CheckpointResult, ConstitutionalReplayResult, ContinuityProof,
crates/amun-replay-engine/src/lib.rs:29:use errors::ReplayFailure;
crates/amun-replay-engine/src/lib.rs:30:use state::ReplayState;
crates/amun-replay-engine/src/lib.rs:37:pub use deterministic::{ConstitutionalStep, ExecutionResult, ExecutionTrace};
crates/amun-replay-engine/src/lib.rs:39:// NOTE: ReplayState and ReplayFailure are imported via `use` above.
crates/amun-replay-engine/src/lib.rs:42:// STRUCT: ReplaySession
crates/amun-replay-engine/src/lib.rs:45:pub struct ReplaySession {
crates/amun-replay-engine/src/lib.rs:46:    pub state: ReplayState,
crates/amun-replay-engine/src/lib.rs:47:    pub cursor: ReplayCursor,
crates/amun-replay-engine/src/lib.rs:50:impl ReplaySession {
crates/amun-replay-engine/src/lib.rs:51:    pub fn new(initial_state_root: ConstitutionalHash, start_sequence: u64) -> Self {
crates/amun-replay-engine/src/lib.rs:53:            state: ReplayState::new(initial_state_root),
crates/amun-replay-engine/src/lib.rs:54:            cursor: ReplayCursor::new(start_sequence),
crates/amun-replay-engine/src/lib.rs:61:    ) -> Result<ConstitutionalReplayResult, ReplayFailure> {
crates/amun-replay-engine/src/lib.rs:69:        self.state = ReplayState::new(proof.trace.final_state_hash());
crates/amun-replay-engine/src/lib.rs:77:        Ok(ConstitutionalReplayResult {
crates/amun-replay-engine/src/lib.rs:79:            continuity_proof: ContinuityProof {
crates/amun-replay-engine/src/lib.rs:88:            authority_proof: AuthorityProof {
crates/amun-replay-engine/src/lib.rs:98:// STRUCT: ReplayCursor
crates/amun-replay-engine/src/missing_closure.rs:11:use amun_constitutional::kernel_types::ConstitutionalHash;
crates/amun-replay-engine/src/missing_closure.rs:23:    pub target_artifact_hash: ConstitutionalHash,
crates/amun-replay-engine/src/missing_closure.rs:26:    pub context_hash: ConstitutionalHash,
crates/amun-replay-engine/src/missing_closure.rs:29:    pub available_hashes: Vec<ConstitutionalHash>,
crates/amun-replay-engine/src/missing_closure.rs:32:    pub missing_hashes: Vec<ConstitutionalHash>,
crates/amun-replay-engine/src/missing_closure.rs:61:        target_artifact_hash: ConstitutionalHash,
crates/amun-replay-engine/src/missing_closure.rs:62:        context_hash: ConstitutionalHash,
crates/amun-replay-engine/src/missing_closure.rs:79:    pub fn with_available(mut self, hash: ConstitutionalHash) -> Self {
crates/amun-replay-engine/src/missing_closure.rs:85:    pub fn with_missing(mut self, hash: ConstitutionalHash) -> Self {
crates/amun-replay-engine/src/operational_hasher.rs:18:/// Constitutional objects use `amun_constitutional::ConstitutionalHasher`.
crates/amun-replay-engine/src/operational_hasher.rs:59:        // Constitutional hasher would produce a different hash for the same data
crates/amun-replay-engine/src/proof_routing.rs:10:use amun_constitutional::kernel_types::ConstitutionalHash;
crates/amun-replay-engine/src/proof_routing.rs:127:    route: &ProofRoute,
crates/amun-replay-engine/src/proof_routing.rs:130:    known_fingerprints: &[ConstitutionalHash],
crates/amun-replay-engine/src/proof_routing.rs:15:pub struct ProofRoute {
crates/amun-replay-engine/src/proof_routing.rs:184:    target_fingerprint: ConstitutionalHash,
crates/amun-replay-engine/src/proof_routing.rs:185:    known_fingerprints: &[ConstitutionalHash],
crates/amun-replay-engine/src/proof_routing.rs:18:    pub target_artifact_hash: ConstitutionalHash,
crates/amun-replay-engine/src/proof_routing.rs:1://! Proof Routing Fabric — constitutional proof logistics.
crates/amun-replay-engine/src/proof_routing.rs:20:    pub context_hash: ConstitutionalHash,
crates/amun-replay-engine/src/proof_routing.rs:216:        let route = ProofRoute::new(1, [0xBB; 32], [0xAB; 32], RoutedProofType::ClosureDelta);
crates/amun-replay-engine/src/proof_routing.rs:217:        let frontier = make_frontier(100, vec![], vec![([0xBB; 32], FrontierDependencyReason::HardWitnessRequired, true)]);
crates/amun-replay-engine/src/proof_routing.rs:229:        let route = ProofRoute::new(1, [0xBB; 32], [0xAB; 32], RoutedProofType::EquivalenceFingerprint);
crates/amun-replay-engine/src/proof_routing.rs:22:    pub proof_type: RoutedProofType,
crates/amun-replay-engine/src/proof_routing.rs:242:        let route = ProofRoute::new(1, [0xBB; 32], [0xAB; 32], RoutedProofType::ClosureDelta);
crates/amun-replay-engine/src/proof_routing.rs:243:        let frontier = make_frontier(300, vec![], vec![([0xBB; 32], FrontierDependencyReason::HardWitnessRequired, true)]);
crates/amun-replay-engine/src/proof_routing.rs:255:        let mut route = ProofRoute::new(1, [0xBB; 32], [0xAB; 32], RoutedProofType::FullWitness);
crates/amun-replay-engine/src/proof_routing.rs:35:pub enum RoutedProofType {
crates/amun-replay-engine/src/proof_routing.rs:37:    FullWitness,
crates/amun-replay-engine/src/proof_routing.rs:58:impl ProofRoute {
crates/amun-replay-engine/src/proof_routing.rs:60:        route_id: u64, target: ConstitutionalHash, context: ConstitutionalHash,
crates/amun-replay-engine/src/proof_routing.rs:61:        proof_type: RoutedProofType,
crates/amun-replay-engine/src/runtime_anomaly.rs:134:        let anomaly = RuntimeAnomaly::new(1, 100, AnomalyType::SuspiciousWitness, [0xAB; 32]);
crates/amun-replay-engine/src/runtime_anomaly.rs:16:    SuspiciousWitness,
crates/amun-replay-engine/src/runtime_anomaly.rs:41:    pub context_hash: ConstitutionalHash,
crates/amun-replay-engine/src/runtime_anomaly.rs:51:        context_hash: ConstitutionalHash,
crates/amun-replay-engine/src/runtime_anomaly.rs:8:use amun_constitutional::kernel_types::ConstitutionalHash;
crates/amun-replay-engine/src/runtime_capability.rs:24:    RequestWitness,
crates/amun-replay-engine/src/runtime_capability.rs:61:            RuntimeCapability::RequestWitness,
crates/amun-replay-engine/src/runtime_capability.rs:71:            RuntimeCapability::RequestWitness,
crates/amun-replay-engine/src/runtime_receipt.rs:18:    pub produced_artifact_hash: ConstitutionalHash,
crates/amun-replay-engine/src/runtime_receipt.rs:26:        execution_success: bool, produced_artifact_hash: ConstitutionalHash,
crates/amun-replay-engine/src/runtime_receipt.rs:4://! OperationalHasher, NOT ConstitutionalHasher, because operational
crates/amun-replay-engine/src/runtime_receipt.rs:7:use amun_constitutional::kernel_types::ConstitutionalHash;
crates/amun-replay-engine/src/state.rs:103:            domain: ReplayDomain::Canonical,
crates/amun-replay-engine/src/state.rs:108:            domain: ReplayDomain::Canonical,
crates/amun-replay-engine/src/state.rs:15:use amun_constitutional::{ConstitutionalHash, TranscriptEntry};
crates/amun-replay-engine/src/state.rs:18:use crate::errors::ReplayFailure;
crates/amun-replay-engine/src/state.rs:21:pub struct ReplayState {
crates/amun-replay-engine/src/state.rs:22:    pub state_root: ConstitutionalHash,
crates/amun-replay-engine/src/state.rs:24:    pub divergences: Vec<ReplayFailure>,
crates/amun-replay-engine/src/state.rs:27:impl ReplayState {
crates/amun-replay-engine/src/state.rs:28:    pub fn new(initial_root: ConstitutionalHash) -> Self {
crates/amun-replay-engine/src/state.rs:44:    pub fn apply_entry(&self, entry: &TranscriptEntry) -> Result<Self, ReplayFailure> {
crates/amun-replay-engine/src/state.rs:63:    use amun_constitutional::ReplayDomain;
crates/amun-replay-engine/src/state.rs:67:        let state = ReplayState::new([0xAA; 32]);
crates/amun-replay-engine/src/state.rs:73:            domain: ReplayDomain::Canonical,
crates/amun-replay-engine/src/state.rs:83:        let state = ReplayState::new([0xAA; 32]);
crates/amun-replay-engine/src/state.rs:87:            domain: ReplayDomain::Canonical,
crates/amun-replay-engine/src/state.rs:99:        let state = ReplayState::new([0xAA; 32]);
crates/amun-replay-engine/src/temporal_drift.rs:10:use amun_constitutional::kernel_types::ConstitutionalHash;
crates/amun-replay-engine/src/temporal_drift.rs:134:    pub revision_sequence: Vec<(u32, ConstitutionalHash)>,
crates/amun-replay-engine/src/temporal_drift.rs:142:    pub fn new(initial_revision: u32, initial_hash: ConstitutionalHash) -> Self {
crates/amun-replay-engine/src/temporal_drift.rs:146:    pub fn record_activation(&mut self, revision: u32, hash: ConstitutionalHash) {
crates/amun-replay-engine/src/temporal_drift.rs:68:    pub tracked_artifacts: Vec<ConstitutionalHash>,
crates/amun-replay-engine/src/temporal_drift.rs:81:    pub fn check_historical_usage(&mut self, artifact_hash: ConstitutionalHash, usage_count: u64) -> bool {
crates/amun-replay-engine/src/version.rs:1:/// Replay protocol version - FROZEN for protocol v1.
crates/amun-replay-engine/src/version.rs:5:/// Constitutional hash domain for protocol version binding.
crates/amun-replay-engine/src/witness_envelope.rs:101:        let env = WitnessEnvelope::new(
crates/amun-replay-engine/src/witness_envelope.rs:111:        let e1 = WitnessEnvelope::new(1, [0xAA; 32], 100, [0xAB; 32], [0xBB; 32], PropagationScope::ContextLocal);
crates/amun-replay-engine/src/witness_envelope.rs:112:        let e2 = WitnessEnvelope::new(1, [0xAA; 32], 100, [0xAB; 32], [0xBB; 32], PropagationScope::ContextLocal);
crates/amun-replay-engine/src/witness_envelope.rs:119:        let e1 = WitnessEnvelope::new(1, [0xAA; 32], 100, [0xAB; 32], [0xBB; 32], PropagationScope::ContextLocal);
crates/amun-replay-engine/src/witness_envelope.rs:120:        let e2 = WitnessEnvelope::new(1, [0xAA; 32], 100, [0xAB; 32], [0xBB; 32], PropagationScope::FullBroadcast);
crates/amun-replay-engine/src/witness_envelope.rs:12:use amun_constitutional::kernel_types::ConstitutionalHash;
crates/amun-replay-engine/src/witness_envelope.rs:1://! WitnessEnvelope — transport container for witness propagation.
crates/amun-replay-engine/src/witness_envelope.rs:21:pub struct WitnessEnvelope {
crates/amun-replay-engine/src/witness_envelope.rs:26:    pub witness_hash: ConstitutionalHash,
crates/amun-replay-engine/src/witness_envelope.rs:32:    pub context_hash: ConstitutionalHash,
crates/amun-replay-engine/src/witness_envelope.rs:35:    pub target_artifact_hash: ConstitutionalHash,
crates/amun-replay-engine/src/witness_envelope.rs:60:impl WitnessEnvelope {
crates/amun-replay-engine/src/witness_envelope.rs:63:        witness_hash: ConstitutionalHash,
crates/amun-replay-engine/src/witness_envelope.rs:65:        context_hash: ConstitutionalHash,
crates/amun-replay-engine/src/witness_envelope.rs:66:        target_artifact_hash: ConstitutionalHash,
crates/amun-replay-engine/src/zk_adapters.rs:100:        let mut h = ConstitutionalHasher::new(b"DERIVABILITY_COMMITMENT");
crates/amun-replay-engine/src/zk_adapters.rs:10:use amun_constitutional::kernel_types::ConstitutionalHash;
crates/amun-replay-engine/src/zk_adapters.rs:110:pub struct RecursiveProofBoundary {
crates/amun-replay-engine/src/zk_adapters.rs:117:impl RecursiveProofBoundary {
crates/amun-replay-engine/src/zk_adapters.rs:11:use amun_constitutional::ConstitutionalHasher;
crates/amun-replay-engine/src/zk_adapters.rs:143:    pub target_artifact_hash: ConstitutionalHash,
crates/amun-replay-engine/src/zk_adapters.rs:145:    pub revealed_hashes: Vec<ConstitutionalHash>,
crates/amun-replay-engine/src/zk_adapters.rs:147:    pub fingerprint: ConstitutionalHash,
crates/amun-replay-engine/src/zk_adapters.rs:149:    pub surface_binding: ConstitutionalHash,
crates/amun-replay-engine/src/zk_adapters.rs:154:        target: ConstitutionalHash,
crates/amun-replay-engine/src/zk_adapters.rs:155:        revealed: Vec<ConstitutionalHash>,
crates/amun-replay-engine/src/zk_adapters.rs:156:        fingerprint: ConstitutionalHash,
crates/amun-replay-engine/src/zk_adapters.rs:168:    fn compute_binding(&self) -> ConstitutionalHash {
crates/amun-replay-engine/src/zk_adapters.rs:169:        let mut h = ConstitutionalHasher::new(b"SELECTIVE_REVEAL");
crates/amun-replay-engine/src/zk_adapters.rs:18:pub struct ZKWitnessEnvelope {
crates/amun-replay-engine/src/zk_adapters.rs:1://! ZK Witness Adapters — cryptographic portability for derivability.
crates/amun-replay-engine/src/zk_adapters.rs:209:pub struct ProofInspectabilityGuard {
crates/amun-replay-engine/src/zk_adapters.rs:20:    pub target_artifact_hash: ConstitutionalHash,
crates/amun-replay-engine/src/zk_adapters.rs:211:    pub source_witness_hash: ConstitutionalHash,
crates/amun-replay-engine/src/zk_adapters.rs:218:impl ProofInspectabilityGuard {
crates/amun-replay-engine/src/zk_adapters.rs:219:    pub fn new(source_witness_hash: ConstitutionalHash) -> Self {
crates/amun-replay-engine/src/zk_adapters.rs:22:    pub context_hash: ConstitutionalHash,
crates/amun-replay-engine/src/zk_adapters.rs:235:        let env = ZKWitnessEnvelope::new(
crates/amun-replay-engine/src/zk_adapters.rs:24:    pub asserted_fingerprint: ConstitutionalHash,
crates/amun-replay-engine/src/zk_adapters.rs:250:        let mut boundary = RecursiveProofBoundary::new(2);
crates/amun-replay-engine/src/zk_adapters.rs:277:        let guard = ProofInspectabilityGuard::new([0xDD; 32]);
crates/amun-replay-engine/src/zk_adapters.rs:30:    pub envelope_hash: ConstitutionalHash,
crates/amun-replay-engine/src/zk_adapters.rs:33:impl ZKWitnessEnvelope {
crates/amun-replay-engine/src/zk_adapters.rs:35:        target: ConstitutionalHash,
crates/amun-replay-engine/src/zk_adapters.rs:36:        context: ConstitutionalHash,
crates/amun-replay-engine/src/zk_adapters.rs:37:        fingerprint: ConstitutionalHash,
crates/amun-replay-engine/src/zk_adapters.rs:52:    fn compute_hash(&self) -> ConstitutionalHash {
crates/amun-replay-engine/src/zk_adapters.rs:53:        let mut h = ConstitutionalHasher::new(b"ZK_WITNESS_ENVELOPE");
crates/amun-replay-engine/src/zk_adapters.rs:74:    pub target_artifact_hash: ConstitutionalHash,
crates/amun-replay-engine/src/zk_adapters.rs:76:    pub fingerprint: ConstitutionalHash,
crates/amun-replay-engine/src/zk_adapters.rs:80:    pub commitment: ConstitutionalHash,
crates/amun-replay-engine/src/zk_adapters.rs:85:        target: ConstitutionalHash,
crates/amun-replay-engine/src/zk_adapters.rs:86:        fingerprint: ConstitutionalHash,
crates/amun-replay-engine/src/zk_adapters.rs:99:    fn compute_commitment(&self) -> ConstitutionalHash {
crates/amun-replay-optimization/src/lib.rs:17:pub struct ReplayCache {
crates/amun-replay-optimization/src/lib.rs:24:impl ReplayCache {
crates/amun-replay-optimization/src/lib.rs:93:impl Default for ReplayCache {
crates/amun-replay-optimization/tests/n163_replay_tests.rs:22:    let mut cache = ReplayCache::new();
crates/amun-replay-optimization/tests/n163_replay_tests.rs:47:    let mut cache = ReplayCache::new();
crates/amun-replay-optimization/tests/n163_replay_tests.rs:5:    let mut cache = ReplayCache::new();
crates/amun-replay-optimization/tests/n163_replay_tests.rs:64:    let mut cache1 = ReplayCache::new();
crates/amun-replay-optimization/tests/n163_replay_tests.rs:65:    let mut cache2 = ReplayCache::new();
crates/amun-replay-semantics/src/lib.rs:12:pub struct ReplayEpoch { pub epoch_id: [u8; 32], pub start_sequence: u64, pub end_sequence: Option<u64>, pub replay_version: u32 }
crates/amun-replay-semantics/src/lib.rs:13:impl ReplayEpoch {
crates/amun-replay-semantics/src/lib.rs:19:pub struct ReplayBoundary { pub finalized_sequence: u64, pub boundary_chain_hash: [u8; 32], pub boundary_state_root: [u8; 32], pub epoch: ReplayEpoch, pub replay_version: u32 }
crates/amun-replay-semantics/src/lib.rs:1://! Replay Semantics — formal constitutional model for replay.
crates/amun-replay-semantics/src/lib.rs:20:impl ReplayBoundary { pub fn genesis(genesis_hash: [u8; 32]) -> Self { Self { finalized_sequence: 0, boundary_chain_hash: genesis_hash, boundary_state_root: genesis_hash, epoch: ReplayEpoch::new(genesis_hash, 0, 1), replay_version: 1 } } }
crates/amun-replay-semantics/src/lib.rs:23:pub struct ReplayCertificate {
crates/amun-replay-semantics/src/lib.rs:24:    pub domain: ReplayDomain, pub epoch: ReplayEpoch,
crates/amun-replay-semantics/src/lib.rs:27:    pub boundary: ReplayBoundary, pub event_count: u64, pub replay_version: u32,
crates/amun-replay-semantics/src/lib.rs:2://! Layer 0.75 — Constitutional Replay Theory.
crates/amun-replay-semantics/src/lib.rs:30:impl ReplayCertificate {
crates/amun-replay-semantics/src/lib.rs:32:    pub fn new(domain: ReplayDomain, epoch: ReplayEpoch, transcript_root: [u8; 32], state_root: [u8; 32], receipt_root: [u8; 32], ordering_root: [u8; 32], boundary: ReplayBoundary, event_count: u64, replay_version: u32) -> Self {
crates/amun-replay-semantics/src/lib.rs:46:#[derive(Debug, Clone, Copy, PartialEq, Eq)] pub enum ReplayEquivalence { Strict, Semantic, EpochBounded(ReplayEpoch) }
crates/amun-replay-semantics/src/lib.rs:47:impl ReplayEquivalence {
crates/amun-replay-semantics/src/lib.rs:48:    pub fn verify(&self, a: &ReplayCertificate, b: &ReplayCertificate) -> bool {
crates/amun-replay-semantics/src/lib.rs:49:        match self { ReplayEquivalence::Strict => a.certificate_hash == b.certificate_hash, ReplayEquivalence::Semantic => ReplayCertificate::prove_equivalence(a, b), ReplayEquivalence::EpochBounded(ep) => a.epoch.epoch_id == ep.epoch_id && b.epoch.epoch_id == ep.epoch_id && ReplayCertificate::prove_equivalence(a, b) }
crates/amun-replay-semantics/src/lib.rs:54:pub enum ReplayFailure {
crates/amun-replay-semantics/src/lib.rs:58:    EpochBoundaryViolation { expected_epoch: Box<ReplayEpoch>, actual_epoch: Box<ReplayEpoch> },
crates/amun-replay-semantics/src/lib.rs:60:    BoundaryViolation { expected_boundary: Box<ReplayBoundary>, actual_boundary: Box<ReplayBoundary> },
crates/amun-replay-semantics/src/lib.rs:61:    ReplayResourceExhaustion { limit: usize, attempted: usize },
crates/amun-replay-semantics/src/lib.rs:64:#[derive(Debug, Clone, Copy, PartialEq, Eq)] pub enum ReplayAuthority { SelfVerification, ValidatorQuorum { required_signatures: u64 }, ConstitutionalCourt, PublicVerification }
crates/amun-replay-semantics/src/lib.rs:67:pub struct ReplayWitness { pub start_sequence: u64, pub end_sequence: u64, pub pre_state_root: [u8; 32], pub post_state_root: [u8; 32], pub transcript_fragment_hash: [u8; 32], pub witness_data: Vec<u8> }
crates/amun-replay-semantics/src/lib.rs:70:pub struct ReplayCheckpoint { pub sequence: u64, pub state_root: [u8; 32], pub transcript_chain_hash: [u8; 32], pub certificate: ReplayCertificate }
crates/amun-replay-semantics/src/lib.rs:71:impl ReplayCheckpoint { pub fn verify(&self, boundary: &ReplayBoundary) -> bool { self.sequence >= boundary.finalized_sequence && self.certificate.verify() && self.certificate.boundary.boundary_chain_hash == boundary.boundary_chain_hash } }
crates/amun-replay-semantics/src/lib.rs:75:    pub fn replay_determinism(a: &ReplayCertificate, b: &ReplayCertificate) -> Result<(), ReplayFailure> {
crates/amun-replay-semantics/src/lib.rs:76:        if a.transcript_root != b.transcript_root { return Err(ReplayFailure::TranscriptMismatch { expected_root: a.transcript_root, actual_root: b.transcript_root }); }
crates/amun-replay-semantics/src/lib.rs:77:        if a.state_root != b.state_root { return Err(ReplayFailure::StateDivergence { expected_root: a.state_root, actual_root: b.state_root }); }
crates/amun-replay-semantics/src/lib.rs:85:    fn te() -> ReplayEpoch { ReplayEpoch::new([0xBB; 32], 0, 1) }
crates/amun-replay-semantics/src/lib.rs:86:    fn tb() -> ReplayBoundary { ReplayBoundary::genesis([0xAA; 32]) }
crates/amun-replay-semantics/src/lib.rs:87:    #[test] fn test_cert_self_verifying() { assert!(ReplayCertificate::new(ReplayDomain::Consensus, te(), [0x01;32], [0x02;32], [0x03;32], [0x04;32], tb(), 100, 1).verify()); }
crates/amun-replay-semantics/src/lib.rs:88:    #[test] fn test_cert_tamper_detected() { let mut c = ReplayCertificate::new(ReplayDomain::Consensus, te(), [0x01;32], [0x02;32], [0x03;32], [0x04;32], tb(), 100, 1); c.state_root = [0xFF;32]; assert!(!c.verify()); }
crates/amun-replay-semantics/src/lib.rs:89:    #[test] fn test_equivalence_strict() { let c = ReplayCertificate::new(ReplayDomain::Consensus, te(), [0x01;32], [0x02;32], [0x03;32], [0x04;32], tb(), 100, 1); assert!(ReplayEquivalence::Strict.verify(&c, &c)); }
crates/amun-replay-semantics/src/lib.rs:90:    #[test] fn test_law_determinism_divergence() { let a = ReplayCertificate::new(ReplayDomain::Consensus, te(), [0x01;32], [0x02;32], [0x03;32], [0x04;32], tb(), 100, 1); let b = ReplayCertificate::new(ReplayDomain::Consensus, te(), [0x01;32], [0xFF;32], [0x03;32], [0x04;32], tb(), 100, 1); assert!(laws::replay_determinism(&a, &b).is_err()); }
crates/amun-replay-semantics/src/lib.rs:9:#[derive(Debug, Clone, Copy, PartialEq, Eq)] pub enum ReplayDomain { Consensus, Execution, FullSystem, Governance, Transcript }
crates/amun-replay-store/src/lib.rs:103:        let store = ReplayStore::new(path);
crates/amun-replay-store/src/lib.rs:116:        let store = ReplayStore::new(path);
crates/amun-replay-store/src/lib.rs:128:        let store = ReplayStore::new(path);
crates/amun-replay-store/src/lib.rs:140:        let store = ReplayStore::new(path);
crates/amun-replay-store/src/lib.rs:153:        let store = ReplayStore::new(path);
crates/amun-replay-store/src/lib.rs:16:impl ReplayRecord {
crates/amun-replay-store/src/lib.rs:31:pub struct ReplayStore {
crates/amun-replay-store/src/lib.rs:35:impl ReplayStore {
crates/amun-replay-store/src/lib.rs:43:    pub fn append(&self, record: &ReplayRecord) -> Result<(), String> {
crates/amun-replay-store/src/lib.rs:54:    pub fn load_all(&self) -> Result<Vec<ReplayRecord>, String> {
crates/amun-replay-store/src/lib.rs:63:    pub fn load_height(&self, height: u64) -> Result<Option<ReplayRecord>, String> {
crates/amun-replay-store/src/lib.rs:89:    fn make_record(h: u64, before: &str, after: &str) -> ReplayRecord {
crates/amun-replay-store/src/lib.rs:8:pub struct ReplayRecord {
crates/amun-replay-store/src/lib.rs:90:        ReplayRecord {
crates/amun-replay-verifier/src/replay_verifier.rs:100:                    return ReplayResult::Divergence {
crates/amun-replay-verifier/src/replay_verifier.rs:106:                ReplayResult::Match {
crates/amun-replay-verifier/src/replay_verifier.rs:111:            Ok(PipelineResult::Rejected { evidence, .. }) => ReplayResult::Error {
crates/amun-replay-verifier/src/replay_verifier.rs:114:            Err(e) => ReplayResult::Error { reason: e },
crates/amun-replay-verifier/src/replay_verifier.rs:134:        let p = ConstitutionalProgram::new(1, 0, 0, vec![OpCode::Push(42), OpCode::Halt]);
crates/amun-replay-verifier/src/replay_verifier.rs:13:pub enum ReplayResult {
crates/amun-replay-verifier/src/replay_verifier.rs:144:        let mut h = HotProofStore::new(100);
crates/amun-replay-verifier/src/replay_verifier.rs:145:        let mut a = ProofArchive::new();
crates/amun-replay-verifier/src/replay_verifier.rs:147:            ConstitutionalRuntime::execute(&p, &ctx, &mut r1, &[], 10000, &mut h, &mut a).unwrap();
crates/amun-replay-verifier/src/replay_verifier.rs:155:            ReplayVerifier::replay(&proof, &p, &mut r2, &[]),
crates/amun-replay-verifier/src/replay_verifier.rs:156:            ReplayResult::Match { .. }
crates/amun-replay-verifier/src/replay_verifier.rs:163:        let p = ConstitutionalProgram::new(1, 0, 0, vec![OpCode::Halt]);
crates/amun-replay-verifier/src/replay_verifier.rs:173:        let mut h = HotProofStore::new(100);
crates/amun-replay-verifier/src/replay_verifier.rs:174:        let mut a = ProofArchive::new();
crates/amun-replay-verifier/src/replay_verifier.rs:176:            ConstitutionalRuntime::execute(&p, &ctx, &mut r, &[], 10000, &mut h, &mut a).unwrap();
crates/amun-replay-verifier/src/replay_verifier.rs:186:            ReplayVerifier::replay(&proof, &p, &mut r2, &[]),
crates/amun-replay-verifier/src/replay_verifier.rs:187:            ReplayResult::Match { .. }
crates/amun-replay-verifier/src/replay_verifier.rs:193:        let p = ConstitutionalProgram::new(1, 0, 0, vec![OpCode::Halt]);
crates/amun-replay-verifier/src/replay_verifier.rs:1:use amun_bytecode::program::ConstitutionalProgram;
crates/amun-replay-verifier/src/replay_verifier.rs:203:        let mut h = HotProofStore::new(100);
crates/amun-replay-verifier/src/replay_verifier.rs:204:        let mut a = ProofArchive::new();
crates/amun-replay-verifier/src/replay_verifier.rs:207:            ConstitutionalRuntime::execute(&p, &ctx, &mut r, &[], 10000, &mut h, &mut a).unwrap();
crates/amun-replay-verifier/src/replay_verifier.rs:217:                ReplayVerifier::replay(&proof, &p, &mut f, &[]),
crates/amun-replay-verifier/src/replay_verifier.rs:218:                ReplayResult::Match { .. }
crates/amun-replay-verifier/src/replay_verifier.rs:28:pub struct ReplayVerifier;
crates/amun-replay-verifier/src/replay_verifier.rs:2:use amun_constitutional_runtime::runtime_pipeline::{ConstitutionalRuntime, PipelineResult};
crates/amun-replay-verifier/src/replay_verifier.rs:30:impl ReplayVerifier {
crates/amun-replay-verifier/src/replay_verifier.rs:32:        proof: &TransitionProof,
crates/amun-replay-verifier/src/replay_verifier.rs:33:        program: &ConstitutionalProgram,
crates/amun-replay-verifier/src/replay_verifier.rs:35:        invariants: &[InvariantDeclaration],
crates/amun-replay-verifier/src/replay_verifier.rs:36:    ) -> ReplayResult {
crates/amun-replay-verifier/src/replay_verifier.rs:3:use amun_invariant_engine::invariant_types::InvariantDeclaration;
crates/amun-replay-verifier/src/replay_verifier.rs:4:use amun_proof_archive::hot_store::HotProofStore;
crates/amun-replay-verifier/src/replay_verifier.rs:5:use amun_proof_archive::proof_archive::ProofArchive;
crates/amun-replay-verifier/src/replay_verifier.rs:67:        let mut hot_store = HotProofStore::new(1000);
crates/amun-replay-verifier/src/replay_verifier.rs:68:        let mut archive = ProofArchive::new();
crates/amun-replay-verifier/src/replay_verifier.rs:69:        let result = ConstitutionalRuntime::execute(
crates/amun-replay-verifier/src/replay_verifier.rs:86:                    return ReplayResult::Divergence {
crates/amun-replay-verifier/src/replay_verifier.rs:93:                    return ReplayResult::Divergence {
crates/amun-replay-verifier/src/replay_verifier.rs:9:use amun_transition_proof::transition_proof::TransitionProof;
crates/amun-replay/src/certificate.rs:115:    pub fn latest(&self) -> Option<&ReplayCertificate> {
crates/amun-replay/src/certificate.rs:126:    use crate::validation::{ReplayResult, ReplayValidator};
crates/amun-replay/src/certificate.rs:139:    fn valid_result() -> ReplayResult {
crates/amun-replay/src/certificate.rs:140:        ReplayValidator::validate(&[
crates/amun-replay/src/certificate.rs:149:        let genesis = ReplayCertificate::genesis([0xAA; 32], 1000);
crates/amun-replay/src/certificate.rs:157:        let mut store = ReplayCertificateStore::new();
crates/amun-replay/src/certificate.rs:158:        let genesis = ReplayCertificate::genesis([0xAA; 32], 1000);
crates/amun-replay/src/certificate.rs:162:        let cert1 = ReplayCertificate::issue(&result, 3, prev_id, [0xAA; 32], 2000).unwrap();
crates/amun-replay/src/certificate.rs:165:        let cert2 = ReplayCertificate::issue(&result, 6, prev_id2, [0xAA; 32], 3000).unwrap();
crates/amun-replay/src/certificate.rs:172:        let mut store = ReplayCertificateStore::new();
crates/amun-replay/src/certificate.rs:173:        let genesis = ReplayCertificate::genesis([0xAA; 32], 1000);
crates/amun-replay/src/certificate.rs:176:        let mut cert = ReplayCertificate::issue(&result, 3, [0xFF; 32], [0xAA; 32], 2000).unwrap();
crates/amun-replay/src/certificate.rs:17:impl ReplayCertificate {
crates/amun-replay/src/certificate.rs:183:        let mut store = ReplayCertificateStore::new();
crates/amun-replay/src/certificate.rs:184:        let genesis = ReplayCertificate::genesis([0xAA; 32], 1000);
crates/amun-replay/src/certificate.rs:188:        let mut cert = ReplayCertificate::issue(&result, 3, prev_id, [0xAA; 32], 2000).unwrap();
crates/amun-replay/src/certificate.rs:195:        let mut store = ReplayCertificateStore::new();
crates/amun-replay/src/certificate.rs:197:            .store(ReplayCertificate::genesis([0xAA; 32], 1000))
crates/amun-replay/src/certificate.rs:19:        result: &ReplayResult,
crates/amun-replay/src/certificate.rs:1:use crate::validation::ReplayResult;
crates/amun-replay/src/certificate.rs:202:            .store(ReplayCertificate::issue(&r, 3, id1, [0xAA; 32], 2000).unwrap())
crates/amun-replay/src/certificate.rs:206:            .store(ReplayCertificate::issue(&r, 6, id2, [0xAA; 32], 3000).unwrap())
crates/amun-replay/src/certificate.rs:6:pub struct ReplayCertificate {
crates/amun-replay/src/certificate.rs:81:pub struct ReplayCertificateStore {
crates/amun-replay/src/certificate.rs:82:    certificates: HashMap<[u8; 32], ReplayCertificate>,
crates/amun-replay/src/certificate.rs:86:impl ReplayCertificateStore {
crates/amun-replay/src/certificate.rs:91:    pub fn store(&mut self, cert: ReplayCertificate) -> Result<(), &'static str> {
crates/amun-replay/src/lib.rs:36:pub use certificate::{ReplayCertificate, ReplayCertificateStore};
crates/amun-replay/src/lib.rs:38:pub use validation::{ReplayResult, ReplayValidator};
crates/amun-replay/src/lib.rs:40:pub use store::{CertificateProvider, ReplayStore};
crates/amun-replay/src/store.rs:10:impl ReplayStore {
crates/amun-replay/src/store.rs:18:    pub fn insert(&mut self, cert: ReplayCertificate) {
crates/amun-replay/src/store.rs:1:use amun_constitutional_state::ReplayCertificate;
crates/amun-replay/src/store.rs:24:    pub fn get(&self, hash: &[u8; 32]) -> Option<&ReplayCertificate> {
crates/amun-replay/src/store.rs:44:impl Default for ReplayStore {
crates/amun-replay/src/store.rs:4:/// Stores ReplayCertificates keyed by their certificate_hash.
crates/amun-replay/src/store.rs:50:/// A generic interface for retrieving ReplayCertificates by hash.
crates/amun-replay/src/store.rs:52:    fn get_certificate(&self, hash: &[u8; 32]) -> Option<ReplayCertificate>;
crates/amun-replay/src/store.rs:55:impl CertificateProvider for ReplayStore {
crates/amun-replay/src/store.rs:56:    fn get_certificate(&self, hash: &[u8; 32]) -> Option<ReplayCertificate> {
crates/amun-replay/src/store.rs:64:    use amun_constitutional_state::ConstitutionalStateRuntime;
crates/amun-replay/src/store.rs:68:        let mut rt = ConstitutionalStateRuntime::new();
crates/amun-replay/src/store.rs:6:pub struct ReplayStore {
crates/amun-replay/src/store.rs:73:        let mut store = ReplayStore::new();
crates/amun-replay/src/store.rs:7:    certificates: BTreeMap<[u8; 32], ReplayCertificate>,
crates/amun-replay/src/store.rs:83:        let store = ReplayStore::new();
crates/amun-replay/src/store.rs:90:        let mut rt = ConstitutionalStateRuntime::new();
crates/amun-replay/src/store.rs:94:        let mut rt2 = ConstitutionalStateRuntime::new();
crates/amun-replay/src/store.rs:98:        let mut store = ReplayStore::new();
crates/amun-replay/src/validation.rs:104:        let result = ReplayValidator::validate(&[]);
crates/amun-replay/src/validation.rs:115:        let r1 = ReplayValidator::validate(&commits);
crates/amun-replay/src/validation.rs:116:        let r2 = ReplayValidator::validate(&commits);
crates/amun-replay/src/validation.rs:11:impl ReplayResult {
crates/amun-replay/src/validation.rs:31:pub struct ReplayValidator;
crates/amun-replay/src/validation.rs:33:impl ReplayValidator {
crates/amun-replay/src/validation.rs:34:    pub fn validate(commits: &[StateCommit]) -> ReplayResult {
crates/amun-replay/src/validation.rs:36:            return ReplayResult::success([0u8; 32], 0);
crates/amun-replay/src/validation.rs:42:                return ReplayResult::failure(prev.new_root, curr.previous_root, i);
crates/amun-replay/src/validation.rs:48:        ReplayResult::success(last.new_root, commits.len())
crates/amun-replay/src/validation.rs:4:pub struct ReplayResult {
crates/amun-replay/src/validation.rs:51:    pub fn validate_log(log: &CommitLog) -> ReplayResult {
crates/amun-replay/src/validation.rs:78:        let result = ReplayValidator::validate(&commits);
crates/amun-replay/src/validation.rs:89:        let result = ReplayValidator::validate(&commits);
crates/amun-replay/src/validation.rs:97:        let result = ReplayValidator::validate(&commits);
crates/amun-resource-core/src/resource_registry.rs:102:    /// This is the entry point needed by WitnessBuilder for Merkle proof construction.
crates/amun-resource-core/src/resource_registry.rs:211:    /// enabling Merkle proof construction for PCCV.
crates/amun-resource-core/src/resource_registry.rs:402:            archetype: ResourceArchetype::ConstitutionalAsset,
crates/amun-resource-core/src/resource_registry.rs:418:        reg.register_genesis(make_meta(parent_id, ResourceArchetype::Evidence))
crates/amun-resource-core/src/transformation_matrix.rs:10:    ConstitutionalAsset,
crates/amun-resource-core/src/transformation_matrix.rs:28:                    ResourceArchetype::ConstitutionalAsset
crates/amun-resource-core/src/transformation_matrix.rs:30:                | (ResourceArchetype::Evidence, ResourceArchetype::Claim)
crates/amun-resource-core/src/transformation_matrix.rs:32:                    ResourceArchetype::ConstitutionalAsset,
crates/amun-resource-core/src/transformation_matrix.rs:33:                    ResourceArchetype::ConstitutionalAsset
crates/amun-resource-core/src/transformation_matrix.rs:36:                    ResourceArchetype::ConstitutionalAsset,
crates/amun-resource-core/src/transformation_matrix.rs:62:        "Asset -> Asset | ConstitutionalAsset\n\
crates/amun-resource-core/src/transformation_matrix.rs:63:         Evidence -> Claim\n\
crates/amun-resource-core/src/transformation_matrix.rs:66:         ConstitutionalAsset -> ConstitutionalAsset | Claim\n\
crates/amun-resource-core/src/transformation_matrix.rs:7:    Evidence,
crates/amun-rpc/src/constitutional.rs:10:pub struct ConstitutionalStatusResponse {
crates/amun-rpc/src/constitutional.rs:29:) -> Result<Json<ConstitutionalStatusResponse>, StatusCode> {
crates/amun-rpc/src/constitutional.rs:32:        Some(record) => Ok(Json(ConstitutionalStatusResponse {
crates/amun-rpc/src/openapi.rs:8:        description = "Official RPC API for AmunChain — Sovereign Constitutional Protocol"
crates/amun-runtime/src/account.rs:1:use amun_failure::{ConstitutionalFault, FailureContext};
crates/amun-runtime/src/account.rs:27:            FailureContext::new(ConstitutionalFault::CapacityExceeded, 0x000A, 0x0050)
crates/amun-runtime/src/account.rs:30:            FailureContext::new(ConstitutionalFault::CapacityExceeded, 0x000A, 0x0051)
crates/amun-runtime/src/account.rs:38:            FailureContext::new(ConstitutionalFault::CapacityExceeded, 0x000A, 0x0052)
crates/amun-runtime/src/account.rs:41:            FailureContext::new(ConstitutionalFault::CapacityExceeded, 0x000A, 0x0053)
crates/amun-runtime/src/journal.rs:1:use amun_failure::{ConstitutionalFault, FailureContext};
crates/amun-runtime/src/journal.rs:34:            FailureContext::new(ConstitutionalFault::CapacityExceeded, 0x000A, 0x0020)
crates/amun-runtime/src/journal.rs:38:            FailureContext::new(ConstitutionalFault::CapacityExceeded, 0x000A, 0x0021)
crates/amun-runtime/src/journal.rs:42:                ConstitutionalFault::CapacityExceeded,
crates/amun-runtime/src/journal.rs:50:                FailureContext::new(ConstitutionalFault::CapacityExceeded, 0x000A, 0x0023)
crates/amun-runtime/src/journal.rs:62:                ConstitutionalFault::CapacityExceeded,
crates/amun-runtime/src/journal.rs:74:                FailureContext::new(ConstitutionalFault::CapacityExceeded, 0x000A, 0x0028)
crates/amun-runtime/src/overlay.rs:31:                        amun_failure::ConstitutionalFault::CapacityExceeded,
crates/amun-runtime/src/overlay.rs:48:                        amun_failure::ConstitutionalFault::CapacityExceeded,
crates/amun-safety-laws/src/equivocation.rs:10:impl EquivocationEvidence {
crates/amun-safety-laws/src/equivocation.rs:41:pub fn detect_equivocation(votes: &[ConsensusVote]) -> Vec<EquivocationEvidence> {
crates/amun-safety-laws/src/equivocation.rs:53:                evidence.push(EquivocationEvidence::new(existing.clone(), vote.clone()));
crates/amun-safety-laws/src/equivocation.rs:5:pub struct EquivocationEvidence {
crates/amun-safety-laws/src/lib.rs:4:pub use equivocation::{detect_equivocation, EquivocationEvidence};
crates/amun-safety-laws/src/slash.rs:17:        proof: &EquivocationProof,
crates/amun-safety-laws/src/slash.rs:1:use crate::equivocation::EquivocationProof;
crates/amun-scheduler/src/lib.rs:2:pub use priority::{ConstitutionalScheduler, TaskPriority};
crates/amun-scheduler/src/priority.rs:16:impl Default for ConstitutionalScheduler {
crates/amun-scheduler/src/priority.rs:22:impl ConstitutionalScheduler {
crates/amun-scheduler/src/priority.rs:9:pub struct ConstitutionalScheduler {
crates/amun-self-preservation/src/action_principle.rs:13:impl Default for ConstitutionalAction {
crates/amun-self-preservation/src/action_principle.rs:19:impl ConstitutionalAction {
crates/amun-self-preservation/src/action_principle.rs:41:    pub fn is_optimal(&self, alternative: &ConstitutionalAction) -> bool {
crates/amun-self-preservation/src/action_principle.rs:47:pub struct LeastInvariantViolation;
crates/amun-self-preservation/src/action_principle.rs:49:impl LeastInvariantViolation {
crates/amun-self-preservation/src/action_principle.rs:50:    pub fn select_optimal(paths: &[ConstitutionalAction]) -> Option<ConstitutionalAction> {
crates/amun-self-preservation/src/action_principle.rs:5:pub struct ConstitutionalAction {
crates/amun-self-preservation/src/action_principle.rs:64:        path: &ConstitutionalAction,
crates/amun-self-preservation/src/action_principle.rs:65:        alternatives: &[ConstitutionalAction],
crates/amun-self-preservation/src/consistency.rs:24:        invariant: super::legitimacy_guards::GuardedInvariant,
crates/amun-self-preservation/src/legitimacy_guards.rs:13:pub enum GuardedInvariant {
crates/amun-self-preservation/src/legitimacy_guards.rs:14:    ReplayDeterminism,
crates/amun-self-preservation/src/legitimacy_guards.rs:16:    ConstitutionalIdentity,
crates/amun-self-preservation/src/legitimacy_guards.rs:19:    ProofSemantics,
crates/amun-self-preservation/src/legitimacy_guards.rs:27:    InvariantBroken {
crates/amun-self-preservation/src/legitimacy_guards.rs:28:        invariant: GuardedInvariant,
crates/amun-self-preservation/src/legitimacy_guards.rs:38:    pub fn new(invariant: GuardedInvariant, max_violations: u64) -> Self {
crates/amun-self-preservation/src/legitimacy_guards.rs:63:        Some(GuardViolation::InvariantBroken {
crates/amun-self-preservation/src/legitimacy_guards.rs:6:    pub protects: GuardedInvariant,
crates/amun-self-preservation/src/legitimacy_guards.rs:71:    pub fn can_guard(invariant: &GuardedInvariant) -> bool {
crates/amun-self-preservation/src/legitimacy_guards.rs:72:        !matches!(invariant, GuardedInvariant::MetaAmendmentBounds)
crates/amun-self-preservation/src/lib.rs:15:pub use action_principle::{ConstitutionalAction, LeastInvariantViolation};
crates/amun-self-preservation/src/lib.rs:3:// Constitutional Self-Preservation
crates/amun-smt/src/error.rs:26:    #[error("Proof verification failed: {reason}")]
crates/amun-smt/src/error.rs:27:    ProofVerificationFailed { reason: String },
crates/amun-smt/src/error.rs:29:    #[error("Proof too large: {steps} steps (max {max})")]
crates/amun-smt/src/error.rs:30:    ProofTooLarge { steps: usize, max: usize },
crates/amun-smt/src/error.rs:33:    MissingLeafWitness,
crates/amun-smt/src/lib.rs:33:pub use proof::{AbsenceReason, LeafWitness, MerkleProof, ProofStep};
crates/amun-smt/src/node.rs:3://! # Invariants (enforced by tree, verified by validator)
crates/amun-smt/src/proof.rs:105:            proof_version: ProofVersion::V1,
crates/amun-smt/src/proof.rs:115:    pub fn prepend_step(&mut self, step: ProofStep) {
crates/amun-smt/src/proof.rs:125:            return Err(SmtError::ProofTooLarge {
crates/amun-smt/src/proof.rs:133:            let vh = self.value_hash.ok_or(SmtError::MissingLeafWitness)?;
crates/amun-smt/src/proof.rs:134:            let ver = self.leaf_version.ok_or(SmtError::MissingLeafWitness)?;
crates/amun-smt/src/proof.rs:13:/// Proof format version.
crates/amun-smt/src/proof.rs:15:pub enum ProofVersion {
crates/amun-smt/src/proof.rs:21:pub struct LeafWitness {
crates/amun-smt/src/proof.rs:36:        leaf_witness: LeafWitness,
crates/amun-smt/src/proof.rs:3://! Proofs are self-describing and versioned. They do NOT depend on
crates/amun-smt/src/proof.rs:45:pub struct ProofStep {
crates/amun-smt/src/proof.rs:56:pub struct MerkleProof {
crates/amun-smt/src/proof.rs:57:    pub proof_version: ProofVersion,
crates/amun-smt/src/proof.rs:64:    pub steps: Vec<ProofStep>,
crates/amun-smt/src/proof.rs:67:impl MerkleProof {
crates/amun-smt/src/proof.rs:74:        steps: Vec<ProofStep>,
crates/amun-smt/src/proof.rs:77:            return Err(SmtError::ProofTooLarge {
crates/amun-smt/src/proof.rs:83:            proof_version: ProofVersion::V1,
crates/amun-smt/src/proof.rs:96:        steps: Vec<ProofStep>,
crates/amun-smt/src/proof.rs:99:            return Err(SmtError::ProofTooLarge {
crates/amun-smt/src/tree.rs:25:use crate::proof::{AbsenceReason, LeafWitness, MerkleProof, ProofStep};
crates/amun-smt/src/tree.rs:3://! # Core Invariant
crates/amun-smt/src/tree.rs:425:    // Proof generation
crates/amun-smt/src/tree.rs:432:    ) -> Result<Option<MerkleProof>, SmtError> {
crates/amun-smt/src/tree.rs:441:        MerkleProof::new_inclusion(key_hash, vh, ver, steps).map(Some)
crates/amun-smt/src/tree.rs:449:        steps: &mut Vec<ProofStep>,
crates/amun-smt/src/tree.rs:483:                steps.push(ProofStep {
crates/amun-smt/src/tree.rs:499:    ) -> Result<Option<MerkleProof>, SmtError> {
crates/amun-smt/src/tree.rs:509:    ) -> Result<Option<MerkleProof>, SmtError> {
crates/amun-smt/src/tree.rs:514:            return MerkleProof::new_absence(*key_hash, AbsenceReason::EmptyTree, vec![])
crates/amun-smt/src/tree.rs:528:                MerkleProof::new_absence(
crates/amun-smt/src/tree.rs:531:                        leaf_witness: LeafWitness {
crates/amun-smt/src/tree.rs:554:                        .ok_or(SmtError::ProofVerificationFailed {
crates/amun-smt/src/tree.rs:563:                    let step = ProofStep {
crates/amun-smt/src/tree.rs:569:                    return MerkleProof::new_absence(
crates/amun-smt/src/tree.rs:590:                    let step = ProofStep {
crates/amun-smt/src/tree.rs:596:                    return MerkleProof::new_absence(
crates/amun-smt/src/tree.rs:607:                proof.prepend_step(ProofStep {
crates/amun-smt/src/validator.rs:117:            // Invariant: maximal skip (canonical minimality)
crates/amun-smt/src/validator.rs:46:            // Invariant: no empty children
crates/amun-smt/src/validator.rs:51:            // Invariant: skip_len within bounds
crates/amun-smt/tests/proofs.rs:23:        .expect("Proof must exist");
crates/amun-smt/tests/proofs.rs:24:    assert!(proof.verify(&root.0).unwrap(), "Proof must verify");
crates/amun-smt/tests/proofs.rs:40:        .expect("Proof must exist");
crates/amun-smt/tests/proofs.rs:53:        .expect("Proof must exist");
crates/amun-snapshot-engine/src/byzantine_sync.rs:1:use super::constitutional_identity::ConstitutionalIdentity;
crates/amun-snapshot-engine/src/byzantine_sync.rs:28:        local: ConstitutionalIdentity,
crates/amun-snapshot-engine/src/byzantine_sync.rs:29:        remote: ConstitutionalIdentity,
crates/amun-snapshot-engine/src/byzantine_sync.rs:48:    pub local_identity: ConstitutionalIdentity,
crates/amun-snapshot-engine/src/byzantine_sync.rs:54:    pub fn new(local_identity: ConstitutionalIdentity, required_quorum: u64) -> Self {
crates/amun-snapshot-engine/src/byzantine_sync.rs:9:    pub identity: ConstitutionalIdentity,
crates/amun-snapshot-engine/src/chunk.rs:1:// Chunking System - Constitutional chunk boundaries at 16MB
crates/amun-snapshot-engine/src/chunk_proof.rs:102:                ProofStep::Left(h) => {
crates/amun-snapshot-engine/src/chunk_proof.rs:106:                ProofStep::Right(h) => {
crates/amun-snapshot-engine/src/chunk_proof.rs:126:                ProofStep::Left(h)
crates/amun-snapshot-engine/src/chunk_proof.rs:128:                ProofStep::Right(h)
crates/amun-snapshot-engine/src/chunk_proof.rs:13:pub enum ProofStep {
crates/amun-snapshot-engine/src/chunk_proof.rs:18:impl ChunkProof {
crates/amun-snapshot-engine/src/chunk_proof.rs:48:                        steps.push(ProofStep::Right(right));
crates/amun-snapshot-engine/src/chunk_proof.rs:51:                    steps.push(ProofStep::Left(left));
crates/amun-snapshot-engine/src/chunk_proof.rs:5:pub struct ChunkProof {
crates/amun-snapshot-engine/src/chunk_proof.rs:80:                ProofStep::Left(sibling) => {
crates/amun-snapshot-engine/src/chunk_proof.rs:84:                ProofStep::Right(sibling) => {
crates/amun-snapshot-engine/src/chunk_proof.rs:9:    pub proof_steps: Vec<ProofStep>,
crates/amun-snapshot-engine/src/compatibility.rs:123:            CompatibilityLevel::ReplayCompatible
crates/amun-snapshot-engine/src/compatibility.rs:13:    ReplayCompatible,
crates/amun-snapshot-engine/src/compatibility.rs:141:    pub fn can_sync(local: &ConstitutionalIdentity, remote: &ConstitutionalIdentity) -> bool {
crates/amun-snapshot-engine/src/compatibility.rs:145:            CompatibilityLevel::FullyCompatible | CompatibilityLevel::ReplayCompatible
crates/amun-snapshot-engine/src/compatibility.rs:150:    pub fn can_migrate(local: &ConstitutionalIdentity, remote: &ConstitutionalIdentity) -> bool {
crates/amun-snapshot-engine/src/compatibility.rs:155:                | CompatibilityLevel::ReplayCompatible
crates/amun-snapshot-engine/src/compatibility.rs:161:    pub fn can_read(local: &ConstitutionalIdentity, remote: &ConstitutionalIdentity) -> bool {
crates/amun-snapshot-engine/src/compatibility.rs:166:                | CompatibilityLevel::ReplayCompatible
crates/amun-snapshot-engine/src/compatibility.rs:1:// Constitutional Compatibility Matrix
crates/amun-snapshot-engine/src/compatibility.rs:24:    pub local_identity: ConstitutionalIdentity,
crates/amun-snapshot-engine/src/compatibility.rs:25:    pub remote_identity: ConstitutionalIdentity,
crates/amun-snapshot-engine/src/compatibility.rs:33:    SameConstitutionalHash,
crates/amun-snapshot-engine/src/compatibility.rs:34:    DifferentConstitutionalHash,
crates/amun-snapshot-engine/src/compatibility.rs:39:    SameProofVersion,
crates/amun-snapshot-engine/src/compatibility.rs:40:    DifferentProofVersion,
crates/amun-snapshot-engine/src/compatibility.rs:55:        local: &ConstitutionalIdentity,
crates/amun-snapshot-engine/src/compatibility.rs:56:        remote: &ConstitutionalIdentity,
crates/amun-snapshot-engine/src/compatibility.rs:6:use super::constitutional_identity::ConstitutionalIdentity;
crates/amun-snapshot-engine/src/compatibility.rs:71:        // Constitutional foundation checks
crates/amun-snapshot-engine/src/compatibility.rs:74:            reasons.push(CompatibilityReason::SameConstitutionalHash);
crates/amun-snapshot-engine/src/compatibility.rs:76:            reasons.push(CompatibilityReason::DifferentConstitutionalHash);
crates/amun-snapshot-engine/src/compatibility.rs:95:            reasons.push(CompatibilityReason::SameProofVersion);
crates/amun-snapshot-engine/src/compatibility.rs:97:            reasons.push(CompatibilityReason::DifferentProofVersion);
crates/amun-snapshot-engine/src/constitutional_hash.rs:11:impl ConstitutionalHash {
crates/amun-snapshot-engine/src/constitutional_hash.rs:1:// Constitutional Hash Computation
crates/amun-snapshot-engine/src/constitutional_hash.rs:9:pub struct ConstitutionalHash;
crates/amun-snapshot-engine/src/constitutional_identity.rs:19:impl ConstitutionalIdentity {
crates/amun-snapshot-engine/src/constitutional_identity.rs:6:pub struct ConstitutionalIdentity {
crates/amun-snapshot-engine/src/lib.rs:24:pub use chunk_proof::ChunkProof;
crates/amun-snapshot-engine/src/lib.rs:28:pub use constitutional_hash::ConstitutionalHash;
crates/amun-snapshot-engine/src/lib.rs:29:pub use constitutional_identity::ConstitutionalIdentity;
crates/amun-snapshot-engine/src/lib.rs:31:pub use replay_continuity::{ContinuityResult, ReplayContinuityEngine};
crates/amun-snapshot-engine/src/lib.rs:35:pub use transition::{ConstitutionalRelationship, TransitionClassifier};
crates/amun-snapshot-engine/src/manifest.rs:1:// Snapshot Manifest v1.1 - Constitutional Document for State Transfer
crates/amun-snapshot-engine/src/manifest.rs:23:    // Constitutional cutoff: binds snapshot to exact WAL position
crates/amun-snapshot-engine/src/replay_continuity.rs:10:pub struct ReplayContinuityEngine;
crates/amun-snapshot-engine/src/replay_continuity.rs:1:// Replay Continuity Engine
crates/amun-snapshot-engine/src/replay_continuity.rs:27:impl ReplayContinuityEngine {
crates/amun-snapshot-engine/src/replay_continuity.rs:41:        // Step 2: Replay WAL from snapshot checkpoint forward
crates/amun-snapshot-engine/src/restore.rs:34:                // Constitutional depth uniqueness: same node hash must have
crates/amun-snapshot-engine/src/transition.rs:23:        local: &ConstitutionalIdentity,
crates/amun-snapshot-engine/src/transition.rs:24:        remote: &ConstitutionalIdentity,
crates/amun-snapshot-engine/src/transition.rs:25:    ) -> ConstitutionalRelationship {
crates/amun-snapshot-engine/src/transition.rs:29:            CompatibilityLevel::FullyCompatible => ConstitutionalRelationship::Identical,
crates/amun-snapshot-engine/src/transition.rs:2:use super::constitutional_identity::ConstitutionalIdentity;
crates/amun-snapshot-engine/src/transition.rs:30:            CompatibilityLevel::ReplayCompatible | CompatibilityLevel::SnapshotCompatible => {
crates/amun-snapshot-engine/src/transition.rs:32:                    ConstitutionalRelationship::SameConstitution {
crates/amun-snapshot-engine/src/transition.rs:37:                    ConstitutionalRelationship::ForeignCivilization {
crates/amun-snapshot-engine/src/transition.rs:43:                ConstitutionalRelationship::ForeignCivilization {
crates/amun-snapshot-engine/src/transition.rs:47:            CompatibilityLevel::Incompatible => ConstitutionalRelationship::Incompatible {
crates/amun-snapshot-engine/src/transition.rs:53:    pub fn can_sync(local: &ConstitutionalIdentity, remote: &ConstitutionalIdentity) -> bool {
crates/amun-snapshot-engine/src/transition.rs:57:    pub fn can_migrate(local: &ConstitutionalIdentity, remote: &ConstitutionalIdentity) -> bool {
crates/amun-snapshot-engine/src/transition.rs:5:pub enum ConstitutionalRelationship {
crates/amun-snapshot-engine/src/verifier.rs:1:// Snapshot Verifier - Constitutional verification of snapshots
crates/amun-snapshot-engine/tests/constitutional_tests.rs:106:        let h2 = ConstitutionalHash::compute(
crates/amun-snapshot-engine/tests/constitutional_tests.rs:119:        let id = ConstitutionalIdentity::new([0xFFu8; 32]);
crates/amun-snapshot-engine/tests/constitutional_tests.rs:11:        let id1 = ConstitutionalIdentity::new(hash);
crates/amun-snapshot-engine/tests/constitutional_tests.rs:121:        let decoded = ConstitutionalIdentity::decode(&encoded).unwrap();
crates/amun-snapshot-engine/tests/constitutional_tests.rs:128:        let id = ConstitutionalIdentity::new([0x13u8; 32]);
crates/amun-snapshot-engine/tests/constitutional_tests.rs:12:        let id2 = ConstitutionalIdentity::new(hash);
crates/amun-snapshot-engine/tests/constitutional_tests.rs:133:        let decoded = ConstitutionalIdentity::decode(&encoded).unwrap();
crates/amun-snapshot-engine/tests/constitutional_tests.rs:19:        let id1 = ConstitutionalIdentity::new([0x01u8; 32]);
crates/amun-snapshot-engine/tests/constitutional_tests.rs:20:        let id2 = ConstitutionalIdentity::new([0x02u8; 32]);
crates/amun-snapshot-engine/tests/constitutional_tests.rs:27:        let id = ConstitutionalIdentity::new([0xAAu8; 32]);
crates/amun-snapshot-engine/tests/constitutional_tests.rs:33:        let id = ConstitutionalIdentity::new([0x11u8; 32]);
crates/amun-snapshot-engine/tests/constitutional_tests.rs:40:        let id1 = ConstitutionalIdentity::new([0xAAu8; 32]);
crates/amun-snapshot-engine/tests/constitutional_tests.rs:41:        let id2 = ConstitutionalIdentity::new([0xBBu8; 32]);
crates/amun-snapshot-engine/tests/constitutional_tests.rs:48:        let mut id1 = ConstitutionalIdentity::new([0xCCu8; 32]);
crates/amun-snapshot-engine/tests/constitutional_tests.rs:49:        let mut id2 = ConstitutionalIdentity::new([0xDDu8; 32]);
crates/amun-snapshot-engine/tests/constitutional_tests.rs:4:        CompatibilityEngine, CompatibilityLevel, ConstitutionalHash, ConstitutionalIdentity,
crates/amun-snapshot-engine/tests/constitutional_tests.rs:58:        let id = ConstitutionalIdentity::new([0xCCu8; 32]);
crates/amun-snapshot-engine/tests/constitutional_tests.rs:5:        ConstitutionalRelationship, TransitionClassifier,
crates/amun-snapshot-engine/tests/constitutional_tests.rs:64:        let id = ConstitutionalIdentity::new([0xDDu8; 32]);
crates/amun-snapshot-engine/tests/constitutional_tests.rs:66:        assert!(matches!(rel, ConstitutionalRelationship::Identical));
crates/amun-snapshot-engine/tests/constitutional_tests.rs:71:        let id = ConstitutionalIdentity::new([0xEEu8; 32]);
crates/amun-snapshot-engine/tests/constitutional_tests.rs:77:        let h1 = ConstitutionalHash::compute(
crates/amun-snapshot-engine/tests/constitutional_tests.rs:85:        let h2 = ConstitutionalHash::compute(
crates/amun-snapshot-engine/tests/constitutional_tests.rs:98:        let h1 = ConstitutionalHash::compute(
crates/amun-staking/src/delegation.rs:11:            FailureContext::new(ConstitutionalFault::ArithmeticOverflow, 0x0013, 0x0010)
crates/amun-staking/src/delegation.rs:1:use amun_failure::{AmunResult, ConstitutionalFault, FailureContext};
crates/amun-staking/src/validator.rs:2:use amun_failure::{AmunResult, ConstitutionalFault, FailureContext};
crates/amun-staking/src/validator.rs:37:                ConstitutionalFault::CapacityExceeded,
crates/amun-staking/src/validator.rs:43:            FailureContext::new(ConstitutionalFault::CapacityExceeded, 0x0013, 0x0002)
crates/amun-staking/src/validator.rs:62:            ConstitutionalFault::InvalidInput,
crates/amun-state-machine/src/absolute_invariants.rs:13:    /// Replay determinism must be preserved across ALL amendments
crates/amun-state-machine/src/absolute_invariants.rs:14:    ReplayDeterminismAbsolute,
crates/amun-state-machine/src/absolute_invariants.rs:26:    MetaConstitutionalImmutability,
crates/amun-state-machine/src/absolute_invariants.rs:29:impl AbsoluteInvariant {
crates/amun-state-machine/src/absolute_invariants.rs:36:    pub fn all() -> Vec<AbsoluteInvariant> {
crates/amun-state-machine/src/absolute_invariants.rs:41:            Self::ReplayDeterminismAbsolute,
crates/amun-state-machine/src/absolute_invariants.rs:47:            Self::MetaConstitutionalImmutability,
crates/amun-state-machine/src/absolute_invariants.rs:6:pub enum AbsoluteInvariant {
crates/amun-state-machine/src/axioms.rs:12:    /// Replay determinism is preserved across all legal transitions
crates/amun-state-machine/src/axioms.rs:13:    ReplayDeterminismPreserved,
crates/amun-state-machine/src/axioms.rs:18:    /// Constitutional freeze boundaries are immutable unless explicitly amended
crates/amun-state-machine/src/axioms.rs:1:/// Constitutional axioms - the foundational mathematical truths
crates/amun-state-machine/src/axioms.rs:21:    EmptyRootInvariant,
crates/amun-state-machine/src/axioms.rs:27:    HostileForkReplayImpossible,
crates/amun-state-machine/src/axioms.rs:30:impl ConstitutionalAxiom {
crates/amun-state-machine/src/axioms.rs:38:            Self::ReplayDeterminismPreserved => {
crates/amun-state-machine/src/axioms.rs:39:                "Replay must remain deterministic across all transitions"
crates/amun-state-machine/src/axioms.rs:44:            Self::EmptyRootInvariant => "Empty root is invariant across protocol versions",
crates/amun-state-machine/src/axioms.rs:47:            Self::HostileForkReplayImpossible => "Hostile forks cannot preserve replay",
crates/amun-state-machine/src/axioms.rs:57:        axiom: ConstitutionalAxiom,
crates/amun-state-machine/src/axioms.rs:5:pub enum ConstitutionalAxiom {
crates/amun-state-machine/src/axioms.rs:62:/// The ConstitutionalAxiomEngine verifies that all axioms hold for a given state.
crates/amun-state-machine/src/axioms.rs:63:pub struct ConstitutionalAxiomEngine;
crates/amun-state-machine/src/axioms.rs:65:impl ConstitutionalAxiomEngine {
crates/amun-state-machine/src/delta_algebra.rs:11:    ReplayDelta {
crates/amun-state-machine/src/delta_algebra.rs:15:    ProofSystemDelta {
crates/amun-state-machine/src/delta_algebra.rs:39:impl ConstitutionalDelta {
crates/amun-state-machine/src/delta_algebra.rs:3:/// Formal constitutional delta types.
crates/amun-state-machine/src/delta_algebra.rs:43:            Self::ReplayDelta { .. } => 0x02,
crates/amun-state-machine/src/delta_algebra.rs:44:            Self::ProofSystemDelta { .. } => 0x03,
crates/amun-state-machine/src/delta_algebra.rs:57:            Self::ReplayDelta { .. } => 3,
crates/amun-state-machine/src/delta_algebra.rs:58:            Self::ProofSystemDelta { .. } => 3,
crates/amun-state-machine/src/delta_algebra.rs:6:pub enum ConstitutionalDelta {
crates/amun-state-machine/src/delta_algebra.rs:77:            Self::ReplayDelta {
crates/amun-state-machine/src/delta_algebra.rs:84:            Self::ProofSystemDelta {
crates/amun-state-machine/src/delta_laws.rs:10:    Conflicting(ConstitutionalDelta, ConstitutionalDelta),
crates/amun-state-machine/src/delta_laws.rs:12:    Dominates(ConstitutionalDelta, ConstitutionalDelta),
crates/amun-state-machine/src/delta_laws.rs:14:    Commutative(ConstitutionalDelta, ConstitutionalDelta),
crates/amun-state-machine/src/delta_laws.rs:19:    pub fn relate(a: &ConstitutionalDelta, b: &ConstitutionalDelta) -> DeltaLaw {
crates/amun-state-machine/src/delta_laws.rs:1:use super::delta_algebra::ConstitutionalDelta;
crates/amun-state-machine/src/delta_laws.rs:25:                ConstitutionalDelta::GovernanceDelta { .. },
crates/amun-state-machine/src/delta_laws.rs:26:                ConstitutionalDelta::GovernanceDelta { .. },
crates/amun-state-machine/src/delta_laws.rs:29:                ConstitutionalDelta::IdentityDelta { .. },
crates/amun-state-machine/src/delta_laws.rs:30:                ConstitutionalDelta::IdentityDelta { .. },
crates/amun-state-machine/src/delta_laws.rs:33:                ConstitutionalDelta::ReplayDelta {
crates/amun-state-machine/src/delta_laws.rs:37:                ConstitutionalDelta::ReplayDelta {
crates/amun-state-machine/src/delta_laws.rs:8:    Composable(ConstitutionalDelta, ConstitutionalDelta),
crates/amun-state-machine/src/derivation.rs:1:use super::axioms::ConstitutionalAxiom;
crates/amun-state-machine/src/derivation.rs:29:    pub theorem: Theorem,
crates/amun-state-machine/src/derivation.rs:35:    Axiom(ConstitutionalAxiom),
crates/amun-state-machine/src/derivation.rs:37:    TheoremApplication(usize),
crates/amun-state-machine/src/derivation.rs:42:pub struct ConsistencyProof {
crates/amun-state-machine/src/derivation.rs:43:    pub axioms_checked: Vec<ConstitutionalAxiom>,
crates/amun-state-machine/src/derivation.rs:5:pub struct Theorem {
crates/amun-state-machine/src/derivation.rs:8:    pub depends_on: Vec<ConstitutionalAxiom>,
crates/amun-state-machine/src/engine.rs:10:pub struct ConstitutionalPolicyEngine;
crates/amun-state-machine/src/engine.rs:117:/// ConstitutionalProofEngine: determines WHY a transition is valid.
crates/amun-state-machine/src/engine.rs:118:pub struct ConstitutionalProofEngine;
crates/amun-state-machine/src/engine.rs:120:impl ConstitutionalProofEngine {
crates/amun-state-machine/src/engine.rs:123:        invariants: &[ConstitutionalInvariant],
crates/amun-state-machine/src/engine.rs:124:        old_state: &ConstitutionalState,
crates/amun-state-machine/src/engine.rs:125:        new_state: &ConstitutionalState,
crates/amun-state-machine/src/engine.rs:12:impl ConstitutionalPolicyEngine {
crates/amun-state-machine/src/engine.rs:130:                ConstitutionalInvariant::NoImpossibleState => {
crates/amun-state-machine/src/engine.rs:137:                ConstitutionalInvariant::TransitionHistoryAcyclic => {
crates/amun-state-machine/src/engine.rs:142:                ConstitutionalInvariant::LineageIntact
crates/amun-state-machine/src/engine.rs:1:use super::historical_invariants::HistoricalInvariantEngine;
crates/amun-state-machine/src/engine.rs:22:/// ConstitutionalExecutionEngine: determines HOW to execute.
crates/amun-state-machine/src/engine.rs:23:pub struct ConstitutionalExecutionEngine {
crates/amun-state-machine/src/engine.rs:24:    pub history: HistoricalInvariantEngine,
crates/amun-state-machine/src/engine.rs:25:    pub replay_log: ConstitutionalReplayDAG,
crates/amun-state-machine/src/engine.rs:28:impl Default for ConstitutionalExecutionEngine {
crates/amun-state-machine/src/engine.rs:2:use super::invariants::ConstitutionalInvariant;
crates/amun-state-machine/src/engine.rs:34:impl ConstitutionalExecutionEngine {
crates/amun-state-machine/src/engine.rs:37:            history: HistoricalInvariantEngine::new(),
crates/amun-state-machine/src/engine.rs:38:            replay_log: ConstitutionalReplayDAG::new(),
crates/amun-state-machine/src/engine.rs:45:        from: &ConstitutionalState,
crates/amun-state-machine/src/engine.rs:4:use super::replay_log::ConstitutionalReplayDAG;
crates/amun-state-machine/src/engine.rs:57:    ) -> Result<(ConstitutionalState, Transition), Vec<String>> {
crates/amun-state-machine/src/engine.rs:58:        if !ConstitutionalPolicyEngine::is_legal(from.state_tag, transition_type) {
crates/amun-state-machine/src/engine.rs:5:use super::states::{ConstitutionalState, StateTag};
crates/amun-state-machine/src/engine.rs:85:        let new_state = ConstitutionalState::new(
crates/amun-state-machine/src/engine.rs:8:/// ConstitutionalPolicyEngine: determines WHAT is legal.
crates/amun-state-machine/src/engine.rs:96:            return Err(vec!["New state hash verification failed".to_string()]);
crates/amun-state-machine/src/formal_entropy.rs:27:    /// Replay convergence absorbs entropy
crates/amun-state-machine/src/formal_entropy.rs:28:    ReplayConvergence,
crates/amun-state-machine/src/formal_entropy.rs:29:    /// Constitutional court ruling absorbs entropy
crates/amun-state-machine/src/formal_entropy.rs:39:    pub fn first_law(entropy: &FormalEntropy) -> bool {
crates/amun-state-machine/src/formal_entropy.rs:45:    pub fn second_law(entropy: &FormalEntropy) -> bool {
crates/amun-state-machine/src/formal_entropy.rs:4:pub struct FormalEntropy {
crates/amun-state-machine/src/formal_entropy.rs:50:    pub fn third_law(entropy: &FormalEntropy) -> bool {
crates/amun-state-machine/src/historical_invariants.rs:125:            HistoricalInvariant::MaxFreezeUnfreezeCycles {
crates/amun-state-machine/src/historical_invariants.rs:129:            HistoricalInvariant::MaxAmendmentsPerEpoch {
crates/amun-state-machine/src/historical_invariants.rs:133:            HistoricalInvariant::MaxReplayDivergence {
crates/amun-state-machine/src/historical_invariants.rs:137:            HistoricalInvariant::MinGovernanceCompatibility {
crates/amun-state-machine/src/historical_invariants.rs:14:    /// Replay divergence must not accumulate over lineage
crates/amun-state-machine/src/historical_invariants.rs:15:    MaxReplayDivergence {
crates/amun-state-machine/src/historical_invariants.rs:23:impl HistoricalInvariant {
crates/amun-state-machine/src/historical_invariants.rs:26:            HistoricalInvariant::MaxFreezeUnfreezeCycles {
crates/amun-state-machine/src/historical_invariants.rs:37:            HistoricalInvariant::MaxAmendmentsPerEpoch {
crates/amun-state-machine/src/historical_invariants.rs:3:pub enum HistoricalInvariant {
crates/amun-state-machine/src/historical_invariants.rs:48:            HistoricalInvariant::MaxReplayDivergence {
crates/amun-state-machine/src/historical_invariants.rs:54:                        "Replay divergence accumulation exceeded: {} > {}",
crates/amun-state-machine/src/historical_invariants.rs:59:            HistoricalInvariant::MinGovernanceCompatibility {
crates/amun-state-machine/src/historical_invariants.rs:77:pub struct HistoricalInvariantEngine {
crates/amun-state-machine/src/historical_invariants.rs:85:impl Default for HistoricalInvariantEngine {
crates/amun-state-machine/src/historical_invariants.rs:91:impl HistoricalInvariantEngine {
crates/amun-state-machine/src/impossibility.rs:10:    HostileForkReplayPreservationImpossible,
crates/amun-state-machine/src/impossibility.rs:19:impl ImpossibilityProof {
crates/amun-state-machine/src/impossibility.rs:4:/// Proofs that certain transitions are constitutionally impossible.
crates/amun-state-machine/src/impossibility.rs:6:pub enum ImpossibilityProof {
crates/amun-state-machine/src/invariants.rs:10:    /// Replay determinism must be preserved.
crates/amun-state-machine/src/invariants.rs:11:    ReplayDeterminismPreserved,
crates/amun-state-machine/src/invariants.rs:16:    /// Constitutional identity must not have been silently mutated.
crates/amun-state-machine/src/invariants.rs:1:/// Constitutional invariants that must be preserved across ALL transitions.
crates/amun-state-machine/src/invariants.rs:3:pub enum ConstitutionalInvariant {
crates/amun-state-machine/src/lib.rs:29:pub use absolute_invariants::AbsoluteInvariant;
crates/amun-state-machine/src/lib.rs:30:pub use axioms::{AxiomVerification, ConstitutionalAxiom, ConstitutionalAxiomEngine};
crates/amun-state-machine/src/lib.rs:32:pub use delta_algebra::ConstitutionalDelta;
crates/amun-state-machine/src/lib.rs:34:pub use derivation::{ConsistencyProof, Derivation, DerivationStep, InferenceRule, Theorem};
crates/amun-state-machine/src/lib.rs:36:    ConstitutionalExecutionEngine, ConstitutionalPolicyEngine, ConstitutionalProofEngine,
crates/amun-state-machine/src/lib.rs:40:    EntropyCollapseThreshold, EntropyConservationLaws, EntropySink, EntropySinkType, FormalEntropy,
crates/amun-state-machine/src/lib.rs:42:pub use historical_invariants::{HistoricalInvariant, HistoricalInvariantEngine};
crates/amun-state-machine/src/lib.rs:43:pub use impossibility::ImpossibilityProof;
crates/amun-state-machine/src/lib.rs:44:pub use invariants::ConstitutionalInvariant;
crates/amun-state-machine/src/lib.rs:50:pub use replay_log::{ConstitutionalReplayDAG, ReplayLogEntry};
crates/amun-state-machine/src/lib.rs:51:pub use stability::ConstitutionalStabilityMetrics;
crates/amun-state-machine/src/lib.rs:52:pub use states::{ConstitutionalState, StateTag};
crates/amun-state-machine/src/lib.rs:53:pub use thermodynamics::{ConstitutionalEntropy, StabilityEquations};
crates/amun-state-machine/src/lib.rs:55:    Transition, TransitionAlgebra, TransitionId, TransitionProof, TransitionType,
crates/amun-state-machine/src/merge_math.rs:10:    /// Replay histories are interleaved by epoch
crates/amun-state-machine/src/merge_math.rs:11:    ReplayEpochInterleave,
crates/amun-state-machine/src/merge_math.rs:34:            super::fork_merge::MergeType::Union => MergeResolution::ReplayUnion,
crates/amun-state-machine/src/merge_math.rs:37:                    MergeResolution::ReplayLongestChainWins
crates/amun-state-machine/src/merge_math.rs:39:                    MergeResolution::ReplayLongestChainWins
crates/amun-state-machine/src/merge_math.rs:42:            super::fork_merge::MergeType::Federation => MergeResolution::ReplayEpochInterleave,
crates/amun-state-machine/src/merge_math.rs:7:    ReplayUnion,
crates/amun-state-machine/src/merge_math.rs:9:    ReplayLongestChainWins,
crates/amun-state-machine/src/meta_amendment.rs:19:    ConstitutionalText,
crates/amun-state-machine/src/meta_amendment.rs:1:use super::absolute_invariants::AbsoluteInvariant;
crates/amun-state-machine/src/meta_amendment.rs:21:    ProofSemantics,
crates/amun-state-machine/src/meta_amendment.rs:23:    ReplayGuarantees,
crates/amun-state-machine/src/meta_amendment.rs:40:/// The Meta-Constitutional Amendment Engine.
crates/amun-state-machine/src/meta_amendment.rs:47:        absolute_invariants: &[AbsoluteInvariant],
crates/amun-state-machine/src/meta_amendment.rs:53:            MetaAmendmentScope::ProofSemantics | MetaAmendmentScope::ReplayGuarantees => {
crates/amun-state-machine/src/meta_amendment.rs:57:                        AbsoluteInvariant::ReplayDeterminismAbsolute => {
crates/amun-state-machine/src/meta_amendment.rs:58:                            if matches!(scope, MetaAmendmentScope::ReplayGuarantees) {
crates/amun-state-machine/src/meta_amendment.rs:60:                                    "Cannot amend replay guarantees: ReplayDeterminismAbsolute"
crates/amun-state-machine/src/meta_amendment.rs:65:                        AbsoluteInvariant::ProvableTransitionAbsolute => {
crates/amun-state-machine/src/meta_amendment.rs:66:                            if matches!(scope, MetaAmendmentScope::ProofSemantics) {
crates/amun-state-machine/src/meta_amendment.rs:9:    pub absolute_invariants_untouchable: Vec<AbsoluteInvariant>,
crates/amun-state-machine/src/postconditions.rs:15:    /// Constitutional invariants must still hold.
crates/amun-state-machine/src/postconditions.rs:16:    InvariantsPreserved,
crates/amun-state-machine/src/postconditions.rs:1:use super::states::ConstitutionalState;
crates/amun-state-machine/src/postconditions.rs:8:        expected: ConstitutionalState,
crates/amun-state-machine/src/postconditions.rs:9:        actual: ConstitutionalState,
crates/amun-state-machine/src/preconditions.rs:12:    EvolutionProofValid { proof_hash: [u8; 32] },
crates/amun-state-machine/src/preconditions.rs:15:    /// Replay continuity must be preserved.
crates/amun-state-machine/src/preconditions.rs:16:    ReplayContinuityPreserved,
crates/amun-state-machine/src/preconditions.rs:17:    /// Constitutional identity must remain unchanged unless amendment.
crates/amun-state-machine/src/preconditions.rs:1:use super::states::{ConstitutionalState, StateTag};
crates/amun-state-machine/src/preconditions.rs:24:        from: &ConstitutionalState,
crates/amun-state-machine/src/preconditions.rs:39:        from: &ConstitutionalState,
crates/amun-state-machine/src/reconciliation.rs:15:    Synthesize { new_delta: ConstitutionalDelta },
crates/amun-state-machine/src/reconciliation.rs:1:use super::delta_algebra::ConstitutionalDelta;
crates/amun-state-machine/src/reconciliation.rs:20:/// The Constitutional Reconciliation Engine.
crates/amun-state-machine/src/reconciliation.rs:25:    pub fn reconcile(a: &ConstitutionalDelta, b: &ConstitutionalDelta) -> ReconciliationStrategy {
crates/amun-state-machine/src/reconciliation.rs:4:/// Constitutional Reconciliation Calculus.
crates/amun-state-machine/src/replay_log.rs:18:impl ReplayLogEntry {
crates/amun-state-machine/src/replay_log.rs:46:/// Constitutional Replay DAG - branching constitutional history.
crates/amun-state-machine/src/replay_log.rs:48:pub struct ConstitutionalReplayDAG {
crates/amun-state-machine/src/replay_log.rs:49:    pub entries: HashMap<[u8; 32], ReplayLogEntry>,
crates/amun-state-machine/src/replay_log.rs:54:impl Default for ConstitutionalReplayDAG {
crates/amun-state-machine/src/replay_log.rs:60:impl ConstitutionalReplayDAG {
crates/amun-state-machine/src/replay_log.rs:69:    pub fn append(&mut self, transition: &Transition, parents: Vec<[u8; 32]>) -> ReplayLogEntry {
crates/amun-state-machine/src/replay_log.rs:70:        let entry = ReplayLogEntry::new(self.next_sequence, transition, parents.clone());
crates/amun-state-machine/src/replay_log.rs:8:pub struct ReplayLogEntry {
crates/amun-state-machine/src/stability.rs:15:impl Default for ConstitutionalStabilityMetrics {
crates/amun-state-machine/src/stability.rs:21:impl ConstitutionalStabilityMetrics {
crates/amun-state-machine/src/stability.rs:3:pub struct ConstitutionalStabilityMetrics {
crates/amun-state-machine/src/states.rs:35:pub struct ConstitutionalState {
crates/amun-state-machine/src/states.rs:46:impl ConstitutionalState {
crates/amun-state-machine/src/thermodynamics.rs:11:impl Default for ConstitutionalEntropy {
crates/amun-state-machine/src/thermodynamics.rs:17:impl ConstitutionalEntropy {
crates/amun-state-machine/src/thermodynamics.rs:1:/// Constitutional entropy: a measure of disorder in the civilization system.
crates/amun-state-machine/src/thermodynamics.rs:58:/// Constitutional stability equations.
crates/amun-state-machine/src/thermodynamics.rs:5:pub struct ConstitutionalEntropy {
crates/amun-state-machine/src/thermodynamics.rs:61:    pub entropy: ConstitutionalEntropy,
crates/amun-state-machine/src/thermodynamics.rs:73:            entropy: ConstitutionalEntropy::new(),
crates/amun-state-machine/src/thermodynamics.rs:85:            Some("CRITICAL: Constitutional entropy approaching maximum. Civilization at risk of fragmentation.".to_string())
crates/amun-state-machine/src/transitions.rs:118:    pub from_state: ConstitutionalState,
crates/amun-state-machine/src/transitions.rs:136:        from_state: ConstitutionalState,
crates/amun-state-machine/src/transitions.rs:1:use super::states::{ConstitutionalState, StateTag};
crates/amun-state-machine/src/transitions.rs:202:pub struct TransitionProof {
crates/amun-state-machine/src/verifier.rs:104:                ConstitutionalInvariant::TransitionHistoryAcyclic => {
crates/amun-state-machine/src/verifier.rs:109:                ConstitutionalInvariant::LineageIntact
crates/amun-state-machine/src/verifier.rs:11:        new_state: ConstitutionalState,
crates/amun-state-machine/src/verifier.rs:1:use super::invariants::ConstitutionalInvariant;
crates/amun-state-machine/src/verifier.rs:22:        from: &ConstitutionalState,
crates/amun-state-machine/src/verifier.rs:3:use super::states::{ConstitutionalState, StateTag};
crates/amun-state-machine/src/verifier.rs:67:        let new_state = ConstitutionalState::new(
crates/amun-state-machine/src/verifier.rs:79:                reasons: vec!["New state hash verification failed".to_string()],
crates/amun-state-machine/src/verifier.rs:90:        old_state: &ConstitutionalState,
crates/amun-state-machine/src/verifier.rs:91:        new_state: &ConstitutionalState,
crates/amun-state-machine/src/verifier.rs:92:        invariants: &[ConstitutionalInvariant],
crates/amun-state-machine/src/verifier.rs:97:                ConstitutionalInvariant::NoImpossibleState => {
crates/amun-state-root/src/continuity.rs:10:    pub fn expected_parent_hash(current_snapshot: &ConstitutionalSnapshot) -> [u8; 32] {
crates/amun-state-root/src/continuity.rs:1:use super::snapshot::ConstitutionalSnapshot;
crates/amun-state-root/src/continuity.rs:6:    pub fn verify_link(parent_hash: &[u8; 32], child: &ConstitutionalSnapshot) -> bool {
crates/amun-state-root/src/lib.rs:13:pub use replay::{ReplayCertificate, ReplayEquivalenceProof, ReplayTranscript};
crates/amun-state-root/src/lib.rs:15:pub use snapshot::{ConstitutionalSnapshot, SnapshotSeal};
crates/amun-state-root/src/proofs.rs:4:pub struct MerkleProof {
crates/amun-state-root/src/proofs.rs:9:impl MerkleProof {
crates/amun-state-root/src/replay.rs:10:impl CanonicalEncode for ReplayEquivalenceProof {
crates/amun-state-root/src/replay.rs:19:pub struct ReplayTranscript {
crates/amun-state-root/src/replay.rs:29:impl CanonicalEncode for ReplayTranscript {
crates/amun-state-root/src/replay.rs:42:pub struct ReplayCertificate {
crates/amun-state-root/src/replay.rs:43:    pub transcript: ReplayTranscript,
crates/amun-state-root/src/replay.rs:44:    pub proof: ReplayEquivalenceProof,
crates/amun-state-root/src/replay.rs:47:impl CanonicalEncode for ReplayCertificate {
crates/amun-state-root/src/replay.rs:4:pub struct ReplayEquivalenceProof {
crates/amun-state-root/src/snapshot.rs:17:    /// Replay equivalence proof.
crates/amun-state-root/src/snapshot.rs:18:    pub replay_equivalence_proof: ReplayEquivalenceProof,
crates/amun-state-root/src/snapshot.rs:22:/// Proof that live and replayed executions produced the same state root.
crates/amun-state-root/src/snapshot.rs:24:pub struct ReplayEquivalenceProof {
crates/amun-state-root/src/snapshot.rs:32:impl ReplayEquivalenceProof {
crates/amun-state-root/src/snapshot.rs:33:    /// Constitutional verification: only root equality is authoritative.
crates/amun-state-root/src/snapshot.rs:40:impl CanonicalEncode for ReplayEquivalenceProof {
crates/amun-state-root/src/snapshot.rs:48:impl CanonicalEncode for ConstitutionalSnapshot {
crates/amun-state-root/src/snapshot.rs:62:impl ConstitutionalSnapshot {
crates/amun-state-root/src/snapshot.rs:8:pub struct ConstitutionalSnapshot {
crates/amun-state-sync/src/lib.rs:165:        let pkg = ConstitutionalSyncPackage::new(cert, chunks, chunk_proofs);
crates/amun-state-sync/src/lib.rs:197:        let pkg = ConstitutionalSyncPackage::new(cert, vec![], vec![]);
crates/amun-state-sync/src/lib.rs:231:        let pkg = ConstitutionalSyncPackage::new(cert, tampered_chunks, chunk_proofs);
crates/amun-state-sync/src/lib.rs:269:        let pkg = ConstitutionalSyncPackage::new(cert, partial_chunks, partial_proofs);
crates/amun-state-sync/src/state_chunk.rs:48:pub struct ChunkMerkleProof {
crates/amun-state-sync/src/state_chunk.rs:55:impl ChunkMerkleProof {
crates/amun-state-sync/src/state_chunk.rs:75:pub fn build_chunk_merkle_tree(chunks: &[StateChunk]) -> ([u8; 32], Vec<ChunkMerkleProof>) {
crates/amun-state-sync/src/state_chunk.rs:84:        proofs.push(ChunkMerkleProof {
crates/amun-state-sync/src/stateless_verifier.rs:20:        package: &ConstitutionalSyncPackage,
crates/amun-state-sync/src/stateless_verifier.rs:3:use crate::sync_package::ConstitutionalSyncPackage;
crates/amun-state-sync/src/stateless_verifier.rs:50:                reason: "Proof count mismatch".into(),
crates/amun-state-sync/src/sync_package.rs:11:    pub chunk_proofs: Vec<ChunkMerkleProof>,
crates/amun-state-sync/src/sync_package.rs:15:impl ConstitutionalSyncPackage {
crates/amun-state-sync/src/sync_package.rs:19:        chunk_proofs: Vec<ChunkMerkleProof>,
crates/amun-state-sync/src/sync_package.rs:4:use crate::state_chunk::{ChunkMerkleProof, StateChunk};
crates/amun-state-sync/src/sync_package.rs:8:pub struct ConstitutionalSyncPackage {
crates/amun-state-sync/src/sync_protocol.rs:143:        let package = ConstitutionalSyncPackage::new(cert, chunks, chunk_proofs);
crates/amun-state-sync/src/sync_protocol.rs:4:use crate::sync_package::ConstitutionalSyncPackage;
crates/amun-stateless-sync/src/lib.rs:105:    pub fn import_certificate(&mut self, cert: ReplayCertificate) {
crates/amun-stateless-sync/src/lib.rs:110:    pub fn import_inclusion_proof(&mut self, hash: [u8; 32], proof: CertificateInclusionProof) {
crates/amun-stateless-sync/src/lib.rs:114:    pub fn import_bundle(&mut self, height: u64, bundle: LightClientProofBundle) {
crates/amun-stateless-sync/src/lib.rs:166:    pub fn bootstrap(bundles: Vec<LightClientProofBundle>) -> Result<StatelessNode, String> {
crates/amun-stateless-sync/src/lib.rs:194:    use amun_constitutional_state::ConstitutionalStateRuntime;
crates/amun-stateless-sync/src/lib.rs:196:    fn create_bundle(height: u64, parent_hash: &str) -> LightClientProofBundle {
crates/amun-stateless-sync/src/lib.rs:197:        let mut rt = ConstitutionalStateRuntime::new();
crates/amun-stateless-sync/src/lib.rs:201:        let merkle_root = hex::encode(ConstitutionalStateRuntime::certificate_merkle_root(&certs));
crates/amun-stateless-sync/src/lib.rs:203:        let proof = ConstitutionalStateRuntime::prove_certificate_inclusion(&certs, &hash).unwrap();
crates/amun-stateless-sync/src/lib.rs:204:        let block = ConstitutionalBlock::new(
crates/amun-stateless-sync/src/lib.rs:216:        LightClientProofBundle::new(block, cert, proof)
crates/amun-stateless-sync/src/lib.rs:248:        let msg = ProofBundleSyncMessage::BundleResponse {
crates/amun-stateless-sync/src/lib.rs:252:            ProofBundleSyncMessage::BundleResponse { bundle: b } => assert!(b.verify().is_ok()),
crates/amun-stateless-sync/src/lib.rs:32:use amun_certificate_network::distribution::LightClientProofBundle;
crates/amun-stateless-sync/src/lib.rs:33:use amun_constitutional_block::ConstitutionalBlock;
crates/amun-stateless-sync/src/lib.rs:34:use amun_constitutional_state::{CertificateInclusionProof, ReplayCertificate};
crates/amun-stateless-sync/src/lib.rs:45:    HeaderBatch { headers: Vec<ConstitutionalBlock> },
crates/amun-stateless-sync/src/lib.rs:59:        certificates: Vec<ReplayCertificate>,
crates/amun-stateless-sync/src/lib.rs:64:// N11C: Proof Bundle Sync Protocol
crates/amun-stateless-sync/src/lib.rs:69:pub enum ProofBundleSyncMessage {
crates/amun-stateless-sync/src/lib.rs:71:    BundleResponse { bundle: LightClientProofBundle },
crates/amun-stateless-sync/src/lib.rs:79:    headers: BTreeMap<u64, ConstitutionalBlock>,
crates/amun-stateless-sync/src/lib.rs:80:    certificates: BTreeMap<[u8; 32], ReplayCertificate>,
crates/amun-stateless-sync/src/lib.rs:81:    inclusion_proofs: BTreeMap<[u8; 32], CertificateInclusionProof>,
crates/amun-stateless-sync/src/lib.rs:82:    bundles: BTreeMap<u64, LightClientProofBundle>,
crates/amun-stateless-sync/src/lib.rs:97:    pub fn import_header(&mut self, header: ConstitutionalBlock) {
crates/amun-stf/src/nonce.rs:21:            FailureContext::new(ConstitutionalFault::ArithmeticOverflow, 0x0008, 0x0200)
crates/amun-stf/src/nonce.rs:2:use amun_failure::{AmunResult, ConstitutionalFault, FailureContext};
crates/amun-stf/src/nonce.rs:35:                FailureContext::new(ConstitutionalFault::ArithmeticOverflow, 0x0008, 0x0201)
crates/amun-stf/src/nonce.rs:39:                ConstitutionalFault::ReplayViolation,
crates/amun-stf/src/receipt.rs:49:                amun_failure::ConstitutionalFault::BufferTooSmall,
crates/amun-stf/src/state.rs:111:                FailureContext::new(ConstitutionalFault::CapacityExceeded, 0x0008, 0x0006)
crates/amun-stf/src/state.rs:13:// Constitutional state leaf hash — frozen domain-separated.
crates/amun-stf/src/state.rs:2:use amun_failure::{AmunResult, ConstitutionalFault, FailureContext};
crates/amun-stf/src/state.rs:46:                ConstitutionalFault::CapacityExceeded,
crates/amun-stf/src/state.rs:58:            FailureContext::new(ConstitutionalFault::CapacityExceeded, 0x0008, 0x0003)
crates/amun-stf/src/state.rs:94:            FailureContext::new(ConstitutionalFault::CapacityExceeded, 0x0008, 0x0001)
crates/amun-stf/src/state.rs:98:            FailureContext::new(ConstitutionalFault::CapacityExceeded, 0x0008, 0x0002)
crates/amun-stf/src/stf.rs:25:                amun_failure::ConstitutionalFault::CapacityExceeded,
crates/amun-stf/src/stf.rs:37:                amun_failure::ConstitutionalFault::CapacityExceeded,
crates/amun-stf/src/transition.rs:21:                    ConstitutionalFault::CryptoBudgetExceeded,
crates/amun-stf/src/transition.rs:34:                FailureContext::new(ConstitutionalFault::CapacityExceeded, 0x0008, 0x0100)
crates/amun-stf/src/transition.rs:5:use amun_failure::{AmunResult, ConstitutionalFault, FailureContext};
crates/amun-storage-kernel/ATOMIC_SNAPSHOT_CONSTITUTION.md:20:MUST match the state at the freeze point exactly. Replay of WAL from
crates/amun-storage-kernel/CANONICAL_TRAVERSAL_LAW.md:17:- Proof step ordering within Merkle proofs
crates/amun-storage-kernel/CANONICAL_TRAVERSAL_LAW.md:2:## Formal specification of deterministic state traversal
crates/amun-storage-kernel/CANONICAL_TRAVERSAL_LAW.md:79:**Section 4.3: Proof Step Order**
crates/amun-storage-kernel/CONSTITUTION.md:108:Ratified upon verification of all 10 Constitutional Theorems.
crates/amun-storage-kernel/CONSTITUTION.md:109:Signed: AmunChain Constitutional Assembly, Version 1.0
crates/amun-storage-kernel/CONSTITUTION.md:44:**Section 2.1: Fixed Proof Geometry**
crates/amun-storage-kernel/CONSTITUTION.md:45:All Merkle proofs SHALL contain exactly 256 ProofStep entries.
crates/amun-storage-kernel/CONSTITUTION.md:48:**Section 2.2: Proof Types**
crates/amun-storage-kernel/CONSTITUTION.md:53:**Section 2.3: Witness Selection**
crates/amun-storage-kernel/CONSTITUTION.md:61:**Section 3.1: WAL as Constitutional Timeline**
crates/amun-storage-kernel/CONSTITUTION.md:65:**Section 3.2: Replay Equivalence**
crates/amun-storage-kernel/CONSTITUTION.md:66:Replaying a valid WAL from genesis SHALL produce the identical state root
crates/amun-storage-kernel/CONSTITUTION.md:85:**Section 5.1: Uniqueness Invariant**
crates/amun-storage-kernel/SNAPSHOT_CONSTITUTION.md:141:**Section 8.1: Snapshot + WAL Replay**
crates/amun-storage-kernel/SNAPSHOT_CONSTITUTION.md:156:**Section 9.1: Proof Geometry**
crates/amun-storage-kernel/SNAPSHOT_CONSTITUTION.md:2:## Constitutional framework for distributed state snapshots
crates/amun-storage-kernel/SNAPSHOT_CONSTITUTION.md:62:**Section 3.3: Chunk Proofs**
crates/amun-storage-kernel/SNAPSHOT_CONSTITUTION.md:70:**Section 4.1: Inclusion Proof**
crates/amun-storage-kernel/SNAPSHOT_CONSTITUTION.md:74:**Section 4.2: Consistency Proof**
crates/amun-storage-kernel/SNAPSHOT_CONSTITUTION.md:77:**Section 4.3: Lineage Proof**
crates/amun-storage-kernel/VALIDITY_HIERARCHY.md:12:| 3 | ConstitutionallyValid | Epoch/generation/lineage compliance |
crates/amun-storage-kernel/VALIDITY_HIERARCHY.md:17:Consensus operations require ConstitutionallyValid or higher.
crates/amun-storage-kernel/VALIDITY_HIERARCHY.md:2:## Formal taxonomy of state validity and failure modes
crates/amun-storage-kernel/VALIDITY_HIERARCHY.md:33:| StateRootMismatch | ReplayVerifier divergence | Quarantine state, resync from trusted peer |
crates/amun-storage-kernel/VALIDITY_HIERARCHY.md:45:| ReplayDivergence | Replay produces different root | Investigate, rebuild from trusted source |
crates/amun-storage-kernel/VALIDITY_HIERARCHY.md:48:### Level 4: ByzantineEvidence (Malicious Behavior Detected)
crates/amun-storage-kernel/VALIDITY_HIERARCHY.md:56:### Level 5: ConstitutionalCrisis (System Halt Required)
crates/amun-storage-kernel/VALIDITY_HIERARCHY.md:69:| Provided Invalid Proof | Downgrade to Unknown |
crates/amun-storage-kernel/VALIDITY_HIERARCHY.md:73:| Equivocation Evidence | Permanent Ban + Slash |
crates/amun-storage-kernel/VALIDITY_HIERARCHY.md:82:| Local WAL intact | Replay locally |
crates/amun-storage-kernel/VALIDITY_HIERARCHY.md:98:| ByzantineEvidence | Permanent | Never released |
crates/amun-storage-kernel/VALIDITY_HIERARCHY.md:99:| ConstitutionalCrisis | Until human resolution | Constitutional court ruling |
crates/amun-storage-kernel/src/lib.rs:13:pub use smt::{MerkleProof, NodeHash, ProofStep, ProofVerifier, SparseMerkleTree};
crates/amun-storage-kernel/src/lib.rs:147:    ConstitutionallyValid = 3,
crates/amun-storage-kernel/src/lib.rs:91:pub struct ConstitutionalContinuity;
crates/amun-storage-kernel/src/lib.rs:93:impl ConstitutionalContinuity {
crates/amun-storage-kernel/src/persistence/wal/iterator.rs:83:pub struct ReplayVerifier;
crates/amun-storage-kernel/src/persistence/wal/iterator.rs:84:impl ReplayVerifier {
crates/amun-storage-kernel/src/persistence/wal/mod.rs:5:pub use iterator::{ReplayVerifier, WalIterator};
crates/amun-storage-kernel/src/smt/mod.rs:9:pub use proof::{MerkleProof, ProofStep, ProofType, ProofVerifier};
crates/amun-storage-kernel/src/smt/proof.rs:110:                        ProofStep::SiblingOnLeft(s) => super::node::Node::Branch {
crates/amun-storage-kernel/src/smt/proof.rs:115:                        ProofStep::SiblingOnRight(s) => super::node::Node::Branch {
crates/amun-storage-kernel/src/smt/proof.rs:124:            ProofType::Absence {
crates/amun-storage-kernel/src/smt/proof.rs:12:pub enum ProofStep {
crates/amun-storage-kernel/src/smt/proof.rs:138:                        ProofStep::SiblingOnLeft(s) => super::node::Node::Branch {
crates/amun-storage-kernel/src/smt/proof.rs:143:                        ProofStep::SiblingOnRight(s) => super::node::Node::Branch {
crates/amun-storage-kernel/src/smt/proof.rs:160:            ProofType::EmptyTree => {
crates/amun-storage-kernel/src/smt/proof.rs:168:                        ProofStep::SiblingOnLeft(s) => super::node::Node::Branch {
crates/amun-storage-kernel/src/smt/proof.rs:173:                        ProofStep::SiblingOnRight(s) => super::node::Node::Branch {
crates/amun-storage-kernel/src/smt/proof.rs:18:pub enum ProofType {
crates/amun-storage-kernel/src/smt/proof.rs:190:            ProofType::Inclusion {
crates/amun-storage-kernel/src/smt/proof.rs:198:            ProofType::Absence {
crates/amun-storage-kernel/src/smt/proof.rs:210:            ProofType::EmptyTree => {
crates/amun-storage-kernel/src/smt/proof.rs:217:                ProofStep::SiblingOnLeft(h) => {
crates/amun-storage-kernel/src/smt/proof.rs:221:                ProofStep::SiblingOnRight(h) => {
crates/amun-storage-kernel/src/smt/proof.rs:252:                ProofType::Inclusion {
crates/amun-storage-kernel/src/smt/proof.rs:269:                ProofType::Absence {
crates/amun-storage-kernel/src/smt/proof.rs:276:            0x03 => ProofType::EmptyTree,
crates/amun-storage-kernel/src/smt/proof.rs:293:                ProofStep::SiblingOnLeft(NodeHash(h))
crates/amun-storage-kernel/src/smt/proof.rs:295:                ProofStep::SiblingOnRight(NodeHash(h))
crates/amun-storage-kernel/src/smt/proof.rs:301:        Some(MerkleProof {
crates/amun-storage-kernel/src/smt/proof.rs:310:pub struct ProofVerifier;
crates/amun-storage-kernel/src/smt/proof.rs:311:impl ProofVerifier {
crates/amun-storage-kernel/src/smt/proof.rs:312:    pub fn verify(proof: &MerkleProof, root: [u8; 32]) -> bool {
crates/amun-storage-kernel/src/smt/proof.rs:33:pub struct MerkleProof {
crates/amun-storage-kernel/src/smt/proof.rs:36:    pub proof_type: ProofType,
crates/amun-storage-kernel/src/smt/proof.rs:37:    pub steps: Vec<ProofStep>,
crates/amun-storage-kernel/src/smt/proof.rs:40:impl MerkleProof {
crates/amun-storage-kernel/src/smt/proof.rs:45:        steps: Vec<ProofStep>,
crates/amun-storage-kernel/src/smt/proof.rs:50:            proof_type: ProofType::Inclusion {
crates/amun-storage-kernel/src/smt/proof.rs:63:        steps: Vec<ProofStep>,
crates/amun-storage-kernel/src/smt/proof.rs:68:            proof_type: ProofType::Absence {
crates/amun-storage-kernel/src/smt/proof.rs:77:    pub fn new_empty_tree_absence(key_hash: [u8; 32], steps: Vec<ProofStep>) -> Self {
crates/amun-storage-kernel/src/smt/proof.rs:81:            proof_type: ProofType::EmptyTree,
crates/amun-storage-kernel/src/smt/proof.rs:98:            ProofType::Inclusion {
crates/amun-storage-kernel/src/smt/tree.rs:16:pub struct WitnessLeaf {
crates/amun-storage-kernel/src/smt/tree.rs:315:    // Inclusion Proofs
crates/amun-storage-kernel/src/smt/tree.rs:317:    pub fn generate_inclusion_proof(&self, key: &Key256) -> Option<super::proof::MerkleProof> {
crates/amun-storage-kernel/src/smt/tree.rs:326:        Some(super::proof::MerkleProof::new_inclusion(
crates/amun-storage-kernel/src/smt/tree.rs:336:        steps: &mut Vec<super::proof::ProofStep>,
crates/amun-storage-kernel/src/smt/tree.rs:366:                            steps.push(super::proof::ProofStep::SiblingOnRight(
crates/amun-storage-kernel/src/smt/tree.rs:370:                            steps.push(super::proof::ProofStep::SiblingOnLeft(
crates/amun-storage-kernel/src/smt/tree.rs:380:                        steps.push(super::proof::ProofStep::SiblingOnRight(*right));
crates/amun-storage-kernel/src/smt/tree.rs:383:                        steps.push(super::proof::ProofStep::SiblingOnLeft(*left));
crates/amun-storage-kernel/src/smt/tree.rs:395:    // Absence Proofs
crates/amun-storage-kernel/src/smt/tree.rs:397:    pub fn generate_absence_proof(&self, key: &Key256) -> Option<super::proof::MerkleProof> {
crates/amun-storage-kernel/src/smt/tree.rs:407:                            steps.push(super::proof::ProofStep::SiblingOnRight(
crates/amun-storage-kernel/src/smt/tree.rs:411:                            steps.push(super::proof::ProofStep::SiblingOnLeft(
crates/amun-storage-kernel/src/smt/tree.rs:420:                    Some(super::proof::MerkleProof::new_empty_tree_absence(
crates/amun-storage-kernel/src/smt/tree.rs:444:                        return Some(super::proof::MerkleProof::new_absence(
crates/amun-storage-kernel/src/smt/tree.rs:464:    ) -> Option<WitnessLeaf> {
crates/amun-storage-kernel/src/smt/tree.rs:476:                    return Some(WitnessLeaf {
crates/amun-storage-kernel/src/smt/tree.rs:498:                    Some(WitnessLeaf {
crates/amun-storage-kernel/src/smt/tree.rs:527:    fn find_any_leaf(&self, depth: usize, current: NodeHash) -> Option<WitnessLeaf> {
crates/amun-storage-kernel/src/smt/tree.rs:536:                    return Some(WitnessLeaf {
crates/amun-storage-kernel/src/smt/tree.rs:554:                } => Some(WitnessLeaf {
crates/amun-storage-kernel/tests/replay_equivalence.rs:136:        let result = ReplayVerifier::verify_full_replay(wal_path.to_str().unwrap());
crates/amun-storage-kernel/tests/replay_equivalence.rs:4:        persistence::wal::{ReplayVerifier, WalEntry},
crates/amun-storage-kernel/tests/replay_equivalence.rs:54:            ReplayVerifier::verify_full_replay(wal_path.to_str().unwrap()).unwrap();
crates/amun-storage-kernel/tests/replay_equivalence.rs:94:        let result = ReplayVerifier::verify_full_replay(wal_path.to_str().unwrap());
crates/amun-storage-kernel/tests/specification_compliance.rs:105:            "Theorem 5 violated: delete nonexistent changed root"
crates/amun-storage-kernel/tests/specification_compliance.rs:110:    // THEOREM 6: Proof Verification Roundtrip
crates/amun-storage-kernel/tests/specification_compliance.rs:122:            "Theorem 6 violated: proof verification failed"
crates/amun-storage-kernel/tests/specification_compliance.rs:134:            "Theorem 7 violated: terminal empty != ZERO"
crates/amun-storage-kernel/tests/specification_compliance.rs:139:    // THEOREM 8: Empty Tree Absence Proof
crates/amun-storage-kernel/tests/specification_compliance.rs:149:            "Theorem 8 violated: empty tree absence proof"
crates/amun-storage-kernel/tests/specification_compliance.rs:25:        assert_eq!(root_a.0, root_b.0, "Theorem 1 violated: order independence");
crates/amun-storage-kernel/tests/specification_compliance.rs:45:            "Theorem 2 violated: delete-reinsert identity"
crates/amun-storage-kernel/tests/specification_compliance.rs:62:            "Theorem 3 violated: empty identity"
crates/amun-storage-kernel/tests/specification_compliance.rs:67:    // THEOREM 4: Proof Depth Invariant
crates/amun-storage-kernel/tests/specification_compliance.rs:79:            "Theorem 4 violated: proof depth != 256"
crates/amun-storage-kernel/tests/specification_compliance.rs:86:            "Theorem 4 violated: absence proof depth != 256"
crates/amun-survival-console/src/dashboard.rs:10:    invariant_registry: InvariantRegistry,
crates/amun-survival-console/src/dashboard.rs:27:        invariant_registry: InvariantRegistry,
crates/amun-survival-console/src/dashboard.rs:59:        let invariants_hold = health == InvariantHealth::AllInvariantsHold;
crates/amun-survival-console/src/dashboard.rs:6:use amun_invariants::registry::{InvariantHealth, InvariantRegistry};
crates/amun-testnet-sim/tests/adversarial_tests.rs:106:    assert!(ReplayBackedConsensus::form_consensus(
crates/amun-testnet-sim/tests/adversarial_tests.rs:114:// ── N60.3 — Tampered Proof ──────────────────────────────────
crates/amun-testnet-sim/tests/adversarial_tests.rs:127:    let mut block = ReplayBackedConsensus::execute_and_replay(
crates/amun-testnet-sim/tests/adversarial_tests.rs:137:    assert!(ReplayBackedConsensus::form_consensus(
crates/amun-testnet-sim/tests/adversarial_tests.rs:188:        let mut hot = HotProofStore::new(10000);
crates/amun-testnet-sim/tests/adversarial_tests.rs:189:        let mut archive = ProofArchive::new();
crates/amun-testnet-sim/tests/adversarial_tests.rs:190:        let result = ConstitutionalRuntime::execute(
crates/amun-testnet-sim/tests/adversarial_tests.rs:206:                // Replay against a registry initialized to the proof's pre-state
crates/amun-testnet-sim/tests/adversarial_tests.rs:209:                                                    // Actually, ReplayVerifier::replay calls execute() which starts
crates/amun-testnet-sim/tests/adversarial_tests.rs:212:                let replay = ReplayVerifier::replay(&transition_proof, &program, &mut fresh, &[]);
crates/amun-testnet-sim/tests/adversarial_tests.rs:213:                if !matches!(replay, ReplayResult::Match { .. }) {
crates/amun-testnet-sim/tests/adversarial_tests.rs:242:    let mut block = ReplayBackedConsensus::execute_and_replay(
crates/amun-testnet-sim/tests/adversarial_tests.rs:252:    assert!(ReplayBackedConsensus::form_consensus(
crates/amun-testnet-sim/tests/adversarial_tests.rs:2:use amun_bytecode::program::ConstitutionalProgram;
crates/amun-testnet-sim/tests/adversarial_tests.rs:38:fn make_program() -> ConstitutionalProgram {
crates/amun-testnet-sim/tests/adversarial_tests.rs:39:    ConstitutionalProgram::new(1, 0, 0, vec![OpCode::Halt])
crates/amun-testnet-sim/tests/adversarial_tests.rs:3:use amun_constitutional_runtime::runtime_pipeline::{ConstitutionalRuntime, PipelineResult};
crates/amun-testnet-sim/tests/adversarial_tests.rs:4:use amun_proof_archive::hot_store::HotProofStore;
crates/amun-testnet-sim/tests/adversarial_tests.rs:55:    let block = ReplayBackedConsensus::execute_and_replay(
crates/amun-testnet-sim/tests/adversarial_tests.rs:5:use amun_proof_archive::proof_archive::ProofArchive;
crates/amun-testnet-sim/tests/adversarial_tests.rs:63:    assert!(ReplayBackedConsensus::form_consensus(
crates/amun-testnet-sim/tests/adversarial_tests.rs:69:    assert!(ReplayBackedConsensus::form_consensus(
crates/amun-testnet-sim/tests/adversarial_tests.rs:6:use amun_replay_consensus::replay_backed_consensus::ReplayBackedConsensus;
crates/amun-testnet-sim/tests/adversarial_tests.rs:76:        assert!(ReplayBackedConsensus::form_consensus(
crates/amun-testnet-sim/tests/adversarial_tests.rs:7:use amun_replay_verifier::replay_verifier::{ReplayResult, ReplayVerifier};
crates/amun-testnet-sim/tests/adversarial_tests.rs:98:    let block = ReplayBackedConsensus::execute_and_replay(
crates/amun-transaction/src/tx.rs:129:                ConstitutionalFault::InvalidInput,
crates/amun-transaction/src/tx.rs:136:                ConstitutionalFault::InvalidInput,
crates/amun-transaction/src/tx.rs:144:                FailureContext::new(ConstitutionalFault::CapacityExceeded, 0x000E, 0x0003)
crates/amun-transaction/src/tx.rs:163:                ConstitutionalFault::InvalidInput,
crates/amun-transaction/src/tx.rs:170:                ConstitutionalFault::InvalidInput,
crates/amun-transaction/src/tx.rs:177:                ConstitutionalFault::InvalidInput,
crates/amun-transaction/src/tx.rs:2:use amun_failure::{AmunResult, ConstitutionalFault, FailureContext};
crates/amun-transcript-semantics/src/lib.rs:102:    #[test] fn test_causal_chain() { let p = EventIdentity::new([0x01;32],[0x00;32],[0xAA;32],1,ReplayDomain::Consensus,[0xBB;32]); let c = EventIdentity::new([0x02;32],[0x01;32],[0xAA;32],2,ReplayDomain::Consensus,[0xBB;32]); assert!(c.verify_causal_chain(&p)); }
crates/amun-transcript-semantics/src/lib.rs:104:    #[test] fn test_immutable_cert() { let c = ImmutableReplayCertificate::new(ReplayDomain::Consensus,[0xBB;32],[0x01;32],[0x02;32],[0x03;32],[0x04;32],100,1); assert!(c.verify()); let h1 = c.certificate_hash(); let h2 = c.certificate_hash(); assert_eq!(h1, h2); }
crates/amun-transcript-semantics/src/lib.rs:105:    #[test] fn test_witness_hash() { let w = ReplayWitness::MerkleWitness { leaf_hash: [0x01;32], proof_hashes: vec![[0x02;32]], leaf_index: 0 }; assert_ne!(w.witness_hash(), [0;32]); }
crates/amun-transcript-semantics/src/lib.rs:11:pub struct EventIdentity { pub event_hash: [u8; 32], pub causal_parent: [u8; 32], pub authority_root: [u8; 32], pub transcript_position: u64, pub domain: ReplayDomain, pub epoch_id: [u8; 32] }
crates/amun-transcript-semantics/src/lib.rs:13:    pub fn new(event_hash: [u8; 32], causal_parent: [u8; 32], authority_root: [u8; 32], transcript_position: u64, domain: ReplayDomain, epoch_id: [u8; 32]) -> Self { Self { event_hash, causal_parent, authority_root, transcript_position, domain, epoch_id } }
crates/amun-transcript-semantics/src/lib.rs:25:// ─── Replay Class ──────────────────────────────────────────
crates/amun-transcript-semantics/src/lib.rs:27:pub enum ReplayClass { ReplayRequired, ReplayRecommended, ReplayDerived, ReplayExcluded, ReplayOptional }
crates/amun-transcript-semantics/src/lib.rs:2://! Layer 0.75 — Constitutional Causal Ontology.
crates/amun-transcript-semantics/src/lib.rs:52:    pub fn domain(&self) -> ReplayDomain {
crates/amun-transcript-semantics/src/lib.rs:53:        match self { TranscriptEntry::Consensus(_) => ReplayDomain::Consensus, TranscriptEntry::Execution(_) => ReplayDomain::Execution, TranscriptEntry::Governance(_) => ReplayDomain::Governance, TranscriptEntry::Certifying(_) => ReplayDomain::FullSystem }
crates/amun-transcript-semantics/src/lib.rs:59:pub struct ImmutableReplayCertificate { inner: CertifiedEnvelope }
crates/amun-transcript-semantics/src/lib.rs:61:struct CertifiedEnvelope { domain: ReplayDomain, epoch_id: [u8; 32], transcript_root: [u8; 32], state_root: [u8; 32], receipt_root: [u8; 32], ordering_root: [u8; 32], event_count: u64, replay_version: u32, certificate_hash: [u8; 32] }
crates/amun-transcript-semantics/src/lib.rs:62:impl ImmutableReplayCertificate {
crates/amun-transcript-semantics/src/lib.rs:64:    pub fn new(domain: ReplayDomain, epoch_id: [u8; 32], transcript_root: [u8; 32], state_root: [u8; 32], receipt_root: [u8; 32], ordering_root: [u8; 32], event_count: u64, replay_version: u32) -> Self {
crates/amun-transcript-semantics/src/lib.rs:69:    pub fn domain(&self) -> ReplayDomain { self.inner.domain }
crates/amun-transcript-semantics/src/lib.rs:6:use amun_replay_semantics::ReplayDomain;
crates/amun-transcript-semantics/src/lib.rs:76:// ─── Witness Types ─────────────────────────────────────────
crates/amun-transcript-semantics/src/lib.rs:78:pub enum ReplayWitness {
crates/amun-transcript-semantics/src/lib.rs:79:    MerkleWitness { leaf_hash: [u8; 32], proof_hashes: Vec<[u8; 32]>, leaf_index: u64 },
crates/amun-transcript-semantics/src/lib.rs:80:    ExecutionWitness { block_hash: [u8; 32], trace_hash: [u8; 32], step_count: u64 },
crates/amun-transcript-semantics/src/lib.rs:81:    TranscriptWitness { start_sequence: u64, end_sequence: u64, fragment_hash: [u8; 32] },
crates/amun-transcript-semantics/src/lib.rs:82:    ReceiptWitness { receipt_hashes: Vec<[u8; 32]>, chain_root: [u8; 32] },
crates/amun-transcript-semantics/src/lib.rs:83:    CompositeWitness { witnesses: Vec<ReplayWitness>, composite_hash: [u8; 32] },
crates/amun-transcript-semantics/src/lib.rs:85:impl ReplayWitness {
crates/amun-transcript-semantics/src/lib.rs:88:        match self { ReplayWitness::MerkleWitness { leaf_hash, proof_hashes, leaf_index } => { h.update(b"MERKLE"); h.update(leaf_hash); h.update(leaf_index.to_le_bytes()); for ph in proof_hashes { h.update(ph); } } ReplayWitness::ExecutionWitness { block_hash, trace_hash, step_count } => { h.update(b"EXECUTION"); h.update(block_hash); h.update(trace_hash); h.update(step_count.to_le_bytes()); } ReplayWitness::TranscriptWitness { start_sequence, end_sequence, fragment_hash } => { h.update(b"TRANSCRIPT"); h.update(start_sequence.to_le_bytes()); h.update(end_sequence.to_le_bytes()); h.update(fragment_hash); } ReplayWitness::ReceiptWitness { receipt_hashes, chain_root } => { h.update(b"RECEIPT"); for rh in receipt_hashes { h.update(rh); } h.update(chain_root); } ReplayWitness::CompositeWitness { composite_hash, .. } => { h.update(b"COMPOSITE"); h.update(composite_hash); } }
crates/amun-transcript-semantics/src/lib.rs:95:    #[derive(Debug, Clone, PartialEq, Eq)] pub enum TranscriptError { CausalChainBroken { parent_hash: [u8; 32], child_parent_hash: [u8; 32] }, AuthorityMismatch { expected: EventAuthority, actual: EventAuthority }, IncompleteReplay { expected: usize, actual: usize } }
crates/amun-transition-proof/src/enhanced_proof.rs:13:impl MerkleProof {
crates/amun-transition-proof/src/enhanced_proof.rs:1:use amun_evidence_engine::evidence_types::ConstitutionalEvidence;
crates/amun-transition-proof/src/enhanced_proof.rs:35:pub struct LineageProof {
crates/amun-transition-proof/src/enhanced_proof.rs:41:impl LineageProof {
crates/amun-transition-proof/src/enhanced_proof.rs:58:pub struct WitnessBundle {
crates/amun-transition-proof/src/enhanced_proof.rs:59:    pub consumed_proofs: Vec<MerkleProof>,
crates/amun-transition-proof/src/enhanced_proof.rs:60:    pub lineage_proofs: Vec<LineageProof>,
crates/amun-transition-proof/src/enhanced_proof.rs:64:impl WitnessBundle {
crates/amun-transition-proof/src/enhanced_proof.rs:77:pub struct EnhancedTransitionProof {
crates/amun-transition-proof/src/enhanced_proof.rs:7:pub struct MerkleProof {
crates/amun-transition-proof/src/enhanced_proof.rs:87:    pub evidence: Vec<ConstitutionalEvidence>,
crates/amun-transition-proof/src/enhanced_proof.rs:90:    pub witness: WitnessBundle,
crates/amun-transition-proof/src/proof_builder.rs:10:pub struct ProofBuilder;
crates/amun-transition-proof/src/proof_builder.rs:122:    ) -> MerkleProof {
crates/amun-transition-proof/src/proof_builder.rs:124:        MerkleProof {
crates/amun-transition-proof/src/proof_builder.rs:12:impl ProofBuilder {
crates/amun-transition-proof/src/proof_builder.rs:178:    fn build_lineage_proof(registry: &ResourceRegistry, rid: &ResourceId) -> LineageProof {
crates/amun-transition-proof/src/proof_builder.rs:196:        LineageProof {
crates/amun-transition-proof/src/proof_builder.rs:203:    fn compute_enhanced_hash(proof: &EnhancedTransitionProof) -> [u8; 32] {
crates/amun-transition-proof/src/proof_builder.rs:22:    ) -> TransitionProof {
crates/amun-transition-proof/src/proof_builder.rs:2:use amun_evidence_engine::evidence_engine::EvidenceEngine;
crates/amun-transition-proof/src/proof_builder.rs:34:        let evidence: Vec<ConstitutionalEvidence> = buffer
crates/amun-transition-proof/src/proof_builder.rs:37:            .map(|ev| EvidenceEngine::convert(ev, contract_id, block_height, transaction_hash))
crates/amun-transition-proof/src/proof_builder.rs:39:        TransitionProof::new(
crates/amun-transition-proof/src/proof_builder.rs:3:use amun_evidence_engine::evidence_types::ConstitutionalEvidence;
crates/amun-transition-proof/src/proof_builder.rs:64:    ) -> EnhancedTransitionProof {
crates/amun-transition-proof/src/proof_builder.rs:76:        let evidence: Vec<ConstitutionalEvidence> = buffer
crates/amun-transition-proof/src/proof_builder.rs:79:            .map(|ev| EvidenceEngine::convert(ev, contract_id, block_height, transaction_hash))
crates/amun-transition-proof/src/proof_builder.rs:7:use crate::enhanced_proof::{EnhancedTransitionProof, LineageProof, MerkleProof, WitnessBundle};
crates/amun-transition-proof/src/proof_builder.rs:8:use crate::transition_proof::TransitionProof;
crates/amun-transition-proof/src/proof_builder.rs:93:        let witness = WitnessBundle {
crates/amun-transition-proof/src/proof_builder.rs:99:        let mut proof = EnhancedTransitionProof {
crates/amun-transition-proof/src/transition_proof.rs:13:pub struct TransitionProof {
crates/amun-transition-proof/src/transition_proof.rs:23:    pub evidence: Vec<ConstitutionalEvidence>,
crates/amun-transition-proof/src/transition_proof.rs:28:impl TransitionProof {
crates/amun-transition-proof/src/transition_proof.rs:2:use amun_evidence_engine::evidence_types::ConstitutionalEvidence;
crates/amun-transition-proof/src/transition_proof.rs:40:        evidence: Vec<ConstitutionalEvidence>,
crates/amun-truth-engine/src/engine.rs:232:        // Constitutional: reject foreign-chain snapshots
crates/amun-truth-engine/src/engine.rs:23:pub enum ReplayError {
crates/amun-truth-engine/src/engine.rs:248:    pub fn compute_chain_root_until(&self, until: ChainPosition) -> Result<[u8; 32], ReplayError> {
crates/amun-truth-engine/src/engine.rs:265:                        .ok_or(ReplayError::ChunkReadError {
crates/amun-truth-engine/src/engine.rs:276:    pub fn compute_chain_root(&self, target_tx_count: u64) -> Result<[u8; 32], ReplayError> {
crates/amun-truth-engine/src/engine.rs:291:                        .ok_or(ReplayError::ChunkReadError {
crates/amun-truth-engine/src/lib.rs:4:pub use engine::{ReplayError, TruthEngine};
crates/amun-unlock-law/src/unlock.rs:12:impl UnlockProof {
crates/amun-unlock-law/src/unlock.rs:57:        unlock_proof: &UnlockProof,
crates/amun-unlock-law/src/unlock.rs:5:pub struct UnlockProof {
crates/amun-unsigned-messages/src/vote.rs:104:            0 => ConstitutionalPhase::Propose,
crates/amun-unsigned-messages/src/vote.rs:105:            1 => ConstitutionalPhase::Prevote,
crates/amun-unsigned-messages/src/vote.rs:106:            2 => ConstitutionalPhase::Precommit,
crates/amun-unsigned-messages/src/vote.rs:161:    pub fn phase(&self) -> ConstitutionalPhase {
crates/amun-unsigned-messages/src/vote.rs:16:    pub phase: ConstitutionalPhase,
crates/amun-unsigned-messages/src/vote.rs:26:        phase: ConstitutionalPhase,
crates/amun-unsigned-messages/src/vote.rs:2:use amun_constitution_core::phase::ConstitutionalPhase;
crates/amun-validator-networking/src/network_messages.rs:17:        package: Box<ConstitutionalSyncPackage>,
crates/amun-validator-networking/src/network_messages.rs:1:use amun_state_sync::sync_package::ConstitutionalSyncPackage;
crates/amun-validator-networking/src/sync_transport.rs:16:    ) -> ConstitutionalSyncPackage {
crates/amun-validator-networking/src/sync_transport.rs:39:        ConstitutionalSyncPackage::new(cert, chunks, chunk_proofs)
crates/amun-validator-networking/src/sync_transport.rs:43:        package: &ConstitutionalSyncPackage,
crates/amun-validator-networking/src/sync_transport.rs:5:use amun_state_sync::sync_package::ConstitutionalSyncPackage;
crates/amun-validator-runtime/src/validator_node.rs:2:use amun_bytecode::program::ConstitutionalProgram;
crates/amun-validator-runtime/src/validator_node.rs:34:        let program = ConstitutionalProgram::new(1, 0, 0, vec![OpCode::Halt]);
crates/amun-validator-runtime/src/validator_node.rs:3:use amun_constitutional_runtime::runtime_pipeline::{ConstitutionalRuntime, PipelineResult};
crates/amun-validator-runtime/src/validator_node.rs:49:        let mut hot = amun_proof_archive::hot_store::HotProofStore::new(1000);
crates/amun-validator-runtime/src/validator_node.rs:50:        let mut archive = amun_proof_archive::proof_archive::ProofArchive::new();
crates/amun-validator-runtime/src/validator_node.rs:52:        let result = ConstitutionalRuntime::execute(
crates/amun-verification-kernel/src/lib.rs:161:    fn make_claim(id: &str, phase: &str, status: ClaimStatus) -> ConstitutionalClaim {
crates/amun-verification-kernel/src/lib.rs:162:        ConstitutionalClaim {
crates/amun-verification-kernel/src/lib.rs:172:    fn make_evidence(id: &str, claim_id: &str) -> Evidence {
crates/amun-verification-kernel/src/lib.rs:173:        Evidence {
crates/amun-verification-kernel/src/lib.rs:176:            evidence_type: EvidenceType::TestResult,
crates/amun-verification-kernel/src/lib.rs:177:            description: format!("Evidence {id} for {claim_id}"),
crates/amun-verification-kernel/src/lib.rs:35:/// Evidence that supports or refutes a claim.
crates/amun-verification-kernel/src/lib.rs:37:pub struct Evidence {
crates/amun-verification-kernel/src/lib.rs:40:    pub evidence_type: EvidenceType,
crates/amun-verification-kernel/src/lib.rs:48:pub enum EvidenceType {
crates/amun-verification-kernel/src/lib.rs:50:    FormalProof,
crates/amun-verification-kernel/src/lib.rs:62:    pub claims: Vec<ConstitutionalClaim>,
crates/amun-verification-kernel/src/lib.rs:63:    pub evidence: Vec<Evidence>,
crates/amun-verification-kernel/src/lib.rs:6:pub struct ConstitutionalClaim {
crates/amun-verification-kernel/src/lib.rs:73:        claims: Vec<ConstitutionalClaim>,
crates/amun-verification-kernel/src/lib.rs:74:        evidence: Vec<Evidence>,
crates/amun-verifier-node/src/verifier.rs:10:        receipts: &[ProofCarryingReceipt],
crates/amun-verifier-node/src/verifier.rs:11:        prev_block: Option<&ConstitutionalBlock>,
crates/amun-verifier-node/src/verifier.rs:2:use amun_constitutional_block::ConstitutionalBlock;
crates/amun-verifier-node/src/verifier.rs:3:use amun_proof_carrying::{ProofCarryingReceipt, ProofVerifier};
crates/amun-verifier-node/src/verifier.rs:51:            if ProofVerifier::verify_receipt(receipt).is_err() {
crates/amun-verifier-node/src/verifier.rs:61:        blocks: &[ConstitutionalBlock],
crates/amun-verifier-node/src/verifier.rs:62:        receipts_per_block: &[Vec<ProofCarryingReceipt>],
crates/amun-verifier-node/src/verifier.rs:9:        block: &ConstitutionalBlock,
crates/amun-view-change/src/lib.rs:4:pub use new_view::NewView;
crates/amun-view-change/src/new_view.rs:14:impl NewView {
crates/amun-view-change/src/new_view.rs:5:/// NewView: the new proposer aggregates view-change messages.
crates/amun-view-change/src/new_view.rs:7:pub struct NewView {
crates/amun-vm-kernel/src/pending_buffer.rs:129:    pub fn all_evidence(&self) -> Vec<VMEvidence> {
crates/amun-vm-kernel/src/pending_buffer.rs:22:pub enum VMEvidence {
crates/amun-vm-kernel/src/pending_buffer.rs:26:    ConstitutionalViolation {
crates/amun-vm-kernel/src/pending_buffer.rs:30:    InvariantViolation {
crates/amun-vm-kernel/src/pending_buffer.rs:40:    evidence: Vec<VMEvidence>,
crates/amun-vm-kernel/src/pending_buffer.rs:88:    pub fn record_evidence(&mut self, evidence: VMEvidence) {
crates/amun-vm-kernel/src/vm_kernel.rs:37:        let mut violations: Vec<VMEvidence> = Vec::new();
crates/amun-vm-kernel/src/vm_kernel.rs:42:                violations.push(VMEvidence::ConstitutionalViolation {
crates/amun-vm-kernel/src/vm_kernel.rs:4:use crate::pending_buffer::{PendingBuffer, VMEvidence};
crates/amun-vm-kernel/src/vm_kernel.rs:54:                        violations.push(VMEvidence::ConstitutionalViolation {
crates/amun-vm-kernel/src/vm_kernel.rs:62:                        violations.push(VMEvidence::ConstitutionalViolation {
crates/amun-vm-kernel/src/vm_kernel.rs:70:                        violations.push(VMEvidence::ConstitutionalViolation {
crates/amun-vm-kernel/src/vm_kernel.rs:81:                        violations.push(VMEvidence::ConstitutionalViolation {
crates/amun-vm-kernel/src/vm_kernel.rs:89:                    violations.push(VMEvidence::ConstitutionalViolation {
crates/amun-wallet-ui/src/main.rs:26:  <button onclick="createWallet()">Generate New Address</button>
crates/amun_state_machine/src/certification/mod.rs:20:        pre_state: &ConstitutionalState,
crates/amun_state_machine/src/certification/mod.rs:21:        post_state: &ConstitutionalState,
crates/amun_state_machine/src/certification/mod.rs:4:use crate::state::ConstitutionalState;
crates/amun_state_machine/src/certification/mod.rs:61:pub struct ReplayCertificate {
crates/amun_state_machine/src/certification/mod.rs:70:impl ReplayCertificate {
crates/amun_state_machine/src/certification/mod.rs:74:        final_state: &ConstitutionalState,
crates/amun_state_machine/src/event.rs:37:/// Constitutional event with deterministic serialization
crates/amun_state_machine/src/event.rs:5:/// Constitutional event types
crates/amun_state_machine/src/lib.rs:18:pub use state::{ConstitutionalState, Account};
crates/amun_state_machine/src/lib.rs:24:pub use certification::{ExecutionCertificate, ReplayCertificate, compute_execution_fingerprint};
crates/amun_state_machine/src/scheduler.rs:106:        let mut state2 = ConstitutionalState::new();
crates/amun_state_machine/src/scheduler.rs:33:    pub fn execute_next(&mut self, state: &mut ConstitutionalState) -> Option<[u8; 32]> {
crates/amun_state_machine/src/scheduler.rs:49:    pub fn execute_all(&mut self, state: &mut ConstitutionalState) -> usize {
crates/amun_state_machine/src/scheduler.rs:6:use crate::state::ConstitutionalState;
crates/amun_state_machine/src/scheduler.rs:98:        let mut state1 = ConstitutionalState::new();
crates/amun_state_machine/src/snapshot.rs:16:    pub fn new(state: &ConstitutionalState, parent_hash: [u8; 32], event_count: u64) -> Self {
crates/amun_state_machine/src/snapshot.rs:4:use crate::state::ConstitutionalState;
crates/amun_state_machine/src/snapshot.rs:52:    pub fn take_snapshot(&mut self, state: &ConstitutionalState, event_count: u64) -> StateSnapshot {
crates/amun_state_machine/src/snapshot.rs:94:    use crate::state::ConstitutionalState;
crates/amun_state_machine/src/snapshot.rs:99:        let state = ConstitutionalState::new();
crates/amun_state_machine/src/state.rs:110:        let mut state1 = ConstitutionalState::new();
crates/amun_state_machine/src/state.rs:115:        let mut state2 = ConstitutionalState::new();
crates/amun_state_machine/src/state.rs:39:/// Constitutional state machine state
crates/amun_state_machine/src/state.rs:41:pub struct ConstitutionalState {
crates/amun_state_machine/src/state.rs:48:impl ConstitutionalState {
crates/amun_state_machine/src/state.rs:7:/// Constitutional account state
crates/amun_state_machine/src/state.rs:98:impl Default for ConstitutionalState {
crates/amun_state_machine/src/transition.rs:121:    fn handle_mint(state: &mut ConstitutionalState, event: &Event) -> TransitionResult {
crates/amun_state_machine/src/transition.rs:139:    fn handle_burn(state: &mut ConstitutionalState, event: &Event) -> TransitionResult {
crates/amun_state_machine/src/transition.rs:162:    fn handle_delegate(state: &mut ConstitutionalState, event: &Event) -> TransitionResult {
crates/amun_state_machine/src/transition.rs:190:    fn handle_undelegate(state: &mut ConstitutionalState, event: &Event) -> TransitionResult {
crates/amun_state_machine/src/transition.rs:215:    fn handle_slash(state: &mut ConstitutionalState, event: &Event) -> TransitionResult {
crates/amun_state_machine/src/transition.rs:236:    fn handle_reward(state: &mut ConstitutionalState, event: &Event) -> TransitionResult {
crates/amun_state_machine/src/transition.rs:258:    use crate::state::ConstitutionalState;
crates/amun_state_machine/src/transition.rs:262:        let mut state = ConstitutionalState::new();
crates/amun_state_machine/src/transition.rs:276:        let mut state = ConstitutionalState::new();
crates/amun_state_machine/src/transition.rs:52:    pub fn apply(state: &mut ConstitutionalState, event: &Event) -> TransitionResult {
crates/amun_state_machine/src/transition.rs:5:use crate::state::{ConstitutionalState, Account};
crates/amun_state_machine/src/transition.rs:92:    fn handle_transfer(state: &mut ConstitutionalState, event: &Event) -> TransitionResult {
crates/constitutional-linter/src/main.rs:114:    println!("=== Constitutional Linter v0.4.0 (Phase 48) ===\n");
crates/constitutional-linter/src/main.rs:190:    println!("   Constitutional (runtime): {}", runtime_edges);
crates/constitutional-linter/src/main.rs:27:    layers: Vec<ConstitutionalLayer>,
crates/constitutional-linter/src/main.rs:33:struct ConstitutionalLayer {
crates/constitutional-linter/src/main.rs:69:enum Layer { Kernel, Constitutional, Interface, Consensus, Execution, Persistence, Network, Governance, Testing, Unknown }
crates/constitutional-linter/src/main.rs:75:            Layer::Constitutional => "Layer 0.5 (Constitutional)",
crates/constitutional-linter/src/main.rs:90:            "Constitutional" => Layer::Constitutional,
docs/AUDIT_LAYERS.md:69:# Layer 06 — Replay
docs/BUILD_REPRODUCIBILITY.md:63:# Constitutional Principle
docs/CANONICAL_HASH.md:19:| Transcript | `AMUN_TRANSCRIPT_V1` | Replay transcript |
docs/CANONICAL_HASH.md:6:- Constitutional identities
docs/CANONICAL_HASH.md:8:- Replay certificates
docs/CANONICAL_SERIALIZATION.md:26:### Constitutional Limits
docs/CANONICAL_SERIALIZATION.md:3:## Constitutional Law
docs/CCS_Core_Specification_v1.0.md:101:### 4.1 Constitutional Context Validity
docs/CCS_Core_Specification_v1.0.md:104:`ValidContext(C) iff ValidEpoch(E) ∧ ValidValidatorSet(V) ∧ ValidEvidence(Q) ∧ ConsistentState(H)`
docs/CCS_Core_Specification_v1.0.md:109:- `ValidEvidence(Q)`: `Q` meets the quorum threshold for `V`.
docs/CCS_Core_Specification_v1.0.md:11:This document defines the core mathematical framework of Constitutional
docs/CCS_Core_Specification_v1.0.md:121:### 4.3 Constitutional Transition Rules
docs/CCS_Core_Specification_v1.0.md:136:### 4.4 Constitutional Monotonicity
docs/CCS_Core_Specification_v1.0.md:139:Constitutional authority does not regress across legitimate transitions.
docs/CCS_Core_Specification_v1.0.md:142:### 4.5 Constitutional Conservation
docs/CCS_Core_Specification_v1.0.md:144:quantity: **Constitutional Continuity**.
docs/CCS_Core_Specification_v1.0.md:151:Constitutional authority cannot appear spontaneously; it must have a
docs/CCS_Core_Specification_v1.0.md:156:## 5. The Central Theorem
docs/CCS_Core_Specification_v1.0.md:158:**Constitutional Authority Uniqueness Theorem:**
docs/CCS_Core_Specification_v1.0.md:173:1. Provides concrete implementations of `Context`, `Authority`, `Evidence`,
docs/CCS_Core_Specification_v1.0.md:176:3. Maintains Constitutional Monotonicity and Constitutional Conservation.
docs/CCS_Core_Specification_v1.0.md:1:# Constitutional Computational Systems (CCS)
docs/CCS_Core_Specification_v1.0.md:26:### 2.1 Constitutional Context
docs/CCS_Core_Specification_v1.0.md:47:- `Q` (Quorum Evidence): A verifiable proof that at least a threshold number
docs/CCS_Core_Specification_v1.0.md:53:### 2.3 Constitutional Evidence
docs/CCS_Core_Specification_v1.0.md:54:**Constitutional evidence** `E` is a verifiable proof that:
docs/CCS_Core_Specification_v1.0.md:59:Evidence is the mechanism through which consensus contributes to CCS,
docs/CCS_Core_Specification_v1.0.md:62:### 2.4 Constitutional Transition
docs/CCS_Core_Specification_v1.0.md:74:`∀ Q, C : ValidEvidence(Q) ⇏ Authority(Q, C)`
docs/CCS_Core_Specification_v1.0.md:79:### Axiom 2: Constitutional Determinism
docs/CCS_Core_Specification_v1.0.md:91:### Axiom 4: Constitutional Recoverability
docs/CCS_Core_Specification_v1.0.md:92:`∃ F : F(Evidence, Context) = Authority`
docs/CCS_Core_Specification_v1.1.md:115:### 4.3 Constitutional Monotonicity
docs/CCS_Core_Specification_v1.1.md:118:Constitutional authority does not regress across legitimate transitions.
docs/CCS_Core_Specification_v1.1.md:121:### 4.4 Constitutional Conservation
docs/CCS_Core_Specification_v1.1.md:123:quantity: **Constitutional Continuity**.
docs/CCS_Core_Specification_v1.1.md:130:**Constitutional authority cannot appear spontaneously.**
docs/CCS_Core_Specification_v1.1.md:136:## 5. Theorems (Proven Consequences of the Axioms)
docs/CCS_Core_Specification_v1.1.md:138:### Theorem 1: Authority Uniqueness
docs/CCS_Core_Specification_v1.1.md:143:Axiom 2 (Constitutional Determinism).
docs/CCS_Core_Specification_v1.1.md:150:1. Provide concrete implementations of `Context`, `Authority`, `Evidence`,
docs/CCS_Core_Specification_v1.1.md:153:3. Maintain Constitutional Monotonicity and Constitutional Conservation.
docs/CCS_Core_Specification_v1.1.md:1:# Constitutional Computational Systems (CCS)
docs/CCS_Core_Specification_v1.1.md:25:### 2.1 Constitutional Context
docs/CCS_Core_Specification_v1.1.md:43:where `E`, `V`, `H` are as defined in the context, and `Q` (Quorum Evidence)
docs/CCS_Core_Specification_v1.1.md:51:### 2.3 Constitutional Evidence
docs/CCS_Core_Specification_v1.1.md:52:**Constitutional evidence** is a verifiable proof that:
docs/CCS_Core_Specification_v1.1.md:57:Evidence is the mechanism through which consensus contributes to CCS,
docs/CCS_Core_Specification_v1.1.md:60:### 2.4 Constitutional Transition
docs/CCS_Core_Specification_v1.1.md:72:`∀ Q, C : ValidEvidence(Q) ⇏ Authority(Q, C)`
docs/CCS_Core_Specification_v1.1.md:77:### Axiom 2: Constitutional Determinism (Foundational Axiom)
docs/CCS_Core_Specification_v1.1.md:86:### Axiom 3: Constitutional Recoverability
docs/CCS_Core_Specification_v1.1.md:87:`∃ F : F(Evidence, Context) = Authority`
docs/CCS_Core_Specification_v1.1.md:96:### 4.1 Constitutional Context Validity
docs/CCS_RUNTIME_MAPPING.md:15:| Evidence `E` | `QuorumCertificate` | Carries position, votes, signatures |
docs/CCS_RUNTIME_MAPPING.md:18:| Authority | `ConstitutionalCertificate` | Chain of trust from genesis |
docs/CCS_RUNTIME_MAPPING.md:20:| CC (Comparability) | Evidence ordering | QC weight, epoch priority |
docs/CCS_RUNTIME_MAPPING.md:25:3. No standalone `ConstitutionalEvidence` module – logic scattered across
docs/CONSTITUTIONAL_AUDIT.md:12:| CCS Concept | Implementation Status | Evidence |
docs/CONSTITUTIONAL_AUDIT.md:16:| **Constitutional Evidence** | ✅ Implemented | QC structure with BLS aggregated signatures (V3-005D) |
docs/CONSTITUTIONAL_AUDIT.md:1:# AmunChain v0.6 – Constitutional Audit
docs/CONSTITUTIONAL_AUDIT.md:20:| **Validator Amendment** | ✅ Implemented | V3-007A: Constitutional validator set update via consensus |
docs/CONSTITUTIONAL_AUDIT.md:22:| **Constitutional Comparability (CC)** | ✅ Partially implemented | Evidence ordering exists but not formalized as standalone module |
docs/CONSTITUTIONAL_AUDIT.md:24:| **Constitutional Pruning** | ✅ Implemented | Dead branches eliminated by epoch/evidence/conflict rules |
docs/CONSTITUTIONAL_AUDIT.md:25:| **Formal Verification** | ❌ Not implemented | TLA+ specification exists in docs but not machine-checked |
docs/CONSTITUTIONAL_AUDIT.md:26:| **Constitutional Governance** | ⚠️ Minimal | Validator set updates only; no on-chain voting or proposals |
docs/CONSTITUTIONAL_AUDIT.md:31:1. **Formal Verification (TLA+)** – CCS axioms documented but not mechanically verified
docs/CONSTITUTIONAL_AUDIT.md:32:2. **Context Unification** – E, V, H exist separately; should be unified as ConstitutionalContext
docs/CONSTITUTIONAL_AUDIT.md:33:3. **Constitutional Governance** – Only validator amendments; needs proposal/voting framework
docs/CONSTITUTIONAL_AUDIT.md:36:4. **Constitutional Evidence Module** – QC verification scattered; should be dedicated module
docs/CONSTITUTIONAL_AUDIT.md:37:5. **Comparability Formalization** – Evidence ordering implicit; should be explicit
docs/CONSTITUTIONAL_AUDIT.md:44:**Begin with Constitutional Evidence Module.**
docs/CONSTITUTIONAL_MODEL.md:105:# Replayability
docs/CONSTITUTIONAL_MODEL.md:109:Replay is constitutional infrastructure.
docs/CONSTITUTIONAL_MODEL.md:113:# Constitutional Philosophy
docs/CONSTITUTIONAL_MODEL.md:15:# Constitutional Layers
docs/CONSTITUTIONAL_MODEL.md:1:# Constitutional Model
docs/CONSTITUTIONAL_MODEL.md:66:## Freeze Witnesses
docs/CONSTITUTIONAL_MODEL.md:78:# Constitutional Drift
docs/CRATE_ARCHITECTURE.md:119:## Layer 5 — Constitutional
docs/CRATE_ARCHITECTURE.md:121:Constitutional enforcement infrastructure.
docs/CRATE_ARCHITECTURE.md:137:Constitutional semantic interpretation.
docs/CRATE_ARCHITECTURE.md:173:Constitutional amendment handling.
docs/CRATE_ARCHITECTURE.md:195:## Layer 9 — Replay
docs/CRATE_ARCHITECTURE.md:201:Replay equivalence and divergence detection.
docs/CRATE_ARCHITECTURE.md:213:Replay semantic interpretation.
docs/CRATE_ARCHITECTURE.md:242:-> Constitutional
docs/CRATE_ARCHITECTURE.md:246:-> Replay
docs/DEVELOPER_GUIDE.md:128:| tools/check_constitution.sh | Constitutional verification |
docs/DEVELOPER_GUIDE.md:37:# Creating a New Crate
docs/DEVELOPER_GUIDE.md:67:# Constitutional Rules
docs/DOCS_INDEX.md:124:Constitutional Mathematics (Phases 111-116)
docs/DOCS_INDEX.md:153:    Evidence bundle specification for audits.
docs/DOCS_INDEX.md:155:    Constitutional audit methodology.
docs/DOCS_INDEX.md:158:Validation Evidence (NV-01 through NV-08)
docs/DOCS_INDEX.md:23:    Replay protection through domain-separated signing payloads.
docs/DOCS_INDEX.md:261:    N21: Constitutional identity system.
docs/DOCS_INDEX.md:265:    N48.5A: Constitutional programs specification.
docs/DOCS_INDEX.md:267:    N48.5B: Constitutional resource model.
docs/DOCS_INDEX.md:273:    N48.5D: Constitutional virtual machine.
docs/DOCS_INDEX.md:275:    N48.5E: Constitutional runtime.
docs/DOCS_INDEX.md:283:    N106-N107: Constitutional authority and governance.
docs/DOCS_INDEX.md:297:    Constitutional model overview.
docs/DOCS_INDEX.md:308:Protocol Laws & Formal Specifications
docs/DOCS_INDEX.md:311:    Replay physics v1.
docs/DOCS_INDEX.md:317:    Replay law.
docs/DOCS_INDEX.md:319:    Replay model.
docs/DOCS_INDEX.md:325:    Constitutional layers overview.
docs/DOCS_INDEX.md:327:    Constitutional topology.
docs/DOCS_INDEX.md:365:    v2.027: Formal constitutional state.
docs/DOCS_INDEX.md:381:    V6.004: Constitutional selection principle.
docs/DOCS_INDEX.md:385:    V6.006: Constitutional convergence.
docs/DOCS_INDEX.md:387:    V6.007: Constitutional preference.
docs/DOCS_INDEX.md:389:    V6.008: Constitutional resolution.
docs/DOCS_INDEX.md:391:    V6.009: Constitutional meta-resolution.
docs/DOCS_INDEX.md:393:    V6.010: Constitutional constraint principle.
docs/DOCS_INDEX.md:395:    V7.001: Constitutional derivability.
docs/DOCS_INDEX.md:399:    V7.003: Constitutional reduction.
docs/DOCS_INDEX.md:401:    V7.004: Constitutional confluence.
docs/DOCS_INDEX.md:403:    V7.005: Constitutional pruning.
docs/DOCS_INDEX.md:405:    V7.006: Constitutional exclusion.
docs/DOCS_INDEX.md:409:    V7.008: Constitutional closure.
docs/DOCS_INDEX.md:417:    V8.002: Constitutional comparability.
docs/DOCS_INDEX.md:425:    Constitutional kernel overview.
docs/DOCS_INDEX.md:429:    Appendix A: Formal definitions and proofs.
docs/DOCS_INDEX.md:435:    Replay cost analysis.
docs/DOCS_INDEX.md:457:    Replay checkpoint fixtures.
docs/DOCS_INDEX.md:459:    Replay divergence fixtures.
docs/DOCS_INDEX.md:461:    Replay equivalence fixtures.
docs/DOCS_INDEX.md:463:    Replay genesis fixtures.
docs/DOCS_INDEX.md:480:Proof & Evidence Templates
docs/DOCS_INDEX.md:91:    Replay determinism law for storage.
docs/N105_CRYPTOGRAPHIC_VALIDATOR_IDENTITY.md:53:Vote forgery resistance is achieved because without the private key, an attacker cannot produce a valid signature for a given voter_id. The registry ensures that only known validators can attempt to vote. Sybil resistance is enforced because the registry is populated from certificates signed by the authority. An attacker cannot inject fake validators. In a production setting, the authority would be the genesis trust anchor set. Replay protection is provided by the signing payload, which includes the height, block hash, and timestamp, binding each vote to a specific consensus round. The authority key is currently hardcoded to the seed 0x42, which is acceptable for test clusters. In production, this key must be distributed via genesis configuration and protected. Certificate integrity is verified at load time. A tampered certificate will cause a panic in test clusters or an error in production loading code, preventing the node from participating.
docs/N106_N107_CONSTITUTIONAL_AUTHORITY_AND_GOVERNANCE.md:116:### ConstitutionalAuthority
docs/N106_N107_CONSTITUTIONAL_AUTHORITY_AND_GOVERNANCE.md:118:The ConstitutionalAuthority struct defines a versioned authority with an ID derived
docs/N106_N107_CONSTITUTIONAL_AUTHORITY_AND_GOVERNANCE.md:126:ConstitutionalAuthority objects. It tracks the active version and an optional
docs/N106_N107_CONSTITUTIONAL_AUTHORITY_AND_GOVERNANCE.md:158:ConstitutionalAuthority. ScheduleTransition validates both versions exist and
docs/N106_N107_CONSTITUTIONAL_AUTHORITY_AND_GOVERNANCE.md:1:# N106 & N107: Constitutional Authority and Governance
docs/N106_N107_CONSTITUTIONAL_AUTHORITY_AND_GOVERNANCE.md:36:containing ConstitutionalAuthority, AuthorityRegistry, GovernanceProposal, ProposalVotes,
docs/N106_N107_CONSTITUTIONAL_AUTHORITY_AND_GOVERNANCE.md:55:and version number. From this, a ConstitutionalAuthority object is created and used to
docs/N110_COMPLETE.md:150:3. The system does not yet have evidence gossip.  Evidence
docs/N110_COMPLETE.md:153:   that references unknown evidence IDs.  Evidence
docs/N110_COMPLETE.md:52:  EvidenceRecord stored in EvidenceStore .................. N109.10
docs/N110_COMPLETE.md:87:N109.10            Evidence store ........................ 11
docs/N126_FINAL_BASELINE.md:1:N126 — Evidence-Based Constitutional Enforcement Baseline
docs/N126_FINAL_BASELINE.md:22:    Block → QC → ConstitutionalEnforcementKernel → ConstitutionalVerdict → Commit/Reject
docs/N126_FINAL_BASELINE.md:24:Constitutional Laws Status
docs/N126_FINAL_BASELINE.md:30:5.  SlashingEvidenceBinding   = all certs have non-empty evidence_ids  REAL
docs/N126_FINAL_BASELINE.md:32:7.  ReplayDeterminism         = cert.state_root != [0u8; 32]           PARTIAL
docs/N126_FINAL_BASELINE.md:35:10. EvidenceValidity          = all certs pass .verify()               REAL
docs/N126_FINAL_BASELINE.md:45:1. ReplayVerifier integration (ReplayDeterminism)
docs/N126_FINAL_BASELINE.md:51:Estimated Constitutional Maturity: ~75-80%
docs/PHASE_84_UNIFICATION.md:13:### 1. Constitutional Context (`ConstitutionalContext`)
docs/PHASE_84_UNIFICATION.md:17:### 2. Constitutional Evidence (`ConstitutionalEvidence`)
docs/PHASE_84_UNIFICATION.md:24:  2. **Constitutional Membership (Exclusion `⇍_C`)**: Rejects foreign evidence.
docs/PHASE_84_UNIFICATION.md:25:  3. **Evidence Strength (Comparability `CC`)**: Ensures quorum, preventing conflicting authorities.
docs/PHASE_84_UNIFICATION.md:30:- **Before:** CCS theory spoke of `Context` and `Evidence`, while the runtime used `Epoch`, `ValidatorSet`, and `QC` independently.
docs/PROJECT_INDEX.md:103:| docs/REPLAY_LAW.md | Replay legal semantics |
docs/PROJECT_INDEX.md:117:| docs/architecture/constitution.yaml | Constitutional architecture map |
docs/PROJECT_INDEX.md:127:| docs/protocol/replay_physics_v1.md | Replay physics |
docs/PROJECT_INDEX.md:131:## Constitutional Evolution
docs/PROJECT_INDEX.md:137:| docs/constitutional/topology.md | Constitutional topology |
docs/PROJECT_INDEX.md:141:## Formal Models
docs/PROJECT_INDEX.md:145:| docs/tla/AmunConsensus.tla | Formal TLA+ model |
docs/PROJECT_INDEX.md:149:# Constitutional Principles
docs/PROJECT_INDEX.md:151:## Constitutional Authority
docs/PROJECT_INDEX.md:159:## Replayability
docs/PROJECT_INDEX.md:171:## Constitutional Identity
docs/PROJECT_INDEX.md:51:| crates/ | Constitutional crates |
docs/PROJECT_INDEX.md:53:| constitution/ | Constitutional specifications |
docs/PROJECT_INDEX.md:55:| fixtures/ | Replay and snapshot fixtures |
docs/PROJECT_INDEX.md:62:## Constitutional Specifications
docs/PROJECT_INDEX.md:86:| constitution/consensus/REPLAY_DETERMINISM_LAW.md | Replay guarantees |
docs/PROJECT_INDEX.md:96:| docs/CONSTITUTIONAL_MODEL.md | Constitutional ontology |
docs/PROJECT_INDEX.md:97:| docs/REPLAY_MODEL.md | Replay semantics |
docs/PROTOCOL_HARDENING_ROADMAP.md:18:## Phase 3: Replay Certification
docs/PROTOCOL_HARDENING_ROADMAP.md:21:- [ ] Replay certificate generation
docs/PROTOCOL_HARDENING_ROADMAP.md:22:- [ ] Replay attack proof system
docs/PROTOCOL_HARDENING_ROADMAP.md:32:## Phase 5: Storage Proofs
docs/PROTOCOL_HARDENING_ROADMAP.md:6:- [ ] Formal safety proofs for finality
docs/REPLAY_LAW.md:109:Replay-equivalent iff:
docs/REPLAY_LAW.md:142:ReplayHash = H(Transcript)
docs/REPLAY_LAW.md:155:        Witness1 ||
docs/REPLAY_LAW.md:156:        Witness2 ||
docs/REPLAY_LAW.md:157:        Witness3
docs/REPLAY_LAW.md:15:Replay guarantees:
docs/REPLAY_LAW.md:166:Replay certificate proves:
docs/REPLAY_LAW.md:188:Replay MUST fail if:
docs/REPLAY_LAW.md:258:Replay security depends on:
docs/REPLAY_LAW.md:269:Replay law applies to:
docs/REPLAY_LAW.md:26:Replay(GenesisState, Transcript) = FinalState
docs/REPLAY_LAW.md:280:Replay does NOT guarantee:
docs/REPLAY_LAW.md:28:ReplayHash = OriginalReplayHash
docs/REPLAY_LAW.md:290:Replay Model:
docs/REPLAY_LAW.md:296:Proof:
docs/REPLAY_LAW.md:30:Replay MUST always produce identical output.
docs/REPLAY_LAW.md:325:Replay becomes frozen after:
docs/REPLAY_LAW.md:334:Replay is the constitutional heart of AmunChain.
docs/REPLAY_LAW.md:36:Replay is defined as:
docs/REPLAY_LAW.md:3:## Phase 81 — Deterministic Replay Constitution
docs/REPLAY_LAW.md:40:Replay is NOT:
docs/REPLAY_LAW.md:51:Replay input:
docs/REPLAY_LAW.md:54:- Constitutional Rules
docs/REPLAY_LAW.md:61:Replay output:
docs/REPLAY_LAW.md:64:- Replay Transcript Hash
docs/REPLAY_LAW.md:65:- Replay Certificate
docs/REPLAY_LAW.md:73:Transcript = Vec<VerifiedTransitionWitness>
docs/REPLAY_MODEL.md:11:# Replay Guarantees
docs/REPLAY_MODEL.md:1:# Replay Model
docs/REPLAY_MODEL.md:28:Replay may not depend on:
docs/REPLAY_MODEL.md:38:Replay divergence must always be detectable.
docs/REPLAY_MODEL.md:48:# Replay DAG
docs/REPLAY_MODEL.md:50:Replay execution is modeled as a DAG.
docs/REPLAY_MODEL.md:5:Replay is a constitutional guarantee.
docs/REPLAY_MODEL.md:60:# Replay Certificates
docs/REPLAY_MODEL.md:62:Replay certificates prove:
docs/REPLAY_MODEL.md:70:# Replay Philosophy
docs/REPLAY_MODEL.md:72:Replay is constitutional historical reconstruction.
docs/REPOSITORY_LAYOUT.md:133:## Constitutional Layer
docs/REPOSITORY_LAYOUT.md:135:Constitutional semantic enforcement.
docs/REPOSITORY_LAYOUT.md:17:| crates/ | Constitutional Rust crates |
docs/REPOSITORY_LAYOUT.md:19:| constitution/ | Formal constitutional specifications |
docs/REPOSITORY_LAYOUT.md:206:## Replay Layer
docs/REPOSITORY_LAYOUT.md:21:| fixtures/ | Replay and snapshot test fixtures |
docs/REPOSITORY_LAYOUT.md:247:| REPLAY_MODEL.md | Replay semantics |
docs/REPOSITORY_LAYOUT.md:249:| CONSTITUTIONAL_MODEL.md | Constitutional ontology |
docs/REPOSITORY_LAYOUT.md:257:Formal constitutional artifacts.
docs/REPOSITORY_LAYOUT.md:273:| layers.toml | Constitutional layer map |
docs/REPOSITORY_LAYOUT.md:274:| taxonomy.md | Constitutional taxonomy |
docs/REPOSITORY_LAYOUT.md:27:| CHANGELOG.md | Constitutional evolution history |
docs/REPOSITORY_LAYOUT.md:295:| check_constitution.sh | Constitutional validation |
docs/REPOSITORY_LAYOUT.md:335:## Constitutional Importance
docs/SECURITY_MODEL.md:39:## Replay Divergence
docs/SECURITY_MODEL.md:59:# Constitutional Security Principle
docs/V0_3_COMPLETION.md:16:| 3. Constitutional Evidence | QC verification, validator set binding | ✅ |
docs/V0_3_COMPLETION.md:19:| 6. Constitutional Governance | Validator set updates, epoch transitions, authority recovery | ✅ |
docs/V0_3_COMPLETION.md:1:# AmunChain v0.3 – Constitutional Authority Layer – Complete
docs/V0_3_COMPLETION.md:22:**Authority = Cryptographic Proof + Validator Set Binding + Epoch Context + Constitutional Legitimacy**
docs/V0_3_COMPLETION.md:24:## Next Phase: v0.4 – Formal Constitutional Theory
docs/V0_3_COMPLETION.md:25:- Formal CCS model
docs/V2_003_DISCOVERY.md:36:## New Research Question (V2-004)
docs/V2_016G_PARTITION_SAFETY_RECOVERY.md:17:V2-017: Constitutional Reconciliation Protocol (exchange highest QC, locked block, commit certificate)
docs/V2_026_ADVERSARIAL_RECONCILIATION.md:1:# V2-026: Adversarial Reconciliation – Constitutional State Arbitration
docs/V2_026_ADVERSARIAL_RECONCILIATION.md:20:## Constitutional Rules Validated
docs/V2_027_FORMAL_CONSTITUTIONAL_STATE.md:12:- **Formal evidence transfer:** All 40 nodes converged on height=1.
docs/V2_027_FORMAL_CONSTITUTIONAL_STATE.md:15:## Constitutional Authority Levels
docs/V2_027_FORMAL_CONSTITUTIONAL_STATE.md:16:| Level | Evidence | Authority |
docs/V2_027_FORMAL_CONSTITUTIONAL_STATE.md:1:# V2-027: Formal Constitutional State Transfer
docs/V3_005D_QC_CRYPTOGRAPHIC_PROOF.md:20:- Constitutional evidence relied on structural checks.
docs/V3_005D_QC_CRYPTOGRAPHIC_PROOF.md:24:- Constitutional evidence can verify the proof mathematically.
docs/V3_005D_QC_CRYPTOGRAPHIC_PROOF.md:28:V3-006: Byzantine Constitutional Attacks – now that QCs carry real crypto,
docs/V3_006D_FOREIGN_AUTHORITY.md:26:**Authority = Cryptography + Constitutional Membership + Epoch + Validator Set Binding**
docs/V3_006D_FOREIGN_AUTHORITY.md:30:## Next Phase: V3-007 Constitutional Governance
docs/V3_006D_FOREIGN_AUTHORITY.md:32:- Constitutional voting
docs/V3_006_BYZANTINE_CONSTITUTIONAL_ATTACKS.md:1:# V3-006: Byzantine Constitutional Attacks – All Rejected
docs/V4_002_003_CCS_THEORY_NUCLEUS.md:118:- **V4-005:** Formal TLA+ specification of the CCS model.
docs/V4_002_003_CCS_THEORY_NUCLEUS.md:119:- **V4-006:** Mechanized proof of the Authority Uniqueness Theorem.
docs/V4_002_003_CCS_THEORY_NUCLEUS.md:120:- **V4-007:** Paper draft: "A Mathematical Framework for Constitutional
docs/V4_002_003_CCS_THEORY_NUCLEUS.md:16:**Constitutional Computational Systems (CCS)** introduce a new primitive: the
docs/V4_002_003_CCS_THEORY_NUCLEUS.md:17:**Constitutional Context**. The transition function becomes:
docs/V4_002_003_CCS_THEORY_NUCLEUS.md:19:> **(Context, State) × Evidence → AuthorizedTransitions**
docs/V4_002_003_CCS_THEORY_NUCLEUS.md:27:## 2. The Constitutional Space (ℂ)
docs/V4_002_003_CCS_THEORY_NUCLEUS.md:31:- **Objects** are `ConstitutionalContext` tuples: `C = (E, V, Q, H)`
docs/V4_002_003_CCS_THEORY_NUCLEUS.md:58:`∃ F : F(Evidence, Context) = Authority`
docs/V4_002_003_CCS_THEORY_NUCLEUS.md:76:Constitutional authority is partially ordered by epoch. Evidence from an
docs/V4_002_003_CCS_THEORY_NUCLEUS.md:81:## 4. Constitutional Temporal Logic
docs/V4_002_003_CCS_THEORY_NUCLEUS.md:94:2. **Liveness:** `◇(Evidence(Q, V) → Authorized(commit, C))`
docs/V4_002_003_CCS_THEORY_NUCLEUS.md:98:3. **Recovery:** `□(Evidence(Q, C) → ◇Authorized(recover, C))`
docs/V5_CCS_COMPLETE_RESEARCH_PROGRAM.md:15:- **Constitutional Context** `C ∈ ℂ`
docs/V5_CCS_COMPLETE_RESEARCH_PROGRAM.md:17:- **Constitutional Evidence** `E`
docs/V5_CCS_COMPLETE_RESEARCH_PROGRAM.md:18:- **Constitutional Transition** `τ : C₁ → C₂`
docs/V5_CCS_COMPLETE_RESEARCH_PROGRAM.md:24:- **Constitutional Determinism:** `∀ C : ∃! A = Authority(C)`
docs/V5_CCS_COMPLETE_RESEARCH_PROGRAM.md:25:- **Recoverability:** `∃ F : F(Evidence, Context) = Authority`
docs/V5_CCS_COMPLETE_RESEARCH_PROGRAM.md:30:- **Context Validity:** `ValidContext(C) iff ValidEpoch(C) ∧ ValidValidatorSet(C) ∧ ValidEvidence(C) ∧ ConsistentState(C)`
docs/V5_CCS_COMPLETE_RESEARCH_PROGRAM.md:31:- **Category Morphisms:** Constitutional transitions as category arrows
docs/V5_CCS_COMPLETE_RESEARCH_PROGRAM.md:35:### V5-001: Independence Proof
docs/V5_CCS_COMPLETE_RESEARCH_PROGRAM.md:40:### V5-002: Constitutional Conservation
docs/V5_CCS_COMPLETE_RESEARCH_PROGRAM.md:42:- Hypothesis: The conserved quantity is **Constitutional Continuity** – every
docs/V5_CCS_COMPLETE_RESEARCH_PROGRAM.md:46:### V5-003: Constitutional Monotonicity
docs/V5_CCS_COMPLETE_RESEARCH_PROGRAM.md:52:- Objects: Constitutional Contexts
docs/V5_CCS_COMPLETE_RESEARCH_PROGRAM.md:53:- Morphisms: Constitutional Transitions
docs/V5_CCS_COMPLETE_RESEARCH_PROGRAM.md:56:### V5-005: Constitutional Context Validity
docs/V5_CCS_COMPLETE_RESEARCH_PROGRAM.md:58:`ValidContext(C) iff ValidEpoch(C) ∧ ValidValidatorSet(C) ∧ ValidEvidence(C) ∧ ConsistentState(C)`
docs/V5_CCS_COMPLETE_RESEARCH_PROGRAM.md:59:With this, Constitutional Determinism becomes:
docs/V5_CCS_COMPLETE_RESEARCH_PROGRAM.md:65:What would falsify Constitutional Determinism?
docs/V5_CCS_COMPLETE_RESEARCH_PROGRAM.md:7:**Constitutional Determinism:**
docs/V5_CCS_COMPLETE_RESEARCH_PROGRAM.md:86:| v0.3    | Constitutional Authority Layer |
docs/V5_CCS_COMPLETE_RESEARCH_PROGRAM.md:8:Constitutional authority is not produced by consensus; it is uniquely determined
docs/V5_CCS_COMPLETE_RESEARCH_PROGRAM.md:91:1. Formal CCS specification (independent of AmunChain)
docs/V5_CCS_COMPLETE_RESEARCH_PROGRAM.md:94:4. Academic publication: "Constitutional Computational Systems: A Mathematical
docs/V5_CCS_RESEARCH_PROGRAM.md:102:1. Formal CCS specification (independent of AmunChain)
docs/V5_CCS_RESEARCH_PROGRAM.md:105:4. Academic publication: "Constitutional Computational Systems: A Mathematical
docs/V5_CCS_RESEARCH_PROGRAM.md:14:### V5-001: Independence Proof
docs/V5_CCS_RESEARCH_PROGRAM.md:25:### V5-002: Constitutional Conservation
docs/V5_CCS_RESEARCH_PROGRAM.md:42:### V5-003: Constitutional Monotonicity
docs/V5_CCS_RESEARCH_PROGRAM.md:55:- Objects are Constitutional Contexts
docs/V5_CCS_RESEARCH_PROGRAM.md:56:- Morphisms are Constitutional Transitions (justified by evidence)
docs/V5_CCS_RESEARCH_PROGRAM.md:65:### V5-005: Constitutional Context Validity (NEW)
docs/V5_CCS_RESEARCH_PROGRAM.md:72:`ValidContext(C) iff ValidEpoch(C) ∧ ValidValidatorSet(C) ∧ ValidEvidence(C) ∧ ConsistentState(C)`
docs/V5_CCS_RESEARCH_PROGRAM.md:74:With this, the Constitutional Determinism hypothesis becomes more precise:
docs/V5_CCS_RESEARCH_PROGRAM.md:7:**Constitutional Determinism:**
docs/V5_CCS_RESEARCH_PROGRAM.md:8:Constitutional authority is not produced by consensus; it is uniquely determined
docs/V5_CCS_RESEARCH_PROGRAM.md:94:| v0.3    | Constitutional Authority Layer |
docs/V6_001_GEOMETRY_OF_AUTHORITY.md:37:### 2.1 Constitutional Space (ℙ)
docs/V6_001_GEOMETRY_OF_AUTHORITY.md:46:- `E` (Epoch): Constitutional time
docs/V6_001_GEOMETRY_OF_AUTHORITY.md:54:This ordering is called **Constitutional Reachability**.
docs/V6_001_GEOMETRY_OF_AUTHORITY.md:58:## 3. Axioms of Constitutional Space
docs/V6_001_GEOMETRY_OF_AUTHORITY.md:76:position. **Constitutional authority cannot appear spontaneously.**
docs/V6_001_GEOMETRY_OF_AUTHORITY.md:85:Constitutional transitions advance (or preserve) authority
docs/V6_002_PATHS_NOT_POINTS.md:117:Axiom 2. No separate "Acyclicity Theorem" is needed.
docs/V6_002_PATHS_NOT_POINTS.md:148:introduction of Constitutional Determinism in v0.4.
docs/V6_002_PATHS_NOT_POINTS.md:45:### 2.1 Constitutional Graph (G)
docs/V6_002_PATHS_NOT_POINTS.md:47:- `V` (vertices): Constitutional contexts
docs/V6_002_PATHS_NOT_POINTS.md:52:### 2.2 Constitutional Path
docs/V6_003_CANONICALIZATION.md:110:- V3-007A: Constitutional amendments create forks in `G`.
docs/V6_003_CANONICALIZATION.md:28:### Layer 1: Constitutional Possibility Graph (G)
docs/V6_003_CANONICALIZATION.md:37:### Layer 2: Constitutional Authority Chain (Λ)
docs/V6_003_CANONICALIZATION.md:54:- **Constitutional:** The selection follows the rules of the
docs/V6_003_CANONICALIZATION.md:63:**Constitutional Authority** is the canonical path `Λ` selected by
docs/V6_003_CANONICALIZATION.md:75:### Axiom 2: Constitutional Determinism (Final Form)
docs/V6_003_CANONICALIZATION.md:86:### Axiom 4: Constitutional Monotonicity
docs/V6_004_CONSTITUTIONAL_SELECTION_PRINCIPLE.md:109:CCS is a theory of **Constitutional Continuity.**
docs/V6_004_CONSTITUTIONAL_SELECTION_PRINCIPLE.md:122:1. Formalize `ConstitutionalContinuity` as a measurable quantity.
docs/V6_004_CONSTITUTIONAL_SELECTION_PRINCIPLE.md:140:It is **Constitutional Continuity.**
docs/V6_004_CONSTITUTIONAL_SELECTION_PRINCIPLE.md:19:**Constitutional Continuity Maximization.**
docs/V6_004_CONSTITUTIONAL_SELECTION_PRINCIPLE.md:1:# CCS v0.6 – V6-004: Constitutional Selection Principle
docs/V6_004_CONSTITUTIONAL_SELECTION_PRINCIPLE.md:25:**Constitutional Selection Principle:**
docs/V6_004_CONSTITUTIONAL_SELECTION_PRINCIPLE.md:29:Formally:
docs/V6_004_CONSTITUTIONAL_SELECTION_PRINCIPLE.md:30:`Λ ∈ argmax_{π ∈ Paths(G)} ConstitutionalContinuity(π)`
docs/V6_004_CONSTITUTIONAL_SELECTION_PRINCIPLE.md:32:where `ConstitutionalContinuity(π)` is a measure of:
docs/V6_004_CONSTITUTIONAL_SELECTION_PRINCIPLE.md:40:## 2. The Key Theorem (Conjecture)
docs/V6_004_CONSTITUTIONAL_SELECTION_PRINCIPLE.md:42:**Constitutional Authority Theorem:**
docs/V6_004_CONSTITUTIONAL_SELECTION_PRINCIPLE.md:49:`ConstitutionalContinuity`.
docs/V6_004_CONSTITUTIONAL_SELECTION_PRINCIPLE.md:69:## 4. Constitutional Continuity (Formal Conjecture)
docs/V6_004_CONSTITUTIONAL_SELECTION_PRINCIPLE.md:71:`ConstitutionalContinuity(π)` may be defined as:
docs/V6_004_CONSTITUTIONAL_SELECTION_PRINCIPLE.md:88:The Constitutional Selection Principle is consistent with all
docs/V6_005_CONTINUITY_ORDERING.md:109:2. Is there a natural "Constitutional Distance" derived from `≼`?
docs/V6_005_CONTINUITY_ORDERING.md:119:Constitutional continuity may not be a number.
docs/V6_005_CONTINUITY_ORDERING.md:1:# CCS v0.6 – V6-005: Constitutional Continuity Ordering
docs/V6_005_CONTINUITY_ORDERING.md:42:## 2. The Constitutional Continuity Order (≼)
docs/V6_005_CONTINUITY_ORDERING.md:55:Constitutional continuity increases (or stays equal) with legitimate
docs/V6_005_CONTINUITY_ORDERING.md:58:### Axiom C3: Evidence Consistency
docs/V6_005_CONTINUITY_ORDERING.md:79:## 3. The Key Theorem (Conjecture)
docs/V6_005_CONTINUITY_ORDERING.md:81:**Constitutional Authority Theorem (Order Version):**
docs/V6_006_CONSTITUTIONAL_CONVERGENCE.md:102:CCS is a theory of **Constitutional Convergence.**
docs/V6_006_CONSTITUTIONAL_CONVERGENCE.md:115:1. Formal proof that `(Paths(G), ≼)` is a join-semilattice.
docs/V6_006_CONSTITUTIONAL_CONVERGENCE.md:116:2. Formal proof that the supremum is unique and canonical.
docs/V6_006_CONSTITUTIONAL_CONVERGENCE.md:1:# CCS v0.6 – V6-006: Constitutional Convergence Principle
docs/V6_006_CONSTITUTIONAL_CONVERGENCE.md:21:This suggests a deeper principle: **Constitutional Convergence.**
docs/V6_006_CONSTITUTIONAL_CONVERGENCE.md:27:**Constitutional Convergence Principle:**
docs/V6_006_CONSTITUTIONAL_CONVERGENCE.md:32:Formally:
docs/V6_006_CONSTITUTIONAL_CONVERGENCE.md:39:## 2. The Constitutional Merge (⊔)
docs/V6_006_CONSTITUTIONAL_CONVERGENCE.md:52:## 3. The Central Theorem (Conjecture)
docs/V6_006_CONSTITUTIONAL_CONVERGENCE.md:54:**Constitutional Convergence Theorem:**
docs/V6_006_CONSTITUTIONAL_CONVERGENCE.md:67:If Constitutional Convergence holds:
docs/V6_006_CONSTITUTIONAL_CONVERGENCE.md:82:The Constitutional Convergence Principle is consistent with all
docs/V6_007_CONSTITUTIONAL_PREFERENCE.md:13:V6-006 proposed Constitutional Convergence as a join-semilattice of paths.
docs/V6_007_CONSTITUTIONAL_PREFERENCE.md:18:This suggests a deeper principle: **Constitutional Preference.**
docs/V6_007_CONSTITUTIONAL_PREFERENCE.md:1:# CCS v0.6 – V6-007: Constitutional Preference Principle
docs/V6_007_CONSTITUTIONAL_PREFERENCE.md:24:**Constitutional Preference Principle:**
docs/V6_007_CONSTITUTIONAL_PREFERENCE.md:30:Formally:
docs/V6_007_CONSTITUTIONAL_PREFERENCE.md:48:## 3. The Core Theorem (Conjecture)
docs/V6_007_CONSTITUTIONAL_PREFERENCE.md:50:**Constitutional Preference Theorem:**
docs/V6_007_CONSTITUTIONAL_PREFERENCE.md:61:## 4. Constitutional Preference Order (≺)
docs/V6_007_CONSTITUTIONAL_PREFERENCE.md:74:### Axiom P3: Evidence Priority
docs/V6_007_CONSTITUTIONAL_PREFERENCE.md:96:CCS is a theory of **Constitutional Preference.**
docs/V6_008_CONSTITUTIONAL_RESOLUTION.md:114:CCS is a theory of **Constitutional Resolution.**
docs/V6_008_CONSTITUTIONAL_RESOLUTION.md:1:# CCS v0.6 – V6-008: Constitutional Resolution Principle
docs/V6_008_CONSTITUTIONAL_RESOLUTION.md:21:## 1. Two Layers of Constitutional Existence
docs/V6_008_CONSTITUTIONAL_RESOLUTION.md:52:2. **Evidence Rule:** If epochs are equal, `π₁` dominates `π₂` if
docs/V6_008_CONSTITUTIONAL_RESOLUTION.md:53:   `Evidence(π₁)` is stronger (larger quorum, more valid signatures).
docs/V6_008_CONSTITUTIONAL_RESOLUTION.md:83:## 4. The Central Theorem
docs/V6_008_CONSTITUTIONAL_RESOLUTION.md:85:**Constitutional Resolution Theorem:**
docs/V6_009_CONSTITUTIONAL_META_RESOLUTION.md:119:CCS is a theory of **Constitutional Meta-Resolution.**
docs/V6_009_CONSTITUTIONAL_META_RESOLUTION.md:1:# CCS v0.6 – V6-009: Constitutional Meta-Resolution
docs/V6_009_CONSTITUTIONAL_META_RESOLUTION.md:59:## 3. The Meta-Theorem
docs/V6_009_CONSTITUTIONAL_META_RESOLUTION.md:61:**Constitutional Meta-Resolution Theorem:**
docs/V6_009_CONSTITUTIONAL_META_RESOLUTION.md:93:- Evidence strength
docs/V6_010_CONSTITUTIONAL_CONSTRAINT_PRINCIPLE.md:100:CCS is a theory of **Constitutional Constraints.**
docs/V6_010_CONSTITUTIONAL_CONSTRAINT_PRINCIPLE.md:104:2. **Constitutional Policy Space:** `ℜ_C`
docs/V6_010_CONSTITUTIONAL_CONSTRAINT_PRINCIPLE.md:118:CCS is a theory of **Constitutional Constraint.**
docs/V6_010_CONSTITUTIONAL_CONSTRAINT_PRINCIPLE.md:1:# CCS v0.6 – V6-010: Constitutional Constraint Principle
docs/V6_010_CONSTITUTIONAL_CONSTRAINT_PRINCIPLE.md:27:## 1. The Constitutional Constraint: Continuity Preservation
docs/V6_010_CONSTITUTIONAL_CONSTRAINT_PRINCIPLE.md:38:Formally:
docs/V6_010_CONSTITUTIONAL_CONSTRAINT_PRINCIPLE.md:45:## 2. Defining Constitutional Continuity (Recap)
docs/V6_010_CONSTITUTIONAL_CONSTRAINT_PRINCIPLE.md:58:## 3. The Constitutional Policy Space (ℜ_C)
docs/V6_010_CONSTITUTIONAL_CONSTRAINT_PRINCIPLE.md:68:## 4. The Central Theorem
docs/V6_010_CONSTITUTIONAL_CONSTRAINT_PRINCIPLE.md:70:**Constitutional Finality Theorem:**
docs/V6_010_CONSTITUTIONAL_CONSTRAINT_PRINCIPLE.md:88:- **Constitutional Determinism:** `Λ` is uniquely determined by `G` and `R`.
docs/V6_010_CONSTITUTIONAL_CONSTRAINT_PRINCIPLE.md:89:- **Constitutional Conservation:** `Λ` preserves continuity from `P₀`.
docs/V6_010_CONSTITUTIONAL_CONSTRAINT_PRINCIPLE.md:90:- **Constitutional Monotonicity:** Continuity only increases along `Λ`.
docs/V6_010_CONSTITUTIONAL_CONSTRAINT_PRINCIPLE.md:91:- **Constitutional Preference:** `Λ` is the continuity-maximizing path.
docs/V6_010_CONSTITUTIONAL_CONSTRAINT_PRINCIPLE.md:92:- **Constitutional Resolution:** `R` selects `Λ` from legitimate paths.
docs/V7_001_CONSTITUTIONAL_DERIVABILITY.md:114:Constitutional derivability.
docs/V7_001_CONSTITUTIONAL_DERIVABILITY.md:132:CCS is a theory of **Constitutional Derivability.**
docs/V7_001_CONSTITUTIONAL_DERIVABILITY.md:142:## 6. The Final Theorem
docs/V7_001_CONSTITUTIONAL_DERIVABILITY.md:144:**Constitutional Completeness Theorem:**
docs/V7_001_CONSTITUTIONAL_DERIVABILITY.md:152:In other words: **Constitutional derivability implies constitutional
docs/V7_001_CONSTITUTIONAL_DERIVABILITY.md:1:# CCS v0.7 – V7-001: Constitutional Derivability
docs/V7_001_CONSTITUTIONAL_DERIVABILITY.md:26:- **V6-010:** Constitutional continuity as primitive
docs/V7_001_CONSTITUTIONAL_DERIVABILITY.md:37:## 1. The Proposal: Constitutional Derivability (⊢_C)
docs/V7_001_CONSTITUTIONAL_DERIVABILITY.md:39:**Constitutional derivability** is the fundamental relation of CCS.
docs/V7_001_CONSTITUTIONAL_DERIVABILITY.md:50:## 2. Axioms of Constitutional Derivability
docs/V7_001_CONSTITUTIONAL_DERIVABILITY.md:60:Derivability is composable. Constitutional history is a chain.
docs/V7_001_CONSTITUTIONAL_DERIVABILITY.md:68:### Axiom D4: Evidence-Backed
docs/V7_002_DERIVABILITY_GEOMETRY.md:113:CCS is a theory of **Constitutional Derivability Geometry.**
docs/V7_002_DERIVABILITY_GEOMETRY.md:27:- Vertices: Constitutional contexts
docs/V7_002_DERIVABILITY_GEOMETRY.md:39:Constitutional history has a beginning and cannot regress infinitely.
docs/V7_002_DERIVABILITY_GEOMETRY.md:55:## 2. The Central Theorem
docs/V7_002_DERIVABILITY_GEOMETRY.md:57:**Derivability Geometry Theorem:**
docs/V7_003_CONSTITUTIONAL_REDUCTION.md:103:CCS is a **Constitutional Reduction System.**
docs/V7_003_CONSTITUTIONAL_REDUCTION.md:118:CCS is a theory of **Constitutional Reduction.**
docs/V7_003_CONSTITUTIONAL_REDUCTION.md:1:# CCS v0.7 – V7-003: Constitutional Reduction Logic
docs/V7_003_CONSTITUTIONAL_REDUCTION.md:20:V7-003 reformulates CCS as a **Constitutional Reduction System.**
docs/V7_003_CONSTITUTIONAL_REDUCTION.md:24:## 1. The Primitive Relation: Constitutional Reduction (⇒_C)
docs/V7_003_CONSTITUTIONAL_REDUCTION.md:35:## 2. Axioms of Constitutional Reduction
docs/V7_004_CONSTITUTIONAL_CONFLUENCE.md:147:CCS is a **Constitutional Confluence System.**
docs/V7_004_CONSTITUTIONAL_CONFLUENCE.md:161:CCS is a theory of **Constitutional Reduction with Confluence.**
docs/V7_004_CONSTITUTIONAL_CONFLUENCE.md:1:# CCS v0.7 – V7-004: Constitutional Confluence
docs/V7_004_CONSTITUTIONAL_CONFLUENCE.md:20:**Constitutional Confluence.**
docs/V7_004_CONSTITUTIONAL_CONFLUENCE.md:27:## 1. Axioms of Constitutional Confluence
docs/V7_004_CONSTITUTIONAL_CONFLUENCE.md:46:### Axiom CF4: Constitutional Confluence
docs/V7_004_CONSTITUTIONAL_CONFLUENCE.md:61:## 2. The Central Theorem
docs/V7_004_CONSTITUTIONAL_CONFLUENCE.md:63:**Constitutional Church-Rosser Theorem:**
docs/V7_005_CONSTITUTIONAL_PRUNING.md:114:- **Evidence Pruning:** `C₁, C₂ ∈ L_t`, `Evidence(C₂) > Evidence(C₁) ⇒ C₁ ∉ L_{t+1}`
docs/V7_005_CONSTITUTIONAL_PRUNING.md:124:CCS is a theory of **Constitutional Pruning.**
docs/V7_005_CONSTITUTIONAL_PRUNING.md:1:# CCS v0.7 – V7-005: Constitutional Pruning
docs/V7_005_CONSTITUTIONAL_PRUNING.md:21:V7-005 reformulates CCS as a **Constitutional Pruning System.**
docs/V7_005_CONSTITUTIONAL_PRUNING.md:43:## 2. Axioms of Constitutional Pruning
docs/V7_005_CONSTITUTIONAL_PRUNING.md:66:### Axiom P5: Pruning by Evidence
docs/V7_005_CONSTITUTIONAL_PRUNING.md:77:## 3. The Central Theorem
docs/V7_005_CONSTITUTIONAL_PRUNING.md:79:**Constitutional Pruning Theorem:**
docs/V7_006_CONSTITUTIONAL_EXCLUSION.md:104:CCS is a theory of **Constitutional Exclusion.**
docs/V7_006_CONSTITUTIONAL_EXCLUSION.md:129:Constitutional exclusion.
docs/V7_006_CONSTITUTIONAL_EXCLUSION.md:1:# CCS v0.7 – V7-006: Constitutional Exclusion
docs/V7_006_CONSTITUTIONAL_EXCLUSION.md:24:**Constitutional Exclusion.**
docs/V7_006_CONSTITUTIONAL_EXCLUSION.md:28:## 1. The Primitive Relation: Constitutional Exclusion (⇍_C)
docs/V7_006_CONSTITUTIONAL_EXCLUSION.md:39:## 2. Axioms of Constitutional Exclusion
docs/V7_006_CONSTITUTIONAL_EXCLUSION.md:71:## 3. The Central Theorem
docs/V7_006_CONSTITUTIONAL_EXCLUSION.md:73:**Constitutional Exclusion Theorem:**
docs/V7_006_CONSTITUTIONAL_EXCLUSION.md:87:## 4. The Constitutional Pruning Operators (Revisited)
docs/V7_006_CONSTITUTIONAL_EXCLUSION.md:93:- **Evidence Exclusion:** `Evidence(C₂) > Evidence(C₁) ⇒ C₂ ⇍_C C₁`
docs/V7_007_DERIVABILITY_AND_EXCLUSION.md:123:## 4. The Central Theorem
docs/V7_007_DERIVABILITY_AND_EXCLUSION.md:125:**Constitutional Completeness Theorem:**
docs/V7_007_DERIVABILITY_AND_EXCLUSION.md:169:Constitutional Derivability and Constitutional Exclusion.
docs/V7_007_DERIVABILITY_AND_EXCLUSION.md:61:Constitutional history is composable.
docs/V7_008_CONSTITUTIONAL_CLOSURE.md:122:CCS is a **Constitutional Algebra** with three operations:
docs/V7_008_CONSTITUTIONAL_CLOSURE.md:14:- **⊢_C**: Constitutional derivability (what can be built)
docs/V7_008_CONSTITUTIONAL_CLOSURE.md:154:CCS is a theory of **Constitutional Closure.**
docs/V7_008_CONSTITUTIONAL_CLOSURE.md:15:- **⇍_C**: Constitutional exclusion (what must be eliminated)
docs/V7_008_CONSTITUTIONAL_CLOSURE.md:1:# CCS v0.7 – V7-008: Constitutional Closure
docs/V7_008_CONSTITUTIONAL_CLOSURE.md:26:## 1. The Three-Layer Constitutional Algebra
docs/V7_008_CONSTITUTIONAL_CLOSURE.md:46:### Layer 3: Closure (New)
docs/V7_008_CONSTITUTIONAL_CLOSURE.md:50:**Axiom C1: Constitutional Decidability**
docs/V7_008_CONSTITUTIONAL_CLOSURE.md:80:## 3. The Central Theorem
docs/V7_008_CONSTITUTIONAL_CLOSURE.md:82:**Constitutional Closure Theorem:**
docs/V7_008_CONSTITUTIONAL_CLOSURE.md:96:## 4. Proof Sketch
docs/V7_009_WHY_CLOSURE.md:120:1. Formalize S1-S4 in TLA+ or Coq.
docs/V7_009_WHY_CLOSURE.md:40:### Property S3: Evidence Monotonicity
docs/V7_009_WHY_CLOSURE.md:41:If `C₁ ⊢_C C₂`, then `Evidence(C₂) ≥ Evidence(C₁)`.
docs/V7_009_WHY_CLOSURE.md:42:Evidence only grows along derivability chains.
docs/V7_009_WHY_CLOSURE.md:53:**Constitutional Derivability Conjecture:**
docs/V7_009_WHY_CLOSURE.md:61:- **Evidence Monotonicity** ensures that competing paths cannot
docs/V7_009_WHY_CLOSURE.md:90:## 4. Experimental Evidence
docs/V7_010_SINGLE_HISTORY_PRINCIPLE.md:111:| Primitive | Constitutional space `ℙ` | Definition |
docs/V7_010_SINGLE_HISTORY_PRINCIPLE.md:117:| Derived | Closure | Theorem |
docs/V7_010_SINGLE_HISTORY_PRINCIPLE.md:124:CCS is a theory of **Constitutional Singularity.**
docs/V7_010_SINGLE_HISTORY_PRINCIPLE.md:133:This is the foundational principle of Constitutional Computational
docs/V7_010_SINGLE_HISTORY_PRINCIPLE.md:1:# CCS v0.7 – V7-010: The Single Constitutional History Principle
docs/V7_010_SINGLE_HISTORY_PRINCIPLE.md:20:This is the **Single Constitutional History Principle.**
docs/V7_010_SINGLE_HISTORY_PRINCIPLE.md:26:**Single Constitutional History Principle:**
docs/V7_010_SINGLE_HISTORY_PRINCIPLE.md:39:## 2. The Principle as a Formal Axiom
docs/V7_010_SINGLE_HISTORY_PRINCIPLE.md:53:## 3. The Central Theorem
docs/V7_010_SINGLE_HISTORY_PRINCIPLE.md:55:**Constitutional Closure Theorem (Final Version):**
docs/V7_010_SINGLE_HISTORY_PRINCIPLE.md:64:## 4. Proof Sketch
docs/V7_010_SINGLE_HISTORY_PRINCIPLE.md:94:The Single Constitutional History Principle is the final
docs/V8_001_INDEPENDENCE_OF_SH1.md:10:> Does SH1 (Single Constitutional History) follow from
docs/V8_001_INDEPENDENCE_OF_SH1.md:146:- Candidates: Comparability, Evidence Monotonicity, Epoch
docs/V8_001_INDEPENDENCE_OF_SH1.md:147:  Supremacy, Constitutional Decidability.
docs/V8_002_CONSTITUTIONAL_COMPARABILITY.md:126:| Constitutional Comparability (CC) | Axiom |
docs/V8_002_CONSTITUTIONAL_COMPARABILITY.md:127:| Single History (SH1) | Theorem |
docs/V8_002_CONSTITUTIONAL_COMPARABILITY.md:128:| Closure (C1-C3) | Theorem |
docs/V8_002_CONSTITUTIONAL_COMPARABILITY.md:142:- **Evidence strength:** If A and B conflict, the one with stronger
docs/V8_002_CONSTITUTIONAL_COMPARABILITY.md:154:CCS is a theory of **Constitutional Comparability.**
docs/V8_002_CONSTITUTIONAL_COMPARABILITY.md:1:# CCS v0.8 – V8-002: Constitutional Comparability Hypothesis
docs/V8_002_CONSTITUTIONAL_COMPARABILITY.md:29:## 1. The Constitutional Comparability Hypothesis
docs/V8_002_CONSTITUTIONAL_COMPARABILITY.md:37:**Constitutional Comparability:**
docs/V8_002_CONSTITUTIONAL_COMPARABILITY.md:48:**Axiom CC: Constitutional Comparability**
docs/V8_002_CONSTITUTIONAL_COMPARABILITY.md:92:## 4. The Central Theorem
docs/V8_002_CONSTITUTIONAL_COMPARABILITY.md:94:**Comparability Theorem:**
docs/V8_RESEARCH_PROPOSAL.md:15:- **⊢_C**: Constitutional derivability (what can be built)
docs/V8_RESEARCH_PROPOSAL.md:16:- **⇍_C**: Constitutional exclusion (what must be eliminated)
docs/V8_RESEARCH_PROPOSAL.md:17:- **SH1**: Single Constitutional History (plurality is impossible)
docs/V8_RESEARCH_PROPOSAL.md:36:   - Formalize (⊢_C, ⇍_C, SH1) in TLA+
docs/V8_RESEARCH_PROPOSAL.md:37:   - Model-check the Closure Theorem
docs/V8_RESEARCH_PROPOSAL.md:40:2. **V8-002A: Coq/Lean Formalization**
docs/V8_RESEARCH_PROPOSAL.md:61:   - Investigate: Well-foundedness, Finite Branching, Evidence
docs/V8_RESEARCH_PROPOSAL.md:62:     Monotonicity, Constitutional Comparability
docs/V8_RESEARCH_PROPOSAL.md:71:3. **V8-003B: Constitutional Model Theory**
docs/VALIDATOR_ORDERING.md:28:- Replay equivalence
docs/VALIDATOR_ORDERING.md:3:## Constitutional Principle
docs/architecture/CRATE_CLASSIFICATION.md:16:- amun-constitution-core - Constitutional axioms
docs/architecture/CRATE_CLASSIFICATION.md:38:- amun-test-replay - Replay testing
docs/architecture/DEPENDENCY_CONSTITUTION.md:17:### Layer 0.5 — Constitutional Semantics
docs/architecture/PHASE_49_COMPLETE.md:100:| R.1 | System replayable from transcript | Replay Law |
docs/architecture/PHASE_49_COMPLETE.md:107:2. **Replay Certification suite** — cross-node equivalence proofs
docs/architecture/PHASE_49_COMPLETE.md:108:3. **Formal State Transition Semantics** — (State, Event) → State'
docs/architecture/PHASE_49_COMPLETE.md:110:5. **Byzantine Evidence System** — canonical proof generation
docs/architecture/PHASE_49_COMPLETE.md:111:6. **Constitutional Graph Compiler** — YAML → enforced topology
docs/architecture/PHASE_49_COMPLETE.md:121:- Constitutional interface sovereignty with enforceable boundaries
docs/architecture/PHASE_49_COMPLETE.md:128:The foundation is ready for Phase 50: Formal Replay Infrastructure.
docs/architecture/PHASE_49_COMPLETE.md:1:# AmunChain Phase 49: Constitutional Interface Sovereignty
docs/architecture/PHASE_49_COMPLETE.md:21:| 0.5 | Constitutional Semantics | amun-constitution, amun-invariants, interfaces | ✅ Pure |
docs/architecture/PHASE_49_COMPLETE.md:37:### Constitutional Achievements
docs/architecture/PHASE_49_COMPLETE.md:41:3. **Capability Firewall**: 6 separated capabilities (Executor, Verifier, Journal, Replay, Finalize, Authority)
docs/architecture/PHASE_49_COMPLETE.md:43:5. **Formal Ordering**: Round monotonicity + sender ordering guarantees
docs/architecture/PHASE_49_COMPLETE.md:47:9. **Constitutional Linter**: Interface law enforcement via cargo metadata
docs/architecture/PHASE_49_COMPLETE.md:85:- **Constitutional violations**: 0
docs/architecture/PHASE_49_COMPLETE.md:89:### Constitutional Laws Enforced
docs/audit/AUDIT_EVIDENCE_BUNDLE.md:19:| C1 | Replay before vote | w18_reject_if_replay_fails | amun-replay-consensus | ✅ |
docs/audit/AUDIT_EVIDENCE_BUNDLE.md:1:# AmunChain Audit Evidence Bundle
docs/audit/AUDIT_EVIDENCE_BUNDLE.md:32:| Forged TransitionProof | byz_001 | ✅ Rejected |
docs/audit/AUDIT_EVIDENCE_BUNDLE.md:3:## 1. Invariant-to-Test Traceability
docs/audit/AUDIT_EVIDENCE_BUNDLE.md:40:| Proof tampering | byz_009 | ✅ Rejected |
docs/audit/AUDIT_EVIDENCE_BUNDLE.md:41:| Proof replay attack | byz_010 | ✅ Rejected |
docs/audit/AUDIT_EVIDENCE_BUNDLE.md:5:| Invariant | Description | Test ID | Crate | Status |
docs/audit/AUDIT_EVIDENCE_BUNDLE.md:76:| Evidence | amun-evidence-engine | 5 | ✅ |
docs/audit/AUDIT_EVIDENCE_BUNDLE.md:77:| Transition Proof | amun-transition-proof | 5 | ✅ |
docs/audit/AUDIT_EVIDENCE_BUNDLE.md:80:| Invariant Engine | amun-invariant-engine | 5 | ✅ |
docs/audit/AUDIT_EVIDENCE_BUNDLE.md:83:| Proof Archive | amun-proof-archive | 6 | ✅ |
docs/audit/AUDIT_EVIDENCE_BUNDLE.md:85:| Replay | amun-replay-verifier | 3 | ✅ |
docs/audit/AUDIT_EVIDENCE_BUNDLE.md:88:| PCCV | amun-pccv | 11 | ✅ |
docs/audit/N103_MAINNET_READINESS_AUDIT.md:14:| A5 | State | Constitutional root determinism (cross-node) | ✅ | 107+ CCA tests pass |
docs/audit/SECURITY_INVARIANTS.md:10:| R4 | Certificates are terminal | TransformationMatrix::is_terminal | PCCVVerifier |
docs/audit/SECURITY_INVARIANTS.md:11:| R5 | Cross-contract uniqueness | TransferProofRegistry::consume | StatelessVerifier |
docs/audit/SECURITY_INVARIANTS.md:12:| R6 | Version monotonicity | ResourceRegistry::consume_and_derive | WitnessBuilder |
docs/audit/SECURITY_INVARIANTS.md:13:| X1 | Transfer proof single-use | TransferProofRegistry | N47 Verdict Engine |
docs/audit/SECURITY_INVARIANTS.md:15:## Execution Invariants
docs/audit/SECURITY_INVARIANTS.md:17:| ID | Invariant | Enforcement |
docs/audit/SECURITY_INVARIANTS.md:1:# AmunChain Security Invariants Catalog
docs/audit/SECURITY_INVARIANTS.md:25:## Consensus Invariants
docs/audit/SECURITY_INVARIANTS.md:27:| ID | Invariant | Enforcement |
docs/audit/SECURITY_INVARIANTS.md:29:| C1 | Replay before vote | ReplayBackedConsensus::form_consensus |
docs/audit/SECURITY_INVARIANTS.md:31:| C3 | Five-root binding | ConstitutionalFinalityCertificate::verify |
docs/audit/SECURITY_INVARIANTS.md:32:| C4 | No conflicting finality | Theorem 5 (Replay-Backed Safety) |
docs/audit/SECURITY_INVARIANTS.md:34:## Cryptographic Invariants
docs/audit/SECURITY_INVARIANTS.md:36:| ID | Invariant | Enforcement |
docs/audit/SECURITY_INVARIANTS.md:3:## Resource Invariants (R1–R6 + X1)
docs/audit/SECURITY_INVARIANTS.md:40:| K3 | Anti-replay protection | AntiReplayGuard::check_and_record |
docs/audit/SECURITY_INVARIANTS.md:5:| ID | Invariant | Enforcement | Verification |
docs/audit/SECURITY_INVARIANTS.md:7:| R1 | No duplicate active resource IDs | ResourceRegistry::register_genesis | PCCVVerifier |
docs/audit/SECURITY_INVARIANTS.md:8:| R2 | Consumed resources cannot be used | VMKernel::verify | ReplayVerifier |
docs/audit/SECURITY_INVARIANTS.md:9:| R3 | Child requires consumed parent | ResourceRegistry::consume_and_derive | WitnessBuilder |
docs/audit/THREAT_MODEL.md:14:| Execution | Forged TransitionProof | Proof hash verification (Theorem 1) |
docs/audit/THREAT_MODEL.md:20:| Consensus | Double voting | Replay-backed QC (C1) |
docs/audit/THREAT_MODEL.md:22:| Network | Replay attack | AntiReplayGuard (K3) |
docs/audit/TRACEABILITY_MATRIX.md:10:| N48.5-W14 Replay | amun-replay-verifier | 3 tests | ✅ |
docs/audit/TRACEABILITY_MATRIX.md:14:| N48.5-W20-21A PCCV | amun-pccv | 11 tests | ✅ |
docs/audit/TRACEABILITY_MATRIX.md:8:| N48.5-W4 Evidence | amun-evidence-engine | 5 tests | ✅ |
docs/audit/TRACEABILITY_MATRIX.md:9:| N48.5-W5 Transition Proof | amun-transition-proof | 5 tests | ✅ |
docs/consensus/I1_translation.md:12:## Semantic Invariants (from CSA-6)
docs/consensus/I1_translation.md:26:## Constitutional Notes
docs/consensus/I2_extension.md:12:## Semantic Invariants (from CSA-6)
docs/consensus/I2_extension.md:30:## Constitutional Notes
docs/consensus/I3_reframing.md:22:## Semantic Invariants (from CSA-6)
docs/consensus/I3_reframing.md:37:## Constitutional Notes
docs/consensus/I4_drift.md:21:## Semantic Invariants (from CSA-6)
docs/consensus/I4_drift.md:38:## Constitutional Notes
docs/consensus/constitution.md:111:### Section 6.1: Execution Replay
docs/consensus/origin.md:1:# Constitutional Origin: Consensus Constitution v1.0
docs/consensus/origin.md:3:## Semantic Invariants (from CSA-6)
docs/constitutional-mathematics/PHASE_111_FOUNDATIONS_V1.md:108:- Formal Semantics
docs/constitutional-mathematics/PHASE_111_FOUNDATIONS_V1.md:11:Transition Constitutional Mathematics from conceptual framework to formal research framework.
docs/constitutional-mathematics/PHASE_111_FOUNDATIONS_V1.md:1:# Constitutional Mathematics
docs/constitutional-mathematics/PHASE_111_FOUNDATIONS_V1.md:49:f1 = Witness Validity
docs/constitutional-mathematics/PHASE_111_FOUNDATIONS_V1.md:91:### 6. First Formal Result
docs/constitutional-mathematics/PHASE_111_FOUNDATIONS_V1.md:93:Recognition Existence Lemma
docs/constitutional-mathematics/PHASE_112_SIMULATION_SPECIFICATION.md:111:Recognition Stability Theorem
docs/constitutional-mathematics/PHASE_112_SIMULATION_SPECIFICATION.md:11:Transform Constitutional Mathematics into an experimental computational theory.
docs/constitutional-mathematics/PHASE_112_SIMULATION_SPECIFICATION.md:139:Phase 112 transitions Constitutional Mathematics from:
docs/constitutional-mathematics/PHASE_112_SIMULATION_SPECIFICATION.md:141:Formal Research Framework
docs/constitutional-mathematics/PHASE_112_SIMULATION_SPECIFICATION.md:1:# Constitutional Mathematics
docs/constitutional-mathematics/PHASE_112_SIMULATION_SPECIFICATION.md:3:# Phase 112 — Constitutional Simulation Engine v1
docs/constitutional-mathematics/README.md:1:# Constitutional Mathematics
docs/constitutional-mathematics/README.md:28:Formal Semantics       ✅
docs/constitutional-mathematics/README.md:34:First Lemma            ✅
docs/constitutional-mathematics/README.md:3:Formal Science of Computable Legitimacy Dynamics Under Scoped Sovereignty Constraints
docs/constitutional/phase84_freeze.md:10:- Proof geometry: Exactly 256 ProofStep entries per proof
docs/constitutional/phase84_freeze.md:24:- Levels: FullyCompatible > ReplayCompatible > SnapshotCompatible > ReadOnlyCompatible > Incompatible
docs/constitutional/phase84_freeze.md:25:- Constitutional mismatch + same SMT universe = ReadOnlyCompatible
docs/constitutional/phase84_freeze.md:2:## Frozen Invariants for Sovereign State Replication
docs/constitutional/phase84_freeze.md:30:- Proof generation uses positional pair tracking (pair_idx * 2)
docs/constitutional/phase84_freeze.md:31:- Proof verification rebuilds Merkle root from chunk hash + siblings
docs/constitutional/phase84_freeze.md:54:- ReplayVerifier checks every frame's state_root against reconstructed state
docs/constitutional/phase84_freeze.md:62:1. Constitutional amendment proposal
docs/constitutional/phase84_freeze.md:63:2. New PROOF_VERSION constant
docs/constitutional/phase84_freeze.md:65:4. Constitutional court ratification
docs/constitutional/phase84_freeze.md:68:Ratified by the AmunChain Constitutional Assembly
docs/constitutional/phase84_freeze.md:69:Phase 84 - Constitutionally Complete
docs/constitutional/phase84_freeze.md:70:Date: Constitutional Era 1, Epoch 0
docs/constitutional/phase85_seal.md:16:8. Graded guarantees: Replay/Snapshot/Proof/Governance/Continuity
docs/constitutional/phase85_seal.md:17:9. ConstitutionalPhysicsProof embedded in certificates
docs/constitutional/phase85_seal.md:21:13. Constitutional checkpoints with state transition integration
docs/constitutional/phase85_seal.md:23:15. ConstitutionalEncode trait (serialization lock interface)
docs/constitutional/phase85_seal.md:29:4. ConstitutionalField enum (replace string-based field names)
docs/constitutional/phase85_seal.md:30:5. Formal ConstitutionalStateMachine (allowed/forbidden transitions)
docs/constitutional/phase85_seal.md:40:- Constitutional evolution layer (sealed)
docs/constitutional/topology.md:14:### Constitutional Meaning
docs/constitutional/topology.md:15:- `authority_root == origin_root` → Constitutional topology unchanged
docs/constitutional/topology.md:1:# Constitutional Topology: Core Definitions
docs/constitutional/topology.md:2:## AmunChain Constitutional Consensus Protocol v1.0
docs/constitutional_layers.md:1:# Amun Constitutional Architecture — Layer Stratification
docs/constitutional_layers.md:3:## Layer 0: Constitutional Kernel
docs/constitutional_layers.md:7:## Layer 1: Truth & Evidence
docs/economics/ECONOMIC_LAYER_REVIEW.md:110:### Phase V: Constitutional Economy
docs/economics/ECONOMIC_LAYER_REVIEW.md:30:| ConstitutionalRoot from economic_root | YES | CCA spec v1.0 |
docs/federation/FEDERATION_ARCHITECTURE.md:29:| Replay Boundary Engine | Replay isolation |
docs/federation/FEDERATION_ARCHITECTURE.md:53:## Invariant
docs/federation/TRUST_GRAPH.md:51:## Invariant
docs/protocol/CCA_v1.0_Constitutional_Consensus_Architecture.md:109:## 4. Constitutional Root Construction
docs/protocol/CCA_v1.0_Constitutional_Consensus_Architecture.md:121:## 5. Constitutional Commitment Structure & Serialization
docs/protocol/CCA_v1.0_Constitutional_Consensus_Architecture.md:125:    struct ConstitutionalCommitment {
docs/protocol/CCA_v1.0_Constitutional_Consensus_Architecture.md:147:    serialized_bytes = CanonicalSerialization(ConstitutionalCommitment)
docs/protocol/CCA_v1.0_Constitutional_Consensus_Architecture.md:155:- `governance_root`: The constitutional proof root of governance, included inside `ConstitutionalCommitment` and contributing to `constitutional_root`.
docs/protocol/CCA_v1.0_Constitutional_Consensus_Architecture.md:176:    ConstitutionalRoot = BLAKE3(DOMAIN || identity || evidence || governance || economic)
docs/protocol/CCA_v1.0_Constitutional_Consensus_Architecture.md:179:    ConstitutionalCommitment (V1)
docs/protocol/CCA_v1.0_Constitutional_Consensus_Architecture.md:1:# Constitutional Consensus Architecture (CCA) v1.0
docs/protocol/CCA_v1.0_Constitutional_Consensus_Architecture.md:223:### Test B: Evidence State Change
docs/protocol/CCA_v1.0_Constitutional_Consensus_Architecture.md:225:- Add a new evidence record to the Evidence Module.
docs/protocol/CCA_v1.0_Constitutional_Consensus_Architecture.md:247:- `ConstitutionalCommitment.version` is part of the consensus state.
docs/protocol/CCA_v1.0_Constitutional_Consensus_Architecture.md:254:## 12. Consensus Invariants
docs/protocol/CCA_v1.0_Constitutional_Consensus_Architecture.md:258:**Invariant 1:** `constitutional_root == BLAKE3("AMUN_CONSTITUTIONAL_ROOT_V1" || identity_root || evidence_root || governance_root || economic_root)`
docs/protocol/CCA_v1.0_Constitutional_Consensus_Architecture.md:25:4. Constitutional Root Construction
docs/protocol/CCA_v1.0_Constitutional_Consensus_Architecture.md:260:**Invariant 2:** `constitutional_commitment_root == BLAKE3("AMUN_CONSTITUTIONAL_COMMITMENT_V1" || CanonicalSerialization(ConstitutionalCommitment))`
docs/protocol/CCA_v1.0_Constitutional_Consensus_Architecture.md:262:**Invariant 3:** `state_root` must include `constitutional_commitment_root` as a leaf in its Merkle tree computation.
docs/protocol/CCA_v1.0_Constitutional_Consensus_Architecture.md:264:**Invariant 4:** The `AppHash` MUST commit to `state_root`. For CCA v1.0, this is defined as `AppHash = state_root`. Future versions may introduce additional roots (such as `execution_root` or `receipt_root`) into the `AppHash` computation, in which case the invariant will be updated to reflect the new hash composition while preserving the requirement that `state_root` remains a committed input.
docs/protocol/CCA_v1.0_Constitutional_Consensus_Architecture.md:266:**Invariant 5:** Given identical state transition inputs (same genesis, same transactions up to height N), all validators must compute identical values for all roots defined in this specification.
docs/protocol/CCA_v1.0_Constitutional_Consensus_Architecture.md:26:5. Constitutional Commitment Structure & Serialization
docs/protocol/CCA_v1.0_Constitutional_Consensus_Architecture.md:286:**AmunChain Constitutional Audit Package v1.0**
docs/protocol/CCA_v1.0_Constitutional_Consensus_Architecture.md:296:- Cross-Node Proof Reports (evidence that multiple nodes converge on identical state)
docs/protocol/CCA_v1.0_Constitutional_Consensus_Architecture.md:308:| III | Constitutional Security | Constitutional proof system, identity and evidence roots |
docs/protocol/CCA_v1.0_Constitutional_Consensus_Architecture.md:310:| V | Constitutional Consensus Architecture | CCA v1.0 specification, root commitment, Merkle proofs |
docs/protocol/CCA_v1.0_Constitutional_Consensus_Architecture.md:33:12. Consensus Invariants
docs/protocol/CCA_v1.0_Constitutional_Consensus_Architecture.md:46:| `governance_root` | Governance Subsystem (Constitutional Proof) |
docs/protocol/CCA_v1.0_Constitutional_Consensus_Architecture.md:69:| Evidence Leaf | `AMUN_EV_LEAF_V1` |
docs/protocol/CCA_v1.0_Constitutional_Consensus_Architecture.md:70:| Evidence Internal Node | `AMUN_EV_NODE_V1` |
docs/protocol/FREEZE_CERTIFICATE_v1.md:13:- Hash Algorithm: SHA-256
docs/protocol/FREEZE_CERTIFICATE_v1.md:22:- Genesis Replay Root: fixtures/replay/genesis/replay_root.bin
docs/protocol/FREEZE_CERTIFICATE_v1.md:29:### Constitutional Invariants (FROZEN)
docs/protocol/FREEZE_CERTIFICATE_v1.md:38:1. Constitutional amendment proposal
docs/protocol/FREEZE_CERTIFICATE_v1.md:39:2. New REPLAY_PROTOCOL_VERSION
docs/protocol/FREEZE_CERTIFICATE_v1.md:42:5. New freeze certificate
docs/protocol/FREEZE_CERTIFICATE_v1.md:45:Ratified by the Amun Constitutional Assembly.
docs/protocol/FREEZE_CERTIFICATE_v1.md:5:This certifies that the Amun Replay Protocol v1.0 has been
docs/protocol/lineage_law_v1.md:16:### 2.1 Migration Witness
docs/protocol/lineage_law_v1.md:17:State migration from parent to child protocol must produce a MigrationWitness
docs/protocol/lineage_law_v1.md:5:### 1.1 Lineage Proof
docs/protocol/lineage_law_v1.md:6:A LineageProof cryptographically binds a child protocol to its parent.
docs/protocol/replay_physics_v1.md:13:### 2.2 Ordering Invariant
docs/protocol/replay_physics_v1.md:14:sequence numbers MUST be strictly monotonic within a replay session. Any gap (expected_sequence != actual_sequence) SHALL produce ReplayFailure::OrderingViolation.
docs/protocol/replay_physics_v1.md:24:execute_and_self_verify() SHALL: 1. Execute trace via DeterministicExecutor, 2. Apply same entries via ReplayState, 3. Compare final roots, 4. Return EquivalenceProof.
docs/protocol/replay_physics_v1.md:28:These laws are FROZEN for protocol v1. Amendment requires: 1. Constitutional amendment proposal, 2. New protocol version identifier, 3. Migration proof for all existing state, 4. Golden value regeneration.
docs/protocol/replay_physics_v1.md:6:All ConstitutionalHash values are raw 32-byte blobs. No length prefix. No type tag. Fixed-width canonical encoding.
docs/protocol/replay_physics_v1.md:7:### 1.3 Hash Algorithm
docs/reports/CCA_IMPL_4_FINAL_REPORT.md:13:CCA-IMPL-4 integrates the Constitutional Commitment Architecture (CCA) directly into the consensus-critical state root path.
docs/reports/CCA_IMPL_4_FINAL_REPORT.md:184:The Constitutional Commitment Architecture is now consensus-critical.
docs/reports/CCA_IMPL_4_FINAL_REPORT.md:193:Constitutional commitments can no longer be bypassed, ignored, or detached from finalized chain history.
docs/reports/CCA_IMPL_4_FINAL_REPORT.md:241:The Constitutional Commitment Architecture is now integrated into the consensus-critical execution path of AmunChain and forms part of the chain's cryptographic identity.
docs/reports/CCA_IMPL_4_FINAL_REPORT.md:29:- VI-C — End-to-End Equivalence Proof
docs/reports/CCA_IMPL_4_FINAL_REPORT.md:46:- commitment_root = Constitutional Commitment Architecture root
docs/reports/CCA_IMPL_4_FINAL_REPORT.md:54:→ ConstitutionalCommitment
docs/reports/CCA_IMPL_4_FINAL_REPORT.md:78:Constitutional commitments became part of consensus state.
docs/reports/CCA_IMPL_5A_REPORT.md:171:- Constitutional audit dashboards
docs/reports/CCA_IMPL_5B_FINAL_REPORT.md:146:1. Historical Constitutional Audit Trail
docs/reports/CCA_IMPL_5B_FINAL_REPORT.md:150:2. Deterministic Constitutional Commitments
docs/reports/CCA_IMPL_5B_FINAL_REPORT.md:154:3. Replayable Constitutional State
docs/reports/CCA_IMPL_5B_FINAL_REPORT.md:192:- ConstitutionalRoots abstraction
docs/reports/CCA_IMPL_5B_FINAL_REPORT.md:228:marks the completion of the Constitutional Root Persistence Layer.
docs/reports/CCA_IMPL_5B_FINAL_REPORT.md:2:CCA-IMPL-5B Final Report: Constitutional Root Persistence Layer
docs/reports/CCA_IMPL_5B_FINAL_REPORT.md:45:5B.0 — ConstitutionalRoots Struct
docs/rfcs/README.md:1:# AmunChain Constitutional RFC System
